-- phpMyAdmin SQL Dump
-- version 5.2.1
-- https://www.phpmyadmin.net/
--
-- Host: 127.0.0.1
-- Generation Time: Jun 06, 2025 at 11:50 AM
-- Server version: 10.4.32-MariaDB
-- PHP Version: 8.2.12

SET SQL_MODE = "NO_AUTO_VALUE_ON_ZERO";
START TRANSACTION;
SET time_zone = "+00:00";


/*!40101 SET @OLD_CHARACTER_SET_CLIENT=@@CHARACTER_SET_CLIENT */;
/*!40101 SET @OLD_CHARACTER_SET_RESULTS=@@CHARACTER_SET_RESULTS */;
/*!40101 SET @OLD_COLLATION_CONNECTION=@@COLLATION_CONNECTION */;
/*!40101 SET NAMES utf8mb4 */;

--
-- Database: `narayanbackup`
--

-- --------------------------------------------------------

--
-- Table structure for table `abnormals`
--

CREATE TABLE `abnormals` (
  `id` bigint(20) UNSIGNED NOT NULL,
  `name` varchar(255) NOT NULL,
  `code` varchar(100) NOT NULL,
  `created_by_id` bigint(20) UNSIGNED DEFAULT NULL,
  `created_at` timestamp NULL DEFAULT NULL,
  `updated_at` timestamp NULL DEFAULT NULL,
  `deleted_at` timestamp NULL DEFAULT NULL
) ENGINE=InnoDB DEFAULT CHARSET=utf8mb4 COLLATE=utf8mb4_unicode_ci;

--
-- Dumping data for table `abnormals`
--

INSERT INTO `abnormals` (`id`, `name`, `code`, `created_by_id`, `created_at`, `updated_at`, `deleted_at`) VALUES
(1, 'Blood Pressure', 'BP', 1, '2025-04-17 09:47:05', '2025-04-17 09:48:32', NULL);

-- --------------------------------------------------------

--
-- Table structure for table `abnormal_entries`
--

CREATE TABLE `abnormal_entries` (
  `id` bigint(20) UNSIGNED NOT NULL,
  `ipd_id` bigint(20) UNSIGNED NOT NULL,
  `patient_id` bigint(20) UNSIGNED NOT NULL,
  `code` varchar(255) NOT NULL,
  `status` varchar(255) NOT NULL,
  `nurse_station_id` bigint(20) UNSIGNED NOT NULL,
  `created_by_id` bigint(20) UNSIGNED NOT NULL,
  `created_at` timestamp NULL DEFAULT NULL,
  `updated_at` timestamp NULL DEFAULT NULL,
  `deleted_at` timestamp NULL DEFAULT NULL
) ENGINE=InnoDB DEFAULT CHARSET=utf8mb4 COLLATE=utf8mb4_unicode_ci;

--
-- Dumping data for table `abnormal_entries`
--

INSERT INTO `abnormal_entries` (`id`, `ipd_id`, `patient_id`, `code`, `status`, `nurse_station_id`, `created_by_id`, `created_at`, `updated_at`, `deleted_at`) VALUES
(3, 24, 94, 'ABN2504173', 'Not Approved', 1, 14, '2025-04-17 10:19:38', '2025-04-17 10:19:38', NULL);

-- --------------------------------------------------------

--
-- Table structure for table `abnormal_entry_items`
--

CREATE TABLE `abnormal_entry_items` (
  `id` bigint(20) UNSIGNED NOT NULL,
  `abnormal_entry_id` bigint(20) UNSIGNED NOT NULL,
  `abnormal_id` bigint(20) UNSIGNED NOT NULL,
  `date_time` timestamp NOT NULL DEFAULT current_timestamp() ON UPDATE current_timestamp(),
  `temperature` varchar(255) DEFAULT NULL,
  `remarks` varchar(255) DEFAULT NULL,
  `created_at` timestamp NULL DEFAULT NULL,
  `updated_at` timestamp NULL DEFAULT NULL,
  `deleted_at` timestamp NULL DEFAULT NULL
) ENGINE=InnoDB DEFAULT CHARSET=utf8mb4 COLLATE=utf8mb4_unicode_ci;

--
-- Dumping data for table `abnormal_entry_items`
--

INSERT INTO `abnormal_entry_items` (`id`, `abnormal_entry_id`, `abnormal_id`, `date_time`, `temperature`, `remarks`, `created_at`, `updated_at`, `deleted_at`) VALUES
(1, 3, 1, '2025-04-17 10:19:00', '10', 'test', '2025-04-17 10:19:38', '2025-04-17 10:19:38', NULL),
(2, 3, 1, '2025-04-17 10:20:00', '20', 'test 2', '2025-04-17 10:19:38', '2025-04-17 10:19:38', NULL);

-- --------------------------------------------------------

--
-- Table structure for table `addresses`
--

CREATE TABLE `addresses` (
  `id` bigint(20) UNSIGNED NOT NULL,
  `member_id` bigint(20) UNSIGNED NOT NULL,
  `visibility` tinyint(1) NOT NULL DEFAULT 1,
  `country` char(30) NOT NULL DEFAULT '91',
  `state` char(30) DEFAULT NULL,
  `city` char(30) DEFAULT NULL,
  `pincode` char(10) DEFAULT NULL,
  `created_at` timestamp NULL DEFAULT NULL,
  `updated_at` timestamp NULL DEFAULT NULL
) ENGINE=InnoDB DEFAULT CHARSET=utf8mb4 COLLATE=utf8mb4_unicode_ci;

--
-- Dumping data for table `addresses`
--

INSERT INTO `addresses` (`id`, `member_id`, `visibility`, `country`, `state`, `city`, `pincode`, `created_at`, `updated_at`) VALUES
(1, 2, 0, '1', '1', '1', '11', '2021-12-11 05:13:14', '2021-12-25 03:46:53'),
(2, 3, 1, '1', '1', '1', '1', '2021-12-11 05:14:26', '2021-12-11 05:14:26'),
(3, 11, 1, '91', NULL, NULL, NULL, NULL, NULL),
(4, 12, 1, '91', NULL, NULL, NULL, NULL, NULL),
(5, 13, 0, '91', NULL, NULL, NULL, NULL, '2022-02-11 14:32:09'),
(6, 14, 1, '91', NULL, NULL, NULL, NULL, NULL),
(7, 15, 1, '91', NULL, NULL, NULL, NULL, NULL),
(8, 16, 1, '91', NULL, NULL, NULL, NULL, '2022-03-20 10:29:36');

-- --------------------------------------------------------

--
-- Table structure for table `admin_types`
--

CREATE TABLE `admin_types` (
  `id` bigint(20) UNSIGNED NOT NULL,
  `name` varchar(255) DEFAULT NULL,
  `created_at` timestamp NULL DEFAULT NULL,
  `updated_at` timestamp NULL DEFAULT NULL,
  `deleted_at` timestamp NULL DEFAULT NULL
) ENGINE=InnoDB DEFAULT CHARSET=utf8mb4 COLLATE=utf8mb4_unicode_ci;

--
-- Dumping data for table `admin_types`
--

INSERT INTO `admin_types` (`id`, `name`, `created_at`, `updated_at`, `deleted_at`) VALUES
(1, 'Admin type 1', NULL, NULL, NULL),
(2, 'admin 2', NULL, '2025-05-29 10:34:18', NULL),
(3, 'Admin 34', '2025-05-29 10:35:29', '2025-05-29 10:37:32', '2025-05-29 10:37:32');

-- --------------------------------------------------------

--
-- Table structure for table `admission_purposes`
--

CREATE TABLE `admission_purposes` (
  `id` bigint(20) UNSIGNED NOT NULL,
  `name` varchar(255) DEFAULT NULL,
  `created_at` timestamp NULL DEFAULT NULL,
  `updated_at` timestamp NULL DEFAULT NULL,
  `deleted_at` timestamp NULL DEFAULT NULL
) ENGINE=InnoDB DEFAULT CHARSET=utf8mb4 COLLATE=utf8mb4_unicode_ci;

--
-- Dumping data for table `admission_purposes`
--

INSERT INTO `admission_purposes` (`id`, `name`, `created_at`, `updated_at`, `deleted_at`) VALUES
(1, 'Purpose 1', '2025-03-26 09:04:21', '2025-03-26 09:04:21', NULL),
(2, 'Ok', '2025-05-29 10:52:19', '2025-05-29 10:52:30', '2025-05-29 10:52:30');

-- --------------------------------------------------------

--
-- Table structure for table `anesthesia_types`
--

CREATE TABLE `anesthesia_types` (
  `id` bigint(20) UNSIGNED NOT NULL,
  `name` varchar(150) NOT NULL,
  `code` varchar(100) NOT NULL,
  `is_active` enum('0','1') NOT NULL,
  `created_by_id` bigint(20) UNSIGNED DEFAULT NULL,
  `created_at` timestamp NULL DEFAULT NULL,
  `updated_at` timestamp NULL DEFAULT NULL,
  `deleted_at` timestamp NULL DEFAULT NULL
) ENGINE=InnoDB DEFAULT CHARSET=utf8mb4 COLLATE=utf8mb4_unicode_ci;

--
-- Dumping data for table `anesthesia_types`
--

INSERT INTO `anesthesia_types` (`id`, `name`, `code`, `is_active`, `created_by_id`, `created_at`, `updated_at`, `deleted_at`) VALUES
(1, 'NA', 'ACD1', '1', 1, '2025-05-12 05:44:11', '2025-05-12 05:45:44', NULL),
(2, 'GA', 'ACD2', '1', 1, '2025-05-12 05:46:51', '2025-05-12 05:46:51', NULL),
(3, 'SA', 'ACD3', '1', 1, '2025-05-12 05:46:57', '2025-05-12 05:46:57', NULL),
(4, 'LA', 'ACD4', '1', 1, '2025-05-12 05:47:02', '2025-05-12 05:47:02', NULL),
(5, 'BLOCK', 'ACD5', '1', 1, '2025-05-12 05:47:12', '2025-05-12 05:47:12', NULL),
(6, 'SEDITION', 'ACD6', '1', 1, '2025-05-12 05:47:27', '2025-05-12 05:47:27', NULL),
(7, 'SHORT GA', 'ACD7', '1', 1, '2025-05-12 05:47:35', '2025-05-12 05:47:35', NULL);

-- --------------------------------------------------------

--
-- Table structure for table `antibiotics`
--

CREATE TABLE `antibiotics` (
  `id` bigint(20) UNSIGNED NOT NULL,
  `code` varchar(255) NOT NULL,
  `name` varchar(255) NOT NULL,
  `description` varchar(255) DEFAULT NULL,
  `senstive` varchar(255) NOT NULL,
  `moderate` varchar(255) NOT NULL,
  `resistance` varchar(255) NOT NULL,
  `is_active` tinyint(1) NOT NULL DEFAULT 1,
  `created_by_id` bigint(20) UNSIGNED DEFAULT NULL,
  `updated_by_id` bigint(20) UNSIGNED DEFAULT NULL,
  `created_at` timestamp NULL DEFAULT NULL,
  `updated_at` timestamp NULL DEFAULT NULL,
  `deleted_at` timestamp NULL DEFAULT NULL
) ENGINE=InnoDB DEFAULT CHARSET=utf8mb4 COLLATE=utf8mb4_unicode_ci;

-- --------------------------------------------------------

--
-- Table structure for table `antibiotic_organisms`
--

CREATE TABLE `antibiotic_organisms` (
  `id` bigint(20) UNSIGNED NOT NULL,
  `organism_id` bigint(20) UNSIGNED NOT NULL,
  `antibiotic_id` bigint(20) UNSIGNED NOT NULL,
  `created_at` timestamp NULL DEFAULT NULL,
  `updated_at` timestamp NULL DEFAULT NULL,
  `deleted_at` timestamp NULL DEFAULT NULL
) ENGINE=InnoDB DEFAULT CHARSET=utf8mb4 COLLATE=utf8mb4_unicode_ci;

-- --------------------------------------------------------

--
-- Table structure for table `attendents`
--

CREATE TABLE `attendents` (
  `id` bigint(20) UNSIGNED NOT NULL,
  `ipd_id` bigint(20) UNSIGNED NOT NULL,
  `relation_id` bigint(20) UNSIGNED NOT NULL,
  `name` varchar(30) DEFAULT NULL,
  `mobile` varchar(12) DEFAULT NULL,
  `alt_mobile` varchar(12) DEFAULT NULL,
  `address` varchar(255) DEFAULT NULL,
  `deleted_at` timestamp NULL DEFAULT NULL,
  `created_at` timestamp NULL DEFAULT NULL,
  `updated_at` timestamp NULL DEFAULT NULL
) ENGINE=InnoDB DEFAULT CHARSET=utf8mb4 COLLATE=utf8mb4_unicode_ci;

--
-- Dumping data for table `attendents`
--

INSERT INTO `attendents` (`id`, `ipd_id`, `relation_id`, `name`, `mobile`, `alt_mobile`, `address`, `deleted_at`, `created_at`, `updated_at`) VALUES
(2, 10, 1, 'DINESH PRAJAPATI', '8798675645', NULL, 'SASARAM', NULL, '2025-03-26 09:14:12', '2025-03-26 09:14:12'),
(3, 11, 1, 'Krishna Singh', '7687564534', NULL, 'JAMUHAR, Block-DEHRI, District-ROHTAS ,BIHAR', NULL, '2025-03-26 09:17:40', '2025-03-26 09:17:40'),
(4, 12, 1, 'Rameshar', '7687564534', NULL, 'Jamuhar', NULL, '2025-03-26 09:23:28', '2025-03-26 09:23:28'),
(5, 13, 1, 'Rameshar', '7687564534', NULL, 'Jamuhar', NULL, '2025-03-26 09:23:51', '2025-03-26 09:23:51'),
(6, 14, 1, 'A B SINGH', '7050510736', NULL, 'DEHRI ON SONE', NULL, '2025-03-26 09:37:14', '2025-03-26 09:37:14'),
(7, 15, 1, 'Raju Kumar', '7867986798', NULL, 'CHOTA SASARAM, Block-UDWANTNAGAR, District-BHOJPUR ,BIHAR', NULL, '2025-03-27 05:05:50', '2025-03-27 05:05:50'),
(8, 16, 1, 'Dinesh', '8767876756', NULL, 'JAMUHAR, Block-DEHRI, District-ROHTAS ,BIHAR', NULL, '2025-03-27 05:30:58', '2025-03-27 05:30:58'),
(14, 24, 1, 'Balmukand Singh', '9058091863', NULL, 'JAMUA, Block-ARARIA , District-ARARIA ,BIHAR', NULL, '2025-04-11 07:48:37', '2025-04-11 07:48:37'),
(15, 25, 1, 'Corporate Father', '9058091864', NULL, 'BHARGAMA, Block-BHARGAMA , District-ARARIA ,BIHAR', NULL, '2025-04-25 06:02:26', '2025-04-25 06:02:26'),
(16, 26, 1, 'Corporate Father', '9058091864', NULL, 'BHARGAMA, Block-BHARGAMA , District-ARARIA ,BIHAR', NULL, '2025-05-05 07:16:39', '2025-05-05 07:16:39'),
(17, 27, 1, 'Father', '5896587458', NULL, 'BASANTPUR, Block-ARARIA , District-ARARIA ,BIHAR', NULL, '2025-05-06 06:36:16', '2025-05-06 06:36:16'),
(18, 28, 1, 'Om Prakash', '8569854745', NULL, 'CHIKNI, Block-ARARIA , District-ARARIA ,BIHAR', NULL, '2025-05-23 06:20:35', '2025-05-23 06:20:35'),
(19, 29, 1, 'Mahmud Akhtar', '7656453423', NULL, 'Sasaram, Bihar', NULL, '2025-05-23 06:39:10', '2025-05-23 06:39:10');

-- --------------------------------------------------------

--
-- Table structure for table `bag_types`
--

CREATE TABLE `bag_types` (
  `id` bigint(20) UNSIGNED NOT NULL,
  `name` varchar(150) NOT NULL,
  `code` varchar(100) NOT NULL,
  `is_active` enum('0','1') NOT NULL,
  `created_by_id` bigint(20) UNSIGNED DEFAULT NULL,
  `created_at` timestamp NULL DEFAULT NULL,
  `updated_at` timestamp NULL DEFAULT NULL,
  `deleted_at` timestamp NULL DEFAULT NULL
) ENGINE=InnoDB DEFAULT CHARSET=utf8mb4 COLLATE=utf8mb4_unicode_ci;

--
-- Dumping data for table `bag_types`
--

INSERT INTO `bag_types` (`id`, `name`, `code`, `is_active`, `created_by_id`, `created_at`, `updated_at`, `deleted_at`) VALUES
(1, 'Extra Small', 'BT1', '1', 1, '2025-06-03 11:13:36', '2025-06-03 11:14:57', NULL),
(2, 'Small', 'BT2', '1', 1, '2025-06-03 11:13:44', '2025-06-03 11:15:19', NULL),
(3, 'Large', 'BT3', '1', 1, '2025-06-03 11:13:52', '2025-06-03 11:15:32', NULL),
(4, 'Extra Large', 'BT4', '1', 1, '2025-06-03 11:15:45', '2025-06-03 11:15:45', NULL);

-- --------------------------------------------------------

--
-- Table structure for table `basicinfos`
--

CREATE TABLE `basicinfos` (
  `id` bigint(20) UNSIGNED NOT NULL,
  `created_at` timestamp NULL DEFAULT NULL,
  `updated_at` timestamp NULL DEFAULT NULL
) ENGINE=InnoDB DEFAULT CHARSET=utf8mb4 COLLATE=utf8mb4_unicode_ci;

-- --------------------------------------------------------

--
-- Table structure for table `beds`
--

CREATE TABLE `beds` (
  `id` bigint(20) UNSIGNED NOT NULL,
  `ward_id` bigint(20) UNSIGNED NOT NULL,
  `room_id` bigint(20) UNSIGNED NOT NULL,
  `code` varchar(255) NOT NULL,
  `bed_status` enum('vacant','used') NOT NULL DEFAULT 'vacant',
  `display_name` varchar(255) DEFAULT NULL,
  `is_dummy_room` tinyint(1) NOT NULL DEFAULT 0,
  `is_oxygen` tinyint(1) NOT NULL DEFAULT 0,
  `is_suction` tinyint(1) NOT NULL DEFAULT 0,
  `is_window` tinyint(1) NOT NULL DEFAULT 0,
  `created_by_id` bigint(20) UNSIGNED DEFAULT NULL,
  `updated_by_id` bigint(20) UNSIGNED DEFAULT NULL,
  `deleted_at` timestamp NULL DEFAULT NULL,
  `created_at` timestamp NULL DEFAULT NULL,
  `updated_at` timestamp NULL DEFAULT NULL
) ENGINE=InnoDB DEFAULT CHARSET=utf8mb4 COLLATE=utf8mb4_unicode_ci;

--
-- Dumping data for table `beds`
--

INSERT INTO `beds` (`id`, `ward_id`, `room_id`, `code`, `bed_status`, `display_name`, `is_dummy_room`, `is_oxygen`, `is_suction`, `is_window`, `created_by_id`, `updated_by_id`, `deleted_at`, `created_at`, `updated_at`) VALUES
(1, 2, 1, 'CARD/UNIT01/BED/01', 'used', 'CARD/UNIT01/BED/01', 0, 0, 0, 0, 1, 1, NULL, '2024-09-29 13:34:28', '2024-11-05 05:28:51'),
(2, 2, 1, 'CARD/UNIT01/BED/02	', 'used', 'CARD/UNIT01/BED/02	', 0, 0, 0, 0, 1, 1, NULL, '2024-09-29 13:37:15', '2024-11-06 03:23:01'),
(3, 2, 1, 'CARD/UNIT01/BED/03', 'used', 'CARD/UNIT01/BED/03', 0, 0, 0, 0, 1, 1, NULL, '2024-11-06 03:24:59', '2024-11-06 04:57:47'),
(4, 2, 1, 'CAR/UNIT01/BED04', 'used', 'Bed 4', 0, 0, 0, 0, 1, 1, NULL, '2024-11-06 05:16:16', '2024-11-06 05:21:53'),
(14, 2, 1, 'Bed5', 'used', 'Bed 5', 0, 0, 0, 0, 1, 1, NULL, '2025-03-26 09:13:07', '2025-03-26 09:14:12'),
(15, 2, 1, 'Bed 6', 'used', 'Bed 6', 0, 0, 0, 0, 1, 1, NULL, '2025-03-26 09:17:25', '2025-03-26 09:17:40'),
(16, 2, 1, 'Bed 7', 'used', 'Bed 7', 0, 0, 0, 0, 1, 1, NULL, '2025-03-26 09:19:16', '2025-03-26 09:23:51'),
(17, 2, 1, 'Bed 8', 'used', 'Bed 8', 0, 0, 0, 0, 1, 1, NULL, '2025-03-26 09:23:19', '2025-03-26 09:37:14'),
(18, 2, 1, 'Bed 9', 'used', 'Bed 9', 0, 0, 0, 0, 1, 1, NULL, '2025-03-26 09:36:30', '2025-05-05 07:16:39'),
(19, 2, 2, 'AP1', 'vacant', 'AP -1', 0, 0, 0, 0, 1, 1, NULL, '2025-04-03 08:47:33', '2025-04-03 11:48:18'),
(20, 2, 2, 'AP2', 'used', 'AP - 2', 0, 0, 0, 0, 1, 1, NULL, '2025-04-03 08:48:01', '2025-04-03 11:48:18'),
(21, 1, 3, 'DLS-1', 'used', 'Dialysis', 0, 0, 0, 0, 1, 1, NULL, '2025-04-16 11:37:18', '2025-04-17 05:58:41'),
(22, 1, 3, 'DLS-2', 'used', 'Dialysis', 0, 0, 0, 0, 1, 1, NULL, '2025-04-16 11:37:18', '2025-04-25 06:02:26'),
(23, 1, 3, 'DLS-3', 'vacant', 'Dialysis', 0, 0, 0, 0, 1, 1, NULL, '2025-04-16 11:37:18', '2025-04-16 11:37:18'),
(24, 1, 3, 'DLS-4', 'vacant', 'Dialysis', 0, 0, 0, 0, 1, 1, NULL, '2025-04-16 11:37:18', '2025-04-16 11:37:18'),
(25, 1, 3, 'DLS-5', 'vacant', 'Dialysis', 0, 0, 0, 0, 1, 1, NULL, '2025-04-16 11:37:18', '2025-04-16 11:37:18'),
(26, 1, 3, 'DLS-6', 'vacant', 'Dialysis', 0, 0, 0, 0, 1, 1, NULL, '2025-04-16 11:37:18', '2025-04-16 11:37:18'),
(27, 1, 3, 'DLS-7', 'vacant', 'Dialysis', 0, 0, 0, 0, 1, 1, NULL, '2025-04-16 11:37:18', '2025-04-16 11:37:18'),
(28, 1, 3, 'DLS-8', 'vacant', 'Dialysis', 0, 0, 0, 0, 1, 1, NULL, '2025-04-16 11:37:18', '2025-04-16 11:37:18'),
(29, 1, 3, 'DLS-9', 'vacant', 'Dialysis', 0, 0, 0, 0, 1, 1, NULL, '2025-04-16 11:37:18', '2025-04-16 11:37:18'),
(30, 1, 3, 'DLS-10', 'vacant', 'Dialysis', 0, 0, 0, 0, 1, 1, NULL, '2025-04-16 11:37:18', '2025-04-16 11:37:18'),
(31, 1, 3, 'DLS-11', 'vacant', 'Dialysis', 0, 0, 0, 0, 1, 1, NULL, '2025-04-16 11:37:18', '2025-04-16 11:37:18'),
(32, 1, 3, 'DLS-12', 'vacant', 'Dialysis', 0, 0, 0, 0, 1, 1, NULL, '2025-04-16 11:37:18', '2025-04-16 11:37:18'),
(33, 1, 3, 'DLS-13', 'vacant', 'Dialysis', 0, 0, 0, 0, 1, 1, NULL, '2025-04-16 11:37:18', '2025-04-16 11:37:18'),
(34, 1, 3, 'DLS-14', 'vacant', 'Dialysis', 0, 0, 0, 0, 1, 1, NULL, '2025-04-16 11:37:18', '2025-04-16 11:37:18'),
(35, 1, 3, 'DLS-15', 'vacant', 'Dialysis', 0, 0, 0, 0, 1, 1, NULL, '2025-04-16 11:37:18', '2025-04-16 11:37:18'),
(36, 1, 3, 'DLS-16', 'vacant', 'Dialysis', 0, 0, 0, 0, 1, 1, NULL, '2025-04-16 11:37:18', '2025-04-16 11:37:18'),
(37, 1, 3, 'DLS-17', 'vacant', 'Dialysis', 0, 0, 0, 0, 1, 1, NULL, '2025-04-16 11:37:18', '2025-04-16 11:37:18'),
(38, 1, 3, 'DLS-18', 'vacant', 'Dialysis', 0, 0, 0, 0, 1, 1, NULL, '2025-04-16 11:37:18', '2025-04-16 11:37:18'),
(39, 1, 3, 'DLS-19', 'vacant', 'Dialysis', 0, 0, 0, 0, 1, 1, NULL, '2025-04-16 11:37:18', '2025-04-16 11:37:18'),
(40, 1, 3, 'DLS-20', 'vacant', 'Dialysis', 0, 0, 0, 0, 1, 1, NULL, '2025-04-16 11:37:18', '2025-04-16 11:37:18'),
(41, 1, 4, 'DLS-1', 'vacant', 'DLS-1', 0, 0, 0, 0, 1, 1, NULL, '2025-05-06 04:55:14', '2025-05-06 06:47:27'),
(42, 1, 4, 'DLS-2', 'used', 'DLS-2', 0, 0, 0, 0, 1, 1, NULL, '2025-05-06 04:55:14', '2025-05-06 06:47:27'),
(43, 1, 4, 'DLS-3', 'used', 'DLS-3', 0, 0, 0, 0, 1, 1, NULL, '2025-05-06 04:55:14', '2025-05-23 06:39:10'),
(44, 1, 4, 'DLS-4', 'vacant', 'DLS-4', 0, 0, 0, 0, 1, 1, NULL, '2025-05-06 04:55:14', '2025-05-06 04:55:14'),
(45, 1, 4, 'DLS-5', 'vacant', 'DLS-5', 0, 0, 0, 0, 1, 1, NULL, '2025-05-06 04:55:14', '2025-05-06 04:55:14'),
(46, 1, 4, 'DLS-6', 'vacant', 'DLS-6', 0, 0, 0, 0, 1, 1, NULL, '2025-05-06 04:55:14', '2025-05-06 04:55:14'),
(47, 1, 4, 'DLS-7', 'vacant', 'DLS-7', 0, 0, 0, 0, 1, 1, NULL, '2025-05-06 04:55:14', '2025-05-06 04:55:14'),
(48, 1, 4, 'DLS-8', 'vacant', 'DLS-8', 0, 0, 0, 0, 1, 1, NULL, '2025-05-06 04:55:14', '2025-05-06 04:55:14'),
(49, 1, 4, 'DLS-9', 'vacant', 'DLS-9', 0, 0, 0, 0, 1, 1, NULL, '2025-05-06 04:55:14', '2025-05-06 04:55:14'),
(50, 1, 4, 'DLS-10', 'vacant', 'DLS-10', 0, 0, 0, 0, 1, 1, NULL, '2025-05-06 04:55:14', '2025-05-06 04:55:14'),
(51, 1, 4, 'DLS-11', 'vacant', 'DLS-11', 0, 0, 0, 0, 1, 1, NULL, '2025-05-06 04:55:14', '2025-05-06 04:55:14'),
(52, 1, 4, 'DLS-12', 'vacant', 'DLS-12', 0, 0, 0, 0, 1, 1, NULL, '2025-05-06 04:55:14', '2025-05-06 04:55:14'),
(53, 1, 4, 'DLS-13', 'vacant', 'DLS-13', 0, 0, 0, 0, 1, 1, NULL, '2025-05-06 04:55:14', '2025-05-06 04:55:14'),
(54, 1, 4, 'DLS-14', 'vacant', 'DLS-14', 0, 0, 0, 0, 1, 1, NULL, '2025-05-06 04:55:14', '2025-05-06 04:55:14'),
(55, 1, 4, 'DLS-15', 'vacant', 'DLS-15', 0, 0, 0, 0, 1, 1, NULL, '2025-05-06 04:55:14', '2025-05-06 04:55:14'),
(56, 1, 4, 'DLS-16', 'vacant', 'DLS-16', 0, 0, 0, 0, 1, 1, NULL, '2025-05-06 04:55:14', '2025-05-06 04:55:14'),
(57, 1, 4, 'DLS-17', 'vacant', 'DLS-17', 0, 0, 0, 0, 1, 1, NULL, '2025-05-06 04:55:14', '2025-05-06 04:55:14'),
(58, 1, 4, 'DLS-18', 'vacant', 'DLS-18', 0, 0, 0, 0, 1, 1, NULL, '2025-05-06 04:55:14', '2025-05-06 04:55:14'),
(59, 1, 4, 'DLS-19', 'vacant', 'DLS-19', 0, 0, 0, 0, 1, 1, NULL, '2025-05-06 04:55:14', '2025-05-06 04:55:14'),
(60, 1, 4, 'DLS-20', 'vacant', 'DLS-20', 0, 0, 0, 0, 1, 1, NULL, '2025-05-06 04:55:14', '2025-05-06 04:55:14'),
(61, 1, 5, 'DLS-1', 'used', 'DLS-1', 0, 0, 0, 0, 1, 1, NULL, '2025-05-06 04:55:38', '2025-05-23 06:20:35'),
(62, 1, 5, 'DLS-2', 'vacant', 'DLS-2', 0, 0, 0, 0, 1, 1, NULL, '2025-05-06 04:55:38', '2025-05-06 04:55:38'),
(63, 1, 5, 'DLS-3', 'vacant', 'DLS-3', 0, 0, 0, 0, 1, 1, NULL, '2025-05-06 04:55:38', '2025-05-06 04:55:38'),
(64, 1, 5, 'DLS-4', 'vacant', 'DLS-4', 0, 0, 0, 0, 1, 1, NULL, '2025-05-06 04:55:38', '2025-05-06 04:55:38'),
(65, 1, 5, 'DLS-5', 'vacant', 'DLS-5', 0, 0, 0, 0, 1, 1, NULL, '2025-05-06 04:55:38', '2025-05-06 04:55:38'),
(66, 1, 5, 'DLS-6', 'vacant', 'DLS-6', 0, 0, 0, 0, 1, 1, NULL, '2025-05-06 04:55:38', '2025-05-06 04:55:38'),
(67, 1, 5, 'DLS-7', 'vacant', 'DLS-7', 0, 0, 0, 0, 1, 1, NULL, '2025-05-06 04:55:38', '2025-05-06 04:55:38'),
(68, 1, 5, 'DLS-8', 'vacant', 'DLS-8', 0, 0, 0, 0, 1, 1, NULL, '2025-05-06 04:55:38', '2025-05-06 04:55:38'),
(69, 1, 5, 'DLS-9', 'vacant', 'DLS-9', 0, 0, 0, 0, 1, 1, NULL, '2025-05-06 04:55:38', '2025-05-06 04:55:38'),
(70, 1, 5, 'DLS-10', 'vacant', 'DLS-10', 0, 0, 0, 0, 1, 1, NULL, '2025-05-06 04:55:38', '2025-05-06 04:55:38'),
(71, 1, 5, 'DLS-11', 'vacant', 'DLS-11', 0, 0, 0, 0, 1, 1, NULL, '2025-05-06 04:55:38', '2025-05-06 04:55:38'),
(72, 1, 5, 'DLS-12', 'vacant', 'DLS-12', 0, 0, 0, 0, 1, 1, NULL, '2025-05-06 04:55:38', '2025-05-06 04:55:38'),
(73, 1, 5, 'DLS-13', 'vacant', 'DLS-13', 0, 0, 0, 0, 1, 1, NULL, '2025-05-06 04:55:38', '2025-05-06 04:55:38'),
(74, 1, 5, 'DLS-14', 'vacant', 'DLS-14', 0, 0, 0, 0, 1, 1, NULL, '2025-05-06 04:55:38', '2025-05-06 04:55:38'),
(75, 1, 5, 'DLS-15', 'vacant', 'DLS-15', 0, 0, 0, 0, 1, 1, NULL, '2025-05-06 04:55:38', '2025-05-06 04:55:38'),
(76, 1, 5, 'DLS-16', 'vacant', 'DLS-16', 0, 0, 0, 0, 1, 1, NULL, '2025-05-06 04:55:38', '2025-05-06 04:55:38'),
(77, 1, 5, 'DLS-17', 'vacant', 'DLS-17', 0, 0, 0, 0, 1, 1, NULL, '2025-05-06 04:55:38', '2025-05-06 04:55:38'),
(78, 1, 5, 'DLS-18', 'vacant', 'DLS-18', 0, 0, 0, 0, 1, 1, NULL, '2025-05-06 04:55:38', '2025-05-06 04:55:38'),
(79, 1, 5, 'DLS-19', 'vacant', 'DLS-19', 0, 0, 0, 0, 1, 1, NULL, '2025-05-06 04:55:38', '2025-05-06 04:55:38'),
(80, 1, 5, 'DLS-20', 'vacant', 'DLS-20', 0, 0, 0, 0, 1, 1, NULL, '2025-05-06 04:55:38', '2025-05-06 04:55:38'),
(81, 2, 6, 'PATH-1', 'vacant', 'PTH-1', 0, 0, 0, 0, 1, 1, NULL, '2025-05-06 04:57:12', '2025-05-06 04:57:12'),
(82, 2, 6, 'PATH-2', 'vacant', 'PTH-2', 0, 0, 0, 0, 1, 1, NULL, '2025-05-06 04:57:12', '2025-05-06 04:57:12'),
(83, 2, 6, 'PATH-3', 'vacant', 'PTH-3', 0, 0, 0, 0, 1, 1, NULL, '2025-05-06 04:57:12', '2025-05-06 04:57:12'),
(84, 2, 6, 'PATH-4', 'vacant', 'PTH-4', 0, 0, 0, 0, 1, 1, NULL, '2025-05-06 04:57:12', '2025-05-06 04:57:12'),
(85, 2, 6, 'PATH-5', 'vacant', 'PTH-5', 0, 0, 0, 0, 1, 1, NULL, '2025-05-06 04:57:12', '2025-05-06 04:57:12'),
(86, 2, 6, 'PATH-6', 'vacant', 'PTH-6', 0, 0, 0, 0, 1, 1, NULL, '2025-05-06 04:57:12', '2025-05-06 04:57:12'),
(87, 2, 6, 'PATH-7', 'vacant', 'PTH-7', 0, 0, 0, 0, 1, 1, NULL, '2025-05-06 04:57:12', '2025-05-06 04:57:12'),
(88, 2, 6, 'PATH-8', 'vacant', 'PTH-8', 0, 0, 0, 0, 1, 1, NULL, '2025-05-06 04:57:12', '2025-05-06 04:57:12'),
(89, 2, 6, 'PATH-9', 'vacant', 'PTH-9', 0, 0, 0, 0, 1, 1, NULL, '2025-05-06 04:57:12', '2025-05-06 04:57:12'),
(90, 2, 6, 'PATH-10', 'vacant', 'PTH-10', 0, 0, 0, 0, 1, 1, NULL, '2025-05-06 04:57:12', '2025-05-06 04:57:12'),
(91, 2, 6, 'codew', 'vacant', 'Test', 0, 0, 0, 0, 1, 1, '2025-05-06 05:34:28', '2025-05-06 05:14:46', '2025-05-06 05:34:28'),
(92, 2, 6, 'TST', 'vacant', 'Test', 0, 0, 0, 0, 1, 1, '2025-05-06 05:35:28', '2025-05-06 05:35:20', '2025-05-06 05:35:28'),
(93, 2, 6, 'PATH-1', 'vacant', 'PTH-1', 0, 0, 0, 0, 1, 1, NULL, '2025-05-06 05:38:10', '2025-05-06 05:39:07'),
(94, 2, 6, 'PATH-1', 'vacant', 'PTH-1', 0, 0, 0, 0, 1, 1, '2025-05-06 05:38:46', '2025-05-06 05:38:31', '2025-05-06 05:38:46');

-- --------------------------------------------------------

--
-- Table structure for table `billing_heads`
--

CREATE TABLE `billing_heads` (
  `id` bigint(20) UNSIGNED NOT NULL,
  `name` varchar(255) NOT NULL,
  `deleted_at` timestamp NULL DEFAULT NULL,
  `created_at` timestamp NULL DEFAULT NULL,
  `updated_at` timestamp NULL DEFAULT NULL
) ENGINE=InnoDB DEFAULT CHARSET=utf8mb4 COLLATE=utf8mb4_unicode_ci;

--
-- Dumping data for table `billing_heads`
--

INSERT INTO `billing_heads` (`id`, `name`, `deleted_at`, `created_at`, `updated_at`) VALUES
(1, 'Consultation Charges', NULL, '2024-03-22 12:12:57', '2024-03-22 12:12:57'),
(2, 'Investigation Charges', NULL, '2024-03-22 12:13:17', '2024-03-22 12:13:17'),
(3, 'Procedure Charges', NULL, '2024-03-22 12:13:42', '2024-03-22 12:13:42'),
(4, 'Service Charges', NULL, '2024-03-22 12:13:56', '2024-03-22 12:13:56'),
(5, 'Ward Charges', NULL, '2024-03-22 12:14:11', '2024-03-22 12:14:11'),
(6, 'Nursing Charges', NULL, '2024-03-22 12:14:37', '2024-03-22 12:14:37'),
(7, 'Professional Charges', NULL, '2024-03-22 12:14:59', '2024-03-22 12:14:59'),
(8, 'Package', NULL, '2024-05-30 11:49:09', '2024-06-18 16:02:20'),
(9, 'INSURANCE STAR HEALTH', '2024-07-16 11:30:01', '2024-07-16 11:29:42', '2024-07-16 11:30:01'),
(10, 'Test 2', '2025-04-16 05:14:52', '2025-04-16 05:14:41', '2025-04-16 05:14:52');

-- --------------------------------------------------------

--
-- Table structure for table `bins`
--

CREATE TABLE `bins` (
  `id` bigint(20) UNSIGNED NOT NULL,
  `bin_group_id` bigint(20) UNSIGNED NOT NULL,
  `stock_point_id` bigint(20) UNSIGNED NOT NULL,
  `name` varchar(50) DEFAULT NULL,
  `created_at` timestamp NULL DEFAULT NULL,
  `updated_at` timestamp NULL DEFAULT NULL,
  `deleted_at` timestamp NULL DEFAULT NULL
) ENGINE=InnoDB DEFAULT CHARSET=utf8mb4 COLLATE=utf8mb4_unicode_ci;

--
-- Dumping data for table `bins`
--

INSERT INTO `bins` (`id`, `bin_group_id`, `stock_point_id`, `name`, `created_at`, `updated_at`, `deleted_at`) VALUES
(1, 1, 2, 'A-1', '2024-03-15 12:49:24', '2024-03-15 12:49:24', NULL),
(2, 1, 2, 'A-4', '2024-03-15 12:49:35', '2024-07-17 13:40:52', NULL),
(3, 1, 2, 'A-6', '2024-03-15 12:49:48', '2024-07-17 13:39:10', NULL),
(4, 2, 2, 'A-4', '2024-04-05 17:11:51', '2024-07-17 13:41:06', NULL);

-- --------------------------------------------------------

--
-- Table structure for table `bin_groups`
--

CREATE TABLE `bin_groups` (
  `id` bigint(20) UNSIGNED NOT NULL,
  `stock_point_id` bigint(20) UNSIGNED NOT NULL,
  `name` varchar(50) DEFAULT NULL,
  `created_at` timestamp NULL DEFAULT NULL,
  `updated_at` timestamp NULL DEFAULT NULL,
  `deleted_at` timestamp NULL DEFAULT NULL
) ENGINE=InnoDB DEFAULT CHARSET=utf8mb4 COLLATE=utf8mb4_unicode_ci;

--
-- Dumping data for table `bin_groups`
--

INSERT INTO `bin_groups` (`id`, `stock_point_id`, `name`, `created_at`, `updated_at`, `deleted_at`) VALUES
(1, 2, 'A', '2024-03-15 12:49:06', '2024-03-15 12:49:06', NULL),
(2, 2, 'AB', '2024-03-15 12:50:12', '2024-03-15 12:50:12', NULL),
(3, 2, 'B', '2024-04-05 17:12:41', '2024-04-05 17:12:41', NULL),
(4, 1, 'C', '2024-05-10 07:53:34', '2024-05-10 07:53:34', NULL);

-- --------------------------------------------------------

--
-- Table structure for table `bin_items`
--

CREATE TABLE `bin_items` (
  `id` bigint(20) UNSIGNED NOT NULL,
  `bin_group_id` bigint(20) UNSIGNED NOT NULL,
  `stock_point_id` bigint(20) UNSIGNED NOT NULL,
  `bin_id` bigint(20) UNSIGNED NOT NULL,
  `item_id` bigint(20) UNSIGNED NOT NULL,
  `created_at` timestamp NULL DEFAULT NULL,
  `updated_at` timestamp NULL DEFAULT NULL,
  `deleted_at` timestamp NULL DEFAULT NULL
) ENGINE=InnoDB DEFAULT CHARSET=utf8mb4 COLLATE=utf8mb4_unicode_ci;

--
-- Dumping data for table `bin_items`
--

INSERT INTO `bin_items` (`id`, `bin_group_id`, `stock_point_id`, `bin_id`, `item_id`, `created_at`, `updated_at`, `deleted_at`) VALUES
(1, 1, 2, 1, 2, '2024-03-15 12:51:03', '2024-03-15 12:51:03', NULL),
(2, 1, 2, 2, 1, '2024-03-15 12:51:26', '2024-03-15 12:51:26', NULL),
(3, 1, 2, 1, 7, '2024-04-05 17:10:47', '2024-04-05 17:10:47', NULL),
(6, 1, 2, 3, 15, '2024-08-21 15:35:38', '2024-08-21 15:35:38', NULL),
(7, 1, 2, 2, 16, '2024-08-21 15:35:52', '2024-08-21 15:35:52', NULL),
(8, 1, 2, 1, 17, '2024-08-21 15:36:11', '2024-08-21 15:36:11', NULL);

-- --------------------------------------------------------

--
-- Table structure for table `blocks`
--

CREATE TABLE `blocks` (
  `id` bigint(20) UNSIGNED NOT NULL,
  `name` varchar(100) NOT NULL,
  `country_id` bigint(20) UNSIGNED NOT NULL,
  `state_id` bigint(20) UNSIGNED NOT NULL,
  `district_id` bigint(20) UNSIGNED NOT NULL,
  `created_at` timestamp NULL DEFAULT NULL,
  `updated_at` timestamp NULL DEFAULT NULL,
  `deleted_at` timestamp NULL DEFAULT NULL
) ENGINE=InnoDB DEFAULT CHARSET=utf8mb4 COLLATE=utf8mb4_unicode_ci;

--
-- Dumping data for table `blocks`
--

INSERT INTO `blocks` (`id`, `name`, `country_id`, `state_id`, `district_id`, `created_at`, `updated_at`, `deleted_at`) VALUES
(1, 'ARARIA ', 1, 4, 1, NULL, NULL, NULL),
(2, 'BHARGAMA ', 1, 4, 1, NULL, NULL, NULL),
(3, 'FORBESGANJ ', 1, 4, 1, NULL, NULL, NULL),
(4, 'JOKIHAT ', 1, 4, 1, NULL, NULL, NULL),
(5, 'KURSAKANTA ', 1, 4, 1, NULL, NULL, NULL),
(6, 'NARPATGANJ ', 1, 4, 1, NULL, NULL, NULL),
(7, 'PALASI ', 1, 4, 1, NULL, NULL, NULL),
(8, 'RANIGANJ ', 1, 4, 1, NULL, NULL, NULL),
(9, 'SIKTI ', 1, 4, 1, NULL, NULL, NULL),
(10, ' ARWAL', 1, 4, 2, NULL, NULL, NULL),
(11, ' KALER', 1, 4, 2, NULL, NULL, NULL),
(12, ' KARPI', 1, 4, 2, NULL, NULL, NULL),
(13, ' KURTHA', 1, 4, 2, NULL, NULL, NULL),
(14, ' SONBHDRABANSISURJPUR', 1, 4, 2, NULL, NULL, NULL),
(15, 'DEO', 1, 4, 3, NULL, NULL, NULL),
(16, 'KUTUMBA', 1, 4, 3, NULL, NULL, NULL),
(17, 'OBRA', 1, 4, 3, NULL, NULL, NULL),
(18, 'RAFIGANJ', 1, 4, 3, NULL, NULL, NULL),
(19, 'BARUN', 1, 4, 3, NULL, NULL, NULL),
(20, 'HASPURA', 1, 4, 3, NULL, NULL, NULL),
(21, 'GOH', 1, 4, 3, NULL, NULL, NULL),
(22, 'NABINAGAR', 1, 4, 3, NULL, NULL, NULL),
(23, 'DAUDNAGAR', 1, 4, 3, NULL, NULL, NULL),
(24, 'MADANPUR', 1, 4, 3, NULL, NULL, NULL),
(25, 'AURANGABAD', 1, 4, 3, NULL, NULL, NULL),
(26, 'AMARPUR', 1, 4, 4, NULL, NULL, NULL),
(27, 'BANKA', 1, 4, 4, NULL, NULL, NULL),
(28, 'BARAHAT', 1, 4, 4, NULL, NULL, NULL),
(29, 'BOUNSI', 1, 4, 4, NULL, NULL, NULL),
(30, 'CHANDAN', 1, 4, 4, NULL, NULL, NULL),
(31, 'DHORAIYA', 1, 4, 4, NULL, NULL, NULL),
(32, 'FULLIDUMAR', 1, 4, 4, NULL, NULL, NULL),
(33, 'KATORIYA', 1, 4, 4, NULL, NULL, NULL),
(34, 'RAJOUN', 1, 4, 4, NULL, NULL, NULL),
(35, 'SHAMBHUGANJ', 1, 4, 4, NULL, NULL, NULL),
(36, 'BELHAR', 1, 4, 4, NULL, NULL, NULL),
(37, 'BAKHRI', 1, 4, 5, NULL, NULL, NULL),
(38, 'BALIA', 1, 4, 5, NULL, NULL, NULL),
(39, 'CHERIA BARIARPUR', 1, 4, 5, NULL, NULL, NULL),
(40, 'CHHAURAHI', 1, 4, 5, NULL, NULL, NULL),
(41, 'DANDARI', 1, 4, 5, NULL, NULL, NULL),
(42, 'GARHPURA', 1, 4, 5, NULL, NULL, NULL),
(43, 'KHODABANDPUR', 1, 4, 5, NULL, NULL, NULL),
(44, 'NAWKOTHI', 1, 4, 5, NULL, NULL, NULL),
(45, 'SAHEBPUR KAMAL', 1, 4, 5, NULL, NULL, NULL),
(46, 'BACHHWARA', 1, 4, 5, NULL, NULL, NULL),
(47, 'BARAUNI', 1, 4, 5, NULL, NULL, NULL),
(48, 'BEGUSARAI', 1, 4, 5, NULL, NULL, NULL),
(49, 'BHAGWANPUR', 1, 4, 5, NULL, NULL, NULL),
(50, 'BIRPUR', 1, 4, 5, NULL, NULL, NULL),
(51, 'MANSOORCHAK', 1, 4, 5, NULL, NULL, NULL),
(52, 'MATIHANI', 1, 4, 5, NULL, NULL, NULL),
(53, 'SHAMHO AKHA KURHA', 1, 4, 5, NULL, NULL, NULL),
(54, 'TEGHRA', 1, 4, 5, NULL, NULL, NULL),
(55, 'BIHPUR', 1, 4, 6, NULL, NULL, NULL),
(56, 'GOPALPUR', 1, 4, 6, NULL, NULL, NULL),
(57, 'GORADIH', 1, 4, 6, NULL, NULL, NULL),
(58, 'ISHMAILPUR', 1, 4, 6, NULL, NULL, NULL),
(59, 'JAGDISHPUR', 1, 4, 6, NULL, NULL, NULL),
(60, 'KAHALGAON', 1, 4, 6, NULL, NULL, NULL),
(61, 'KHARIK', 1, 4, 6, NULL, NULL, NULL),
(62, 'NARAYANPUR', 1, 4, 6, NULL, NULL, NULL),
(63, 'NATHNAGAR', 1, 4, 6, NULL, NULL, NULL),
(64, 'NAUGACHIA', 1, 4, 6, NULL, NULL, NULL),
(65, 'PIRPAINTY', 1, 4, 6, NULL, NULL, NULL),
(66, 'RANGRA CHOWK', 1, 4, 6, NULL, NULL, NULL),
(67, 'SABOUR', 1, 4, 6, NULL, NULL, NULL),
(68, 'SANHOULA', 1, 4, 6, NULL, NULL, NULL),
(69, 'SHAHKUND', 1, 4, 6, NULL, NULL, NULL),
(70, 'SULTANGANJ', 1, 4, 6, NULL, NULL, NULL),
(71, 'BIHIYAN', 1, 4, 7, NULL, NULL, NULL),
(72, 'CHARPOKHRI', 1, 4, 7, NULL, NULL, NULL),
(73, 'JAGDISHPUR', 1, 4, 7, NULL, NULL, NULL),
(74, 'SHAHPUR', 1, 4, 7, NULL, NULL, NULL),
(75, 'AGIOAN', 1, 4, 7, NULL, NULL, NULL),
(76, 'ARA', 1, 4, 7, NULL, NULL, NULL),
(77, 'BARHARA', 1, 4, 7, NULL, NULL, NULL),
(78, 'GARHANI', 1, 4, 7, NULL, NULL, NULL),
(79, 'KOILWAR', 1, 4, 7, NULL, NULL, NULL),
(80, 'PIRO', 1, 4, 7, NULL, NULL, NULL),
(81, 'SAHAR', 1, 4, 7, NULL, NULL, NULL),
(82, 'SANDESH', 1, 4, 7, NULL, NULL, NULL),
(83, 'TARARI', 1, 4, 7, NULL, NULL, NULL),
(84, 'UDWANTNAGAR', 1, 4, 7, NULL, NULL, NULL),
(85, 'BRAHMPUR', 1, 4, 8, NULL, NULL, NULL),
(86, 'CHAKKI', 1, 4, 8, NULL, NULL, NULL),
(87, 'BUXAR', 1, 4, 8, NULL, NULL, NULL),
(88, 'CHAUGAIN', 1, 4, 8, NULL, NULL, NULL),
(89, 'DUMRAON', 1, 4, 8, NULL, NULL, NULL),
(90, 'ITARHI', 1, 4, 8, NULL, NULL, NULL),
(91, 'KESATH', 1, 4, 8, NULL, NULL, NULL),
(92, 'NAWANAGAR', 1, 4, 8, NULL, NULL, NULL),
(93, 'RAJPUR', 1, 4, 8, NULL, NULL, NULL),
(94, 'SIMRI', 1, 4, 8, NULL, NULL, NULL),
(95, 'KUSHESHWAR ASTHAN', 1, 4, 9, NULL, NULL, NULL),
(96, 'ALINAGAR', 1, 4, 9, NULL, NULL, NULL),
(97, 'BAHADURPUR', 1, 4, 9, NULL, NULL, NULL),
(98, 'BAHERI', 1, 4, 9, NULL, NULL, NULL),
(99, 'BENIPUR', 1, 4, 9, NULL, NULL, NULL),
(100, 'BIRAUL', 1, 4, 9, NULL, NULL, NULL),
(101, 'HAYAGHAT', 1, 4, 9, NULL, NULL, NULL),
(102, 'JALE', 1, 4, 9, NULL, NULL, NULL),
(103, 'KIRATPUR', 1, 4, 9, NULL, NULL, NULL),
(104, 'KUSHESHWAR ASTHAN EAST', 1, 4, 9, NULL, NULL, NULL),
(105, 'MANIGACHHI', 1, 4, 9, NULL, NULL, NULL),
(106, 'SINGHWARA', 1, 4, 9, NULL, NULL, NULL),
(107, 'TARDIH', 1, 4, 9, NULL, NULL, NULL),
(108, 'BAURAM', 1, 4, 9, NULL, NULL, NULL),
(109, 'DARBHANGA', 1, 4, 9, NULL, NULL, NULL),
(110, 'HANUMAN NAGAR', 1, 4, 9, NULL, NULL, NULL),
(111, 'KEOTI RUNWAY', 1, 4, 9, NULL, NULL, NULL),
(112, 'YAMPUR', 1, 4, 9, NULL, NULL, NULL),
(113, 'ADAPUR', 1, 4, 10, NULL, NULL, NULL),
(114, 'ARERAJ', 1, 4, 10, NULL, NULL, NULL),
(115, 'BANKATWA', 1, 4, 10, NULL, NULL, NULL),
(116, 'CHAKIA', 1, 4, 10, NULL, NULL, NULL),
(117, 'CHIRAIYA', 1, 4, 10, NULL, NULL, NULL),
(118, 'DHAKA', 1, 4, 10, NULL, NULL, NULL),
(119, 'GHORASAHAN', 1, 4, 10, NULL, NULL, NULL),
(120, 'HARSIDHI', 1, 4, 10, NULL, NULL, NULL),
(121, 'KALYAN PUR', 1, 4, 10, NULL, NULL, NULL),
(122, 'KESARIA', 1, 4, 10, NULL, NULL, NULL),
(123, 'MADHUBAN', 1, 4, 10, NULL, NULL, NULL),
(124, 'MEHSI', 1, 4, 10, NULL, NULL, NULL),
(125, 'PAHAR PUR', 1, 4, 10, NULL, NULL, NULL),
(126, 'PAKARIDAYAL', 1, 4, 10, NULL, NULL, NULL),
(127, 'PATAHI', 1, 4, 10, NULL, NULL, NULL),
(128, 'PHENHARA', 1, 4, 10, NULL, NULL, NULL),
(129, 'SANGRAMPUR', 1, 4, 10, NULL, NULL, NULL),
(130, 'BANJARIYA', 1, 4, 10, NULL, NULL, NULL),
(131, 'KOTWA', 1, 4, 10, NULL, NULL, NULL),
(132, 'MOTIHARI', 1, 4, 10, NULL, NULL, NULL),
(133, 'PIPRAKOTHI', 1, 4, 10, NULL, NULL, NULL),
(134, 'RAMGARHWA', 1, 4, 10, NULL, NULL, NULL),
(135, 'RAXAUL', 1, 4, 10, NULL, NULL, NULL),
(136, 'SUGAULI', 1, 4, 10, NULL, NULL, NULL),
(137, 'TETARIA', 1, 4, 10, NULL, NULL, NULL),
(138, 'TURKAULIYA', 1, 4, 10, NULL, NULL, NULL),
(139, 'AMAS', 1, 4, 11, NULL, NULL, NULL),
(140, 'BANKE BAZAR', 1, 4, 11, NULL, NULL, NULL),
(141, 'BARACHATTY', 1, 4, 11, NULL, NULL, NULL),
(142, 'BODHGAYA', 1, 4, 11, NULL, NULL, NULL),
(143, 'DOBHI', 1, 4, 11, NULL, NULL, NULL),
(144, 'DUMARIYA', 1, 4, 11, NULL, NULL, NULL),
(145, 'FATEHPUR', 1, 4, 11, NULL, NULL, NULL),
(146, 'GURARU', 1, 4, 11, NULL, NULL, NULL),
(147, 'GURUA', 1, 4, 11, NULL, NULL, NULL),
(148, 'IMAMGANJ', 1, 4, 11, NULL, NULL, NULL),
(149, 'KONCH', 1, 4, 11, NULL, NULL, NULL),
(150, 'MOHANPUR', 1, 4, 11, NULL, NULL, NULL),
(151, 'NAGAR', 1, 4, 11, NULL, NULL, NULL),
(152, 'PARAIYA', 1, 4, 11, NULL, NULL, NULL),
(153, 'SHERGHATTY', 1, 4, 11, NULL, NULL, NULL),
(154, 'TANKUPPA', 1, 4, 11, NULL, NULL, NULL),
(155, 'ATRI', 1, 4, 11, NULL, NULL, NULL),
(156, 'BATHANI', 1, 4, 11, NULL, NULL, NULL),
(157, 'BELAGANJ', 1, 4, 11, NULL, NULL, NULL),
(158, 'KHIZARSARAI', 1, 4, 11, NULL, NULL, NULL),
(159, 'MANPUR', 1, 4, 11, NULL, NULL, NULL),
(160, 'MOHRA', 1, 4, 11, NULL, NULL, NULL),
(161, 'TEKARI', 1, 4, 11, NULL, NULL, NULL),
(162, 'WAZIRGANJ', 1, 4, 11, NULL, NULL, NULL),
(163, 'BAIKUNTHPUR', 1, 4, 12, NULL, NULL, NULL),
(164, 'KUCHAIKOT', 1, 4, 12, NULL, NULL, NULL),
(165, 'MANJHA', 1, 4, 12, NULL, NULL, NULL),
(166, 'BARAULI', 1, 4, 12, NULL, NULL, NULL),
(167, 'BHOREY', 1, 4, 12, NULL, NULL, NULL),
(168, 'GOPALGANJ', 1, 4, 12, NULL, NULL, NULL),
(169, 'HATHUA', 1, 4, 12, NULL, NULL, NULL),
(170, 'KATEYA', 1, 4, 12, NULL, NULL, NULL),
(171, 'PANCHDEVRI', 1, 4, 12, NULL, NULL, NULL),
(172, 'PHULWARIA', 1, 4, 12, NULL, NULL, NULL),
(173, 'SIDHWALIA', 1, 4, 12, NULL, NULL, NULL),
(174, 'THAWE', 1, 4, 12, NULL, NULL, NULL),
(175, 'UCHKAGAON', 1, 4, 12, NULL, NULL, NULL),
(176, 'VIJAIPUR', 1, 4, 12, NULL, NULL, NULL),
(177, 'AMUI', 1, 4, 13, NULL, NULL, NULL),
(178, 'ARHAT', 1, 4, 13, NULL, NULL, NULL),
(179, 'AXMIPUR', 1, 4, 13, NULL, NULL, NULL),
(180, 'HAIRA', 1, 4, 13, NULL, NULL, NULL),
(181, 'HAJHA', 1, 4, 13, NULL, NULL, NULL),
(182, 'HAKAI', 1, 4, 13, NULL, NULL, NULL),
(183, 'IDHOUR', 1, 4, 13, NULL, NULL, NULL),
(184, 'IKANDRA', 1, 4, 13, NULL, NULL, NULL),
(185, 'ISLAM NAGAR ALIGANJ', 1, 4, 13, NULL, NULL, NULL),
(186, 'SONO', 1, 4, 13, NULL, NULL, NULL),
(187, 'GHOSHI', 1, 4, 14, NULL, NULL, NULL),
(188, 'HULASGUNJ', 1, 4, 14, NULL, NULL, NULL),
(189, 'JEHANABAD –', 1, 4, 14, NULL, NULL, NULL),
(190, 'KAKO –', 1, 4, 14, NULL, NULL, NULL),
(191, 'MAKHDUMPUR', 1, 4, 14, NULL, NULL, NULL),
(192, 'MODANGANJ', 1, 4, 14, NULL, NULL, NULL),
(193, 'RATNI FARIDPUR', 1, 4, 14, NULL, NULL, NULL),
(194, 'ADHAURA', 1, 4, 15, NULL, NULL, NULL),
(195, 'NUAON', 1, 4, 15, NULL, NULL, NULL),
(196, 'RAMGARH', 1, 4, 15, NULL, NULL, NULL),
(197, 'RAMPUR', 1, 4, 15, NULL, NULL, NULL),
(198, 'BHABUA', 1, 4, 15, NULL, NULL, NULL),
(199, 'BHAGWANPUR', 1, 4, 15, NULL, NULL, NULL),
(200, 'CHAINPUR', 1, 4, 15, NULL, NULL, NULL),
(201, 'CHAND', 1, 4, 15, NULL, NULL, NULL),
(202, 'DURGAWATI', 1, 4, 15, NULL, NULL, NULL),
(203, 'KUDRA', 1, 4, 15, NULL, NULL, NULL),
(204, 'MOHANIA', 1, 4, 15, NULL, NULL, NULL),
(205, 'AMDABAD', 1, 4, 16, NULL, NULL, NULL),
(206, 'DANDKHORA', 1, 4, 16, NULL, NULL, NULL),
(207, 'KURSELA', 1, 4, 16, NULL, NULL, NULL),
(208, 'MANIHARI', 1, 4, 16, NULL, NULL, NULL),
(209, 'MANSAHI', 1, 4, 16, NULL, NULL, NULL),
(210, 'SAMELI', 1, 4, 16, NULL, NULL, NULL),
(211, 'AZAMNAGAR', 1, 4, 16, NULL, NULL, NULL),
(212, 'BALRAMPUR', 1, 4, 16, NULL, NULL, NULL),
(213, 'BARARI', 1, 4, 16, NULL, NULL, NULL),
(214, 'BARSOI', 1, 4, 16, NULL, NULL, NULL),
(215, 'FALKA', 1, 4, 16, NULL, NULL, NULL),
(216, 'KADWA', 1, 4, 16, NULL, NULL, NULL),
(217, 'KATIHAR', 1, 4, 16, NULL, NULL, NULL),
(218, 'KORHA', 1, 4, 16, NULL, NULL, NULL),
(219, 'PRANPUR', 1, 4, 16, NULL, NULL, NULL),
(220, 'PARBATTA', 1, 4, 17, NULL, NULL, NULL),
(221, 'ALLOULI', 1, 4, 17, NULL, NULL, NULL),
(222, 'BELDAUR', 1, 4, 17, NULL, NULL, NULL),
(223, 'CHAUTHAM', 1, 4, 17, NULL, NULL, NULL),
(224, 'GOGRI', 1, 4, 17, NULL, NULL, NULL),
(225, 'KHAGARIA', 1, 4, 17, NULL, NULL, NULL),
(226, 'MANSI', 1, 4, 17, NULL, NULL, NULL),
(227, 'BAHADURGANJ', 1, 4, 18, NULL, NULL, NULL),
(228, 'DIGHALBANK', 1, 4, 18, NULL, NULL, NULL),
(229, 'KOCHADHAMAN', 1, 4, 18, NULL, NULL, NULL),
(230, 'POTHIA', 1, 4, 18, NULL, NULL, NULL),
(231, 'TERHAGACHH', 1, 4, 18, NULL, NULL, NULL),
(232, 'THAKURGANJ', 1, 4, 18, NULL, NULL, NULL),
(233, 'KISHANGANJ', 1, 4, 18, NULL, NULL, NULL),
(234, 'BARHIYA', 1, 4, 19, NULL, NULL, NULL),
(235, 'CHANAN', 1, 4, 19, NULL, NULL, NULL),
(236, 'HALSI', 1, 4, 19, NULL, NULL, NULL),
(237, 'LAKHISARI', 1, 4, 19, NULL, NULL, NULL),
(238, 'PIPARIYA', 1, 4, 19, NULL, NULL, NULL),
(239, 'RAMGARH CHOWK', 1, 4, 19, NULL, NULL, NULL),
(240, 'SURAJGARHA', 1, 4, 19, NULL, NULL, NULL),
(241, 'ALAMNAGAR', 1, 4, 20, NULL, NULL, NULL),
(242, 'CHAUSA', 1, 4, 20, NULL, NULL, NULL),
(243, 'GUALPARA', 1, 4, 20, NULL, NULL, NULL),
(244, 'PURANI', 1, 4, 20, NULL, NULL, NULL),
(245, 'BIHARIGANJ', 1, 4, 20, NULL, NULL, NULL),
(246, 'GHAILADH', 1, 4, 20, NULL, NULL, NULL),
(247, 'GHAMARIYA', 1, 4, 20, NULL, NULL, NULL),
(248, 'KUMAR KHAND', 1, 4, 20, NULL, NULL, NULL),
(249, 'MADHEPURA', 1, 4, 20, NULL, NULL, NULL),
(250, 'MURLIGANJ', 1, 4, 20, NULL, NULL, NULL),
(251, 'SHANKARPUR', 1, 4, 20, NULL, NULL, NULL),
(252, 'SIHESHWAR', 1, 4, 20, NULL, NULL, NULL),
(253, 'UDA KISHUNGANJ', 1, 4, 20, NULL, NULL, NULL),
(254, 'BABUBARHI', 1, 4, 21, NULL, NULL, NULL),
(255, 'BENIPATTI', 1, 4, 21, NULL, NULL, NULL),
(256, 'HARLAKHI', 1, 4, 21, NULL, NULL, NULL),
(257, 'LAKHANAUR', 1, 4, 21, NULL, NULL, NULL),
(258, 'MADHEPUR', 1, 4, 21, NULL, NULL, NULL),
(259, 'ANDHARATHARI', 1, 4, 21, NULL, NULL, NULL),
(260, 'AUKAHI', 1, 4, 21, NULL, NULL, NULL),
(261, 'BASOPATTI', 1, 4, 21, NULL, NULL, NULL),
(262, 'BISFI', 1, 4, 21, NULL, NULL, NULL),
(263, 'HOGHARDIHA', 1, 4, 21, NULL, NULL, NULL),
(264, 'JAINAGAR', 1, 4, 21, NULL, NULL, NULL),
(265, 'JHANJHARPUR', 1, 4, 21, NULL, NULL, NULL),
(266, 'KALUAHI', 1, 4, 21, NULL, NULL, NULL),
(267, 'KHAJAULI', 1, 4, 21, NULL, NULL, NULL),
(268, 'KHUTAUNA', 1, 4, 21, NULL, NULL, NULL),
(269, 'LADANIA', 1, 4, 21, NULL, NULL, NULL),
(270, 'MADHWAPUR', 1, 4, 21, NULL, NULL, NULL),
(271, 'PANDAUL', 1, 4, 21, NULL, NULL, NULL),
(272, 'PHULPARAS', 1, 4, 21, NULL, NULL, NULL),
(273, 'RAHIKA', 1, 4, 21, NULL, NULL, NULL),
(274, 'RAJNAGAR', 1, 4, 21, NULL, NULL, NULL),
(275, 'BARIYARPUR', 1, 4, 22, NULL, NULL, NULL),
(276, 'DHARAHARA', 1, 4, 22, NULL, NULL, NULL),
(277, 'JAMALPUR', 1, 4, 22, NULL, NULL, NULL),
(278, 'ASARGANJ', 1, 4, 22, NULL, NULL, NULL),
(279, 'HAVELI KHARAGPUR', 1, 4, 22, NULL, NULL, NULL),
(280, 'SADAR MUNGER', 1, 4, 22, NULL, NULL, NULL),
(281, 'SANGARAMPUR', 1, 4, 22, NULL, NULL, NULL),
(282, 'TARAPURA', 1, 4, 22, NULL, NULL, NULL),
(283, 'TETIYABAMBER', 1, 4, 22, NULL, NULL, NULL),
(284, 'AURAI', 1, 4, 23, NULL, NULL, NULL),
(285, 'BANDRA', 1, 4, 23, NULL, NULL, NULL),
(286, 'BOCHAHAN', 1, 4, 23, NULL, NULL, NULL),
(287, 'GAIGHAT', 1, 4, 23, NULL, NULL, NULL),
(288, 'KANTI', 1, 4, 23, NULL, NULL, NULL),
(289, 'KATRA', 1, 4, 23, NULL, NULL, NULL),
(290, 'KURHANI', 1, 4, 23, NULL, NULL, NULL),
(291, 'MARWAN', 1, 4, 23, NULL, NULL, NULL),
(292, 'MINAPUR', 1, 4, 23, NULL, NULL, NULL),
(293, 'MOTIPUR', 1, 4, 23, NULL, NULL, NULL),
(294, 'MURAUL', 1, 4, 23, NULL, NULL, NULL),
(295, 'MUSHAHARI', 1, 4, 23, NULL, NULL, NULL),
(296, 'PAROO', 1, 4, 23, NULL, NULL, NULL),
(297, 'SAHEBGANJ', 1, 4, 23, NULL, NULL, NULL),
(298, 'SAKRA', 1, 4, 23, NULL, NULL, NULL),
(299, 'SARAIYA', 1, 4, 23, NULL, NULL, NULL),
(300, 'BEN', 1, 4, 24, NULL, NULL, NULL),
(301, 'BIND', 1, 4, 24, NULL, NULL, NULL),
(302, 'CHANDI', 1, 4, 24, NULL, NULL, NULL),
(303, 'GIRIYAK', 1, 4, 24, NULL, NULL, NULL),
(304, 'KARAIPARSURAI', 1, 4, 24, NULL, NULL, NULL),
(305, 'KATRISARAI', 1, 4, 24, NULL, NULL, NULL),
(306, 'NAGARNAUSA', 1, 4, 24, NULL, NULL, NULL),
(307, 'PARWALPUR', 1, 4, 24, NULL, NULL, NULL),
(308, 'RAJGIR', 1, 4, 24, NULL, NULL, NULL),
(309, 'SILAO', 1, 4, 24, NULL, NULL, NULL),
(310, 'THARTHARI', 1, 4, 24, NULL, NULL, NULL),
(311, 'ASTHAWAN', 1, 4, 24, NULL, NULL, NULL),
(312, 'BIHARSARIF', 1, 4, 24, NULL, NULL, NULL),
(313, 'EKANGARSARAI', 1, 4, 24, NULL, NULL, NULL),
(314, 'HARNAUT', 1, 4, 24, NULL, NULL, NULL),
(315, 'HILSA', 1, 4, 24, NULL, NULL, NULL),
(316, 'ISLAMPUR', 1, 4, 24, NULL, NULL, NULL),
(317, 'NOORSARAI', 1, 4, 24, NULL, NULL, NULL),
(318, 'RAHUI', 1, 4, 24, NULL, NULL, NULL),
(319, 'SARMERA', 1, 4, 24, NULL, NULL, NULL),
(320, 'AKBARPUR', 1, 4, 25, NULL, NULL, NULL),
(321, 'GOVINDPUR', 1, 4, 25, NULL, NULL, NULL),
(322, 'HASUA', 1, 4, 25, NULL, NULL, NULL),
(323, 'KASHICHAK', 1, 4, 25, NULL, NULL, NULL),
(324, 'KOWAKOLE', 1, 4, 25, NULL, NULL, NULL),
(325, 'MESKAUR', 1, 4, 25, NULL, NULL, NULL),
(326, 'NARDIGANJ', 1, 4, 25, NULL, NULL, NULL),
(327, 'NARHAT', 1, 4, 25, NULL, NULL, NULL),
(328, 'NAWADA', 1, 4, 25, NULL, NULL, NULL),
(329, 'PAKARIBARAWAN', 1, 4, 25, NULL, NULL, NULL),
(330, 'RAJAULI', 1, 4, 25, NULL, NULL, NULL),
(331, 'ROH', 1, 4, 25, NULL, NULL, NULL),
(332, 'SIRDALA', 1, 4, 25, NULL, NULL, NULL),
(333, 'WARSALIGANJ', 1, 4, 25, NULL, NULL, NULL),
(334, 'ATHMALGOLA', 1, 4, 25, NULL, NULL, NULL),
(335, 'BAKHTIYARPUR', 1, 4, 26, NULL, NULL, NULL),
(336, 'BARH', 1, 4, 26, NULL, NULL, NULL),
(337, 'BELCHHI', 1, 4, 26, NULL, NULL, NULL),
(338, 'BIHTA', 1, 4, 26, NULL, NULL, NULL),
(339, 'BIKRAM', 1, 4, 26, NULL, NULL, NULL),
(340, 'DANAPUR', 1, 4, 26, NULL, NULL, NULL),
(341, 'DANIYAWAN', 1, 4, 26, NULL, NULL, NULL),
(342, 'DHANARUA', 1, 4, 26, NULL, NULL, NULL),
(343, 'DULHIN BAJAR', 1, 4, 26, NULL, NULL, NULL),
(344, 'FATUHA CIRCLE', 1, 4, 26, NULL, NULL, NULL),
(345, 'GHOSWARI', 1, 4, 26, NULL, NULL, NULL),
(346, 'KHUSRUPUR', 1, 4, 26, NULL, NULL, NULL),
(347, 'MANER', 1, 4, 26, NULL, NULL, NULL),
(348, 'MASAURHI', 1, 4, 26, NULL, NULL, NULL),
(349, 'MOKAMA', 1, 4, 26, NULL, NULL, NULL),
(350, 'NAUBATPUR', 1, 4, 26, NULL, NULL, NULL),
(351, 'PALIGANJ', 1, 4, 26, NULL, NULL, NULL),
(352, 'PANDARAKH', 1, 4, 26, NULL, NULL, NULL),
(353, 'PATNA SADAR', 1, 4, 26, NULL, NULL, NULL),
(354, 'PHULBARISARIF', 1, 4, 26, NULL, NULL, NULL),
(355, 'PUNPUN', 1, 4, 26, NULL, NULL, NULL),
(356, 'SAMPATCHAK', 1, 4, 26, NULL, NULL, NULL),
(357, 'K. NAGAR', 1, 4, 27, NULL, NULL, NULL),
(358, 'KASBA', 1, 4, 27, NULL, NULL, NULL),
(359, 'PURNIA EAST', 1, 4, 27, NULL, NULL, NULL),
(360, 'RUPOULI', 1, 4, 27, NULL, NULL, NULL),
(361, 'SRINAGAR', 1, 4, 27, NULL, NULL, NULL),
(362, 'AMOUR', 1, 4, 27, NULL, NULL, NULL),
(363, 'BAISA', 1, 4, 27, NULL, NULL, NULL),
(364, 'BAISI', 1, 4, 27, NULL, NULL, NULL),
(365, 'BANMANKHI', 1, 4, 27, NULL, NULL, NULL),
(366, 'BARHARA KOTHI', 1, 4, 27, NULL, NULL, NULL),
(367, 'BHAWANIPUR', 1, 4, 27, NULL, NULL, NULL),
(368, 'DAGARUA', 1, 4, 27, NULL, NULL, NULL),
(369, 'DHAMDAHA', 1, 4, 27, NULL, NULL, NULL),
(370, 'JALALGARH', 1, 4, 27, NULL, NULL, NULL),
(371, 'AKORHIGOLA', 1, 4, 28, NULL, NULL, NULL),
(372, 'BIKRAMGANJ', 1, 4, 28, NULL, NULL, NULL),
(373, 'CHENARI', 1, 4, 28, NULL, NULL, NULL),
(374, 'DAWATH', 1, 4, 28, NULL, NULL, NULL),
(375, 'DEHRI', 1, 4, 28, NULL, NULL, NULL),
(376, 'DINARA', 1, 4, 28, NULL, NULL, NULL),
(377, 'KARAKAT', 1, 4, 28, NULL, NULL, NULL),
(378, 'KARGAHAR', 1, 4, 28, NULL, NULL, NULL),
(379, 'KOCHAS', 1, 4, 28, NULL, NULL, NULL),
(380, 'NASRIGANJ', 1, 4, 28, NULL, NULL, NULL),
(381, 'NAUHATTA', 1, 4, 28, NULL, NULL, NULL),
(382, 'NOKHA', 1, 4, 28, NULL, NULL, NULL),
(383, 'RAJPUR', 1, 4, 28, NULL, NULL, NULL),
(384, 'ROHTAS', 1, 4, 28, NULL, NULL, NULL),
(385, 'SANJHAULI', 1, 4, 28, NULL, NULL, NULL),
(386, 'SASARAM', 1, 4, 28, NULL, NULL, NULL),
(387, 'SHEOSAGAR', 1, 4, 28, NULL, NULL, NULL),
(388, 'SURAJPURA', 1, 4, 28, NULL, NULL, NULL),
(389, 'TILOUTHU', 1, 4, 28, NULL, NULL, NULL),
(390, 'SALKHUA', 1, 4, 29, NULL, NULL, NULL),
(391, 'SIMRI BAKHTIYARPUR', 1, 4, 29, NULL, NULL, NULL),
(392, 'BANMA ITAHRI', 1, 4, 29, NULL, NULL, NULL),
(393, 'KAHRA', 1, 4, 29, NULL, NULL, NULL),
(394, 'MAHISHI', 1, 4, 29, NULL, NULL, NULL),
(395, 'NAUHATTA', 1, 4, 29, NULL, NULL, NULL),
(396, 'PATARGHAT', 1, 4, 29, NULL, NULL, NULL),
(397, 'SATTAR KATIYA', 1, 4, 29, NULL, NULL, NULL),
(398, 'SAUR BAZAR', 1, 4, 29, NULL, NULL, NULL),
(399, 'SONBARSA', 1, 4, 29, NULL, NULL, NULL),
(400, 'PATORI', 1, 4, 30, NULL, NULL, NULL),
(401, 'BIBHUTIPUR', 1, 4, 30, NULL, NULL, NULL),
(402, 'BITHAN', 1, 4, 30, NULL, NULL, NULL),
(403, 'DALSINGSARAI', 1, 4, 30, NULL, NULL, NULL),
(404, 'HASANPUR', 1, 4, 30, NULL, NULL, NULL),
(405, 'KALYANPUR', 1, 4, 30, NULL, NULL, NULL),
(406, 'KHANPUR', 1, 4, 30, NULL, NULL, NULL),
(407, 'MOHANPUR', 1, 4, 30, NULL, NULL, NULL),
(408, 'MOHIUDDINNAGAR', 1, 4, 30, NULL, NULL, NULL),
(409, 'MORWA', 1, 4, 30, NULL, NULL, NULL),
(410, 'ROSERA', 1, 4, 30, NULL, NULL, NULL),
(411, 'SAMASTIPUR', 1, 4, 30, NULL, NULL, NULL),
(412, 'SARAIRANJAN', 1, 4, 30, NULL, NULL, NULL),
(413, 'SHIVAJEENAGAR', 1, 4, 30, NULL, NULL, NULL),
(414, 'SINGHIA', 1, 4, 30, NULL, NULL, NULL),
(415, 'TAJPUR', 1, 4, 30, NULL, NULL, NULL),
(416, 'UJIYARPUR', 1, 4, 30, NULL, NULL, NULL),
(417, 'VIDYAPATINAGAR', 1, 4, 30, NULL, NULL, NULL),
(418, 'WARISNAGAR', 1, 4, 30, NULL, NULL, NULL),
(419, 'PUSA', 1, 4, 30, NULL, NULL, NULL),
(420, 'AMNOUR', 1, 4, 31, NULL, NULL, NULL),
(421, 'DIGHWARA', 1, 4, 31, NULL, NULL, NULL),
(422, 'GARKHA', 1, 4, 31, NULL, NULL, NULL),
(423, 'ISHUAPUR', 1, 4, 31, NULL, NULL, NULL),
(424, 'MARHOURAH', 1, 4, 31, NULL, NULL, NULL),
(425, 'MASHRAKH', 1, 4, 31, NULL, NULL, NULL),
(426, 'PANAPUR', 1, 4, 31, NULL, NULL, NULL),
(427, 'PARSA', 1, 4, 31, NULL, NULL, NULL),
(428, 'SONEPUR', 1, 4, 31, NULL, NULL, NULL),
(429, 'TARAIYAN', 1, 4, 31, NULL, NULL, NULL),
(430, 'BANIYAPUR', 1, 4, 31, NULL, NULL, NULL),
(431, 'CHAPRA SADAR', 1, 4, 31, NULL, NULL, NULL),
(432, 'DARIYAPUR', 1, 4, 31, NULL, NULL, NULL),
(433, 'EKMA', 1, 4, 31, NULL, NULL, NULL),
(434, 'JALALPUR', 1, 4, 31, NULL, NULL, NULL),
(435, 'LAHLADPUR', 1, 4, 31, NULL, NULL, NULL),
(436, 'MAKER', 1, 4, 31, NULL, NULL, NULL),
(437, 'NAGRA', 1, 4, 31, NULL, NULL, NULL),
(438, 'RIVILGANJ', 1, 4, 31, NULL, NULL, NULL),
(439, 'ARIARI', 1, 4, 32, NULL, NULL, NULL),
(440, 'BARBIGHA', 1, 4, 32, NULL, NULL, NULL),
(441, 'CHEWARA', 1, 4, 32, NULL, NULL, NULL),
(442, 'GHAT KUSHUMBHA', 1, 4, 32, NULL, NULL, NULL),
(443, 'HEKHOPUR SARAI', 1, 4, 32, NULL, NULL, NULL),
(444, 'SHEIKHPURA', 1, 4, 32, NULL, NULL, NULL),
(445, 'PURNAHIYA', 1, 4, 33, NULL, NULL, NULL),
(446, 'DUMARIKATSARI', 1, 4, 33, NULL, NULL, NULL),
(447, 'PIPRAHI', 1, 4, 33, NULL, NULL, NULL),
(448, 'SHEOHAR', 1, 4, 33, NULL, NULL, NULL),
(449, 'TARIYANI', 1, 4, 33, NULL, NULL, NULL),
(450, 'BAIRGANIA', 1, 4, 34, NULL, NULL, NULL),
(451, 'BAJPATTI', 1, 4, 34, NULL, NULL, NULL),
(452, 'BATHNAHA', 1, 4, 34, NULL, NULL, NULL),
(453, 'BELSAND', 1, 4, 34, NULL, NULL, NULL),
(454, 'BOKHRA', 1, 4, 34, NULL, NULL, NULL),
(455, 'CHORAUT', 1, 4, 34, NULL, NULL, NULL),
(456, 'DUMRA', 1, 4, 34, NULL, NULL, NULL),
(457, 'MAJORGANJ', 1, 4, 34, NULL, NULL, NULL),
(458, 'NANPUR', 1, 4, 34, NULL, NULL, NULL),
(459, 'PARIHAR', 1, 4, 34, NULL, NULL, NULL),
(460, 'PARSAUNI', 1, 4, 34, NULL, NULL, NULL),
(461, 'PUPRI', 1, 4, 34, NULL, NULL, NULL),
(462, 'RIGA', 1, 4, 34, NULL, NULL, NULL),
(463, 'RUNNISAIDPUR', 1, 4, 34, NULL, NULL, NULL),
(464, 'SONBARSA', 1, 4, 34, NULL, NULL, NULL),
(465, 'SUPPI', 1, 4, 34, NULL, NULL, NULL),
(466, 'SURSAND', 1, 4, 34, NULL, NULL, NULL),
(467, 'BARHARIA', 1, 4, 35, NULL, NULL, NULL),
(468, 'BASANTPUR', 1, 4, 35, NULL, NULL, NULL),
(469, 'DURAUNDHA', 1, 4, 35, NULL, NULL, NULL),
(470, 'MAHARAJGANJ', 1, 4, 35, NULL, NULL, NULL),
(471, 'RAGHUNATH PUR', 1, 4, 35, NULL, NULL, NULL),
(472, 'SIWAN SADAR', 1, 4, 35, NULL, NULL, NULL),
(473, 'ANDAR', 1, 4, 35, NULL, NULL, NULL),
(474, 'BHAGWANPUR', 1, 4, 35, NULL, NULL, NULL),
(475, 'DARAULI', 1, 4, 35, NULL, NULL, NULL),
(476, 'GOREAKOTHI', 1, 4, 35, NULL, NULL, NULL),
(477, 'GUTHANI', 1, 4, 35, NULL, NULL, NULL),
(478, 'HUSSAINGANJ', 1, 4, 35, NULL, NULL, NULL),
(479, 'LAKRI NABI GANJ', 1, 4, 35, NULL, NULL, NULL),
(480, 'MAIRWA', 1, 4, 35, NULL, NULL, NULL),
(481, 'PACHRUKHI', 1, 4, 35, NULL, NULL, NULL),
(482, 'SISWAN', 1, 4, 35, NULL, NULL, NULL),
(483, 'SUPAUL', 1, 4, 36, NULL, NULL, NULL),
(484, 'KISHANPUR', 1, 4, 36, NULL, NULL, NULL),
(485, 'SARAIGARH-BHAPTIYAHI', 1, 4, 36, NULL, NULL, NULL),
(486, 'PIPRA', 1, 4, 36, NULL, NULL, NULL),
(487, 'BASANTPUR ANCHAL', 1, 4, 36, NULL, NULL, NULL),
(488, 'RAGHOPUR', 1, 4, 36, NULL, NULL, NULL),
(489, 'PRATAPGANJ', 1, 4, 36, NULL, NULL, NULL),
(490, 'TRIVENGANJ', 1, 4, 36, NULL, NULL, NULL),
(491, 'CHHATAPUR', 1, 4, 36, NULL, NULL, NULL),
(492, 'NIRMALI', 1, 4, 36, NULL, NULL, NULL),
(493, 'MARAUNA', 1, 4, 36, NULL, NULL, NULL),
(494, 'CHEHRAKALA', 1, 4, 37, NULL, NULL, NULL),
(495, 'DESRI', 1, 4, 37, NULL, NULL, NULL),
(496, 'GARAUL', 1, 4, 37, NULL, NULL, NULL),
(497, 'JANDAHA', 1, 4, 37, NULL, NULL, NULL),
(498, 'MAHUA', 1, 4, 37, NULL, NULL, NULL),
(499, 'PATEPUR', 1, 4, 37, NULL, NULL, NULL),
(500, 'RAJAPAKAR', 1, 4, 37, NULL, NULL, NULL),
(501, 'BHAGWANPUR', 1, 4, 37, NULL, NULL, NULL),
(502, 'BIDUPUR', 1, 4, 37, NULL, NULL, NULL),
(503, 'HAJIPUR', 1, 4, 37, NULL, NULL, NULL),
(504, 'LALGANJ', 1, 4, 37, NULL, NULL, NULL),
(505, 'MAHNAR', 1, 4, 37, NULL, NULL, NULL),
(506, 'PATEDHI BELSAR', 1, 4, 37, NULL, NULL, NULL),
(507, 'RAGHOPUR', 1, 4, 37, NULL, NULL, NULL),
(508, 'SAHDEI BUZURG', 1, 4, 37, NULL, NULL, NULL),
(509, 'VAISHALI', 1, 4, 37, NULL, NULL, NULL),
(510, 'ADHUBANI', 1, 4, 38, NULL, NULL, NULL),
(511, 'BAGAHAI', 1, 4, 38, NULL, NULL, NULL),
(512, 'BAGAHAII', 1, 4, 38, NULL, NULL, NULL),
(513, 'BAIRIYA', 1, 4, 38, NULL, NULL, NULL),
(514, 'BETTIAH', 1, 4, 38, NULL, NULL, NULL),
(515, 'BHITHA', 1, 4, 38, NULL, NULL, NULL),
(516, 'CHANPATIA', 1, 4, 38, NULL, NULL, NULL),
(517, 'GAUNAHA', 1, 4, 38, NULL, NULL, NULL),
(518, 'JOGAPATTI', 1, 4, 38, NULL, NULL, NULL),
(519, 'LAURIYA', 1, 4, 38, NULL, NULL, NULL),
(520, 'MAINATAND', 1, 4, 38, NULL, NULL, NULL),
(521, 'NARKATIAGANJ', 1, 4, 38, NULL, NULL, NULL),
(522, 'NAUTAN', 1, 4, 38, NULL, NULL, NULL),
(523, 'PIPRASI', 1, 4, 38, NULL, NULL, NULL),
(524, 'RAMNAGAR', 1, 4, 38, NULL, NULL, NULL),
(525, 'SIKTA', 1, 4, 38, NULL, NULL, NULL),
(526, 'THAKARAHA', 1, 4, 38, NULL, NULL, NULL);

-- --------------------------------------------------------

--
-- Table structure for table `bloodgroups`
--

CREATE TABLE `bloodgroups` (
  `id` bigint(20) UNSIGNED NOT NULL,
  `name` varchar(20) NOT NULL,
  `created_at` timestamp NULL DEFAULT NULL,
  `updated_at` timestamp NULL DEFAULT NULL,
  `deleted_at` timestamp NULL DEFAULT NULL
) ENGINE=InnoDB DEFAULT CHARSET=utf8mb4 COLLATE=utf8mb4_unicode_ci;

--
-- Dumping data for table `bloodgroups`
--

INSERT INTO `bloodgroups` (`id`, `name`, `created_at`, `updated_at`, `deleted_at`) VALUES
(1, 'A+', NULL, NULL, NULL),
(2, 'A-', NULL, NULL, NULL),
(3, 'B+', NULL, NULL, NULL),
(4, 'B-', NULL, NULL, NULL),
(5, 'O+', NULL, NULL, NULL),
(6, 'O-', NULL, NULL, NULL),
(7, 'AB+', NULL, NULL, NULL),
(8, 'AB-', NULL, NULL, NULL),
(9, 'B+', '2025-04-16 07:21:44', '2025-04-16 07:21:52', '2025-04-16 07:21:52');

-- --------------------------------------------------------

--
-- Table structure for table `blood_donor_bleedings`
--

CREATE TABLE `blood_donor_bleedings` (
  `id` bigint(20) UNSIGNED NOT NULL,
  `ipd_id` bigint(20) UNSIGNED DEFAULT NULL,
  `patient_id` bigint(20) UNSIGNED DEFAULT NULL,
  `type` varchar(150) DEFAULT NULL,
  `out_side_patient_id` bigint(20) UNSIGNED DEFAULT NULL,
  `donor_id` bigint(20) UNSIGNED NOT NULL,
  `code` varchar(100) NOT NULL,
  `blood_bag_no` varchar(100) NOT NULL,
  `bag_type_id` bigint(20) UNSIGNED DEFAULT NULL,
  `bloodgroup_id` bigint(20) UNSIGNED DEFAULT NULL,
  `volume` varchar(50) DEFAULT NULL,
  `tube_no` varchar(50) DEFAULT NULL,
  `temperature` varchar(10) DEFAULT NULL,
  `hemoglobin` varchar(100) DEFAULT NULL,
  `lagtime` varchar(100) DEFAULT NULL,
  `weight` varchar(100) DEFAULT NULL,
  `pulse` varchar(100) DEFAULT NULL,
  `bleeding_from_time` timestamp NULL DEFAULT NULL,
  `bleeding_to_time` timestamp NULL DEFAULT NULL,
  `phlebotomy_site` varchar(100) DEFAULT NULL,
  `bp_systolic` varchar(50) DEFAULT NULL,
  `bp_diastolic` varchar(50) DEFAULT NULL,
  `phlebotomist` varchar(150) DEFAULT NULL,
  `staff_nurse` varchar(150) DEFAULT NULL,
  `doctor_id` bigint(20) UNSIGNED NOT NULL,
  `created_by_id` bigint(20) UNSIGNED DEFAULT NULL,
  `created_at` timestamp NULL DEFAULT NULL,
  `updated_at` timestamp NULL DEFAULT NULL,
  `deleted_at` timestamp NULL DEFAULT NULL
) ENGINE=InnoDB DEFAULT CHARSET=utf8mb4 COLLATE=utf8mb4_unicode_ci;

--
-- Dumping data for table `blood_donor_bleedings`
--

INSERT INTO `blood_donor_bleedings` (`id`, `ipd_id`, `patient_id`, `type`, `out_side_patient_id`, `donor_id`, `code`, `blood_bag_no`, `bag_type_id`, `bloodgroup_id`, `volume`, `tube_no`, `temperature`, `hemoglobin`, `lagtime`, `weight`, `pulse`, `bleeding_from_time`, `bleeding_to_time`, `phlebotomy_site`, `bp_systolic`, `bp_diastolic`, `phlebotomist`, `staff_nurse`, `doctor_id`, `created_by_id`, `created_at`, `updated_at`, `deleted_at`) VALUES
(1, NULL, NULL, 'in-patient', NULL, 1, 'DB1', 'BG1', NULL, NULL, NULL, NULL, NULL, NULL, NULL, NULL, NULL, '2025-06-05 05:04:00', '2025-06-05 05:04:00', '2025-06-05 10:34', NULL, NULL, NULL, NULL, 10, 16, '2025-06-05 05:05:12', '2025-06-05 05:05:21', NULL);

-- --------------------------------------------------------

--
-- Table structure for table `blood_donor_questionnaire_consents`
--

CREATE TABLE `blood_donor_questionnaire_consents` (
  `id` bigint(20) UNSIGNED NOT NULL,
  `ipd_id` bigint(20) UNSIGNED DEFAULT NULL,
  `patient_id` bigint(20) UNSIGNED DEFAULT NULL,
  `donor_id` bigint(20) UNSIGNED NOT NULL,
  `blood_bag_no` varchar(100) DEFAULT NULL,
  `code` varchar(50) DEFAULT NULL,
  `voluntary` tinyint(4) DEFAULT 0,
  `call_status` tinyint(4) DEFAULT 0,
  `donation_status` tinyint(4) DEFAULT 0,
  `donation_occasion` varchar(50) DEFAULT NULL,
  `last_meal` varchar(100) DEFAULT NULL,
  `last_blood_donated` varchar(100) DEFAULT NULL,
  `last_meal_time` varchar(100) DEFAULT NULL,
  `discomfort_status` tinyint(4) DEFAULT 0,
  `well_status` tinyint(4) DEFAULT 0,
  `eat_status` tinyint(4) DEFAULT 0,
  `sleep_status` tinyint(4) DEFAULT 0,
  `reason_status` tinyint(4) DEFAULT 0,
  `unexplained_weight_loss` tinyint(4) DEFAULT 0,
  `swollen_gland` tinyint(4) DEFAULT 0,
  `repeated_diarrhoea` tinyint(4) DEFAULT 0,
  `continuous_low_grade_fever` tinyint(4) DEFAULT 0,
  `tattooing` tinyint(4) DEFAULT 0,
  `ear_piarcing` tinyint(4) DEFAULT 0,
  `dental_extration` tinyint(4) DEFAULT 0,
  `heart_disease` tinyint(4) DEFAULT 0,
  `lung_disease` tinyint(4) DEFAULT 0,
  `kedney_disease` tinyint(4) DEFAULT 0,
  `cancer_disease` tinyint(4) DEFAULT 0,
  `epilepsy` tinyint(4) DEFAULT 0,
  `diabetes` tinyint(4) DEFAULT 0,
  `tuberculosis` tinyint(4) DEFAULT 0,
  `abnormal_bleeding_tendency` tinyint(4) DEFAULT 0,
  `hepatitis_bc` tinyint(4) DEFAULT 0,
  `allergic_disease` tinyint(4) DEFAULT 0,
  `jaundice` tinyint(4) DEFAULT 0,
  `sexual_transmitted_disease` tinyint(4) DEFAULT 0,
  `malaria` tinyint(4) DEFAULT 0,
  `typhoid` tinyint(4) DEFAULT 0,
  `fainting_spells` tinyint(4) DEFAULT 0,
  `antibiotics` tinyint(4) DEFAULT 0,
  `aspirin` tinyint(4) DEFAULT 0,
  `alcohol` tinyint(4) DEFAULT 0,
  `steroids` tinyint(4) DEFAULT 0,
  `vaccinations` tinyint(4) DEFAULT 0,
  `dog_bites_rabies_vaccine` tinyint(4) DEFAULT 0,
  `major` tinyint(4) DEFAULT 0,
  `minor` tinyint(4) DEFAULT 0,
  `bt` tinyint(4) DEFAULT 0,
  `pregnant_status` tinyint(4) DEFAULT 0,
  `aberration_status` tinyint(4) DEFAULT 0,
  `child_status` tinyint(4) DEFAULT 0,
  `abnormal_test_result` tinyint(4) DEFAULT 0,
  `read_and_understand` tinyint(4) DEFAULT 0,
  `accept_terms` tinyint(4) DEFAULT 1,
  `weight` varchar(10) DEFAULT NULL,
  `pulse` int(11) DEFAULT NULL,
  `hb` varchar(10) DEFAULT NULL,
  `bp` varchar(20) DEFAULT NULL,
  `temperature` varchar(20) DEFAULT NULL,
  `reason` varchar(255) DEFAULT NULL,
  `created_by_id` bigint(20) UNSIGNED NOT NULL,
  `created_at` timestamp NULL DEFAULT NULL,
  `updated_at` timestamp NULL DEFAULT NULL,
  `deleted_at` timestamp NULL DEFAULT NULL
) ENGINE=InnoDB DEFAULT CHARSET=utf8mb4 COLLATE=utf8mb4_unicode_ci;

--
-- Dumping data for table `blood_donor_questionnaire_consents`
--

INSERT INTO `blood_donor_questionnaire_consents` (`id`, `ipd_id`, `patient_id`, `donor_id`, `blood_bag_no`, `code`, `voluntary`, `call_status`, `donation_status`, `donation_occasion`, `last_meal`, `last_blood_donated`, `last_meal_time`, `discomfort_status`, `well_status`, `eat_status`, `sleep_status`, `reason_status`, `unexplained_weight_loss`, `swollen_gland`, `repeated_diarrhoea`, `continuous_low_grade_fever`, `tattooing`, `ear_piarcing`, `dental_extration`, `heart_disease`, `lung_disease`, `kedney_disease`, `cancer_disease`, `epilepsy`, `diabetes`, `tuberculosis`, `abnormal_bleeding_tendency`, `hepatitis_bc`, `allergic_disease`, `jaundice`, `sexual_transmitted_disease`, `malaria`, `typhoid`, `fainting_spells`, `antibiotics`, `aspirin`, `alcohol`, `steroids`, `vaccinations`, `dog_bites_rabies_vaccine`, `major`, `minor`, `bt`, `pregnant_status`, `aberration_status`, `child_status`, `abnormal_test_result`, `read_and_understand`, `accept_terms`, `weight`, `pulse`, `hb`, `bp`, `temperature`, `reason`, `created_by_id`, `created_at`, `updated_at`, `deleted_at`) VALUES
(1, NULL, NULL, 1, NULL, 'BDQC1', 1, 1, 0, '1', '1 hours ago', '2 moths ago', '1 hours ago', 0, 1, 0, 1, 0, 0, NULL, NULL, NULL, NULL, NULL, NULL, NULL, NULL, NULL, NULL, NULL, NULL, NULL, NULL, NULL, NULL, NULL, NULL, NULL, NULL, NULL, NULL, NULL, NULL, NULL, NULL, NULL, NULL, NULL, NULL, 0, 0, 0, 1, 1, 1, '68', 120, '100', '90', '30', NULL, 16, '2025-06-05 04:59:59', '2025-06-05 04:59:59', NULL);

-- --------------------------------------------------------

--
-- Table structure for table `blood_requisition_requests`
--

CREATE TABLE `blood_requisition_requests` (
  `id` bigint(20) UNSIGNED NOT NULL,
  `ipd_id` bigint(20) UNSIGNED DEFAULT NULL,
  `patient_id` bigint(20) UNSIGNED DEFAULT NULL,
  `code` varchar(100) NOT NULL,
  `type` varchar(150) DEFAULT NULL,
  `out_side_patient_id` bigint(20) UNSIGNED DEFAULT NULL,
  `bloodgroup_id` bigint(20) UNSIGNED NOT NULL,
  `doctor_id` bigint(20) UNSIGNED NOT NULL,
  `whole_blood` varchar(150) DEFAULT NULL,
  `ffp` varchar(150) DEFAULT NULL,
  `hb` varchar(150) DEFAULT NULL,
  `pt` varchar(150) DEFAULT NULL,
  `prbc` varchar(150) DEFAULT NULL,
  `epp` varchar(150) DEFAULT NULL,
  `pulse` varchar(150) DEFAULT NULL,
  `ptt` varchar(150) DEFAULT NULL,
  `pu` varchar(150) DEFAULT NULL,
  `cryoprecipitate` varchar(150) DEFAULT NULL,
  `bp` varchar(150) DEFAULT NULL,
  `pvu_level` varchar(150) DEFAULT NULL,
  `ldrbc` varchar(150) DEFAULT NULL,
  `onrbc_ab_plasma` varchar(150) DEFAULT NULL,
  `weight` varchar(150) DEFAULT NULL,
  `s_albumin` varchar(150) DEFAULT NULL,
  `pc` varchar(150) DEFAULT NULL,
  `onrbc_ab_plasma_2` varchar(150) DEFAULT NULL,
  `reason_for_over_ride` varchar(150) DEFAULT NULL,
  `status` varchar(150) DEFAULT NULL,
  `created_by_id` bigint(20) UNSIGNED NOT NULL,
  `created_at` timestamp NULL DEFAULT NULL,
  `updated_at` timestamp NULL DEFAULT NULL,
  `deleted_at` timestamp NULL DEFAULT NULL
) ENGINE=InnoDB DEFAULT CHARSET=utf8mb4 COLLATE=utf8mb4_unicode_ci;

--
-- Dumping data for table `blood_requisition_requests`
--

INSERT INTO `blood_requisition_requests` (`id`, `ipd_id`, `patient_id`, `code`, `type`, `out_side_patient_id`, `bloodgroup_id`, `doctor_id`, `whole_blood`, `ffp`, `hb`, `pt`, `prbc`, `epp`, `pulse`, `ptt`, `pu`, `cryoprecipitate`, `bp`, `pvu_level`, `ldrbc`, `onrbc_ab_plasma`, `weight`, `s_albumin`, `pc`, `onrbc_ab_plasma_2`, `reason_for_over_ride`, `status`, `created_by_id`, `created_at`, `updated_at`, `deleted_at`) VALUES
(1, 29, 16, 'BRQ1', 'in-patient', NULL, 3, 10, 'Yes', '10', '10', '10', 'I Unit', '10', '10', '10', '10', '10', '90', '10', '10', '10', '68', '10', '10', '10', '1', 'Approved', 16, '2025-06-05 04:47:56', '2025-06-05 04:49:15', NULL),
(2, NULL, NULL, 'BRQ2', 'outside-patient', 27, 3, 10, NULL, NULL, NULL, NULL, NULL, NULL, NULL, NULL, NULL, NULL, NULL, NULL, NULL, NULL, NULL, NULL, NULL, NULL, NULL, 'Approved', 16, '2025-06-05 07:16:58', '2025-06-05 08:57:51', NULL);

-- --------------------------------------------------------

--
-- Table structure for table `blood_requisition_request_sample_blood_groups`
--

CREATE TABLE `blood_requisition_request_sample_blood_groups` (
  `id` bigint(20) UNSIGNED NOT NULL,
  `blood_requisition_request_id` bigint(20) UNSIGNED NOT NULL,
  `blood_unit_no` varchar(100) DEFAULT NULL,
  `bloodgroup_id` bigint(20) UNSIGNED NOT NULL,
  `component` varchar(150) DEFAULT NULL,
  `date_time_issued` timestamp NULL DEFAULT NULL,
  `issued_by` varchar(150) DEFAULT NULL,
  `received_by` varchar(150) DEFAULT NULL,
  `created_by_id` bigint(20) UNSIGNED NOT NULL,
  `created_at` timestamp NULL DEFAULT NULL,
  `updated_at` timestamp NULL DEFAULT NULL,
  `deleted_at` timestamp NULL DEFAULT NULL
) ENGINE=InnoDB DEFAULT CHARSET=utf8mb4 COLLATE=utf8mb4_unicode_ci;

--
-- Dumping data for table `blood_requisition_request_sample_blood_groups`
--

INSERT INTO `blood_requisition_request_sample_blood_groups` (`id`, `blood_requisition_request_id`, `blood_unit_no`, `bloodgroup_id`, `component`, `date_time_issued`, `issued_by`, `received_by`, `created_by_id`, `created_at`, `updated_at`, `deleted_at`) VALUES
(1, 1, '12345', 3, 'Test', '2025-06-05 04:49:00', 'Jay', '', 16, '2025-06-05 04:49:38', '2025-06-05 04:49:38', NULL);

-- --------------------------------------------------------

--
-- Table structure for table `case_types`
--

CREATE TABLE `case_types` (
  `id` bigint(20) UNSIGNED NOT NULL,
  `name` varchar(255) DEFAULT NULL,
  `created_at` timestamp NULL DEFAULT NULL,
  `updated_at` timestamp NULL DEFAULT NULL,
  `deleted_at` timestamp NULL DEFAULT NULL
) ENGINE=InnoDB DEFAULT CHARSET=utf8mb4 COLLATE=utf8mb4_unicode_ci;

--
-- Dumping data for table `case_types`
--

INSERT INTO `case_types` (`id`, `name`, `created_at`, `updated_at`, `deleted_at`) VALUES
(1, 'Case 1', NULL, NULL, NULL),
(2, 'Test 2', '2025-05-29 09:07:18', '2025-05-29 09:07:33', '2025-05-29 09:07:33');

-- --------------------------------------------------------

--
-- Table structure for table `categories`
--

CREATE TABLE `categories` (
  `id` bigint(20) UNSIGNED NOT NULL,
  `name` varchar(255) NOT NULL,
  `type_id` bigint(20) UNSIGNED NOT NULL,
  `cost_center_id` bigint(20) UNSIGNED NOT NULL,
  `created_at` timestamp NULL DEFAULT NULL,
  `updated_at` timestamp NULL DEFAULT NULL,
  `deleted_at` timestamp NULL DEFAULT NULL
) ENGINE=InnoDB DEFAULT CHARSET=utf8mb4 COLLATE=utf8mb4_unicode_ci;

--
-- Dumping data for table `categories`
--

INSERT INTO `categories` (`id`, `name`, `type_id`, `cost_center_id`, `created_at`, `updated_at`, `deleted_at`) VALUES
(1, 'General', 1, 1, NULL, NULL, NULL),
(2, 'ABSORBABLE HAEMOSTAT', 1, 1, NULL, NULL, NULL),
(3, 'ACE + ARB1', 1, 1, NULL, '2024-07-18 12:36:50', NULL);

-- --------------------------------------------------------

--
-- Table structure for table `cities`
--

CREATE TABLE `cities` (
  `id` bigint(20) UNSIGNED NOT NULL,
  `name` varchar(100) NOT NULL,
  `country_id` bigint(20) UNSIGNED NOT NULL,
  `state_id` bigint(20) UNSIGNED NOT NULL,
  `created_at` timestamp NULL DEFAULT NULL,
  `updated_at` timestamp NULL DEFAULT NULL,
  `deleted_at` timestamp NULL DEFAULT NULL
) ENGINE=InnoDB DEFAULT CHARSET=utf8mb4 COLLATE=utf8mb4_unicode_ci;

-- --------------------------------------------------------

--
-- Table structure for table `colors`
--

CREATE TABLE `colors` (
  `id` bigint(20) UNSIGNED NOT NULL,
  `code` varchar(20) NOT NULL,
  `created_at` timestamp NULL DEFAULT NULL,
  `updated_at` timestamp NULL DEFAULT NULL,
  `deleted_at` timestamp NULL DEFAULT NULL
) ENGINE=InnoDB DEFAULT CHARSET=utf8mb4 COLLATE=utf8mb4_unicode_ci;

--
-- Dumping data for table `colors`
--

INSERT INTO `colors` (`id`, `code`, `created_at`, `updated_at`, `deleted_at`) VALUES
(1, '330000', NULL, NULL, NULL),
(139, '331900', NULL, NULL, NULL),
(140, '333300', NULL, NULL, NULL),
(141, '193300', NULL, NULL, NULL),
(142, '003300', NULL, NULL, NULL),
(143, '003319', NULL, NULL, NULL),
(144, '003333', NULL, NULL, NULL),
(145, '001933', NULL, NULL, NULL),
(146, '000033', NULL, NULL, NULL),
(147, '190033', NULL, NULL, NULL),
(148, '330033', NULL, NULL, NULL),
(149, '330019', NULL, NULL, NULL),
(150, '000000', NULL, NULL, NULL),
(151, '660000', NULL, NULL, NULL),
(152, '663300', NULL, NULL, NULL),
(153, '666600', NULL, NULL, NULL),
(154, '336600', NULL, NULL, NULL),
(155, '006600', NULL, NULL, NULL),
(156, '006633', NULL, NULL, NULL),
(157, '006666', NULL, NULL, NULL),
(158, '003366', NULL, NULL, NULL),
(159, '000066', NULL, NULL, NULL),
(160, '330066', NULL, NULL, NULL),
(161, '660066', NULL, NULL, NULL),
(162, '660033', NULL, NULL, NULL),
(163, '202020', NULL, NULL, NULL),
(164, '990000', NULL, NULL, NULL),
(165, '994C00', NULL, NULL, NULL),
(166, '999900', NULL, NULL, NULL),
(167, '4C9900', NULL, NULL, NULL),
(168, '009900', NULL, NULL, NULL),
(169, '00994C', NULL, NULL, NULL),
(170, '009999', NULL, NULL, NULL),
(171, '004C99', NULL, NULL, NULL),
(172, '000099', NULL, NULL, NULL),
(173, '4C0099', NULL, NULL, NULL),
(174, '990099', NULL, NULL, NULL),
(175, '99004C', NULL, NULL, NULL),
(176, '404040', NULL, NULL, NULL),
(177, 'CC0000', NULL, NULL, NULL),
(178, 'CC6600', NULL, NULL, NULL),
(179, 'CCCC00', NULL, NULL, NULL),
(180, '66CC00', NULL, NULL, NULL),
(181, '00CC00', NULL, NULL, NULL),
(182, '00CC66', NULL, NULL, NULL),
(183, '00CCCC', NULL, NULL, NULL),
(184, '0066CC', NULL, NULL, NULL),
(185, '0000CC', NULL, NULL, NULL),
(186, '6600CC', NULL, NULL, NULL),
(187, 'CC00CC', NULL, NULL, NULL),
(188, 'CC0066', NULL, NULL, NULL),
(189, '606060', NULL, NULL, NULL),
(190, 'FF0000', NULL, NULL, NULL),
(191, 'FF8000', NULL, NULL, NULL),
(192, 'FFFF00', NULL, NULL, NULL),
(193, '80FF00', NULL, NULL, NULL),
(194, '00FF00', NULL, NULL, NULL),
(195, '00FF80', NULL, NULL, NULL),
(196, '00FFFF', NULL, NULL, NULL),
(197, '0080FF', NULL, NULL, NULL),
(198, '0000FF', NULL, NULL, NULL),
(199, '7F00FF', NULL, NULL, NULL),
(200, 'FF00FF', NULL, NULL, NULL),
(201, 'FF007F', NULL, NULL, NULL),
(202, '808080', NULL, NULL, NULL),
(203, 'FF3333', NULL, NULL, NULL),
(204, 'FF9933', NULL, NULL, NULL),
(205, 'FFFF33', NULL, NULL, NULL),
(206, '99FF33', NULL, NULL, NULL),
(207, '33FF33', NULL, NULL, NULL),
(208, '33FF99', NULL, NULL, NULL),
(209, '33FFFF', NULL, NULL, NULL),
(210, '3399FF', NULL, NULL, NULL),
(211, '3333FF', NULL, NULL, NULL),
(212, '9933FF', NULL, NULL, NULL),
(213, 'FF33FF', NULL, NULL, NULL),
(214, 'FF3399', NULL, NULL, NULL),
(215, 'A0A0A0', NULL, NULL, NULL),
(216, 'FF6666', NULL, NULL, NULL),
(217, 'FFB266', NULL, NULL, NULL),
(218, 'FFFF66', NULL, NULL, NULL),
(219, 'B2FF66', NULL, NULL, NULL),
(220, '66FF66', NULL, NULL, NULL),
(221, '66FFB2', NULL, NULL, NULL),
(222, '66FFFF', NULL, NULL, NULL),
(223, '66B2FF', NULL, NULL, NULL),
(224, '6666FF', NULL, NULL, NULL),
(225, 'B266FF', NULL, NULL, NULL),
(226, 'FF66FF', NULL, NULL, NULL),
(227, 'FF66B2', NULL, NULL, NULL),
(228, 'C0C0C0', NULL, NULL, NULL),
(229, 'FF9999', NULL, NULL, NULL),
(230, 'FFCC99', NULL, NULL, NULL),
(231, 'FFFF99', NULL, NULL, NULL),
(232, 'CCFF99', NULL, NULL, NULL),
(233, '99FF99', NULL, NULL, NULL),
(234, '99FFCC', NULL, NULL, NULL),
(235, '99FFFF', NULL, NULL, NULL),
(236, '99CCFF', NULL, NULL, NULL),
(237, '9999FF', NULL, NULL, NULL),
(238, 'CC99FF', NULL, NULL, NULL),
(239, 'FF99FF', NULL, NULL, NULL),
(240, 'FF99CC', NULL, NULL, NULL),
(241, 'E0E0E0', NULL, NULL, NULL),
(242, 'FFCCCC', NULL, NULL, NULL),
(243, 'FFE5CC', NULL, NULL, NULL),
(244, 'FFFFCC', NULL, NULL, NULL),
(245, 'E5FFCC', NULL, NULL, NULL),
(246, 'CCFFCC', NULL, NULL, NULL),
(247, 'CCFFE5', NULL, NULL, NULL),
(248, 'CCFFFF', NULL, NULL, NULL),
(249, 'CCE5FF', NULL, NULL, NULL),
(250, 'CCCCFF', NULL, NULL, NULL),
(251, 'E5CCFF', NULL, NULL, NULL),
(252, 'FFCCFF', NULL, NULL, NULL),
(253, 'FFCCE5', NULL, NULL, NULL),
(254, 'FFFFFF', NULL, NULL, NULL);

-- --------------------------------------------------------

--
-- Table structure for table `consultation_charges`
--

CREATE TABLE `consultation_charges` (
  `id` bigint(20) UNSIGNED NOT NULL,
  `patient_id` bigint(20) UNSIGNED NOT NULL,
  `patient_visit_id` bigint(20) UNSIGNED NOT NULL,
  `amount` decimal(8,2) NOT NULL,
  `received_by_id` bigint(20) UNSIGNED DEFAULT NULL,
  `deleted_at` timestamp NULL DEFAULT NULL,
  `created_at` timestamp NULL DEFAULT NULL,
  `updated_at` timestamp NULL DEFAULT NULL,
  `foc` tinyint(1) DEFAULT 0,
  `foc_by_id` bigint(20) UNSIGNED DEFAULT NULL
) ENGINE=InnoDB DEFAULT CHARSET=utf8mb4 COLLATE=utf8mb4_unicode_ci;

--
-- Dumping data for table `consultation_charges`
--

INSERT INTO `consultation_charges` (`id`, `patient_id`, `patient_visit_id`, `amount`, `received_by_id`, `deleted_at`, `created_at`, `updated_at`, `foc`, `foc_by_id`) VALUES
(1, 1, 1, 50.00, 1, NULL, '2024-03-06 22:48:01', '2024-03-06 22:48:01', 0, NULL),
(2, 2, 2, 50.00, 1, NULL, '2024-03-08 17:08:38', '2024-03-08 17:08:38', 0, NULL),
(3, 3, 3, 50.00, 1, NULL, '2024-03-15 10:58:54', '2024-03-15 10:58:54', 0, NULL),
(4, 4, 4, 50.00, 1, NULL, '2024-03-15 12:21:25', '2024-03-15 12:21:25', 0, NULL),
(5, 5, 5, 50.00, 1, NULL, '2024-03-15 17:41:26', '2024-03-15 17:41:26', 0, NULL),
(6, 8, 6, 50.00, 1, NULL, '2024-04-06 10:05:29', '2024-04-06 10:05:29', 0, NULL),
(7, 9, 7, 50.00, 1, NULL, '2024-04-11 21:42:24', '2024-04-11 21:42:24', 0, NULL),
(8, 10, 8, 50.00, 1, NULL, '2024-04-12 10:00:33', '2024-04-12 10:00:33', 0, NULL),
(9, 11, 9, 50.00, 1, NULL, '2024-04-27 09:31:09', '2024-04-27 09:31:09', 0, NULL),
(10, 12, 10, 50.00, 1, NULL, '2024-05-13 20:48:11', '2024-05-13 20:48:11', 0, NULL),
(11, 13, 11, 50.00, 1, NULL, '2024-05-13 20:57:50', '2024-05-13 20:57:50', 0, NULL),
(12, 14, 12, 50.00, 1, NULL, '2024-05-13 21:58:16', '2024-05-13 21:58:16', 0, NULL),
(13, 15, 13, 50.00, 1, NULL, '2024-05-23 22:51:46', '2024-05-23 22:51:46', 0, NULL),
(14, 16, 14, 50.00, 1, NULL, '2024-05-26 17:17:26', '2024-05-26 17:17:26', 0, NULL),
(15, 17, 15, 50.00, 1, NULL, '2024-05-30 18:12:25', '2024-05-30 18:12:25', 0, NULL),
(16, 18, 16, 50.00, 1, NULL, '2024-06-26 11:36:19', '2024-06-26 11:36:19', 0, NULL),
(17, 19, 17, 50.00, 1, NULL, '2024-07-09 15:54:48', '2024-07-09 15:54:48', 0, NULL),
(18, 20, 18, 50.00, 1, NULL, '2024-07-12 09:28:20', '2024-07-12 09:28:20', 0, NULL),
(19, 21, 19, 50.00, 1, NULL, '2024-07-13 08:44:25', '2024-07-13 08:44:25', 0, NULL),
(20, 22, 20, 50.00, 1, NULL, '2024-07-15 11:55:38', '2024-07-15 11:55:38', 0, NULL),
(21, 23, 21, 50.00, 1, NULL, '2024-07-15 12:06:39', '2024-07-15 12:06:39', 0, NULL),
(22, 25, 22, 50.00, 1, NULL, '2024-07-16 09:23:30', '2024-07-16 09:23:30', 0, NULL),
(23, 16, 23, 50.00, 1, NULL, '2024-07-16 12:02:46', '2024-07-16 12:02:46', 0, NULL),
(24, 26, 24, 50.00, 1, NULL, '2024-07-19 03:25:40', '2024-07-19 03:25:40', 0, NULL),
(25, 27, 25, 50.00, 1, NULL, '2024-07-19 11:39:48', '2024-07-19 11:39:48', 0, NULL),
(26, 28, 26, 50.00, 1, NULL, '2024-07-21 05:37:46', '2024-07-21 05:37:46', 0, NULL),
(27, 29, 27, 550.00, 1, NULL, '2024-07-21 12:11:28', '2024-07-21 12:11:28', 0, NULL),
(28, 30, 28, 50.00, 1, NULL, '2024-07-21 12:35:42', '2024-07-21 12:35:42', 0, NULL),
(29, 31, 29, 50.00, 1, NULL, '2024-07-26 06:08:36', '2024-07-26 06:08:36', 0, NULL),
(30, 33, 30, 550.00, 1, NULL, '2024-07-26 16:37:57', '2024-07-26 16:37:57', 0, NULL),
(31, 24, 31, 550.00, 1, NULL, '2024-07-26 17:16:00', '2024-07-26 17:16:00', 0, 2),
(32, 25, 32, 50.00, 1, NULL, '2024-07-26 17:20:25', '2024-07-26 17:20:25', 1, 4),
(33, 34, 33, 550.00, 1, NULL, '2024-07-26 18:23:37', '2024-07-26 18:23:37', 1, 2),
(34, 35, 34, 0.00, 1, NULL, '2024-07-26 18:29:11', '2024-07-26 18:29:11', 1, 2),
(35, 36, 35, 0.00, 1, NULL, '2024-07-26 18:38:35', '2024-07-26 18:38:35', 1, 1),
(37, 22, 37, 0.00, 1, NULL, '2024-07-29 12:23:45', '2024-07-29 12:23:45', NULL, NULL),
(38, 36, 38, 0.00, 1, NULL, '2024-07-29 18:41:23', '2024-07-29 18:41:23', NULL, NULL),
(39, 35, 39, 0.00, 1, NULL, '2024-07-29 18:48:56', '2024-07-29 18:48:56', NULL, NULL),
(40, 21, 40, 0.00, 1, NULL, '2024-07-29 18:53:52', '2024-07-29 18:53:52', NULL, NULL),
(41, 38, 41, 550.00, 1, NULL, '2024-07-30 06:32:12', '2024-07-30 06:32:12', NULL, NULL),
(42, 22, 42, 0.00, 1, NULL, '2024-07-30 07:53:04', '2024-07-30 07:53:04', NULL, NULL),
(43, 26, 43, 0.00, 1, NULL, '2024-07-30 08:06:51', '2024-07-30 08:06:51', NULL, NULL),
(44, 24, 44, 0.00, 1, NULL, '2024-07-30 08:09:32', '2024-07-30 08:09:32', NULL, NULL),
(45, 22, 45, 0.00, 1, NULL, '2024-08-02 10:08:16', '2024-08-02 10:08:16', NULL, NULL),
(46, 39, 46, 50.00, 1, NULL, '2024-08-06 10:49:14', '2024-08-06 10:49:14', NULL, NULL),
(47, 40, 47, 50.00, 11, NULL, '2024-08-07 11:14:24', '2024-08-07 11:14:24', NULL, NULL),
(48, 41, 48, 50.00, 1, NULL, '2024-08-09 12:31:03', '2024-08-09 12:31:03', NULL, NULL),
(49, 42, 49, 50.00, 1, NULL, '2024-08-09 12:32:10', '2024-08-09 12:32:10', NULL, NULL),
(50, 43, 50, 50.00, 1, NULL, '2024-08-09 12:33:50', '2024-08-09 12:33:50', NULL, NULL),
(51, 44, 51, 50.00, 1, NULL, '2024-08-09 13:18:30', '2024-08-09 13:18:30', NULL, NULL),
(52, 45, 52, 50.00, 1, NULL, '2024-08-09 13:20:07', '2024-08-09 13:20:07', NULL, NULL),
(53, 46, 53, 50.00, 1, NULL, '2024-08-09 13:23:30', '2024-08-09 13:23:30', NULL, NULL),
(54, 47, 54, 50.00, 1, NULL, '2024-08-09 13:31:09', '2024-08-09 13:31:09', NULL, NULL),
(55, 48, 55, 50.00, 1, NULL, '2024-08-09 13:32:28', '2024-08-09 13:32:28', NULL, NULL),
(56, 49, 56, 50.00, 1, NULL, '2024-08-09 13:34:04', '2024-08-09 13:34:04', NULL, NULL),
(57, 50, 57, 50.00, 1, NULL, '2024-08-09 13:36:20', '2024-08-09 13:36:20', NULL, NULL),
(58, 51, 58, 550.00, 1, NULL, '2024-08-09 14:42:11', '2024-08-09 14:42:11', NULL, NULL),
(59, 52, 59, 50.00, 1, NULL, '2024-08-10 12:03:14', '2024-08-10 12:03:14', NULL, NULL),
(60, 53, 60, 50.00, 1, NULL, '2024-08-10 12:05:16', '2024-08-10 12:05:16', NULL, NULL),
(61, 54, 61, 50.00, 1, NULL, '2024-08-10 12:07:13', '2024-08-10 12:07:13', NULL, NULL),
(62, 55, 62, 50.00, 1, NULL, '2024-08-10 12:09:00', '2024-08-10 12:09:00', NULL, NULL),
(63, 56, 63, 50.00, 1, NULL, '2024-08-10 12:10:23', '2024-08-10 12:10:23', NULL, NULL),
(64, 57, 64, 50.00, 1, NULL, '2024-08-10 12:12:23', '2024-08-10 12:12:23', NULL, NULL),
(65, 58, 65, 50.00, 1, NULL, '2024-08-10 12:14:40', '2024-08-10 12:14:40', NULL, NULL),
(66, 59, 66, 50.00, 1, NULL, '2024-08-10 12:16:12', '2024-08-10 12:16:12', NULL, NULL),
(67, 60, 67, 50.00, 1, NULL, '2024-08-10 12:18:12', '2024-08-10 12:18:12', NULL, NULL),
(68, 61, 68, 50.00, 1, NULL, '2024-08-10 12:23:03', '2024-08-10 12:23:03', NULL, NULL),
(69, 62, 69, 50.00, 1, NULL, '2024-08-10 12:24:44', '2024-08-10 12:24:44', NULL, NULL),
(70, 63, 70, 50.00, 1, NULL, '2024-08-10 12:26:25', '2024-08-10 12:26:25', NULL, NULL),
(71, 64, 71, 50.00, 1, NULL, '2024-08-10 12:28:41', '2024-08-10 12:28:41', NULL, NULL),
(72, 65, 72, 50.00, 1, NULL, '2024-08-10 12:31:03', '2024-08-10 12:31:03', NULL, NULL),
(73, 66, 73, 50.00, 1, NULL, '2024-08-10 12:33:05', '2024-08-10 12:33:05', NULL, NULL),
(74, 67, 74, 50.00, 11, NULL, '2024-08-10 14:43:07', '2024-08-10 14:43:07', NULL, NULL),
(75, 68, 75, 0.00, 11, NULL, '2024-08-10 14:43:11', '2024-08-10 14:43:11', 1, 10),
(76, 69, 76, 50.00, 1, NULL, '2024-08-12 08:41:00', '2024-08-12 08:41:00', NULL, NULL),
(77, 70, 77, 50.00, 1, NULL, '2024-08-12 08:42:22', '2024-08-12 08:42:22', NULL, NULL),
(78, 71, 78, 50.00, 1, NULL, '2024-08-12 08:43:37', '2024-08-12 08:43:37', NULL, NULL),
(79, 72, 79, 50.00, 1, NULL, '2024-08-12 08:44:46', '2024-08-12 08:44:46', NULL, NULL),
(80, 73, 80, 50.00, 1, NULL, '2024-08-12 08:46:26', '2024-08-12 08:46:26', NULL, NULL),
(81, 74, 81, 50.00, 1, NULL, '2024-08-12 08:47:37', '2024-08-12 08:47:37', NULL, NULL),
(82, 75, 82, 50.00, 1, NULL, '2024-08-12 08:49:00', '2024-08-12 08:49:00', NULL, NULL),
(83, 76, 83, 50.00, 1, NULL, '2024-08-12 08:50:10', '2024-08-12 08:50:10', NULL, NULL),
(84, 77, 84, 50.00, 1, NULL, '2024-08-12 08:51:29', '2024-08-12 08:51:29', NULL, NULL),
(85, 78, 85, 50.00, 1, NULL, '2024-08-12 08:52:34', '2024-08-12 08:52:34', NULL, NULL),
(86, 79, 86, 0.00, 11, NULL, '2024-08-12 15:48:14', '2024-08-12 15:48:14', 1, 1),
(87, 80, 87, 50.00, 11, NULL, '2024-08-12 15:58:43', '2024-08-12 15:58:43', NULL, NULL),
(88, 81, 88, 0.00, 11, NULL, '2024-08-12 16:01:53', '2024-08-12 16:01:53', 1, 1),
(89, 82, 89, 0.00, 11, NULL, '2024-08-12 16:03:24', '2024-08-12 16:03:24', 1, NULL),
(90, 83, 90, 0.00, 11, NULL, '2024-08-12 16:05:16', '2024-08-12 16:05:16', 1, 1),
(91, 84, 91, 0.00, 11, NULL, '2024-08-12 16:11:02', '2024-08-12 16:11:02', 1, 1),
(92, 85, 92, 0.00, 11, NULL, '2024-08-12 16:14:02', '2024-08-12 16:14:02', 1, 1),
(93, 86, 93, 0.00, 11, NULL, '2024-08-13 14:56:24', '2024-08-13 14:56:24', 1, 1),
(94, 87, 94, 50.00, 1, NULL, '2024-08-16 21:50:47', '2024-08-16 21:50:47', NULL, NULL),
(95, 57, 95, 0.00, 1, NULL, '2024-08-16 21:54:56', '2024-08-16 21:54:56', NULL, NULL),
(96, 1, 96, 50.00, 1, NULL, '2024-08-16 21:56:38', '2024-08-16 21:56:38', NULL, NULL),
(97, 87, 97, 50.00, 1, NULL, '2024-08-16 21:58:12', '2024-08-16 21:58:12', NULL, NULL),
(98, 88, 98, 50.00, 1, NULL, '2024-08-20 13:38:49', '2024-08-20 13:38:49', NULL, NULL),
(99, 88, 99, 50.00, 1, NULL, '2024-08-20 13:46:17', '2024-08-20 13:46:17', NULL, NULL),
(100, 89, 100, 50.00, 1, NULL, '2024-08-21 09:52:44', '2024-08-21 09:52:44', NULL, NULL),
(101, 90, 101, 50.00, 1, NULL, '2024-08-24 21:34:40', '2024-08-24 21:34:40', NULL, NULL),
(102, 91, 102, 50.00, 1, NULL, '2024-08-31 13:35:35', '2024-08-31 13:35:35', NULL, NULL),
(103, 92, 103, 50.00, 1, NULL, '2024-09-02 08:35:10', '2024-09-02 08:35:10', NULL, NULL),
(104, 93, 104, 50.00, 1, NULL, '2025-03-15 08:16:40', '2025-03-15 08:16:40', NULL, NULL),
(105, 94, 105, 50.00, 1, NULL, '2025-04-11 06:49:55', '2025-04-11 06:49:55', NULL, NULL),
(106, 95, 106, 50.00, 1, NULL, '2025-04-24 10:53:00', '2025-04-24 10:53:00', NULL, NULL),
(107, 96, 107, 50.00, 1, NULL, '2025-05-06 06:34:31', '2025-05-06 06:34:31', NULL, NULL),
(108, 97, 108, 50.00, 1, NULL, '2025-05-08 06:18:57', '2025-05-08 06:18:57', NULL, NULL),
(109, 97, 109, 50.00, 1, NULL, '2025-05-08 08:46:07', '2025-05-08 08:46:07', NULL, NULL),
(110, 99, 110, 50.00, 1, NULL, '2025-05-09 10:57:12', '2025-05-09 10:57:12', NULL, NULL),
(111, 99, 111, 50.00, 1, NULL, '2025-05-15 11:19:15', '2025-05-15 11:19:15', NULL, NULL);

-- --------------------------------------------------------

--
-- Table structure for table `consultation_types`
--

CREATE TABLE `consultation_types` (
  `id` bigint(20) UNSIGNED NOT NULL,
  `name` varchar(100) NOT NULL,
  `created_at` timestamp NULL DEFAULT NULL,
  `updated_at` timestamp NULL DEFAULT NULL,
  `deleted_at` timestamp NULL DEFAULT NULL
) ENGINE=InnoDB DEFAULT CHARSET=utf8mb4 COLLATE=utf8mb4_unicode_ci;

--
-- Dumping data for table `consultation_types`
--

INSERT INTO `consultation_types` (`id`, `name`, `created_at`, `updated_at`, `deleted_at`) VALUES
(1, 'OP', NULL, NULL, NULL),
(2, 'IP', NULL, NULL, NULL),
(3, 'Both', NULL, NULL, NULL),
(4, 'Not Required', NULL, NULL, NULL);

-- --------------------------------------------------------

--
-- Table structure for table `consulting_types`
--

CREATE TABLE `consulting_types` (
  `id` bigint(20) UNSIGNED NOT NULL,
  `name` varchar(100) NOT NULL,
  `created_at` timestamp NULL DEFAULT NULL,
  `updated_at` timestamp NULL DEFAULT NULL,
  `deleted_at` timestamp NULL DEFAULT NULL
) ENGINE=InnoDB DEFAULT CHARSET=utf8mb4 COLLATE=utf8mb4_unicode_ci;

--
-- Dumping data for table `consulting_types`
--

INSERT INTO `consulting_types` (`id`, `name`, `created_at`, `updated_at`, `deleted_at`) VALUES
(1, 'OP', NULL, NULL, NULL),
(2, 'IP', NULL, NULL, NULL),
(3, 'Both', NULL, NULL, NULL),
(4, 'Not Required', NULL, NULL, NULL);

-- --------------------------------------------------------

--
-- Table structure for table `corporate_consultations`
--

CREATE TABLE `corporate_consultations` (
  `id` bigint(20) UNSIGNED NOT NULL,
  `corporate_registration_id` bigint(20) UNSIGNED NOT NULL,
  `organization_id` bigint(20) UNSIGNED NOT NULL,
  `patient_id` bigint(20) UNSIGNED NOT NULL,
  `patient_visit_id` bigint(20) UNSIGNED NOT NULL,
  `code` varchar(20) NOT NULL,
  `type` varchar(20) DEFAULT NULL,
  `payment_by` varchar(50) DEFAULT NULL,
  `visit_type_id` bigint(20) UNSIGNED NOT NULL,
  `doctor_id` bigint(20) UNSIGNED NOT NULL,
  `chief_complaint` text DEFAULT NULL,
  `remarks` text DEFAULT NULL,
  `created_by_id` bigint(20) UNSIGNED DEFAULT NULL,
  `created_at` timestamp NULL DEFAULT NULL,
  `updated_at` timestamp NULL DEFAULT NULL,
  `deleted_at` timestamp NULL DEFAULT NULL
) ENGINE=InnoDB DEFAULT CHARSET=utf8mb4 COLLATE=utf8mb4_unicode_ci;

--
-- Dumping data for table `corporate_consultations`
--

INSERT INTO `corporate_consultations` (`id`, `corporate_registration_id`, `organization_id`, `patient_id`, `patient_visit_id`, `code`, `type`, `payment_by`, `visit_type_id`, `doctor_id`, `chief_complaint`, `remarks`, `created_by_id`, `created_at`, `updated_at`, `deleted_at`) VALUES
(1, 1, 2, 95, 106, 'OP2505021', 'general', 'Corporate', 1, 1, NULL, NULL, 1, '2025-05-02 12:19:00', '2025-05-02 12:19:00', NULL),
(2, 2, 1, 95, 106, 'OP2505052', 'general', 'Corporate', 1, 10, NULL, NULL, 1, '2025-05-05 05:37:32', '2025-05-05 05:37:32', NULL),
(3, 3, 2, 96, 107, 'OP2505063', 'general', 'Corporate', 1, 1, NULL, NULL, 1, '2025-05-06 07:05:01', '2025-05-06 07:05:01', NULL);

-- --------------------------------------------------------

--
-- Table structure for table `corporate_registrations`
--

CREATE TABLE `corporate_registrations` (
  `id` bigint(20) UNSIGNED NOT NULL,
  `patient_id` bigint(20) UNSIGNED NOT NULL,
  `organization_id` bigint(20) UNSIGNED NOT NULL,
  `corporate_relation_id` bigint(20) UNSIGNED NOT NULL,
  `department_id` bigint(20) UNSIGNED NOT NULL,
  `unit_id` bigint(20) UNSIGNED NOT NULL,
  `cost_center_id` bigint(20) UNSIGNED NOT NULL,
  `medical_card_no` varchar(20) NOT NULL,
  `card_validity` date NOT NULL,
  `employee_no` varchar(20) NOT NULL,
  `employee_name` varchar(30) NOT NULL,
  `employee_designation` varchar(100) DEFAULT NULL,
  `referral_letter_no` varchar(50) DEFAULT NULL,
  `referral_letter_date` date NOT NULL,
  `purpose` varchar(255) DEFAULT NULL,
  `payment_mode` varchar(255) DEFAULT NULL,
  `letter_for` enum('OP','IP') NOT NULL DEFAULT 'OP',
  `tpa_name` varchar(30) DEFAULT NULL,
  `letter_issued_by` varchar(150) DEFAULT NULL,
  `diagnosis` text DEFAULT NULL,
  `created_by_id` bigint(20) UNSIGNED DEFAULT NULL,
  `is_cancelled` int(11) NOT NULL DEFAULT 0,
  `cancelled_reason` text DEFAULT NULL,
  `cancelled_by_id` bigint(20) UNSIGNED DEFAULT NULL,
  `created_at` timestamp NULL DEFAULT NULL,
  `updated_at` timestamp NULL DEFAULT NULL,
  `deleted_at` timestamp NULL DEFAULT NULL
) ENGINE=InnoDB DEFAULT CHARSET=utf8mb4 COLLATE=utf8mb4_unicode_ci;

--
-- Dumping data for table `corporate_registrations`
--

INSERT INTO `corporate_registrations` (`id`, `patient_id`, `organization_id`, `corporate_relation_id`, `department_id`, `unit_id`, `cost_center_id`, `medical_card_no`, `card_validity`, `employee_no`, `employee_name`, `employee_designation`, `referral_letter_no`, `referral_letter_date`, `purpose`, `payment_mode`, `letter_for`, `tpa_name`, `letter_issued_by`, `diagnosis`, `created_by_id`, `is_cancelled`, `cancelled_reason`, `cancelled_by_id`, `created_at`, `updated_at`, `deleted_at`) VALUES
(1, 95, 2, 1, 1, 1, 1, '123456789', '2025-05-02', 'UMR2504231', 'Corporate Employee', NULL, '123', '2025-05-02', NULL, NULL, 'OP', NULL, NULL, NULL, 1, 0, NULL, NULL, '2025-05-02 12:19:00', '2025-05-05 06:04:39', NULL),
(2, 95, 1, 1, 1, 1, 1, '123456', '2025-12-31', 'UMR2504231', 'Corporate Employee', NULL, '123456', '2025-04-23', NULL, NULL, 'OP', NULL, NULL, NULL, 1, 0, NULL, NULL, '2025-05-05 05:37:32', '2025-05-05 05:37:32', NULL),
(3, 96, 2, 1, 1, 1, 1, '454564', '2025-06-01', 'UMR2505061', 'Ajay', NULL, '123', '2025-05-06', NULL, NULL, 'OP', NULL, NULL, NULL, 1, 0, NULL, NULL, '2025-05-06 07:05:01', '2025-05-06 07:05:01', NULL);

-- --------------------------------------------------------

--
-- Table structure for table `corporate_relations`
--

CREATE TABLE `corporate_relations` (
  `id` bigint(20) UNSIGNED NOT NULL,
  `name` varchar(255) NOT NULL,
  `created_at` timestamp NULL DEFAULT NULL,
  `updated_at` timestamp NULL DEFAULT NULL,
  `deleted_at` timestamp NULL DEFAULT NULL
) ENGINE=InnoDB DEFAULT CHARSET=utf8mb4 COLLATE=utf8mb4_unicode_ci;

--
-- Dumping data for table `corporate_relations`
--

INSERT INTO `corporate_relations` (`id`, `name`, `created_at`, `updated_at`, `deleted_at`) VALUES
(1, 'Self', '2025-03-25 11:00:54', '2025-03-25 11:33:09', NULL);

-- --------------------------------------------------------

--
-- Table structure for table `cost_centers`
--

CREATE TABLE `cost_centers` (
  `id` bigint(20) UNSIGNED NOT NULL,
  `name` varchar(200) NOT NULL,
  `code` varchar(50) NOT NULL,
  `created_at` timestamp NULL DEFAULT NULL,
  `updated_at` timestamp NULL DEFAULT NULL,
  `deleted_at` timestamp NULL DEFAULT NULL
) ENGINE=InnoDB DEFAULT CHARSET=utf8mb4 COLLATE=utf8mb4_unicode_ci;

--
-- Dumping data for table `cost_centers`
--

INSERT INTO `cost_centers` (`id`, `name`, `code`, `created_at`, `updated_at`, `deleted_at`) VALUES
(1, 'Narayan Medical Hall', 'NMCH', NULL, NULL, NULL);

-- --------------------------------------------------------

--
-- Table structure for table `countries`
--

CREATE TABLE `countries` (
  `id` bigint(20) UNSIGNED NOT NULL,
  `name` varchar(100) NOT NULL,
  `created_at` timestamp NULL DEFAULT NULL,
  `updated_at` timestamp NULL DEFAULT NULL,
  `deleted_at` timestamp NULL DEFAULT NULL
) ENGINE=InnoDB DEFAULT CHARSET=utf8mb4 COLLATE=utf8mb4_unicode_ci;

--
-- Dumping data for table `countries`
--

INSERT INTO `countries` (`id`, `name`, `created_at`, `updated_at`, `deleted_at`) VALUES
(1, 'India', '2024-07-19 23:58:33', '2024-07-19 23:58:33', NULL);

-- --------------------------------------------------------

--
-- Table structure for table `departments`
--

CREATE TABLE `departments` (
  `id` bigint(20) UNSIGNED NOT NULL,
  `name` varchar(255) NOT NULL,
  `code` varchar(20) NOT NULL,
  `is_medical` tinyint(1) DEFAULT 1,
  `is_nmch` tinyint(1) NOT NULL DEFAULT 1,
  `created_at` timestamp NULL DEFAULT NULL,
  `updated_at` timestamp NULL DEFAULT NULL,
  `deleted_at` timestamp NULL DEFAULT NULL,
  `is_consultation` tinyint(1) DEFAULT 1
) ENGINE=InnoDB DEFAULT CHARSET=utf8mb4 COLLATE=utf8mb4_unicode_ci;

--
-- Dumping data for table `departments`
--

INSERT INTO `departments` (`id`, `name`, `code`, `is_medical`, `is_nmch`, `created_at`, `updated_at`, `deleted_at`, `is_consultation`) VALUES
(1, 'Orthopedic', 'Ortho', 1, 1, NULL, NULL, NULL, 1),
(2, 'PEDIATRIC', 'Pedia', 1, 1, NULL, '2024-08-27 10:06:55', NULL, 1),
(3, 'Test', 'Test', 0, 1, '2023-09-29 04:55:53', '2024-08-27 10:03:06', '2024-08-27 10:03:06', 1),
(4, 'GENERAL MEDICINE', 'GM01', 1, 1, '2024-03-15 14:33:58', '2024-03-15 14:33:58', NULL, 1),
(5, 'GENERAL SURGERY ', 'GS', 1, 1, '2024-03-15 14:35:30', '2024-03-15 14:35:30', NULL, 1),
(6, 'ENT', 'EN', 1, 1, '2024-03-15 14:37:14', '2024-03-15 14:37:14', NULL, 1),
(7, 'OBS & GYNE', 'OG', 1, 1, '2024-03-15 14:37:46', '2024-03-15 14:37:46', NULL, 1),
(8, 'CARDIOLOGY', 'CAR', 1, 1, '2024-03-15 14:38:09', '2024-03-15 14:38:09', NULL, 1),
(9, 'GASTROLOGY', 'GAS', 1, 1, '2024-03-15 14:38:30', '2024-03-15 14:38:30', NULL, 1),
(10, 'SKIN & VD', 'SK', 1, 1, '2024-03-15 14:39:39', '2024-03-15 14:39:39', NULL, 1),
(11, 'EMERGENCY & CAUSALTY', 'EM', 1, 1, '2024-03-15 14:40:05', '2024-03-15 14:40:05', NULL, 1),
(12, 'OPTHALMOLOGY', 'OPT', 1, 1, '2024-03-16 10:51:33', '2024-03-16 10:51:33', NULL, 1),
(13, 'PATHOLOGY', 'PAT', 1, 1, '2024-03-22 12:25:59', '2024-03-22 12:26:12', NULL, 1),
(14, 'RADIOLOGY', 'RAD', 1, 1, '2024-03-22 13:01:39', '2024-03-22 13:01:39', NULL, 1),
(15, 'Administration', 'admin', 1, 1, '2024-05-30 11:51:13', '2024-05-30 11:51:13', NULL, 1),
(16, 'MICROBIOLOGY', 'MIC', 1, 1, '2024-06-16 20:47:27', '2024-08-27 10:03:26', NULL, 1),
(17, 'UROLOGY', 'URO', 1, 1, '2024-06-17 08:44:28', '2024-06-17 08:44:28', NULL, 1),
(18, 'PAEDIATRICS', 'PAED', 1, 1, '2024-06-17 08:44:53', '2024-06-17 08:44:53', NULL, 1),
(19, 'ORTHOPAEDICS', 'ORTHO', 1, 1, '2024-06-17 08:45:15', '2024-06-17 08:45:15', NULL, 1),
(20, 'GENERAL SURGERY', 'GS', 1, 1, '2024-06-17 08:45:34', '2024-06-17 08:45:34', NULL, 1),
(21, 'GENERAL MEDICINE ', 'GM', 1, 1, '2024-06-17 08:45:53', '2024-06-17 08:45:53', NULL, 1),
(22, 'C.T.V.S', 'CTVS', 1, 1, '2024-06-17 08:46:08', '2024-06-17 08:46:08', NULL, 1),
(23, 'DENTAL', 'DENTAL', 1, 1, '2024-06-17 08:46:45', '2024-06-17 08:46:45', NULL, 1),
(24, 'OPHTHALMOLOGY', 'OPHTH', 1, 1, '2024-06-17 08:47:07', '2024-06-17 08:47:07', NULL, 1),
(25, 'PSYCHIATRY', 'PSYC', 1, 1, '2024-06-17 08:47:28', '2024-06-17 08:47:28', NULL, 1),
(26, 'BLOOD BANK', 'BLD', 1, 1, '2024-06-17 10:32:50', '2024-06-17 10:32:50', NULL, 1),
(27, 'BIOCHEMISTRY', 'BIO', 1, 1, '2024-06-18 09:31:19', '2024-06-18 09:32:39', NULL, 1),
(28, 'CENTRAL LABORATORY', 'CLAB', 1, 1, '2024-06-26 10:46:52', '2024-08-27 10:04:34', NULL, 1),
(29, 'CYTOLOGY', 'CYT', 1, 1, '2024-07-07 15:33:32', '2024-07-07 15:33:32', NULL, 1),
(30, 'depart', '0097', 1, 1, '2024-07-15 11:20:44', '2024-08-27 10:02:57', '2024-08-27 10:02:57', 1),
(33, 'TEST NEW', '00125', 1, 1, '2024-07-16 11:08:04', '2024-08-27 10:06:09', '2024-08-27 10:06:09', 1),
(34, 'TEST FINAL ', '2254', 1, 1, '2024-07-16 11:09:46', '2024-08-27 10:06:03', '2024-08-27 10:06:03', 1),
(35, 'ddddd', 'dddddd', 1, 1, '2025-04-01 10:26:48', '2025-04-01 10:27:04', '2025-04-01 10:27:04', 1),
(36, 'dddddddd2', 'ddddd2', 1, 1, '2025-04-01 10:28:59', '2025-04-01 10:29:36', '2025-04-01 10:29:36', 1),
(37, 'testss2', 'rtes', 0, 1, '2025-04-01 10:31:48', '2025-04-01 10:32:27', '2025-04-01 10:32:27', 1),
(38, 'tttt', 'tttttttt', 1, 1, '2025-04-01 10:32:23', '2025-04-01 10:32:31', '2025-04-01 10:32:31', 1),
(39, 'Test', 'TST', 0, 0, '2025-04-16 08:13:28', '2025-04-16 08:15:14', '2025-04-16 08:15:14', 0);

-- --------------------------------------------------------

--
-- Table structure for table `department_consultation_fees`
--

CREATE TABLE `department_consultation_fees` (
  `id` bigint(20) UNSIGNED NOT NULL,
  `department_id` bigint(20) UNSIGNED NOT NULL,
  `fee` decimal(6,2) NOT NULL,
  `created_at` timestamp NULL DEFAULT NULL,
  `updated_at` timestamp NULL DEFAULT NULL,
  `deleted_at` timestamp NULL DEFAULT NULL,
  `doc` varchar(255) DEFAULT NULL,
  `is_active` tinyint(1) NOT NULL DEFAULT 1,
  `created_by_id` bigint(20) UNSIGNED DEFAULT NULL,
  `updated_by_id` bigint(20) UNSIGNED DEFAULT NULL,
  `approved_by_id` bigint(20) UNSIGNED DEFAULT NULL,
  `remarks` varchar(255) DEFAULT NULL
) ENGINE=InnoDB DEFAULT CHARSET=utf8mb4 COLLATE=utf8mb4_unicode_ci;

--
-- Dumping data for table `department_consultation_fees`
--

INSERT INTO `department_consultation_fees` (`id`, `department_id`, `fee`, `created_at`, `updated_at`, `deleted_at`, `doc`, `is_active`, `created_by_id`, `updated_by_id`, `approved_by_id`, `remarks`) VALUES
(1, 1, 50.00, NULL, '2025-04-15 11:11:52', NULL, NULL, 1, 1, 1, 1, NULL),
(2, 2, 50.00, NULL, NULL, NULL, NULL, 1, NULL, NULL, NULL, NULL),
(3, 3, 100.00, NULL, '2024-08-27 10:01:50', '2024-08-27 10:01:50', NULL, 1, NULL, NULL, NULL, NULL),
(4, 4, 50.00, NULL, NULL, NULL, NULL, 1, NULL, NULL, NULL, NULL),
(5, 5, 50.00, NULL, NULL, NULL, NULL, 1, NULL, NULL, NULL, NULL),
(6, 6, 50.00, NULL, NULL, NULL, NULL, 1, NULL, NULL, NULL, NULL),
(7, 7, 50.00, NULL, NULL, NULL, NULL, 1, NULL, NULL, NULL, NULL),
(8, 8, 200.00, NULL, '2024-08-23 11:50:04', NULL, NULL, 1, NULL, NULL, NULL, NULL),
(9, 9, 200.00, NULL, '2024-08-23 11:50:15', NULL, NULL, 1, NULL, NULL, NULL, NULL),
(11, 11, 150.00, NULL, '2024-08-23 11:50:25', NULL, NULL, 1, NULL, NULL, NULL, NULL),
(12, 12, 50.00, NULL, NULL, NULL, NULL, 1, NULL, NULL, NULL, NULL),
(13, 13, 0.00, NULL, '2024-08-23 11:50:53', NULL, NULL, 1, NULL, NULL, NULL, NULL),
(14, 14, 0.00, NULL, '2024-08-23 11:51:03', NULL, NULL, 1, NULL, NULL, NULL, NULL),
(15, 15, 0.00, NULL, '2024-08-23 11:51:14', NULL, NULL, 1, NULL, NULL, NULL, NULL),
(16, 16, 0.00, NULL, '2024-08-27 10:01:35', NULL, NULL, 1, NULL, NULL, NULL, NULL),
(17, 17, 50.00, NULL, NULL, NULL, NULL, 1, NULL, NULL, NULL, NULL),
(18, 18, 50.00, NULL, NULL, NULL, NULL, 1, NULL, NULL, NULL, NULL),
(19, 19, 50.00, NULL, NULL, NULL, NULL, 1, NULL, NULL, NULL, NULL),
(20, 20, 50.00, NULL, NULL, NULL, NULL, 1, NULL, NULL, NULL, NULL),
(21, 21, 50.00, NULL, NULL, NULL, NULL, 1, NULL, NULL, NULL, NULL),
(22, 22, 50.00, NULL, NULL, NULL, NULL, 1, NULL, NULL, NULL, NULL),
(23, 23, 50.00, NULL, NULL, NULL, NULL, 1, NULL, NULL, NULL, NULL),
(24, 24, 50.00, NULL, NULL, NULL, NULL, 1, NULL, NULL, NULL, NULL),
(25, 25, 50.00, NULL, NULL, NULL, NULL, 1, NULL, NULL, NULL, NULL),
(26, 26, 50.00, NULL, NULL, NULL, NULL, 1, NULL, NULL, NULL, NULL),
(27, 27, 50.00, NULL, NULL, NULL, NULL, 1, NULL, NULL, NULL, NULL),
(28, 28, 50.00, NULL, NULL, NULL, NULL, 1, NULL, NULL, NULL, NULL),
(29, 29, 50.00, NULL, NULL, NULL, NULL, 1, NULL, NULL, NULL, NULL),
(30, 30, 50.00, NULL, '2024-08-27 10:02:08', '2024-08-27 10:02:08', NULL, 1, NULL, NULL, NULL, NULL);

-- --------------------------------------------------------

--
-- Table structure for table `diagnostic_results`
--

CREATE TABLE `diagnostic_results` (
  `id` bigint(20) UNSIGNED NOT NULL,
  `patient_id` bigint(20) UNSIGNED DEFAULT NULL,
  `patient_visit_id` bigint(20) UNSIGNED DEFAULT NULL,
  `out_side_patient_id` bigint(20) UNSIGNED DEFAULT NULL,
  `doctor_id` bigint(20) UNSIGNED DEFAULT NULL,
  `sample_collection_id` bigint(20) UNSIGNED NOT NULL,
  `opd_billing_id` bigint(20) UNSIGNED NOT NULL,
  `ref_no` varchar(20) DEFAULT NULL,
  `code` varchar(20) DEFAULT NULL,
  `patient_type` varchar(20) DEFAULT NULL,
  `status` tinyint(1) NOT NULL DEFAULT 0,
  `result_date` varchar(20) DEFAULT NULL,
  `created_by_id` bigint(20) UNSIGNED DEFAULT NULL,
  `updated_by_id` bigint(20) UNSIGNED DEFAULT NULL,
  `approved_by_id` bigint(20) UNSIGNED DEFAULT NULL,
  `created_at` timestamp NULL DEFAULT NULL,
  `updated_at` timestamp NULL DEFAULT NULL,
  `deleted_at` timestamp NULL DEFAULT NULL
) ENGINE=InnoDB DEFAULT CHARSET=utf8mb4 COLLATE=utf8mb4_unicode_ci;

-- --------------------------------------------------------

--
-- Table structure for table `diagnostic_result_values`
--

CREATE TABLE `diagnostic_result_values` (
  `id` bigint(20) UNSIGNED NOT NULL,
  `diagnostic_result_id` bigint(20) UNSIGNED NOT NULL,
  `parameter_id` bigint(20) UNSIGNED NOT NULL,
  `service_id` bigint(20) UNSIGNED NOT NULL,
  `result_value` varchar(50) NOT NULL,
  `created_at` timestamp NULL DEFAULT NULL,
  `updated_at` timestamp NULL DEFAULT NULL,
  `deleted_at` timestamp NULL DEFAULT NULL
) ENGINE=InnoDB DEFAULT CHARSET=utf8mb4 COLLATE=utf8mb4_unicode_ci;

-- --------------------------------------------------------

--
-- Table structure for table `diet_indent_entries`
--

CREATE TABLE `diet_indent_entries` (
  `id` bigint(20) UNSIGNED NOT NULL,
  `ipd_id` bigint(20) UNSIGNED NOT NULL,
  `patient_id` bigint(20) UNSIGNED NOT NULL,
  `code` varchar(255) NOT NULL,
  `diet_indent_date` date NOT NULL,
  `diet_indent_time` time NOT NULL,
  `height` varchar(255) DEFAULT NULL,
  `weight` varchar(255) DEFAULT NULL,
  `bmi` varchar(255) DEFAULT NULL,
  `diagnosis` longtext DEFAULT NULL,
  `diet_type` varchar(255) DEFAULT NULL,
  `diet_category` varchar(255) DEFAULT NULL,
  `meal` varchar(255) DEFAULT NULL,
  `note` longtext DEFAULT NULL,
  `nurse_station_id` bigint(20) UNSIGNED NOT NULL,
  `created_by_id` bigint(20) UNSIGNED NOT NULL,
  `created_at` timestamp NULL DEFAULT NULL,
  `updated_at` timestamp NULL DEFAULT NULL,
  `deleted_at` timestamp NULL DEFAULT NULL
) ENGINE=InnoDB DEFAULT CHARSET=utf8mb4 COLLATE=utf8mb4_unicode_ci;

--
-- Dumping data for table `diet_indent_entries`
--

INSERT INTO `diet_indent_entries` (`id`, `ipd_id`, `patient_id`, `code`, `diet_indent_date`, `diet_indent_time`, `height`, `weight`, `bmi`, `diagnosis`, `diet_type`, `diet_category`, `meal`, `note`, `nurse_station_id`, `created_by_id`, `created_at`, `updated_at`, `deleted_at`) VALUES
(1, 16, 46, 'DT2504041', '2025-04-04', '16:40:00', '168', '55', '19.49', 'Tea', 'Normal Diet', 'Tea Coffee', 'Tea', 'Tea', 1, 14, '2025-04-04 11:14:00', '2025-04-04 11:14:00', NULL),
(2, 16, 46, 'DT2504042', '2025-04-05', '16:44:00', '168', '55', '19.49', 'Snack', 'Diabetic Diet', 'Snack', 'Snack', 'Snack', 1, 14, '2025-04-04 11:14:44', '2025-04-04 11:14:44', NULL),
(3, 24, 94, 'DT2504173', '2025-04-17', '14:02:00', NULL, NULL, NULL, NULL, 'Normal Diet', 'Tea Coffee', 'test', NULL, 1, 14, '2025-04-17 08:33:07', '2025-04-17 08:33:07', NULL);

-- --------------------------------------------------------

--
-- Table structure for table `districts`
--

CREATE TABLE `districts` (
  `id` bigint(20) UNSIGNED NOT NULL,
  `name` varchar(100) NOT NULL,
  `country_id` bigint(20) UNSIGNED NOT NULL,
  `state_id` bigint(20) UNSIGNED NOT NULL,
  `created_at` timestamp NULL DEFAULT NULL,
  `updated_at` timestamp NULL DEFAULT NULL,
  `deleted_at` timestamp NULL DEFAULT NULL
) ENGINE=InnoDB DEFAULT CHARSET=utf8mb4 COLLATE=utf8mb4_unicode_ci;

--
-- Dumping data for table `districts`
--

INSERT INTO `districts` (`id`, `name`, `country_id`, `state_id`, `created_at`, `updated_at`, `deleted_at`) VALUES
(1, 'ARARIA', 1, 4, NULL, NULL, NULL),
(2, 'ARWAL', 1, 4, NULL, NULL, NULL),
(3, 'AURANGABAD', 1, 4, NULL, NULL, NULL),
(4, 'BANKA', 1, 4, NULL, NULL, NULL),
(5, 'BEGUSARAI', 1, 4, NULL, NULL, NULL),
(6, 'BHAGALPUR', 1, 4, NULL, NULL, NULL),
(7, 'BHOJPUR', 1, 4, NULL, NULL, NULL),
(8, 'BUXAR ', 1, 4, NULL, NULL, NULL),
(9, 'DARBHANGA', 1, 4, NULL, NULL, NULL),
(10, 'EAST CHAMPARAN', 1, 4, NULL, NULL, NULL),
(11, 'GAYA', 1, 4, NULL, NULL, NULL),
(12, 'GOPALGANJ', 1, 4, NULL, NULL, NULL),
(13, 'JAMUI', 1, 4, NULL, NULL, NULL),
(14, 'JEHANABAD', 1, 4, NULL, NULL, NULL),
(15, 'KAIMUR', 1, 4, NULL, NULL, NULL),
(16, 'KATIHAR', 1, 4, NULL, NULL, NULL),
(17, 'KHAGARIA', 1, 4, NULL, NULL, NULL),
(18, 'KISHANGANJ', 1, 4, NULL, NULL, NULL),
(19, 'LAKHISARAI', 1, 4, NULL, NULL, NULL),
(20, 'MADHEPURA', 1, 4, NULL, NULL, NULL),
(21, 'MADHUBANI', 1, 4, NULL, NULL, NULL),
(22, 'MUNGER', 1, 4, NULL, NULL, NULL),
(23, 'MUZAFFARPUR', 1, 4, NULL, NULL, NULL),
(24, 'NALANDA', 1, 4, NULL, NULL, NULL),
(25, 'NAWADA', 1, 4, NULL, NULL, NULL),
(26, 'PATNA', 1, 4, NULL, NULL, NULL),
(27, 'PURNEA', 1, 4, NULL, NULL, NULL),
(28, 'ROHTAS', 1, 4, NULL, NULL, NULL),
(29, 'SAHARSA', 1, 4, NULL, NULL, NULL),
(30, 'SAMASTIPUR', 1, 4, NULL, NULL, NULL),
(31, 'SARAN', 1, 4, NULL, NULL, NULL),
(32, 'SHEKHPURA', 1, 4, NULL, NULL, NULL),
(33, 'SHEOHAR', 1, 4, NULL, NULL, NULL),
(34, 'SITAMARHI', 1, 4, NULL, NULL, NULL),
(35, 'SIWAN', 1, 4, NULL, NULL, NULL),
(36, 'SUPAUL', 1, 4, NULL, NULL, NULL),
(37, 'VAISHALI', 1, 4, NULL, NULL, NULL),
(38, 'WEST CHAMPARAN', 1, 4, NULL, NULL, NULL);

-- --------------------------------------------------------

--
-- Table structure for table `doctors`
--

CREATE TABLE `doctors` (
  `id` bigint(20) UNSIGNED NOT NULL,
  `code` varchar(20) NOT NULL,
  `name` varchar(50) NOT NULL,
  `alias` varchar(50) DEFAULT NULL,
  `registration_no` varchar(20) NOT NULL,
  `designation` varchar(70) NOT NULL,
  `consulting_room` varchar(255) DEFAULT NULL,
  `email` varchar(50) NOT NULL,
  `mobile` varchar(12) DEFAULT NULL,
  `dob` varchar(255) NOT NULL,
  `marriage_date` varchar(20) DEFAULT NULL,
  `fee` decimal(8,2) DEFAULT 0.00,
  `email_verified_at` timestamp NULL DEFAULT NULL,
  `password` varchar(255) NOT NULL,
  `remember_token` varchar(100) DEFAULT NULL,
  `qualification` varchar(255) DEFAULT NULL,
  `about_doctor` varchar(255) DEFAULT NULL,
  `experience` varchar(255) DEFAULT NULL,
  `resigned_date` varchar(20) DEFAULT NULL,
  `specialization1` bigint(20) UNSIGNED DEFAULT NULL,
  `specialization2` bigint(20) UNSIGNED DEFAULT NULL,
  `cost_center_id` bigint(20) UNSIGNED NOT NULL,
  `payment_type_id` bigint(20) UNSIGNED NOT NULL,
  `consultation_type_id` bigint(20) UNSIGNED NOT NULL,
  `doctor_type_id` bigint(20) UNSIGNED NOT NULL,
  `consulting_type_id` bigint(20) UNSIGNED NOT NULL,
  `department_id` bigint(20) UNSIGNED NOT NULL,
  `unit_id` bigint(20) UNSIGNED NOT NULL,
  `gender_id` bigint(20) UNSIGNED NOT NULL,
  `specialization_id` bigint(20) UNSIGNED NOT NULL,
  `created_by_id` bigint(20) UNSIGNED DEFAULT NULL,
  `updated_by_id` bigint(20) UNSIGNED DEFAULT NULL,
  `created_at` timestamp NULL DEFAULT NULL,
  `updated_at` timestamp NULL DEFAULT NULL,
  `deleted_at` timestamp NULL DEFAULT NULL
) ENGINE=InnoDB DEFAULT CHARSET=utf8mb4 COLLATE=utf8mb4_unicode_ci;

--
-- Dumping data for table `doctors`
--

INSERT INTO `doctors` (`id`, `code`, `name`, `alias`, `registration_no`, `designation`, `consulting_room`, `email`, `mobile`, `dob`, `marriage_date`, `fee`, `email_verified_at`, `password`, `remember_token`, `qualification`, `about_doctor`, `experience`, `resigned_date`, `specialization1`, `specialization2`, `cost_center_id`, `payment_type_id`, `consultation_type_id`, `doctor_type_id`, `consulting_type_id`, `department_id`, `unit_id`, `gender_id`, `specialization_id`, `created_by_id`, `updated_by_id`, `created_at`, `updated_at`, `deleted_at`) VALUES
(1, 'DR01', 'Sanjeev', NULL, '12345', 'Doctor', NULL, 'sanjeev@gmail.com', '8130271181', '1980-07-17', NULL, 150.00, NULL, '123456789', NULL, NULL, NULL, NULL, NULL, 2, NULL, 1, 1, 1, 1, 1, 1, 2, 1, 2, NULL, NULL, NULL, '2024-05-30 18:11:15', NULL),
(2, 'Dr002', 'Parmatma', NULL, '123', 'Dr', NULL, 'paramata@gmail.com', '123456789', '1980-07-17', NULL, 0.00, NULL, '8052256423', NULL, NULL, NULL, NULL, NULL, 2, NULL, 1, 1, 1, 1, 1, 2, 4, 1, 2, NULL, NULL, NULL, NULL, NULL),
(3, 'DR03', 'P Govind', NULL, '123', 'Dr', NULL, 'pgovind@gmail.com', '8052256423', '2023-09-29', NULL, 0.00, NULL, '8052256423', NULL, NULL, NULL, NULL, NULL, 1, NULL, 1, 1, 2, 1, 1, 1, 2, 1, 1, NULL, NULL, NULL, NULL, NULL),
(4, 'DR 003', 'M Q Khan', NULL, '123456789', 'Dr.', NULL, 'mqkhan@gmail.com', '123456789', '1990-09-30', NULL, 0.00, NULL, 'swadha123!@#', NULL, NULL, NULL, NULL, NULL, 1, NULL, 1, 1, 1, 1, 1, 1, 2, 1, 1, NULL, NULL, NULL, NULL, NULL),
(5, 'Dr 005', 'Alok Gupta', NULL, '12345', 'Doctor', NULL, 'alokgupta@gmail.com', '80522256423', '1980-07-17', NULL, 0.00, NULL, '8052256423', NULL, NULL, NULL, NULL, NULL, 2, NULL, 1, 1, 2, 1, 1, 1, 2, 1, 2, NULL, NULL, NULL, NULL, NULL),
(6, 'GM01', 'Dr. Abhishek Kamendu', NULL, '1233545', 'Professor ', NULL, 'abhishek_kamendu@gmail.com', '0123456789', '1980-01-01', NULL, 50.00, NULL, 'password', NULL, NULL, NULL, NULL, NULL, 5, NULL, 1, 1, 3, 1, 3, 4, 5, 1, 5, NULL, NULL, NULL, '2024-03-21 10:17:35', NULL),
(7, 'ortho-001', 'Dr Wasir', NULL, '00123', 'HOD', NULL, 'wasir@gmail.com', '8130271122', '2024-03-19', NULL, 0.00, NULL, 'password', NULL, NULL, NULL, NULL, NULL, 2, NULL, 1, 1, 1, 1, 1, 1, 2, 1, 2, NULL, NULL, NULL, NULL, NULL),
(8, 'Ortho-07', 'DEEPAK KUMAR', NULL, 'AS1234567', 'SENIOR ORTHO ', NULL, 'DEEPAKKUMAR@GMAIL.COM', '9878987867', '1990-01-21', NULL, 0.00, NULL, '12345678', NULL, NULL, NULL, NULL, NULL, 3, NULL, 1, 1, 1, 3, 1, 1, 2, 1, 2, NULL, NULL, NULL, '2024-07-16 11:25:16', NULL),
(9, 'ORTHO-08', 'UMESH KUMAR SINGH', NULL, 'ASDF23456', 'SENIOR ORTHO SURGEON', NULL, 'UMESH@GMAIL.COM', '3265987898', '2000-01-16', NULL, 0.00, NULL, '123456789', NULL, NULL, NULL, NULL, NULL, 5, NULL, 1, 1, 1, 2, 1, 19, 22, 1, 2, NULL, NULL, NULL, '2024-07-16 12:10:06', NULL),
(10, 'Ortho-09', 'Manoj Kumar', NULL, 'MK8533077', 'Doctor', NULL, 'manojkumar@gmail.com', '8533077025', '1991-05-04', NULL, 100.00, NULL, 'password', NULL, NULL, NULL, NULL, NULL, 1, NULL, 1, 1, 3, 3, 3, 1, 1, 1, 2, NULL, 1, NULL, '2025-04-23 12:03:17', NULL),
(11, 'Pedia-10', 'NewDoctor', 'Doctor', '12345', '12345', '10', 'newdoctor@gmail.com', '1010101010', '1999-05-05', '1999-05-05', 500.00, NULL, '$2y$10$uuuK5QTqWqJg48XqsS7vCODdhVOUvVy/lDZB50GsQi1OmN2HRNldm', NULL, '10th', 'Test About', '10', NULL, 2, 2, 1, 1, 3, 3, 3, 2, 3, 1, 1, 1, NULL, '2025-04-15 10:48:27', '2025-04-15 10:48:27', NULL);

-- --------------------------------------------------------

--
-- Table structure for table `doctor_messages`
--

CREATE TABLE `doctor_messages` (
  `id` bigint(20) UNSIGNED NOT NULL,
  `ipd_id` bigint(20) UNSIGNED NOT NULL,
  `patient_id` bigint(20) UNSIGNED NOT NULL,
  `message` longtext DEFAULT NULL,
  `nurse_station_id` bigint(20) UNSIGNED NOT NULL,
  `created_by_id` bigint(20) UNSIGNED NOT NULL,
  `created_at` timestamp NULL DEFAULT NULL,
  `updated_at` timestamp NULL DEFAULT NULL,
  `deleted_at` timestamp NULL DEFAULT NULL
) ENGINE=InnoDB DEFAULT CHARSET=utf8mb4 COLLATE=utf8mb4_unicode_ci;

--
-- Dumping data for table `doctor_messages`
--

INSERT INTO `doctor_messages` (`id`, `ipd_id`, `patient_id`, `message`, `nurse_station_id`, `created_by_id`, `created_at`, `updated_at`, `deleted_at`) VALUES
(1, 16, 46, 'My new Message', 1, 14, '2025-04-08 05:56:15', '2025-04-08 05:56:15', NULL);

-- --------------------------------------------------------

--
-- Table structure for table `doctor_types`
--

CREATE TABLE `doctor_types` (
  `id` bigint(20) UNSIGNED NOT NULL,
  `name` varchar(100) NOT NULL,
  `created_at` timestamp NULL DEFAULT NULL,
  `updated_at` timestamp NULL DEFAULT NULL,
  `deleted_at` timestamp NULL DEFAULT NULL
) ENGINE=InnoDB DEFAULT CHARSET=utf8mb4 COLLATE=utf8mb4_unicode_ci;

--
-- Dumping data for table `doctor_types`
--

INSERT INTO `doctor_types` (`id`, `name`, `created_at`, `updated_at`, `deleted_at`) VALUES
(1, 'Physician', NULL, NULL, NULL),
(2, 'Surgeon', NULL, NULL, NULL),
(3, 'Both', NULL, NULL, NULL);

-- --------------------------------------------------------

--
-- Table structure for table `doctor_units`
--

CREATE TABLE `doctor_units` (
  `id` bigint(20) UNSIGNED NOT NULL,
  `unit_id` bigint(20) UNSIGNED NOT NULL,
  `department_id` bigint(20) UNSIGNED NOT NULL,
  `doctor_id` bigint(20) UNSIGNED NOT NULL,
  `created_by_id` bigint(20) UNSIGNED DEFAULT NULL,
  `updated_by_id` bigint(20) UNSIGNED DEFAULT NULL,
  `created_at` timestamp NULL DEFAULT NULL,
  `updated_at` timestamp NULL DEFAULT NULL,
  `deleted_at` timestamp NULL DEFAULT NULL
) ENGINE=InnoDB DEFAULT CHARSET=utf8mb4 COLLATE=utf8mb4_unicode_ci;

-- --------------------------------------------------------

--
-- Table structure for table `donors`
--

CREATE TABLE `donors` (
  `id` bigint(20) UNSIGNED NOT NULL,
  `code` varchar(20) DEFAULT NULL,
  `ipd_id` bigint(20) UNSIGNED DEFAULT NULL,
  `patient_id` bigint(20) UNSIGNED DEFAULT NULL,
  `title_id` bigint(20) UNSIGNED NOT NULL,
  `name` varchar(150) DEFAULT NULL COMMENT 'full name of the donor',
  `dob` date DEFAULT NULL COMMENT 'numbers only',
  `age` varchar(100) DEFAULT NULL,
  `gender_id` bigint(20) UNSIGNED NOT NULL,
  `marital_id` bigint(20) UNSIGNED NOT NULL,
  `bloodgroup_id` bigint(20) UNSIGNED DEFAULT NULL,
  `email` varchar(100) DEFAULT NULL,
  `mobile` varchar(12) DEFAULT NULL,
  `village_id` bigint(20) DEFAULT NULL,
  `religion_id` bigint(20) UNSIGNED NOT NULL,
  `occupation_id` bigint(20) UNSIGNED NOT NULL,
  `address` varchar(255) DEFAULT NULL,
  `pincode` varchar(10) DEFAULT NULL,
  `nationality_id` bigint(20) UNSIGNED NOT NULL,
  `relation_id` bigint(20) UNSIGNED NOT NULL,
  `father_name` varchar(30) DEFAULT NULL,
  `mother_name` varchar(30) DEFAULT NULL,
  `id_type_id` bigint(20) UNSIGNED DEFAULT NULL,
  `identification_no` varchar(20) DEFAULT NULL,
  `remarks` varchar(255) DEFAULT NULL,
  `pulse` varchar(50) DEFAULT NULL,
  `bp` varchar(50) DEFAULT NULL,
  `hb` varchar(50) DEFAULT NULL,
  `weight` varchar(50) DEFAULT NULL,
  `created_by_id` bigint(20) UNSIGNED DEFAULT NULL,
  `updated_by_id` bigint(20) UNSIGNED DEFAULT NULL,
  `created_at` timestamp NULL DEFAULT NULL,
  `updated_at` timestamp NULL DEFAULT NULL,
  `deleted_at` timestamp NULL DEFAULT NULL
) ENGINE=InnoDB DEFAULT CHARSET=utf8mb4 COLLATE=utf8mb4_unicode_ci;

--
-- Dumping data for table `donors`
--

INSERT INTO `donors` (`id`, `code`, `ipd_id`, `patient_id`, `title_id`, `name`, `dob`, `age`, `gender_id`, `marital_id`, `bloodgroup_id`, `email`, `mobile`, `village_id`, `religion_id`, `occupation_id`, `address`, `pincode`, `nationality_id`, `relation_id`, `father_name`, `mother_name`, `id_type_id`, `identification_no`, `remarks`, `pulse`, `bp`, `hb`, `weight`, `created_by_id`, `updated_by_id`, `created_at`, `updated_at`, `deleted_at`) VALUES
(1, 'DNR1', NULL, NULL, 2, 'Annu', '1999-06-05', '26 years, 0 months and 0 days', 2, 1, NULL, 'annu@gmail.com', '9058625414', 3, 1, 1, 'BANSBARI, Block-ARARIA , District-ARARIA ,BIHAR', '282006', 1, 1, 'Anil Kumar', 'Arti Devi', 1, '953652145556', 'Test Remarks', '120', '90', '10', '68', 16, NULL, '2025-06-05 04:54:19', '2025-06-05 04:54:19', NULL);

-- --------------------------------------------------------

--
-- Table structure for table `equipment`
--

CREATE TABLE `equipment` (
  `id` bigint(20) UNSIGNED NOT NULL,
  `equipment_group_id` bigint(20) UNSIGNED NOT NULL,
  `name` varchar(255) NOT NULL,
  `code` varchar(100) NOT NULL,
  `created_by_id` bigint(20) UNSIGNED DEFAULT NULL,
  `created_at` timestamp NULL DEFAULT NULL,
  `updated_at` timestamp NULL DEFAULT NULL,
  `deleted_at` timestamp NULL DEFAULT NULL
) ENGINE=InnoDB DEFAULT CHARSET=utf8mb4 COLLATE=utf8mb4_unicode_ci;

--
-- Dumping data for table `equipment`
--

INSERT INTO `equipment` (`id`, `equipment_group_id`, `name`, `code`, `created_by_id`, `created_at`, `updated_at`, `deleted_at`) VALUES
(1, 1, 'Ventilators', 'VTLR', 1, '2025-04-17 11:50:45', '2025-04-17 11:51:13', NULL),
(2, 1, 'ECG Machines', 'ECG', 1, '2025-04-17 11:51:54', '2025-04-17 11:51:54', NULL),
(3, 2, 'Air Conditioners', 'ACOD', 1, '2025-04-17 11:52:13', '2025-04-17 11:52:13', NULL),
(4, 2, 'Elevators', 'ELVT', 1, '2025-04-17 11:52:29', '2025-04-17 11:52:29', NULL);

-- --------------------------------------------------------

--
-- Table structure for table `equipment_groups`
--

CREATE TABLE `equipment_groups` (
  `id` bigint(20) UNSIGNED NOT NULL,
  `name` varchar(255) NOT NULL,
  `code` varchar(100) NOT NULL,
  `created_by_id` bigint(20) UNSIGNED DEFAULT NULL,
  `created_at` timestamp NULL DEFAULT NULL,
  `updated_at` timestamp NULL DEFAULT NULL,
  `deleted_at` timestamp NULL DEFAULT NULL
) ENGINE=InnoDB DEFAULT CHARSET=utf8mb4 COLLATE=utf8mb4_unicode_ci;

--
-- Dumping data for table `equipment_groups`
--

INSERT INTO `equipment_groups` (`id`, `name`, `code`, `created_by_id`, `created_at`, `updated_at`, `deleted_at`) VALUES
(1, 'Medical', 'MD', 1, '2025-04-17 11:13:06', '2025-04-17 11:13:06', NULL),
(2, 'Non-Medical', 'NMD', 1, '2025-04-17 11:13:23', '2025-04-17 11:14:58', NULL);

-- --------------------------------------------------------

--
-- Table structure for table `failed_jobs`
--

CREATE TABLE `failed_jobs` (
  `id` bigint(20) UNSIGNED NOT NULL,
  `uuid` varchar(255) NOT NULL,
  `connection` text NOT NULL,
  `queue` text NOT NULL,
  `payload` longtext NOT NULL,
  `exception` longtext NOT NULL,
  `failed_at` timestamp NOT NULL DEFAULT current_timestamp()
) ENGINE=InnoDB DEFAULT CHARSET=utf8mb4 COLLATE=utf8mb4_unicode_ci;

-- --------------------------------------------------------

--
-- Table structure for table `formats`
--

CREATE TABLE `formats` (
  `id` bigint(20) UNSIGNED NOT NULL,
  `department_id` bigint(20) UNSIGNED NOT NULL,
  `service_group_id` bigint(20) UNSIGNED NOT NULL,
  `service_id` bigint(20) UNSIGNED NOT NULL,
  `gender_id` bigint(20) UNSIGNED DEFAULT NULL,
  `doctor_id` bigint(20) UNSIGNED DEFAULT NULL,
  `lab_equivalent_name` varchar(100) DEFAULT NULL,
  `report_title` varchar(255) DEFAULT NULL,
  `code` varchar(15) NOT NULL,
  `name` varchar(100) NOT NULL,
  `method` varchar(255) DEFAULT NULL,
  `is_gender_specific` tinyint(1) DEFAULT NULL,
  `is_sample_needed` tinyint(1) DEFAULT NULL,
  `is_default_format` tinyint(1) DEFAULT NULL,
  `is_growth` tinyint(1) DEFAULT NULL,
  `specimen` varchar(255) NOT NULL,
  `column_cap_1` varchar(255) DEFAULT NULL,
  `column_cap_2` varchar(255) DEFAULT NULL,
  `column_cap_3` varchar(255) DEFAULT NULL,
  `column_cap_4` varchar(255) DEFAULT NULL,
  `is_accrediation_needed` tinyint(1) NOT NULL DEFAULT 0,
  `is_multiple_oranism_needed` tinyint(1) NOT NULL DEFAULT 0,
  `is_clinical_history` tinyint(1) NOT NULL DEFAULT 0,
  `is_no_normal_range` tinyint(1) NOT NULL DEFAULT 0,
  `min_time` varchar(20) DEFAULT NULL,
  `time_ins_min` bigint(20) UNSIGNED DEFAULT NULL,
  `max_time` varchar(20) DEFAULT NULL,
  `time_ins_max` bigint(20) UNSIGNED DEFAULT NULL,
  `is_active` tinyint(1) NOT NULL DEFAULT 1,
  `created_by_id` bigint(20) UNSIGNED DEFAULT NULL,
  `updated_by_id` bigint(20) UNSIGNED DEFAULT NULL,
  `created_at` timestamp NULL DEFAULT NULL,
  `updated_at` timestamp NULL DEFAULT NULL,
  `deleted_at` timestamp NULL DEFAULT NULL
) ENGINE=InnoDB DEFAULT CHARSET=utf8mb4 COLLATE=utf8mb4_unicode_ci;

-- --------------------------------------------------------

--
-- Table structure for table `format_parameters`
--

CREATE TABLE `format_parameters` (
  `id` bigint(20) UNSIGNED NOT NULL,
  `format_id` bigint(20) UNSIGNED NOT NULL,
  `parameter_id` bigint(20) UNSIGNED NOT NULL,
  `sub_title` varchar(255) NOT NULL,
  `sequence` tinyint(4) DEFAULT NULL,
  `created_at` timestamp NULL DEFAULT NULL,
  `updated_at` timestamp NULL DEFAULT NULL,
  `deleted_at` timestamp NULL DEFAULT NULL
) ENGINE=InnoDB DEFAULT CHARSET=utf8mb4 COLLATE=utf8mb4_unicode_ci;

-- --------------------------------------------------------

--
-- Table structure for table `forms`
--

CREATE TABLE `forms` (
  `id` bigint(20) UNSIGNED NOT NULL,
  `name` varchar(255) NOT NULL,
  `code` varchar(20) NOT NULL,
  `type_id` bigint(20) UNSIGNED NOT NULL,
  `cost_center_id` bigint(20) UNSIGNED NOT NULL,
  `created_at` timestamp NULL DEFAULT NULL,
  `updated_at` timestamp NULL DEFAULT NULL,
  `deleted_at` timestamp NULL DEFAULT NULL
) ENGINE=InnoDB DEFAULT CHARSET=utf8mb4 COLLATE=utf8mb4_unicode_ci;

--
-- Dumping data for table `forms`
--

INSERT INTO `forms` (`id`, `name`, `code`, `type_id`, `cost_center_id`, `created_at`, `updated_at`, `deleted_at`) VALUES
(1, 'ACS', 'ACS', 1, 1, NULL, NULL, NULL),
(2, 'BOT', 'BOT', 1, 1, NULL, NULL, NULL),
(3, 'CAP', 'CAP', 1, 1, NULL, NULL, NULL),
(4, 'CRE', 'CRE', 1, 1, NULL, NULL, NULL),
(5, 'DEN', 'DEN', 1, 1, NULL, NULL, NULL),
(6, 'DRO', 'DRO', 1, 1, NULL, NULL, NULL),
(7, 'EQI', 'EQI', 1, 1, NULL, NULL, NULL),
(8, 'FLU', 'FLU', 1, 1, NULL, NULL, NULL),
(9, 'GEL', 'GEL', 1, 1, NULL, NULL, NULL),
(10, 'GEN', 'GEN', 1, 1, NULL, NULL, NULL),
(11, 'INH', 'INH', 1, 1, NULL, NULL, NULL),
(12, 'INJ', 'INJ', 1, 1, NULL, NULL, NULL),
(13, 'TAB', 'TAB', 1, 1, NULL, NULL, NULL),
(14, 'IVF', 'IVF', 1, 1, NULL, NULL, NULL),
(15, 'JAR', 'JAR', 1, 1, NULL, NULL, NULL),
(16, 'KIT', 'KIT', 1, 1, NULL, NULL, NULL),
(17, 'LOT', 'LOT', 1, 1, NULL, NULL, NULL),
(18, 'OIL', 'OIL', 1, 1, NULL, NULL, NULL),
(19, 'OIN', 'OIN', 1, 1, NULL, NULL, NULL),
(20, 'OPH', 'OPH', 1, 1, NULL, NULL, NULL),
(21, 'PAD', 'PAD', 1, 1, NULL, NULL, NULL),
(22, 'PAR', 'PAR', 1, 1, NULL, NULL, NULL),
(23, 'PAT', 'PAT', 1, 1, NULL, NULL, NULL),
(24, 'PC', 'PC', 1, 1, NULL, NULL, NULL),
(25, 'PKT', 'PKT', 1, 1, NULL, NULL, NULL),
(26, 'POW', 'POW', 1, 1, NULL, NULL, NULL),
(27, 'RES', 'RES', 1, 1, NULL, NULL, NULL),
(28, 'ROT', 'ROT', 1, 1, NULL, NULL, NULL),
(29, 'SAC', 'SAC', 1, 1, NULL, NULL, NULL),
(30, 'SET', 'SET', 1, 1, NULL, NULL, NULL),
(31, 'SHA', 'SHA', 1, 1, NULL, NULL, NULL),
(32, 'SOL', 'SOL', 1, 1, NULL, NULL, NULL),
(33, 'SOP', 'SOP', 1, 1, NULL, NULL, NULL),
(34, 'SPR', 'SPR', 1, 1, NULL, NULL, NULL),
(35, 'SUR', 'SUR', 1, 1, NULL, NULL, NULL),
(36, 'SUT', 'SUT', 1, 1, NULL, NULL, NULL),
(37, 'SYR', 'SYR', 1, 1, NULL, NULL, NULL),
(38, 'VAC', 'VAC', 1, 1, NULL, NULL, NULL),
(39, 'BOX', 'BOX', 1, 1, '2024-07-16 12:32:22', '2024-07-16 12:32:22', NULL);

-- --------------------------------------------------------

--
-- Table structure for table `genders`
--

CREATE TABLE `genders` (
  `id` bigint(20) UNSIGNED NOT NULL,
  `name` varchar(20) NOT NULL,
  `created_at` timestamp NULL DEFAULT NULL,
  `updated_at` timestamp NULL DEFAULT NULL,
  `deleted_at` timestamp NULL DEFAULT NULL
) ENGINE=InnoDB DEFAULT CHARSET=utf8mb4 COLLATE=utf8mb4_unicode_ci;

--
-- Dumping data for table `genders`
--

INSERT INTO `genders` (`id`, `name`, `created_at`, `updated_at`, `deleted_at`) VALUES
(1, 'Male', NULL, NULL, NULL),
(2, 'Female', NULL, NULL, NULL),
(3, 'Transgender', '2024-08-10 11:58:35', '2024-08-10 11:58:35', NULL);

-- --------------------------------------------------------

--
-- Table structure for table `generics`
--

CREATE TABLE `generics` (
  `id` bigint(20) UNSIGNED NOT NULL,
  `name` longtext NOT NULL,
  `type_id` bigint(20) UNSIGNED NOT NULL,
  `cost_center_id` bigint(20) UNSIGNED NOT NULL,
  `created_at` timestamp NULL DEFAULT NULL,
  `updated_at` timestamp NULL DEFAULT NULL,
  `deleted_at` timestamp NULL DEFAULT NULL
) ENGINE=InnoDB DEFAULT CHARSET=utf8mb4 COLLATE=utf8mb4_unicode_ci;

--
-- Dumping data for table `generics`
--

INSERT INTO `generics` (`id`, `name`, `type_id`, `cost_center_id`, `created_at`, `updated_at`, `deleted_at`) VALUES
(1, '(S)-AMLODIPINE', 1, 1, NULL, NULL, NULL),
(2, 'GENERAL', 1, 1, NULL, NULL, NULL),
(3, 'THYROXINE 37.5MCG', 1, 1, NULL, NULL, NULL),
(4, 'THYROXINE SODIUM 62.5', 1, 1, NULL, NULL, NULL),
(5, 'THYROXINE 88MCG', 1, 1, NULL, NULL, NULL),
(6, 'ATORVASTATIN 40MG', 1, 1, NULL, NULL, NULL),
(7, 'SODIUM ALGINATE SODIUM BICARBONATE& CILCIUM CARBONATE SYP', 1, 1, NULL, NULL, NULL),
(8, 'HUMAN ALBUMIN 20% 100ML', 1, 1, NULL, NULL, NULL),
(9, 'TENOFOVIR DISOPROXIL FUMARATE IP 300MG', 1, 1, NULL, NULL, NULL),
(10, 'POVIDINE-IODINE', 1, 1, NULL, NULL, NULL),
(11, 'ULINASTATIN', 1, 1, NULL, NULL, NULL),
(12, 'NORMAL SALINE 3% 100ML GLASS', 1, 1, NULL, NULL, NULL),
(13, 'VITAMINS+MINERALS', 1, 1, NULL, NULL, NULL),
(14, 'LACTULOSE 10GM/15ML 200ML', 1, 1, NULL, NULL, NULL),
(15, 'STERILE WATER 1000ML', 1, 1, NULL, NULL, NULL),
(16, 'FORMOTEROL FUMARATE 6 MCG+BUDESONIDE 200 MCG/1 PUFF', 1, 1, NULL, NULL, NULL),
(17, 'IRON 50MG/5ML', 1, 1, NULL, NULL, NULL),
(18, 'GLUTACHIONE 500MG', 1, 1, NULL, NULL, NULL),
(19, 'LOMUSTINE 40MG', 1, 1, NULL, NULL, NULL),
(20, 'ATORVASTATIN 20MG', 1, 1, NULL, NULL, NULL),
(21, 'PARACETAMOL 250MG', 1, 1, NULL, NULL, NULL),
(22, 'PROTEIN HYDROLYSATE 333MG+VITAMIN B6 0.75MG+D-PANTHENOL 2.5MG+NIACINAMIDE 22.5MG+IRON CHOLINE CITRATE 15MG+ZINC SULPHATE 2.66MG+MAGNESIUM CHLORIDE 3.33MG+MANGANESE CHLORIDE 0.03MG/5 ML', 1, 1, NULL, NULL, NULL),
(23, 'TICAGRELOR 90MG', 1, 1, NULL, NULL, NULL),
(24, 'SURGICAL OTHERS', 1, 1, NULL, NULL, NULL),
(25, 'LAB-KITS', 1, 1, NULL, NULL, NULL),
(26, 'CARBONYL IRON 60MG+FOLIC ACID 1.5MG+ADENOSYLCOBALAMIN 500 MCG+ZINC OXIDE 20MG', 1, 1, NULL, NULL, NULL),
(27, 'GREEN TEA GINSENG GINKGO BILOBA OMEGA-3 FATTY ACID L-CARNITINE', 1, 1, NULL, NULL, NULL),
(28, 'CINNARZINE 75MG', 1, 1, NULL, NULL, NULL),
(29, 'OMEGA-3 FATTY ACIDS GREEN TEA EXTRACT GINKGO BILOBA GINSENG VIT MINERALS ELEMENT CAP', 1, 1, NULL, NULL, NULL),
(30, 'TAMSULOSIN HYD 0.4 MG DEFLAZACORT 30MG CAP', 1, 1, NULL, NULL, NULL),
(31, 'FOLIC ACID 5MG', 1, 1, NULL, NULL, NULL),
(32, 'ITRACONAZOLE', 1, 1, NULL, NULL, NULL),
(33, 'PANTOPRAZOLE 40MG+ITOPRIDE HYDROCHLORIDE 150MG', 1, 1, NULL, NULL, NULL),
(34, 'DUTASTERIDE 0.5MG', 1, 1, NULL, NULL, NULL),
(35, 'CHLORAMPHENICOL 500MG', 1, 1, NULL, NULL, NULL),
(36, 'COLLAGEN PEPTIDES GLUCOSAMINE &VITAMIN C SACHET', 1, 1, NULL, NULL, NULL),
(37, 'MULTIVITAMIN AND MULTIMINERAL', 1, 1, NULL, NULL, NULL),
(38, 'IRON 100MG+FOLIC ACID 1.5MG', 1, 1, NULL, NULL, NULL),
(39, 'DILTIAZEM 120MG', 1, 1, NULL, NULL, NULL),
(40, 'IRON+ FOLIC ACID', 1, 1, NULL, NULL, NULL),
(41, 'CALCIUM CARBONATE 1000MG+VITAMIN D3 200 IU+ZINC SULPHATE MONOHYDRATE 11MG+MAGNESIUM HYDROXIDE 240MG', 1, 1, NULL, NULL, NULL),
(42, 'PANTOPRAZOLE 40 MG + DOMPERIDONE 30 MG', 1, 1, NULL, NULL, NULL),
(43, 'OMEPRAZOLE 20MG', 1, 1, NULL, NULL, NULL),
(44, 'CALCITROL+CALCIUM CITRATE & MINERALS', 1, 1, NULL, NULL, NULL),
(45, 'CARIPRAZINE 3MG CAP', 1, 1, NULL, NULL, NULL),
(46, 'CARBONYL IRON 12MG+FOLIC ACID 500 MCG+CALCIUM PANTOTHENATE 30MG+SOY ISOFLAVONES 75MG+SELENIUM 100 MCG+MAGNESIUM 90MG+ZINC 15MG+IODINE 225 MCG+COPPER 1MG+MANGANESE 2MG+CHROMIUM 65 MCG+BORON 2MG+VITAMIN A 2500 IU+VITAMIN B1 10MG+VITAMIN B2 5MG+VITAMIN B6 40MG+NIACINAMIDE 20MG+VITAMIN B12 10 MCG+VITAMIN C 45MG+VITAMIN D3 200 IU+VITAMIN E 30MG+BIOTIN 30 MCG', 1, 1, NULL, NULL, NULL),
(47, 'CALCITRIOL 0.25 MCG+CALCIUM CARBONATE 500MG', 1, 1, NULL, NULL, NULL),
(48, 'MULTIVITAMIN+MULTIMINERAL+AMINO ACID SYP', 1, 1, NULL, NULL, NULL),
(49, 'SACCHAROMYCES BOULARDII.BACILLUS SUBTILIS & FRUCTO OLIGOSACCHARIDES CAP', 1, 1, NULL, NULL, NULL),
(50, 'PROCARBAZINE 50MG', 1, 1, NULL, NULL, NULL),
(51, 'DEXLANSOPRAZOLE MR 60 MG', 1, 1, NULL, NULL, NULL),
(52, 'BOSWELLIA SERRATA EXTRACT NATIVE COLLAGEN', 1, 1, NULL, NULL, NULL),
(53, 'BENFOTIAMINE 100MG + PYRIDOXINE 1.5MG + METHYLCOBALAMINE 1000MCG + CHROMIUM PICOLINATE 150MCG + INOSITOL 100MG + ALPHA LINELENIC ACID 50MG + FOLIC ACID 1.5MG', 1, 1, NULL, NULL, NULL),
(54, 'MEBEVERINE HYDROCHLORIDE 135MG', 1, 1, NULL, NULL, NULL),
(55, 'RABEPRAZOLE 20MG+DOMPERIDONE 30MG', 1, 1, NULL, NULL, NULL),
(56, 'ATOMOXETINE 18MG', 1, 1, NULL, NULL, NULL),
(57, 'ATOMOXETINE 10MG', 1, 1, NULL, NULL, NULL),
(58, 'MULTIVITAMIN + FERROUS FUMARATE', 1, 1, NULL, NULL, NULL),
(59, 'ACETAZOLAMIDE 25MG', 1, 1, NULL, NULL, NULL),
(60, 'VENLAFAXINE HCL', 1, 1, NULL, NULL, NULL),
(61, 'LENALIDOMIDE 5MG', 1, 1, NULL, NULL, NULL),
(62, 'TAMSULOSIN 0.4MG', 1, 1, NULL, NULL, NULL),
(63, 'PANTOPRAZOLE 40MG+DOMPERIDONE (SR) 30MG', 1, 1, NULL, NULL, NULL),
(64, 'RABEPRAZOLE 20MG+DOMPERIDONE 10MG', 1, 1, NULL, NULL, NULL),
(65, 'PREGABALIN 75MG+METHYLCOBALAMINE 500MCG', 1, 1, NULL, NULL, NULL),
(66, 'METHYLCOBALAMIN 1500 MCG+ALPHA LIPOIC ACID 200MG+FOLIC ACID 5MG+BIOTIN 5MG+PYRIDOXINE HYDROCHLORIDE 5MG+BENFOTIAMINE 50MG', 1, 1, NULL, NULL, NULL),
(67, 'NINTEDANIB ESYLATE', 1, 1, NULL, NULL, NULL),
(68, 'DOXYCYCLINE AND LACTIC ACID', 1, 1, NULL, NULL, NULL),
(69, 'PROPRANOLOL 20MG', 1, 1, NULL, NULL, NULL),
(70, 'CALCITRIOL+MECOBALAMIN+OMEGA-3-ACID ETHYL ESTERS+FOLIC ACID', 1, 1, NULL, NULL, NULL),
(71, 'PRASUGREL HYDROCHLORIC 10MG+ASPIRIN 75MG', 1, 1, NULL, NULL, NULL),
(72, 'ROSUVASTATIN+ASPRIN', 1, 1, NULL, NULL, NULL),
(73, 'ROSUVASTATIN 20 MG + ASPIRIN 150 MG', 1, 1, NULL, NULL, NULL),
(74, 'CALCIUM CITRATE 1000MG+VITAMIN D3 1000 IU+ELEMENTAL MAGNESIUM 100MG+ELEMENTAL ZINC 4MG', 1, 1, NULL, NULL, NULL),
(75, 'PANTOPRAZOLE 40MG+AMOXICILLIN 750MG+CLARITHROMYCIN 500MG', 1, 1, NULL, NULL, NULL),
(76, 'AMPICILLIN + DICLOXACILLIN', 1, 1, NULL, NULL, NULL),
(77, 'TAMSULOSIN HYDROCHLORIDE 0.2MG', 1, 1, NULL, NULL, NULL),
(78, 'CARBONYL IRON+VIT+ZINC', 1, 1, NULL, NULL, NULL),
(79, 'OMEPRAZOLE+DOMPERIDONE', 1, 1, NULL, NULL, NULL),
(80, 'OSELTAMIVIR 75MG', 1, 1, NULL, NULL, NULL),
(81, 'B COMPLEX', 1, 1, NULL, NULL, NULL),
(82, 'AMOXICILLIN 250MG+CLOXACILLIN 250MG+LACTOBACILLUS SPOROGENES 60 MILLION CELLS', 1, 1, NULL, NULL, NULL),
(83, 'AMOXICILLIN 250 MG', 1, 1, NULL, NULL, NULL),
(84, 'CHLORAMPHENICOL 1 % W/W', 1, 1, NULL, NULL, NULL),
(85, 'PANTOPRAZOLE 40MG+LEVOSULPIRIDE 75MG', 1, 1, NULL, NULL, NULL),
(86, 'CALCIUM PANTOTHENATE 50MG+VITAMIN B12 15 MCG+FOLIC ACID 1.5MG+THIAMINE MONONITRATE 10MG+RIBOFLAVINE 10MG+PYRIDOXINE HYDROCHLORIDE 3MG+NIACINAMIDE 100MG+ASCORBIC ACID 150MG+BIOTIN 100 MCG', 1, 1, NULL, NULL, NULL),
(87, 'ATORVASTATIN 10MG+ASPIRIN 75MG+GLYCINE 37.5MG', 1, 1, NULL, NULL, NULL),
(88, 'ROSUVASTATIN 10MG+ASPIRIN (EC) 75MG', 1, 1, NULL, NULL, NULL),
(89, 'COLLAGEN TYPE 1 40MG+MUCOPOLYSACCHARIDE 220MG+VITAMIN C 20MG', 1, 1, NULL, NULL, NULL),
(90, 'ESSENTIAL AMINO ACIDS+VITAMIN C', 1, 1, NULL, NULL, NULL),
(91, 'ISOTRETINOIN 20MG', 1, 1, NULL, NULL, NULL),
(92, 'ROSUVASTATIN AND CLOPIDOGREL CAPSUELS', 1, 1, NULL, NULL, NULL),
(93, 'DABIGATRAN ETEXILATE 110MG', 1, 1, NULL, NULL, NULL),
(94, 'RACECADOTRIL 100MG', 1, 1, NULL, NULL, NULL),
(95, 'DOMPERIDONE 10MG', 1, 1, NULL, NULL, NULL),
(96, 'DOXEPIN HCL', 1, 1, NULL, NULL, NULL),
(97, 'BETA CAROTENE 3MG+VITAMIN D3 100 IU+PYRIDOXINE HYDROCHLORIDE 40MG+PARA-AMINOBENZOIC ACID 30MG+NIACINAMIDE 30MG+FOLIC ACID 2.5MG+BIOTIN 30 MCG+VITAMIN B12 15 MCG+FERROUS FUMARATE 45.63MG+ZINC SULPHATE MONOHYDRATE 41.2MG+MAGNESIUM HYDROXIDE 155MG+MANGANESE SULPHATE 6.16MG+COPPER SULPHATE 4MG+ELEMENTAL CHROMIUM 50 MCG+ELEMENTAL SELENIUM 100 MCG+SODIUM BORATE 17.7MG+POTASSIUM IODIDE 295 MCG', 1, 1, NULL, NULL, NULL),
(98, 'DULOXETINE HYDROCHLORIDE 20MG', 1, 1, NULL, NULL, NULL),
(99, 'DULOXETINE HYDROCHLORIDE 30MG', 1, 1, NULL, NULL, NULL),
(100, 'L METHYL FOLATE CALCIUM + METHYLCOBALAMIN + PYRIDOXAL + DHA', 1, 1, NULL, NULL, NULL),
(101, 'PROGESTERONE 200MG', 1, 1, NULL, NULL, NULL),
(102, 'AMOXYCILLIN 500MG', 1, 1, NULL, NULL, NULL),
(103, 'ACEBROPHYLLINE 100MG', 1, 1, NULL, NULL, NULL),
(104, 'TAMSULOSIN HYDROCHLORIDE 0.4MG+DUTASTERIDE 0.5MG', 1, 1, NULL, NULL, NULL),
(105, 'PROPRANOLOL 40MG', 1, 1, NULL, NULL, NULL),
(106, 'LUTEIN 5 MG+OMEGA-3 FATTY ACID 500 MG+ZEAXANTHIN 1 MG', 1, 1, NULL, NULL, NULL),
(107, 'METHYCOBALAMINE+ZINC+VITB1+VITB6+FOLIC ACID+NIACINAMIDE+CHRO', 1, 1, NULL, NULL, NULL),
(108, 'TRETINOIN', 1, 1, NULL, NULL, NULL),
(109, 'AMOROLFINE', 1, 1, NULL, NULL, NULL),
(110, 'LULICONAZOLE 1 % W/W', 1, 1, NULL, NULL, NULL),
(111, 'HYDROCORTISONE 1 % W/W', 1, 1, NULL, NULL, NULL),
(112, 'MOMETASONE FUROATE 0.1 % W/W+FUSIDIC ACID 2 % W/W', 1, 1, NULL, NULL, NULL),
(113, 'CLOBETASOL PROPIONATE 0.05 % W/W+NEOMYCIN SULPHATE 0.5 % W/W+MICONAZOLE 2 % W/W', 1, 1, NULL, NULL, NULL),
(114, 'NIFEDIPINE 0.3 % W/W+LIDOCAINE 1.5 % W/W', 1, 1, NULL, NULL, NULL),
(115, 'TRANEXAMIC ACID + KOJIC ACID + ALPHA ARBUTIN + MULBERRY EXTRACT + MAGNESIUM ASCORBYL + VITAMIN E', 1, 1, NULL, NULL, NULL),
(116, 'SILVER SULFADIAZINE 1 % W/W+SUCRALFATE 7 % W/W+CHLORHEXIDINE GLUCONATE 0.2 % W/W', 1, 1, NULL, NULL, NULL),
(117, 'OZENOXACIN 1.0% W/W', 1, 1, NULL, NULL, NULL),
(118, 'BECLOMETHASONE DIPROPIONATE 0.025 % W/W+PHENYLEPHRINE HYDROCHLORIDE 0.1 % W/W+LIDOCAINE HYDROCHLORIDE 2.5 % W/W', 1, 1, NULL, NULL, NULL),
(119, 'VITAMIN E', 1, 1, NULL, NULL, NULL),
(120, 'AZELAIC ACID 10% W/W', 1, 1, NULL, NULL, NULL),
(121, 'FRADIOMYCIN SULFATE', 1, 1, NULL, NULL, NULL),
(122, 'KETOCONAZOLE 2%', 1, 1, NULL, NULL, NULL),
(123, 'MOMETASONE FUROATE 0.1 % W/W', 1, 1, NULL, NULL, NULL),
(124, 'ALLANTOIN 0.2 % W/W+ALOE VERA EXTRACT 10 % W/W+TITANIUM DIOXIDE 0.25 % W/W', 1, 1, NULL, NULL, NULL),
(125, 'CLOTRIMAZOLE +BECLOMETHASONE DIPROPIONATE', 1, 1, NULL, NULL, NULL),
(126, 'ALOE VERA 10 % W/W+GLYCERIN 10 % W/W', 1, 1, NULL, NULL, NULL),
(127, 'HYDROQUINONE TRETINOIN+MOMETASONE FUROATE', 1, 1, NULL, NULL, NULL),
(128, 'CLOBETASOL PROPIONATE 0.05 % W/W+SALICYLIC ACID 3.5 % W/W', 1, 1, NULL, NULL, NULL),
(129, 'SUCRALFATE + METRONIDAZOLE + LIGNOCAINE HCL', 1, 1, NULL, NULL, NULL),
(130, 'TEST', 1, 1, NULL, NULL, NULL),
(131, 'NEOMYCIN SULPHATE 5MG+BACITRACIN 250 U+SULPHACETAMIDE 60MG/1 G', 1, 1, NULL, NULL, NULL),
(132, 'SODIUM CHLORIDE 0.65 % W/V', 1, 1, NULL, NULL, NULL),
(133, 'DOMPERIDONE 1MG/ML', 1, 1, NULL, NULL, NULL),
(134, 'MOXIFLOXACIN HYDROCHLORIDE', 1, 1, NULL, NULL, NULL),
(135, 'PARACETA + CHLORPHE + PHENYLPROPANALAMINE', 1, 1, NULL, NULL, NULL),
(136, 'MOXIFLOXACIN 0.5% LOTEPREDNOL ETABONATE 0.5%', 1, 1, NULL, NULL, NULL),
(137, 'MOXIFLOXACIN 0.5 % W/W', 1, 1, NULL, NULL, NULL),
(138, 'LEVOSALBUTAMOL 0.5MG+AMBROXOL HYDROCHLORIDE 15MG+GUAIPHENESIN 50MG/5 ML', 1, 1, NULL, NULL, NULL),
(139, 'CLOTRIMAZOLE 2% W/V', 1, 1, NULL, NULL, NULL),
(140, 'CYCLOSPORINE 0.05% W/W', 1, 1, NULL, NULL, NULL),
(141, 'CYCLOSPORIN 1 % W/V', 1, 1, NULL, NULL, NULL),
(142, 'PHENYLEPHRINE HYDROCHLORIDE 5MG+CHLORPHENIRAMINE MALEATE 2MG', 1, 1, NULL, NULL, NULL),
(143, 'PREDNISOLONE 5MG', 1, 1, NULL, NULL, NULL),
(144, 'HYDROXYZINE 10MG/5ML', 1, 1, NULL, NULL, NULL),
(145, 'NATAMYCIN', 1, 1, NULL, NULL, NULL),
(146, 'ATROPINE SULPHATE 0.6MG/ML', 1, 1, NULL, NULL, NULL),
(147, 'CARBOXYMETHYLCELLULOSE 0.5%', 1, 1, NULL, NULL, NULL),
(148, 'CARBOXYMETHYL CELLULOSE + BENZALKONIUM CHLORIDE', 1, 1, NULL, NULL, NULL),
(149, 'CARBOXYMETHYL CELLULOSE SODIUM', 1, 1, NULL, NULL, NULL),
(150, 'AMBROXOL HYDROCHLORIDE 15MG+TERBUTALINE SULPHATE 1.25MG+GUAIPHENESIN 500MG/ 5 ML', 1, 1, NULL, NULL, NULL),
(151, 'SODIUM CHLORIDE + PHENYL MERCURIC NITRATE', 1, 1, NULL, NULL, NULL),
(152, 'SODIUM CARBOXYMETHYLCELLULOSE 5MG', 1, 1, NULL, NULL, NULL),
(153, 'SODIUM CARBOXYMETHYLCELLULOSE 1 % W/W+SORBITOL 3 % W/W+POTASSIUM CHLORIDE 0.12 % W/W+SODIUM CHLORIDE 0.084 % W/W+MAGNESIUM CHLORIDE 0.052 % W/W+CALCIUM CHLORIDE 0.015 % W/W+POTASSIUM DIHYDROGEN PHOSPHATE 0.034 % W/W', 1, 1, NULL, NULL, NULL),
(154, 'CHOLECALCIFEROL 800 IU', 1, 1, NULL, NULL, NULL),
(155, 'PARACETAMOL', 1, 1, NULL, NULL, NULL),
(156, 'HYPROMELLOSE 0.3%', 1, 1, NULL, NULL, NULL),
(157, 'NEOMYCIN + BECLOMETHASONE + CLOTRIMAZOLE + LIGNOCAINE', 1, 1, NULL, NULL, NULL),
(158, 'NEPHAZOLINE HCL + PHENYLEPHRINE HCL', 1, 1, NULL, NULL, NULL),
(159, 'CIPROFLOXACIN + DEXAMETHASONE', 1, 1, NULL, NULL, NULL),
(160, 'GENTAMICIN+DIPROPIONATE+CLOTRIMAZOLE+LIGNOCAINE', 1, 1, NULL, NULL, NULL),
(161, 'LOTEPREDNOL ETABONATE 5MG/ML', 1, 1, NULL, NULL, NULL),
(162, 'POLYMYXIN B SULPHATE 5000 U+NEOMYCIN SULPHATE 3400 U+ZINC BACITRACIN 400 U/1 G', 1, 1, NULL, NULL, NULL),
(163, 'FLURBIPROFEN 0.3MG', 1, 1, NULL, NULL, NULL),
(164, 'SIMETHICONE 40MG+DILL OIL 0.005 ML+FENNEL OIL 0.001 ML', 1, 1, NULL, NULL, NULL),
(165, 'OXYMETAZOLINE HYDROCHLORIDE 50MCG', 1, 1, NULL, NULL, NULL),
(166, 'TOBRAMYCIN 0.3% W/V + MOXIFLOXACIN 0.5% W/V', 1, 1, NULL, NULL, NULL),
(167, 'LOTEPREDNOL ETABONATE 0.5% W/V+BENZALKONIUM CHLORIDE 0.01% W/V', 1, 1, NULL, NULL, NULL),
(168, 'MOXIFLOXACIN 5MG+DEXAMETHASONE PHOSPHATE 1MG/1 ML', 1, 1, NULL, NULL, NULL),
(169, 'POLYETHYLENE GLYCOL SODIUM+CL SODIUMBICARBONATE POTASSIUM+CL', 1, 1, NULL, NULL, NULL),
(170, 'CLOTRIMAZOLE', 1, 1, NULL, NULL, NULL),
(171, 'OFLOXACIN 0.3 % W/V', 1, 1, NULL, NULL, NULL),
(172, 'BRINZOLAMIDE 10MG', 1, 1, NULL, NULL, NULL),
(173, 'PROPARACAINE HYDROCHLORIDE 0.5%', 1, 1, NULL, NULL, NULL),
(174, 'DORZOLAMIDE 2 % W/V', 1, 1, NULL, NULL, NULL),
(175, 'MOXIFLOXACIN OPTHALMIC SOLUTION 5ML', 1, 1, NULL, NULL, NULL),
(176, 'CHLORAMBUCIL  2MG', 1, 1, NULL, NULL, NULL),
(177, 'ATROPINE SULPHATE 1% W/V', 1, 1, NULL, NULL, NULL),
(178, 'BIMATOPROST 0.3G/ML', 1, 1, NULL, NULL, NULL),
(179, 'METRONIDAZOLE & CHLORHEXIDINE GLUCONATE GEL', 1, 1, NULL, NULL, NULL),
(180, 'MESALAZINE 500MG', 1, 1, NULL, NULL, NULL),
(181, 'CLINDAMYCIN&BENZOYL PEROXIDE GEL', 1, 1, NULL, NULL, NULL),
(182, 'KOJIC ACID HYDROQUINONE NIACINAMIDE TETRAHYDROCURCCUMINOIDS GEL', 1, 1, NULL, NULL, NULL),
(183, 'LACTIC ACID VIT K VIT A PALMITATE PROPYLENE GLYCOL CARBOMER DIMTHYLODIMETHYL HYDANTOIN TRIETHANLAMINE', 1, 1, NULL, NULL, NULL),
(184, 'ALOE VERA 10 %+WHEAT GERM OIL 0.6 %+HONEY 1 %+TEA TREE OIL 0.1 %', 1, 1, NULL, NULL, NULL),
(185, 'CHLORHEXIDINE GLUCONATE', 1, 1, NULL, NULL, NULL),
(186, 'DICLOFENAC DIETHYLAMMONIUM 1.16 % W/W+MEPHENESIN 5 % W/W+MENTHOL 2 % W/W+METHYL SALICYLATE 5 % W/W+TURPENTINE OIL 3 % W/W', 1, 1, NULL, NULL, NULL),
(187, 'FERACRYLUM 1 %', 1, 1, NULL, NULL, NULL),
(188, 'DICLOFENAC DIETHYLAMINE 1.16 % W/W+LINSEED OIL 3 % W/W+MENTHOL 5 % W/W+METHYL SALICYLATE 10 % W/W+CAPSAICIN 0.025 % W/W', 1, 1, NULL, NULL, NULL),
(189, 'OCTINOXATE+AVOBENZONE+OXYBENZONE+ZINC OXIDE', 1, 1, NULL, NULL, NULL),
(190, 'DINOPROSTONE 0.5MG', 1, 1, NULL, NULL, NULL),
(191, 'METRONIDAZOLE 5GM', 1, 1, NULL, NULL, NULL),
(192, 'GEMCITABINE 200 MG', 1, 1, NULL, NULL, NULL),
(193, 'LEVOCETRIZINE 5MG', 1, 1, NULL, NULL, NULL),
(194, 'KETOCONAZOLE WITH CETRIMIDE', 1, 1, NULL, NULL, NULL),
(195, 'BIO-MEDICAL', 1, 1, NULL, NULL, NULL),
(196, 'VILANTEROL 12.5 MCG AND FLUTICASONE FUROTE 50MCG', 1, 1, NULL, NULL, NULL),
(197, 'GLYCOPYROLATE 9MCG FORMOTEROL FUMARATE 4.8 & BUDESONIDE 160 MCG INHALATION', 1, 1, NULL, NULL, NULL),
(198, 'GLYCOPYRROLATE 0.5MG+NEOSTIGMINE METHYLSULPHATE 2.5MG/5 ML', 1, 1, NULL, NULL, NULL),
(199, 'FORMOTEROL FUMARATE AND BUDESONIDE', 1, 1, NULL, NULL, NULL),
(200, 'SALMETEROL 25 MCG+FLUTICASONE PROPIONATE 250 MCG', 1, 1, NULL, NULL, NULL),
(201, 'FENTANYL 50MG 2ML', 1, 1, NULL, NULL, NULL),
(202, 'TRIMETHOPRIM 16MG SULPHAMETHOXAZOLE 80MG ETHANOL 10%', 1, 1, NULL, NULL, NULL),
(203, 'CEFTRIAXONE 1 GM+SULBACTAM 0.5 GM', 1, 1, NULL, NULL, NULL),
(204, 'LEVETIRACETAM 100MG 5 ML', 1, 1, NULL, NULL, NULL),
(205, 'PIPERACILLIN SODIUM 2GM+TAZOBACTAM 0.25GM', 1, 1, NULL, NULL, NULL),
(206, 'CLARITHROMYCIN 500MG', 1, 1, NULL, NULL, NULL),
(207, 'METHYLPREDNISOLONE', 1, 1, NULL, NULL, NULL),
(208, 'MITOMYCIN 40MG', 1, 1, NULL, NULL, NULL),
(209, 'HUMAN NORMAL IMMUNOGLOBULIN IP 5%', 1, 1, NULL, NULL, NULL),
(210, 'NALOXONE 400MCG', 1, 1, NULL, NULL, NULL),
(211, 'TIGECYCLINE 50MG', 1, 1, NULL, NULL, NULL),
(212, 'TERIPARATIDE 750MCG', 1, 1, NULL, NULL, NULL),
(213, 'MESNA 200MG 2ML', 1, 1, NULL, NULL, NULL),
(214, 'PNEUMOCOCCAL POLYSACCHARIDE VACCINE+POLYVALENT 25MCG', 1, 1, NULL, NULL, NULL),
(215, 'ERYTHROPOIETIN 6000IU', 1, 1, NULL, NULL, NULL),
(216, 'CARBETOCIN INJ100MCG/ML', 1, 1, NULL, NULL, NULL),
(217, 'CEFTRIAXONE 1GM DISODIUM 37MG SULBACTAM 500MG', 1, 1, NULL, NULL, NULL),
(218, 'MEROPENEM', 1, 1, NULL, NULL, NULL),
(219, 'THIAMINE HYDROCHLORIDE 100MG', 1, 1, NULL, NULL, NULL),
(220, 'LIGNOCAINE 1% 2ML', 1, 1, NULL, NULL, NULL),
(221, 'AMOXYCILLIN 875MG+CLAVULANIC ACID 125MG', 1, 1, NULL, NULL, NULL),
(222, 'CEFTAZIDIME 2GM', 1, 1, NULL, NULL, NULL),
(223, 'FERRIC CARBOXY MALTOSE', 1, 1, NULL, NULL, NULL),
(224, 'AMINOCAPROIC ACID INJ 5 G/20ML', 1, 1, NULL, NULL, NULL),
(225, 'COLISTIMETHATE SODIUM 1M IU', 1, 1, NULL, NULL, NULL),
(226, 'ENOXAPARIN 60MG', 1, 1, NULL, NULL, NULL),
(227, 'DROTAVERINE HYDROCHLORIDE 40MG', 1, 1, NULL, NULL, NULL),
(228, 'RANITIDINE 25MG/ML', 1, 1, NULL, NULL, NULL),
(229, 'CALCIUM CHLORIDE 10 % W/V', 1, 1, NULL, NULL, NULL),
(230, 'HUMAN PROTHROMBIN COMPLEX IP', 1, 1, NULL, NULL, NULL),
(231, 'PENTAZOCINE 30MG/ML', 1, 1, NULL, NULL, NULL),
(232, 'ROPIVACAINE 7.5MG', 1, 1, NULL, NULL, NULL),
(233, 'HYDROCORTISONE 100MG', 1, 1, NULL, NULL, NULL),
(234, 'PHENYLEPHRINE 10MG', 1, 1, NULL, NULL, NULL),
(235, 'N-BUTYL CYANOACRYLATEE INJ', 1, 1, NULL, NULL, NULL),
(236, 'ZOLEDRONIC ACID 4MG', 1, 1, NULL, NULL, NULL),
(237, 'GRANISETRON 1MG', 1, 1, NULL, NULL, NULL),
(238, 'BEVACIZUMAB 100MG', 1, 1, NULL, NULL, NULL),
(239, 'MEROPENEM & SULBACTAM 1500MG INJ', 1, 1, NULL, NULL, NULL),
(240, 'ENOXAPARIN 40MG', 1, 1, NULL, NULL, NULL),
(241, 'PHENOXYBENZAMINE HYDROCHLORIDE 50MG', 1, 1, NULL, NULL, NULL),
(242, 'PIPERACILLIN SODIUM 4GM+TAZOBACTAM 0.5GM', 1, 1, NULL, NULL, NULL),
(243, 'INSULINS', 1, 1, NULL, NULL, NULL),
(244, 'ALPROSTADIL 500MCG', 1, 1, NULL, NULL, NULL),
(245, 'BETAMETHASONE 0.1 % W/W', 1, 1, NULL, NULL, NULL),
(246, 'LEVETIRACETAM 500MG', 1, 1, NULL, NULL, NULL),
(247, 'SODIUM VALPROATE 200MG', 1, 1, NULL, NULL, NULL),
(248, 'ETOPOSIDE 100MG', 1, 1, NULL, NULL, NULL),
(249, 'BLEOMYCIN 15MG', 1, 1, NULL, NULL, NULL),
(250, 'CISPLATIN 50MG', 1, 1, NULL, NULL, NULL),
(251, 'TERLIPRESSIN 1MG', 1, 1, NULL, NULL, NULL),
(252, 'RABIES IMMUNE GLOBULIN (HUMAN) 300IU', 1, 1, NULL, NULL, NULL),
(253, 'TRAMADOL 100MG', 1, 1, NULL, NULL, NULL),
(254, 'CEFTRIAXONE 1 GM+TAZOBACTAM 0.125 GM', 1, 1, NULL, NULL, NULL),
(255, 'CLINDAMYCIN 300MG', 1, 1, NULL, NULL, NULL),
(256, 'CEFTAZIDIME 1GM', 1, 1, NULL, NULL, NULL),
(257, 'LEVOSULPIRIDE 75 MG+RABEPRAZOLE 40 MG', 1, 1, NULL, NULL, NULL),
(258, 'HEPATITIS B VIRUS VACCINE', 1, 1, NULL, NULL, NULL),
(259, 'IRON 30MG+FOLIC ACID 0.5MG/5 ML', 1, 1, NULL, NULL, NULL),
(260, 'HUMAN IMMUNOGLOBULIN', 1, 1, NULL, NULL, NULL),
(261, 'RABIES ANTISERA 2.5IU', 1, 1, NULL, NULL, NULL),
(262, 'DICYCLOMINE HYDROCHLORIDE 20MG+PARACETAMOL 500MG', 1, 1, NULL, NULL, NULL),
(263, 'CYCLOPHOSPHAMIDE 500MG', 1, 1, NULL, NULL, NULL),
(264, 'CIPROFLOXACIN 200MG 100ML', 1, 1, NULL, NULL, NULL),
(265, 'DICLOFENAC SODIUM 75MG', 1, 1, NULL, NULL, NULL),
(266, 'TRANEXAMIC ACID 500MG', 1, 1, NULL, NULL, NULL),
(267, 'FERRIC HYDROXIDE', 1, 1, NULL, NULL, NULL),
(268, 'CEFTRIAXONE 500MG', 1, 1, NULL, NULL, NULL),
(269, 'IMIPENEM 500MG+CILASTATIN SODIUM 500MG', 1, 1, NULL, NULL, NULL),
(270, 'MEROPENEM 1GM', 1, 1, NULL, NULL, NULL),
(271, 'INSULIN GLARGINE', 1, 1, NULL, NULL, NULL),
(272, 'COLISTIMETHATE SODIUM 2M IU', 1, 1, NULL, NULL, NULL),
(273, 'CYCLOPHOSPHAMIDE 200MG', 1, 1, NULL, NULL, NULL),
(274, 'DOXORUBICIN 50MG', 1, 1, NULL, NULL, NULL),
(275, 'DOXORUBICIN 10MG', 1, 1, NULL, NULL, NULL),
(276, 'LACOSAMIDE 20 ML', 1, 1, NULL, NULL, NULL),
(277, 'AMINO ACIDS 8% W/V', 1, 1, NULL, NULL, NULL),
(278, 'CEFTRIAXONE 1GM', 1, 1, NULL, NULL, NULL),
(279, 'AMOXYCILLIN + POTASSIUM CLAVULANATE', 1, 1, NULL, NULL, NULL),
(280, 'PANTOPRAZOLE 40MG', 1, 1, NULL, NULL, NULL),
(281, 'ONDANSETRON 4MG', 1, 1, NULL, NULL, NULL),
(282, 'CEFOPERAZONE 1 GM+SULBACTAM 0.5 GM', 1, 1, NULL, NULL, NULL),
(283, 'AMIKACIN 500MG', 1, 1, NULL, NULL, NULL),
(284, 'AMIKACIN 250MG', 1, 1, NULL, NULL, NULL),
(285, 'AMIKACIN 100MG', 1, 1, NULL, NULL, NULL),
(286, 'VASOPRESSIN 20IU', 1, 1, NULL, NULL, NULL),
(287, 'RECOMBINANT ANTI RHO D', 1, 1, NULL, NULL, NULL),
(288, 'HEPARIN 25000IU', 1, 1, NULL, NULL, NULL),
(289, 'ADRENALINE 1MG', 1, 1, NULL, NULL, NULL),
(290, 'PHENYTOIN 100MG', 1, 1, NULL, NULL, NULL),
(291, 'HUMAN INSULIN SOLUBLE 100IU', 1, 1, NULL, NULL, NULL),
(292, 'METHYLENE BLUE', 1, 1, NULL, NULL, NULL),
(293, 'SILDENAFIL CITRATE 10MG', 1, 1, NULL, NULL, NULL),
(294, 'AMPHOTERICIN-B 50MG', 1, 1, NULL, NULL, NULL),
(295, 'BORTEZOMIB 2MG', 1, 1, NULL, NULL, NULL),
(296, 'ROCURONIUM BROMIDE 50MG', 1, 1, NULL, NULL, NULL),
(297, 'BUPIVACAINE 5MG', 1, 1, NULL, NULL, NULL),
(298, 'IBUTILIDE FUMARATE', 1, 1, NULL, NULL, NULL),
(299, 'VINBLASTINE 10MG', 1, 1, NULL, NULL, NULL),
(300, 'DEXTROSE 25% 100ML PLASTIC', 1, 1, NULL, NULL, NULL),
(301, 'DOCETAXEL 120MG', 1, 1, NULL, NULL, NULL),
(302, 'DOCETAXEL 80MG', 1, 1, NULL, NULL, NULL),
(303, 'SODIUM TETRADECYL SULPHATE', 1, 1, NULL, NULL, NULL),
(304, 'METHYLPREDNISOLONE 125MG', 1, 1, NULL, NULL, NULL),
(305, 'METHYLPREDNISOLONE 500MG', 1, 1, NULL, NULL, NULL),
(306, 'METHYLPREDNISOLONE 1GM', 1, 1, NULL, NULL, NULL),
(307, 'DOXYCYCLINE', 1, 1, NULL, NULL, NULL),
(308, 'MEROPENEM 500MG', 1, 1, NULL, NULL, NULL),
(309, 'DEXAMETHASONE 4MG', 1, 1, NULL, NULL, NULL),
(310, 'DOXYCYCLINE HYCLATE 100MG', 1, 1, NULL, NULL, NULL),
(311, 'FONDAPARINUX SODIUM 2.5MG', 1, 1, NULL, NULL, NULL),
(312, 'METHYLPREDNISOLONE 40MG', 1, 1, NULL, NULL, NULL),
(313, 'REMDESIVIR 100MG/VIAL', 1, 1, NULL, NULL, NULL),
(314, 'AZITHROMYCIN 500MG', 1, 1, NULL, NULL, NULL),
(315, 'METHYLPREDNISOLONE 8MG', 1, 1, NULL, NULL, NULL),
(316, 'METHYLPREDNISOLONE 80MG', 1, 1, NULL, NULL, NULL),
(317, 'ENOXAPARIN SODIUM', 1, 1, NULL, NULL, NULL),
(318, 'INSULIN LISPRO 40IU', 1, 1, NULL, NULL, NULL),
(319, 'MYCOBACTERIUM W (HEAT KILLED)', 1, 1, NULL, NULL, NULL),
(320, 'CYTARABINE 100MG', 1, 1, NULL, NULL, NULL),
(321, 'PHENYLEPHRINE HCL', 1, 1, NULL, NULL, NULL),
(322, 'KETAMINE 50MG/ML', 1, 1, NULL, NULL, NULL),
(323, 'PEGYLATED R HUMAN GRANULOCYTE COLONY STIMULATING FACTOR', 1, 1, NULL, NULL, NULL),
(324, 'VANCOMYCIN 250MG', 1, 1, NULL, NULL, NULL),
(325, 'DICLOFENAC SODIUM', 1, 1, NULL, NULL, NULL),
(326, 'IFOSFAMIDE 1GM', 1, 1, NULL, NULL, NULL),
(327, 'PACLITAXEL 260MG', 1, 1, NULL, NULL, NULL),
(328, 'CHLORPROMAZINE 50MG', 1, 1, NULL, NULL, NULL),
(329, 'AMIODARONE', 1, 1, NULL, NULL, NULL),
(330, 'CLINDAMYCIN', 1, 1, NULL, NULL, NULL),
(331, 'BETAMETHASONE', 1, 1, NULL, NULL, NULL),
(332, 'MILRINONE LACTATE 10MG', 1, 1, NULL, NULL, NULL),
(333, 'LEUPROLIDE ACETATE 3.75MG', 1, 1, NULL, NULL, NULL),
(334, 'PROTAMINE 50MG 5ML', 1, 1, NULL, NULL, NULL),
(335, 'SODIUM NITROPRUSSIDE 50MG', 1, 1, NULL, NULL, NULL),
(336, 'EPIRUBICIN HYDROCHLORIDE 50MG', 1, 1, NULL, NULL, NULL),
(337, 'GEMCITABINE 1 GM', 1, 1, NULL, NULL, NULL),
(338, 'ONDANSETRON 8MG', 1, 1, NULL, NULL, NULL),
(339, 'FILGRASTIM 300MCG', 1, 1, NULL, NULL, NULL),
(340, 'VINCRISTINE 1MG', 1, 1, NULL, NULL, NULL),
(341, 'DACARBAZINE 200MG', 1, 1, NULL, NULL, NULL),
(342, 'PACLITAXEL 6MG+POLYOXYL 35 CASTOR OIL 527MG+DEHYDRATED ALCOHOL 49.7%V.V', 1, 1, NULL, NULL, NULL),
(343, 'FLUOROURACIL 500MG', 1, 1, NULL, NULL, NULL),
(344, 'CARBOPLATIN 150MG', 1, 1, NULL, NULL, NULL),
(345, 'OXALIPLATIN 50MG', 1, 1, NULL, NULL, NULL),
(346, 'LEUCOVORIN 15MG', 1, 1, NULL, NULL, NULL),
(347, 'CARBOPLATIN 450MG', 1, 1, NULL, NULL, NULL),
(348, 'CYCLOPHOSPHAMIDE 1GM', 1, 1, NULL, NULL, NULL),
(349, 'LORAZEPAM 2MG/ML', 1, 1, NULL, NULL, NULL),
(350, 'HEPARIN 5000IU', 1, 1, NULL, NULL, NULL),
(351, 'OXYTOCIN 5 IU', 1, 1, NULL, NULL, NULL),
(352, 'CLINDAMYCIN 150MG/ML 2ML', 1, 1, NULL, NULL, NULL),
(353, 'TRAMADOL HYDROCHLORIDE 50MG', 1, 1, NULL, NULL, NULL),
(354, 'RABEPRAZOLE 20MG', 1, 1, NULL, NULL, NULL),
(355, 'ONDANSETRAN 2MG/5ML', 1, 1, NULL, NULL, NULL),
(356, 'DICLOFENAC SODIUM 100MG', 1, 1, NULL, NULL, NULL),
(357, 'METHYLCOBALAMIN 1500 MCG + PYRIDOXINE HYDROCHLORIDE 20 MG + FOLIC ACID  5 MG', 1, 1, NULL, NULL, NULL),
(358, 'RECOMBINANT-HUMAN FOLLICLE STIMULATING HORMONE 150IU', 1, 1, NULL, NULL, NULL),
(359, 'METHOTREXATE 500MG', 1, 1, NULL, NULL, NULL),
(360, 'POLIDOCANOL 3%', 1, 1, NULL, NULL, NULL),
(361, 'METHOTREXATE 50MG', 1, 1, NULL, NULL, NULL),
(362, 'NORADRENALINE 4MG', 1, 1, NULL, NULL, NULL),
(363, 'CEFUROXIME 1500MG', 1, 1, NULL, NULL, NULL),
(364, 'ARTESUNATE 60MG', 1, 1, NULL, NULL, NULL),
(365, 'METHOTREXATE 15MG', 1, 1, NULL, NULL, NULL),
(366, 'PHOSPHOLIPIDS 25MG', 1, 1, NULL, NULL, NULL),
(367, 'MENOTROPHIN 75IU', 1, 1, NULL, NULL, NULL),
(368, 'LEVOCARNITINE 1GM/5ML', 1, 1, NULL, NULL, NULL),
(369, 'DEXAMETHASONE', 1, 1, NULL, NULL, NULL),
(370, 'CEFEPIME 1GM', 1, 1, NULL, NULL, NULL),
(371, 'RANITIDINE 150MG', 1, 1, NULL, NULL, NULL),
(372, 'DEXMEDETOMIDINE 100MCG', 1, 1, NULL, NULL, NULL),
(373, 'AMOXYCIILIN 1000MG+CLAVULANIC ACID 200MG', 1, 1, NULL, NULL, NULL),
(374, 'ESMOLOL 100MG', 1, 1, NULL, NULL, NULL),
(375, 'TRENAXAMIC ACID 500MG', 1, 1, NULL, NULL, NULL),
(376, 'DILTIAZEM 25MG 5ML', 1, 1, NULL, NULL, NULL),
(377, 'PROGESTERONE 100MG', 1, 1, NULL, NULL, NULL),
(378, 'NICORANDIL 48MG', 1, 1, NULL, NULL, NULL),
(379, 'IRON 20MG 5ML', 1, 1, NULL, NULL, NULL),
(380, 'ETOMIDATE EMULSION', 1, 1, NULL, NULL, NULL),
(381, 'MECOBALAMIN+FOLIC ACID+PYRIDOXINE HCL', 1, 1, NULL, NULL, NULL),
(382, 'TRIAMCINOLONE 10MG', 1, 1, NULL, NULL, NULL),
(383, 'TRIAMCINOLONE 40MG', 1, 1, NULL, NULL, NULL),
(384, 'KETOROLAC TROMETHAMINE 4 MG+OLOPATADINE 1 MG', 1, 1, NULL, NULL, NULL),
(385, 'ADENOSINE 6MG', 1, 1, NULL, NULL, NULL),
(386, 'PRALIDOXIME IODIDE 500MG', 1, 1, NULL, NULL, NULL),
(387, 'PAPAVERINE HYDROCHLORIDE 30MG/ML', 1, 1, NULL, NULL, NULL),
(388, 'HYDROCORTISONE 10MG', 1, 1, NULL, NULL, NULL),
(389, 'STREPTOMYCIN 0.75GM', 1, 1, NULL, NULL, NULL),
(390, 'STREPTOMYCIN 1GM', 1, 1, NULL, NULL, NULL),
(391, 'AMINOPHYLLINE ANHYDROUS 25MG/ ML', 1, 1, NULL, NULL, NULL),
(392, 'DIGOXIN 0.25MG', 1, 1, NULL, NULL, NULL),
(393, 'BENZATHINE PENICILLIN 12LAC', 1, 1, NULL, NULL, NULL),
(394, 'BENZATHINE PENICILLIN 6LAC', 1, 1, NULL, NULL, NULL),
(395, 'AMIODARONE 150MG', 1, 1, NULL, NULL, NULL),
(396, 'PROCHLORPERAZINE MALEATE 12.5MG', 1, 1, NULL, NULL, NULL),
(397, 'CHLOROQUINE 64.5MG', 1, 1, NULL, NULL, NULL),
(398, 'CITICOLINE 250MG 2ML', 1, 1, NULL, NULL, NULL),
(399, 'MITOMYCIN 2MG', 1, 1, NULL, NULL, NULL),
(400, 'VECURONIUM BROMIDE 10MG', 1, 1, NULL, NULL, NULL),
(401, 'VITAMIN C + VITAMIN B12 + FOLIC ACID + NIACINAMIDE', 1, 1, NULL, NULL, NULL),
(402, 'NETILMICIN 50MG', 1, 1, NULL, NULL, NULL),
(403, 'TEICOPLANIN 400MG', 1, 1, NULL, NULL, NULL),
(404, 'CLONIDINE HYDROCHLORIDE 150MCG', 1, 1, NULL, NULL, NULL),
(405, 'BUPRENORPHINE 0.3MG', 1, 1, NULL, NULL, NULL),
(406, 'BACILLUS CALMETTE-GUERIN (BCG) VACCINE', 1, 1, NULL, NULL, NULL),
(407, 'METHYLERGOMETRINE MALEATE 0.2MG', 1, 1, NULL, NULL, NULL),
(408, 'ATRACURIUM 25MG', 1, 1, NULL, NULL, NULL),
(409, 'TETANUS TOXOID 0.5ML', 1, 1, NULL, NULL, NULL),
(410, 'THIOPENTONE 500MG', 1, 1, NULL, NULL, NULL),
(411, 'VANCOMYCIN 500MG', 1, 1, NULL, NULL, NULL),
(412, 'EPHEDRINE HYDROCHLORIDE 30MG', 1, 1, NULL, NULL, NULL),
(413, 'HAEMOCOAGULASE 0.2 CHRISTENSEN UNITS', 1, 1, NULL, NULL, NULL),
(414, 'AMPICILLIN 500MG', 1, 1, NULL, NULL, NULL),
(415, 'AMINO ACID 7% + MALIC ACID', 1, 1, NULL, NULL, NULL),
(416, 'SODIUM CHLORIDE 6.8 G+POTASSIUM CHLORIDE 0.3 G+MAGNESIUM CHLORIDE HEXAHYDRATE 0.2 G+CALCIUM CHLORIDE DIHYDRATE 0.37 G+SODIUM ACETATE TRIHYDRATE 3.27 G+MALIC ACID 0.67 G+SODIUM 145 MMOL+POTASSIUM 4 MMOL+MAGNESIUM 1 MMOL+CALCIUM 2.5 MMOL+CHLORIDE 127 MMOL+ACETATE 24 MMOL', 1, 1, NULL, NULL, NULL),
(417, 'SODIUM CHLORIDE 0.877 G+POTASSIUM CHLORIDE 0.671 G+POTASSIUM HYDROGEN 2-OXOPENTANDIOATE 0.184 G+MAGNESIUM CHLORIDE 0.813 G+HISTIDINE MONOHYDROCHLORIDE 3.773 G+HISTIDINE 27.929 G+TRYPTOPHAN 0.409 G+MANNITOL 5.465 G+CALCIUM CHLORIDE 0.002 G/1 L', 1, 1, NULL, NULL, NULL),
(418, 'DEXTROSE MONOHYDRATE 15 G+SODIUM LACTATE 4.48 G+SODIUM CHLORIDE 5.38 G+CALCIUM CHLORIDE 0.257 G+MAGNESIUM CHLORIDE 0.051 G/1 L', 1, 1, NULL, NULL, NULL),
(419, 'MULTIPLE ELECTROLYTES AND DEXTROSE INJ', 1, 1, NULL, NULL, NULL),
(420, 'OFLOXACIN 200MG', 1, 1, NULL, NULL, NULL),
(421, 'LINEZOLID 600MG', 1, 1, NULL, NULL, NULL),
(422, 'LINEZOLID 600MG 300ML', 1, 1, NULL, NULL, NULL),
(423, 'LEVOFLOXACIN 500MG 100ML', 1, 1, NULL, NULL, NULL),
(424, 'TIROFIBAN 5MG+SODIUM CHLORIDE 0.9 % W/V', 1, 1, NULL, NULL, NULL),
(425, 'SODIUM CHLORIDE 0.9 % W/V', 1, 1, NULL, NULL, NULL),
(426, 'DEXTROSE 5% 500ML GLASS', 1, 1, NULL, NULL, NULL),
(427, 'GLUCOSE', 1, 1, NULL, NULL, NULL),
(428, 'AMINO ACIDS 10%+ELECTROLYTES+MEDIUM-CHAIN TRIGLYCERIDES LCT FAT EMULSION 20% / 340ML+DEXTROSE 15% / 1060ML', 1, 1, NULL, NULL, NULL),
(429, 'SODIUM CHLORIDE', 1, 1, NULL, NULL, NULL),
(430, 'DEXTROSE 5% 500ML PLASTIC', 1, 1, NULL, NULL, NULL),
(431, 'MOXIFLOXACIN 400MG', 1, 1, NULL, NULL, NULL),
(432, 'CIPROFLOXACIN 250MG', 1, 1, NULL, NULL, NULL),
(433, 'HYDROXYETHYL STARCH 6 G+SODIUM ACETATE TRIHYDRATE 0.463 G+SODIUM CHLORIDE 0.602 G+POTASSIUM CHLORIDE 0.03 G+MAGNESIUM CHLORIDE HEXAHYDRATE 0.03 G+SODIUM 137 MMOL+POTASSIUM 4 MMOL+MAGNESIUM 1.5 MMOL+CHLORIDE 110 MMOL', 1, 1, NULL, NULL, NULL),
(434, 'TAMSULOSIN 0.4 SOLIFENACIN 5MG TAB', 1, 1, NULL, NULL, NULL),
(435, 'ESTRADIOL VALERATE 2MG', 1, 1, NULL, NULL, NULL),
(436, 'EPLERENONE 25MG+TORSEMIDE 10MG', 1, 1, NULL, NULL, NULL),
(437, 'MIFEPRISTONE 200MG', 1, 1, NULL, NULL, NULL),
(438, 'RIZATRIPTAM 5MG', 1, 1, NULL, NULL, NULL),
(439, 'NALTREXONE 50MG', 1, 1, NULL, NULL, NULL),
(440, 'MEGESTROL ACETATE', 1, 1, NULL, NULL, NULL),
(441, 'SILDENAFIL CITRATE 25MG', 1, 1, NULL, NULL, NULL),
(442, 'SACUBITRIL + VALSARTAN', 1, 1, NULL, NULL, NULL),
(443, 'CHOLECALCIFEROL 600000IU', 1, 1, NULL, NULL, NULL),
(444, 'BOSENTAN 62.5MG', 1, 1, NULL, NULL, NULL),
(445, 'DYDROGESTERONE 10MG', 1, 1, NULL, NULL, NULL),
(446, 'CHOLECALCIFEROL 60000IU', 1, 1, NULL, NULL, NULL),
(447, 'ZINC ACETATE+DOXYCYCLINE+IVERMECTIN', 1, 1, NULL, NULL, NULL),
(448, 'CAPECITABINE 500MG', 1, 1, NULL, NULL, NULL),
(449, 'FAVIPIRAVIR', 1, 1, NULL, NULL, NULL),
(450, 'NICORANDIL 10MG', 1, 1, NULL, NULL, NULL),
(451, 'GEFITINIB 250MG', 1, 1, NULL, NULL, NULL),
(452, 'LETROZOLE 2.5MG', 1, 1, NULL, NULL, NULL),
(453, 'EUPHORBIA POSTRATA EXTRACT 100 MG+ CALCIUM DOBESILATE 500 MG', 1, 1, NULL, NULL, NULL),
(454, 'TOLVAPTAN 15MG', 1, 1, NULL, NULL, NULL),
(455, 'CHLOROQUINE 500MG', 1, 1, NULL, NULL, NULL),
(456, 'MINOXIDIL 5%', 1, 1, NULL, NULL, NULL),
(457, 'LACTULOSE 20%', 1, 1, NULL, NULL, NULL),
(458, 'GLYCERIN', 1, 1, NULL, NULL, NULL),
(459, 'SALICYLIC ACID 2%', 1, 1, NULL, NULL, NULL),
(460, 'ALOE& VITAMIN E CREAM', 1, 1, NULL, NULL, NULL),
(461, 'GLYCOLIC ACID + ALOE VERA + ALLANTOIN', 1, 1, NULL, NULL, NULL),
(462, 'CLOBETASOL PROPIONATE 0.05 % W/W+SALICYLIC ACID 6.5 % W/W', 1, 1, NULL, NULL, NULL),
(463, 'CLOBETASOL PROPIONATE 0.05 % W/W+SALICYLIC ACID 3 % W/W', 1, 1, NULL, NULL, NULL),
(464, 'GAMMA-LINOLENIC ACID 120MG+MECOBALAMIN 500 MCG', 1, 1, NULL, NULL, NULL),
(465, 'PERMETHRIN 50MG', 1, 1, NULL, NULL, NULL),
(466, 'CLINDAMYCIN 1 % W/W', 1, 1, NULL, NULL, NULL),
(467, 'ACICLOVIR 3%', 1, 1, NULL, NULL, NULL),
(468, 'CLOBETASOL PROPIONATE', 1, 1, NULL, NULL, NULL),
(469, 'MUPIROCIN 2 % W/W', 1, 1, NULL, NULL, NULL),
(470, 'TACROLIMUS 0.1 % W/W', 1, 1, NULL, NULL, NULL),
(471, 'CLOBETASOL PROPIONATE 0.05 % W/W', 1, 1, NULL, NULL, NULL),
(472, 'CLOBETASOL PROPIONATE 0.05% FUSIDIC ACID 2%W/W', 1, 1, NULL, NULL, NULL),
(473, 'CREAMS', 1, 1, NULL, NULL, NULL),
(474, 'TACROLIMUS 0.03% W/W', 1, 1, NULL, NULL, NULL),
(475, 'POVIDONE IODINE 200MG', 1, 1, NULL, NULL, NULL),
(476, 'FRAMYCETIN SULPHATE 1 % W/W', 1, 1, NULL, NULL, NULL),
(477, 'CHLORAMPHENICOL+POLYMYXIN B SULPHATE', 1, 1, NULL, NULL, NULL),
(478, 'FUSIDIC ACID 2% W/W', 1, 1, NULL, NULL, NULL),
(479, 'OFLOXACIN 50MG+ORNIDAZOLE 125MG', 1, 1, NULL, NULL, NULL),
(480, 'D-PANTHENOL 50 MG+HYALURONIC ACID 1 MG', 1, 1, NULL, NULL, NULL),
(481, 'SUCRALFATE', 1, 1, NULL, NULL, NULL),
(482, 'ADAPALENE 1MG+CLINDAMYCIN PHOSPHATE 10MG/1GM', 1, 1, NULL, NULL, NULL),
(483, 'SUCRALFATE + TINIDAZOLE + POVIDONE IODINE', 1, 1, NULL, NULL, NULL),
(484, 'MICONAZOLE NITRATE 2 % W/W+FLUOCINOLONE ACETONIDE 0.01 % W/W', 1, 1, NULL, NULL, NULL),
(485, 'CIPROFLOXACIN 0.3 % X 5ML', 1, 1, NULL, NULL, NULL),
(486, 'TERBINAFINE HYDROCHLORIDE 1 % W/W', 1, 1, NULL, NULL, NULL),
(487, 'METHOXSALEN+AMINOBENZOIC ACID', 1, 1, NULL, NULL, NULL),
(488, 'METRONIDAZOLE 1 %+POVIDONE IODINE 5 %', 1, 1, NULL, NULL, NULL),
(489, 'ATROPINE SULPHATE', 1, 1, NULL, NULL, NULL),
(490, 'BECLOMETASONE DIPROPIONATE 100 MCG+LEVOSALBUTAMOL 100 MCG', 1, 1, NULL, NULL, NULL),
(491, 'ACICLOVIR+BENZALKONIUM CHLORIDE', 1, 1, NULL, NULL, NULL),
(492, 'ARC PAD', 1, 1, NULL, NULL, NULL),
(493, 'SODIUM BICARBONATE', 1, 1, NULL, NULL, NULL),
(494, 'OBJECTIVE LENS', 1, 1, NULL, NULL, NULL),
(495, 'FENTANYL 50MCG PATCH', 1, 1, NULL, NULL, NULL),
(496, 'BUPRENORPHINE 5MCG', 1, 1, NULL, NULL, NULL),
(497, 'DICLOFENAC DIETHYLAMINE 100MG', 1, 1, NULL, NULL, NULL),
(498, 'MOXIFLOXACIN 5.4MG', 1, 1, NULL, NULL, NULL),
(499, 'PROTEIN 30 G+CARBOHYDRATE 48 G+FAT 14 G+VITAMIN B1 1.06MG+VITAMIN B2 0.25MG+NICOTINAMIDE 14MG+SUGAR 23 G+VITAMIN B6 1.26MG', 1, 1, NULL, NULL, NULL),
(500, 'LENS', 1, 1, NULL, NULL, NULL),
(501, 'CHLORHEXIDINE GLUCONATE 4%', 1, 1, NULL, NULL, NULL),
(502, 'PYROPHOSPHATES', 1, 1, NULL, NULL, NULL),
(503, 'RAPID ACTION FLUORIDE', 1, 1, NULL, NULL, NULL),
(504, 'STRONTIUM CHLORIDE HEXAHYDRATE', 1, 1, NULL, NULL, NULL),
(505, 'ALBUMEN PROTEIN + MULTI VITAMIN', 1, 1, NULL, NULL, NULL),
(506, 'GLUTATHIONE + PHENYLBENZIMIDAZOLE SULFONIC + NIACINAMIDE + SODIUM ASCORBYL', 1, 1, NULL, NULL, NULL),
(507, 'CICLOPIROX 1 % W/V+ZINC PYRITHIONE 1 % W/V', 1, 1, NULL, NULL, NULL),
(508, 'GLUTARALDEHYDE SOLUTION 2.45% W/V', 1, 1, NULL, NULL, NULL),
(509, 'MULTIVITAMIN +MINERAL', 1, 1, NULL, NULL, NULL),
(510, 'CARDIAC OUTPUT MONITOR', 1, 1, NULL, NULL, NULL),
(511, 'SEVOFLURANE 250ML', 1, 1, NULL, NULL, NULL),
(512, 'PROPYLENE GLYCOL', 1, 1, NULL, NULL, NULL),
(513, 'ISOPROPYL ALCOHOL', 1, 1, NULL, NULL, NULL),
(514, 'BACILLUS SUBTILIS', 1, 1, NULL, NULL, NULL),
(515, 'CHLORTHALIDONE', 1, 1, NULL, NULL, NULL),
(516, 'POVIDONE IODINE 100ML', 1, 1, NULL, NULL, NULL),
(517, 'MOMETASONE FUROATE 50MCG', 1, 1, NULL, NULL, NULL),
(518, 'LIGNOCAINE 2% 30GM', 1, 1, NULL, NULL, NULL),
(519, 'CHLORHEXIDINE GLUCONATE + ETHYL ALCOHOL', 1, 1, NULL, NULL, NULL),
(520, 'BENZYDAMINE MOUTHWASH', 1, 1, NULL, NULL, NULL),
(521, 'SETHOSCOPE', 1, 1, NULL, NULL, NULL),
(522, 'ET TUBES', 1, 1, NULL, NULL, NULL),
(523, 'HALOTHANE 0.01 % W/W 250ML', 1, 1, NULL, NULL, NULL),
(524, 'PATCH', 1, 1, NULL, NULL, NULL),
(525, 'ZINC ACETATE 20MG/ 5 ML', 1, 1, NULL, NULL, NULL),
(526, 'DJ STENT', 1, 1, NULL, NULL, NULL),
(527, 'ABDOMINAL BELT', 1, 1, NULL, NULL, NULL),
(528, 'CALAMINE 8 %+LIGHT LIQUID PARAFFIN 10 %', 1, 1, NULL, NULL, NULL),
(529, 'PROTEIN 20 G+VITAMIN A 5330 IU+CARBOHYDRATE 63 G+VITAMIN D3 333 IU+VITAMIN B2 4.5MG+VITAMIN B1 3.3MG+VITAMIN B6 1.6MG+NICOTINAMIDE 50MG+VITAMIN C 83MG+FOLIC ACID 1MG+CALCIUM PANTOTHENATE 3.3MG+VITAMIN B12 1.6 MCG+ELEMENTAL IRON 30MG+DICALCIUM PHOSPHATE 1330MG+COPPER SULPHATE 1.6MG+MANGANESE SULPHATE 0.1MG/100 G', 1, 1, NULL, NULL, NULL),
(530, 'LACTIC ACID BASILUS', 1, 1, NULL, NULL, NULL),
(531, 'ALOE BARBADENSIS EXTRACT+GLYCERIN+VITMAIN E+LANOLIN+ALLANTOIN+DEMINERALISED WATER+LIGHT LIQUID PARAFFIN OIL+PROPYELNE GLYCOL+CETYL ALCOHOL+TURMERIC OIL+CYCLOMETHICONE+ISOPROPYL MYRISTATE+IMIDAZOLINIDYL UREA+GLYCERAL MONOSEARATE+ETHYLENE DI AMINE TETRA ACETIC ACID+METHYL PARABEN+PROPYL PARABEN+TOCOPHERYL ACETATE', 1, 1, NULL, NULL, NULL),
(532, 'SODIUM PALMATE+SODIUM PALM KERNELATE+AQUA+PERFUME+KETOCONAZOLE', 1, 1, NULL, NULL, NULL),
(533, 'SALMETROL + FLUTICASONE', 1, 1, NULL, NULL, NULL),
(534, 'MOMETASONE FUROATE', 1, 1, NULL, NULL, NULL),
(535, 'KNEE BRACE', 1, 1, NULL, NULL, NULL),
(536, 'PROTEINS WITH VITAMINS. CARBOHYDRATES', 1, 1, NULL, NULL, NULL),
(537, 'LIDOCAINE HYDROCHLORIDE 21.3MG+ADRENALINE BITARTRATE 0.05MG', 1, 1, NULL, NULL, NULL),
(538, 'LEVOSALBUTAMOL 50 MCG+IPRATROPIUM BROMIDE 20 MCG', 1, 1, NULL, NULL, NULL),
(539, 'EYE LENS', 1, 1, NULL, NULL, NULL),
(540, 'PELVIC BELT', 1, 1, NULL, NULL, NULL),
(541, 'HYDROQUINONE 2 % W/W+OXYBENZONE 2.5 % W/W+OCTINOXATE 9 % W/W', 1, 1, NULL, NULL, NULL),
(542, 'BUDESONIDE 200 MCG+FORMOTEROL FUMARATE 6 MCG', 1, 1, NULL, NULL, NULL),
(543, 'POTASSIUM CHLORIDE 300MG+SODIUM CITRATE 580MG+SODIUM CHLORIDE 250MG+ANHYDROUS DEXTROSE 5.4 G+CARBOHYDRATES 24 G/200 ML', 1, 1, NULL, NULL, NULL),
(544, 'CLOTRIMAZOLE 1% W/W', 1, 1, NULL, NULL, NULL),
(545, 'BISACODYL 5MG', 1, 1, NULL, NULL, NULL),
(546, 'TRIFLUOPERAZINE HYDROCHLORIDE 5MG+TRIHEXYPHENIDYL HYDROCHLORIDE 2MG', 1, 1, NULL, NULL, NULL),
(547, 'FORMOTEROL FUMARATE 6 MCG+FLUTICASONE PROPIONATE 250 MCG', 1, 1, NULL, NULL, NULL),
(548, 'FORMOTEROL FUMARATFORMOTEROL FUMARATE 6 MCG+BUDESONIDE 400 MCG/1 PUFF', 1, 1, NULL, NULL, NULL),
(549, 'CLINDAMYCIN PHOSPHATE 10MG', 1, 1, NULL, NULL, NULL),
(550, 'METHOXSALEN', 1, 1, NULL, NULL, NULL),
(551, 'BISACODYL 10MG', 1, 1, NULL, NULL, NULL),
(552, 'GLOVE', 1, 1, NULL, NULL, NULL),
(553, 'MESALAZINE 4GM 60ML', 1, 1, NULL, NULL, NULL),
(554, '84.8%POLY2HYDROXYETHYLMETHACRYLATE+14.9%(PHPMA+SODIUM DEOXYCHOLT', 1, 1, NULL, NULL, NULL),
(555, 'DIAPER', 1, 1, NULL, NULL, NULL),
(556, 'PROTEIN 8MG+CARBOHYDRATES 3.7MG+VITAMIN A 2500 IU+CHOLECALCIFEROL 125 IU+VITAMIN B1 1.1MG+VITAMIN B2 1.2MG+NIACINAMIDE 11.2MG+CALCIUM 4MG+IRON 1.6MG+ZINC 0.28MG/5 G', 1, 1, NULL, NULL, NULL),
(557, 'FINASTERIDE 1MG', 1, 1, NULL, NULL, NULL),
(558, 'NUTRITIONAL SUPPLEMENT', 1, 1, NULL, NULL, NULL),
(559, 'FLUTICASONE PROPIONATE 5MG', 1, 1, NULL, NULL, NULL),
(560, 'GLYCOPYRROLATE INHALATION 25MCG', 1, 1, NULL, NULL, NULL),
(561, 'BUDESONIDE 0.5MG', 1, 1, NULL, NULL, NULL),
(562, 'BACILLUS CLAUSII SPORES SUSPENSION', 1, 1, NULL, NULL, NULL),
(563, 'IPRATROPIUM BROMIDE 500 MCG+LEVOSALBUTAMOL 1.25MG/2.5 ML', 1, 1, NULL, NULL, NULL),
(564, 'TOBRAMYCIN 300MG', 1, 1, NULL, NULL, NULL),
(565, 'FUMARATE 12MCG FLUTICASONE 500 MCG', 1, 1, NULL, NULL, NULL),
(566, 'SALMETEROL 50 MCG+FLUTICASONE PROPIONATE 250 MCG', 1, 1, NULL, NULL, NULL),
(567, 'IPRATROPIUM BROMIDE 40 MCG+LEVOSALBUTAMOL 100 MCG', 1, 1, NULL, NULL, NULL),
(568, 'PROTEIN MCT IRON', 1, 1, NULL, NULL, NULL),
(569, 'MESALAZINE 1GM', 1, 1, NULL, NULL, NULL),
(570, 'BIOACTIVE COLLAGEN PEPTIDES+SODIUM HYALURONATE', 1, 1, NULL, NULL, NULL),
(571, 'LYCOPENE L-ARGINIE GLUTATHIONE L-CARNITINE METHYCOBALAMIN SE', 1, 1, NULL, NULL, NULL),
(572, 'KETOCONAZOLE+ALOES+ZINC PYRITHIONE SOLUTION', 1, 1, NULL, NULL, NULL),
(573, 'SERTACONAZOLE NITRATE', 1, 1, NULL, NULL, NULL),
(574, 'DESMOPRESSIN 0.1MG', 1, 1, NULL, NULL, NULL),
(575, 'MIDAZOLAM 5MG 5ML', 1, 1, NULL, NULL, NULL),
(576, 'AZELASTINE HYDROCHLORIDE 140 MCG+FLUTICASONE PROPIONATE 50 MCG', 1, 1, NULL, NULL, NULL),
(577, 'DICLOFENAC DIETHYLAMMONIUM 1.16 % W/W+LINSEED OIL 3 % W/W+METHYL SALICYLATE 10 % W/W+MENTHOL 5 % W/W', 1, 1, NULL, NULL, NULL),
(578, 'OXYMETAZOLINE HYDROCHLORIDE 0.5MG', 1, 1, NULL, NULL, NULL),
(579, 'MONTELUKAST SODIUM+FEXOFENADINE HYDROCHLORIDE', 1, 1, NULL, NULL, NULL),
(580, 'MONTELUKAST 10MG+LEVOCETIRIZINE 5MG', 1, 1, NULL, NULL, NULL),
(581, 'CEFIXIME 100MG', 1, 1, NULL, NULL, NULL),
(582, 'OFLOXACIN 50MG+METRONIDAZOLE 100MG/5 ML', 1, 1, NULL, NULL, NULL),
(583, 'CEFIXIME 50MG/5ML', 1, 1, NULL, NULL, NULL),
(584, 'ALBENDAZOLE', 1, 1, NULL, NULL, NULL),
(585, 'CETIRIZINE HYDROCHLORIDE 5MG', 1, 1, NULL, NULL, NULL),
(586, 'AZITHROMYCIN 100MG', 1, 1, NULL, NULL, NULL),
(587, 'DIPHENHYDRAMINE 14.08MG+AMMONIUM CHLORIDE 0.138 G+SODIUM CITRATE 57.03MG+MENTHOL 1.14MG', 1, 1, NULL, NULL, NULL),
(588, 'MONTELUKAST 5MG+LEVOCETIRIZINE 2.5MG', 1, 1, NULL, NULL, NULL),
(589, 'LIQUID PARAFFIN 1.25 ML+MAGNESIUM HYDROXIDE 300MG+SODIUM PICOSULFATE', 1, 1, NULL, NULL, NULL),
(590, 'LEVETIRACETEM 1000MG', 1, 1, NULL, NULL, NULL),
(591, 'L-CARNOSINE 100MG 5ML', 1, 1, NULL, NULL, NULL),
(592, 'MEFENAMIC ACID 500MG+PARACETAMOL 325MG', 1, 1, NULL, NULL, NULL),
(593, 'CETIRIZINE HYDROCHLORIDE 10MG', 1, 1, NULL, NULL, NULL),
(594, 'PARACETAMOL 125MG 60ML', 1, 1, NULL, NULL, NULL),
(595, 'FERROUS ASCORBATE & FOLIC ACID', 1, 1, NULL, NULL, NULL),
(596, 'MONTELUKAST & LEVOCETIRIZINE DIHYDROCHLORIDE', 1, 1, NULL, NULL, NULL),
(597, 'DEXTROMETHORPHAN HYDROBROMIDE 15MG+CHLORPHENIRAMINE MALEATE 2MG+PHENYLEPHRINE HYDROCHLORIDE 5MG', 1, 1, NULL, NULL, NULL),
(598, 'CALCIUM CITRATE 1000MG+MAGNESIUM HYDROXIDE 100MG+ZINC 4MG+VITAMIN D3 200 IU', 1, 1, NULL, NULL, NULL),
(599, 'LEVOCARNITINE 500MG', 1, 1, NULL, NULL, NULL),
(600, 'EUPHORBIA PROSTRATE 10MG LIDOCAINE IP 30MG', 1, 1, NULL, NULL, NULL),
(601, 'DRONEDARONE 400MG', 1, 1, NULL, NULL, NULL),
(602, 'POTASSIUM CITRATE MONOHYDRATE 1100MG+CITRIC ACID MONOHYDRATE 334MG/5 ML', 1, 1, NULL, NULL, NULL),
(603, 'DIVALPOREX 250MG', 1, 1, NULL, NULL, NULL),
(604, 'AZITHROMYCIN 100MG/5ML', 1, 1, NULL, NULL, NULL),
(605, 'RISPERIDONE 1MG', 1, 1, NULL, NULL, NULL),
(606, 'DEXTROMETHORPHAN HYDROBROMIDE 10MG+CHLORPHENIRAMINE MALEATE 4MG', 1, 1, NULL, NULL, NULL),
(607, 'CALCIUM PHOSPHORUS+MAGNESIUM+ZINC+VITAMIN D3', 1, 1, NULL, NULL, NULL),
(608, 'LEVETIRACETEM 100MG/ML 100ML', 1, 1, NULL, NULL, NULL),
(609, 'FUROSEMIDE 10MG/ML', 1, 1, NULL, NULL, NULL),
(610, 'CHLORPHENIRAMINE MALEATE 4MG+DEXTROMETHORPHAN 10MG', 1, 1, NULL, NULL, NULL),
(611, 'AZITHROMYCIN 200MG/ 2.5ML', 1, 1, NULL, NULL, NULL),
(612, 'DISODIUM HYDROGEN CITRATE 1.53GM /5ML', 1, 1, NULL, NULL, NULL),
(613, 'ACECLOFENAC &PARACETAMOL.', 1, 1, NULL, NULL, NULL),
(614, 'LACTULOSE 10GM/15ML 100ML', 1, 1, NULL, NULL, NULL),
(615, 'OFLOXACIN 50MG X 5 ML', 1, 1, NULL, NULL, NULL),
(616, 'CHLORPHENIRAMINE MALEATE 4MG+AMMONIUM CHLORIDE 125MG+SODIUM CITRATE 55MG/5 ML', 1, 1, NULL, NULL, NULL),
(617, 'AZITHROMYCIN', 1, 1, NULL, NULL, NULL),
(618, 'BROMHEXINE 2MG+GUAIFENESIN 50MG+MENTHOL 0.5MG+TERBUTALINE 1.25MG/5 ML', 1, 1, NULL, NULL, NULL),
(619, 'DEXTROMETHORPHAN HYDROBROMIDE 10MG+GUAIPHENESIN 100MG+PHENYLEPHRINE HYDROCHLORIDE 5MG+CHLORPHENIRAMINE MALEATE 4MG/5 ML', 1, 1, NULL, NULL, NULL),
(620, 'VITAMIN B1 10MG+VITAMIN B6 3MG+VITAMIN B12 15 MCG+VITAMIN B2 10MG+NICOTINAMIDE 100MG+CALCIUM PANTOTHENATE 50MG+VITAMIN C 150MG+FOLIC ACID 1.5MG+BIOTIN 100 MCG', 1, 1, NULL, NULL, NULL),
(621, 'ACECLOFENAC 100MG+PARACETAMOL 500MG+SERATOPEPTIDASE 15MG', 1, 1, NULL, NULL, NULL),
(622, 'DICYCLOMINE HCL+PARACETAMOL', 1, 1, NULL, NULL, NULL),
(623, 'DEFLAZACORT 6MG', 1, 1, NULL, NULL, NULL),
(624, 'FOLIC ACID 200 MCG+VITAMIN B12 5 MCG+NICOTINAMIDE 20MG/5 ML', 1, 1, NULL, NULL, NULL),
(625, 'OFLOXACIN 200MG+ORNIDAZOLE 500MG 100ML', 1, 1, NULL, NULL, NULL),
(626, 'TERBUTALINE SULPHATE 1.5MG+GUAIPHENESIN 66.65MG/5 ML', 1, 1, NULL, NULL, NULL),
(627, 'DIASTASE 50MG+PEPSIN 10MG/5 ML', 1, 1, NULL, NULL, NULL),
(628, 'VITAMIN E 200MG+VITAMIN C 100MG+EICOSAPENTAENOIC ACID 90MG+DOCOSAHEXAENOIC ACID 60MG+ZINC 7.5MG+FOLIC ACID 2.5MG+CALCIUM D-PANTOTHENATE 2.5MG+VITAMIN A 2500 IU+MANGANESE 2MG+NIACINAMIDE 1MG+VITAMIN B1 1MG+VITAMIN B2 1MG+CHROMIUM 100 MCG+SELENIUM 40 MCG+VITAMIN B12 3 MCG+CARBOHYDRATE 0.12 G+PROTEIN 0.12 G+FAT 0.65 G', 1, 1, NULL, NULL, NULL),
(629, 'PARACETAMOL 120MG/5ML', 1, 1, NULL, NULL, NULL),
(630, 'BROMHEXINE HYDROCHLORIDE', 1, 1, NULL, NULL, NULL),
(631, 'SODIUM PYRROLIDONE CARBOXYLIC ACID 2.5 % W/V+SODIUM LACTATE 2.5 % W/V+OLIVE OIL 3 % W/V+VITAMIN E ACETATE 1 % W/V', 1, 1, NULL, NULL, NULL),
(632, 'LEVOFLOXACIN 500MG', 1, 1, NULL, NULL, NULL),
(633, 'AZITHROMYCIN 250MG', 1, 1, NULL, NULL, NULL),
(634, 'LEVOFLOXACIN 250MG', 1, 1, NULL, NULL, NULL),
(635, 'VITAMIN B12 15 MCG+FERROUS FUMARATE 300MG+FOLIC ACID 1.5MG', 1, 1, NULL, NULL, NULL),
(636, 'PIRACETAM 500MG/ML 100ML', 1, 1, NULL, NULL, NULL),
(637, 'LACTITOL MONOHYDRATE 200ML', 1, 1, NULL, NULL, NULL),
(638, 'SUCRALFATE 500MG+OXETACAINE 10MG/5 ML', 1, 1, NULL, NULL, NULL),
(639, 'TRIPROLIDINE HYDROCHLORIDE 1.25MG+DEXTROMETHORPHAN 10MG/5 ML', 1, 1, NULL, NULL, NULL),
(640, 'DIGOXIN 50MCG', 1, 1, NULL, NULL, NULL),
(641, 'CETRIZINE 10MG', 1, 1, NULL, NULL, NULL),
(642, 'TERBUTALINE SULPHATE 1.25MG+BROMHEXINE HYDROCHLORIDE 4MG+GUAIFENESIN 50MG', 1, 1, NULL, NULL, NULL),
(643, 'DEXTROMETHORPHAN HYDROBROMIDE 5MG+AMYLMETACRESOL 0.6MG', 1, 1, NULL, NULL, NULL),
(644, 'CEFPODOXIME PROXETIL 50 MG', 1, 1, NULL, NULL, NULL),
(645, 'LACTIC ACID 0.24 ML+SODIUM HYDROXIDE 114MG+SODIUM CHLORIDE 600MG+POTASSIUM CHLORIDE 40MG+CALCIUM CHLORIDE HYDRATED 40MG', 1, 1, NULL, NULL, NULL),
(646, 'BOSWELLIA SERRATA CHONDROTIN ROSE HIP POWDER GLUCOSAMINE COLLAGEN PEPTIDASE SOD HYALURONATE & MSM TAB', 1, 1, NULL, NULL, NULL),
(647, 'LEVOSULPIRIDE 25MG', 1, 1, NULL, NULL, NULL),
(648, 'URSODEOXYCHOLIC ACID 300MG', 1, 1, NULL, NULL, NULL),
(649, 'CILNIDIPINE 50MG', 1, 1, NULL, NULL, NULL),
(650, 'DAPAGLIFLOZIN SITAGLIPTIN AND METFORMIN HYDRO', 1, 1, NULL, NULL, NULL),
(651, 'DAPAGLIFLOZIN 10MG SITAGLIPTIN 100MG METFORMIN 1000MG', 1, 1, NULL, NULL, NULL),
(652, 'ACITRETIN 10 MG', 1, 1, NULL, NULL, NULL),
(653, 'ACITRETIN 25MG', 1, 1, NULL, NULL, NULL),
(654, 'BILASTINE 20 + MONTELUKAST 10', 1, 1, NULL, NULL, NULL),
(655, 'BILASTINE 40MG', 1, 1, NULL, NULL, NULL),
(656, 'EPERISONE HYDROCHLORIDE', 1, 1, NULL, NULL, NULL),
(657, 'CALCIUM +VITAMIN D3', 1, 1, NULL, NULL, NULL),
(658, 'ETORICOXIB 60MG', 1, 1, NULL, NULL, NULL),
(659, 'ETORICOXIB 120MG', 1, 1, NULL, NULL, NULL),
(660, 'CILNIDIPINE 10MG  AND CHLORTHALIDONE 12.5MG TAB', 1, 1, NULL, NULL, NULL),
(661, 'VALSARTAN 40MG', 1, 1, NULL, NULL, NULL),
(662, 'OLANZAPINE 10MG', 1, 1, NULL, NULL, NULL),
(663, 'QUETIAPINE FUMARATE 300MG', 1, 1, NULL, NULL, NULL),
(664, 'VILDAGLIPTIN 50MG', 1, 1, NULL, NULL, NULL),
(665, 'SITAGLIPTIN PHOSPHATE 50MG+METFORMIN HYDROCHLORIDE 500MG', 1, 1, NULL, NULL, NULL),
(666, 'SILODOSIN 4MG AND DUTASTERIDE 0.5MG', 1, 1, NULL, NULL, NULL),
(667, 'CLARITHROMYCIN 250MG', 1, 1, NULL, NULL, NULL),
(668, 'BISOPROLOL FUMARATE 5MG TELMISARTAN 40MG TAB', 1, 1, NULL, NULL, NULL),
(669, 'BISOPROLOL FUMARATE 2.5 TELMISARTAN 40MG TAB', 1, 1, NULL, NULL, NULL),
(670, 'MIDODRINE HYDROCHLORIDE 5MG', 1, 1, NULL, NULL, NULL),
(671, 'ESCITALOPRAM OXALATE 5MG', 1, 1, NULL, NULL, NULL),
(672, 'ESCITALOPRAM OXALATE 10MG', 1, 1, NULL, NULL, NULL),
(673, 'OLANZAPINE 5MG', 1, 1, NULL, NULL, NULL),
(674, 'L-5-METHYLTERTRAHYDROFOLATE CALCIUM PYRIDOXAL -5 PHOSPHATE CYANOCOBALAMIN TAB', 1, 1, NULL, NULL, NULL),
(675, 'CITICOLINE 500MG+PIRACETAM 800MG', 1, 1, NULL, NULL, NULL),
(676, 'POTASSIUM CHLORIDE', 1, 1, NULL, NULL, NULL),
(677, 'ALPHA KETOANALOGUE TAB', 1, 1, NULL, NULL, NULL),
(678, 'SAROGLITAZAR TABLETS', 1, 1, NULL, NULL, NULL),
(679, 'ESCITALOPRAM 5MG+CLONAZEPAM 0.25MG', 1, 1, NULL, NULL, NULL),
(680, 'PIRACETAM 800MG+GINKGO BILOBA EXTRACT 60MG+VINPOCETINE 5MG', 1, 1, NULL, NULL, NULL),
(681, 'CLONAZEPAM 0.5MG PROPRANOLOL HYDROCHLORIDE 20MG', 1, 1, NULL, NULL, NULL),
(682, 'ATORVASTATIN 80MG', 1, 1, NULL, NULL, NULL),
(683, 'CINNARIZINE 20MG+DIMENHYDRINATE 40MG', 1, 1, NULL, NULL, NULL),
(684, 'CEFIXIME 200 LACTIC ACID BACILLUS 60 MILLION', 1, 1, NULL, NULL, NULL),
(685, 'PARACETAMOL 500MG', 1, 1, NULL, NULL, NULL),
(686, 'GLUCOSAMINE SULFATE UNDERNATURED COLLAGEN TYPE II AND ASTAXANTHIN TAB', 1, 1, NULL, NULL, NULL),
(687, 'DEPAGLIFLOZIN AND SITAGLIPTIN PHOSPHATE TAB', 1, 1, NULL, NULL, NULL),
(688, 'ROSUVASTATIN 20MG', 1, 1, NULL, NULL, NULL),
(689, 'OMEPRAZOLE MAGNESIUM 20MG', 1, 1, NULL, NULL, NULL),
(690, 'ISOPROPAMIDE 5MG TRIFLUOPERAZIEN 1MG', 1, 1, NULL, NULL, NULL),
(691, 'ISOPROPAMIDE 5MG & TRIFLUOPERAZINE 2MG', 1, 1, NULL, NULL, NULL),
(692, 'METHOCARBAMOL350 MG PARACETAMOL 250MG TAB', 1, 1, NULL, NULL, NULL),
(693, 'MIDODRINE HYDROCHLORIDE 2.5 MG', 1, 1, NULL, NULL, NULL),
(694, 'LORAZEPAM 2MG', 1, 1, NULL, NULL, NULL),
(695, 'LINAGLIPTIN 5MG', 1, 1, NULL, NULL, NULL),
(696, 'REPAGLINIDE', 1, 1, NULL, NULL, NULL),
(697, 'CHLORDIAZEPOXIDE 25MG', 1, 1, NULL, NULL, NULL),
(698, 'MONTELUKAST10MG ACEBROPHYLLINE 200', 1, 1, NULL, NULL, NULL),
(699, 'VILDAGLIPTIN 100MG', 1, 1, NULL, NULL, NULL),
(700, 'IRON FOLATE CYANOCOBALAMIN BIOTIN CHOLECALCIFEROL PYRIDOXINE MULTIMINERALS L-LEUCINE AND L-ARGININE TAB', 1, 1, NULL, NULL, NULL),
(701, 'MYCOPHENOLIC ACID 360MG', 1, 1, NULL, NULL, NULL),
(702, 'SOFOSBUVIR 400MG', 1, 1, NULL, NULL, NULL),
(703, 'METHYLCOBALAMIN 1500 MCG+ALPHA LIPOIC ACID 100MG+PYRIDOXINE HYDROCHLORIDE 3MG+FOLIC ACID 1.5MG', 1, 1, NULL, NULL, NULL),
(704, 'PANTOPRAZOLE 20MG', 1, 1, NULL, NULL, NULL),
(705, 'PARACETAMOL 650MG', 1, 1, NULL, NULL, NULL),
(706, 'ACEBROPHYLLINE AND ACETYLCYSTEINE TAB', 1, 1, NULL, NULL, NULL),
(707, 'LEVOCETIRIZINE DIHYDROCHLORIDE 5MG+MONTELUKAST 10MG', 1, 1, NULL, NULL, NULL),
(708, 'PARACETAMOL 500MG+CHLORPHENIRAMINE MALEATE 2MG+PHENYLEPHRINE HYDROCHLORIDE 10MG', 1, 1, NULL, NULL, NULL),
(709, 'NORFLOXACIN 400MG+TINIDAZOLE 600MG+LACTOBACILLUS 120 MILLION CELLS', 1, 1, NULL, NULL, NULL),
(710, 'PARACETAMOL .PHENYLEPHRINE HCL .CHLORPHENIRAMINE MALATE &CAFFEIN', 1, 1, NULL, NULL, NULL),
(711, 'TRAMADOL +PARACETAMOL', 1, 1, NULL, NULL, NULL),
(712, 'CEFIXIME 200MG', 1, 1, NULL, NULL, NULL),
(713, 'RIFAXIMIN 550MG', 1, 1, NULL, NULL, NULL),
(714, 'RIFAXIMIN 400MG', 1, 1, NULL, NULL, NULL),
(715, 'AMOXYCIILIN 500MG+CLAVULANIC ACID 125MG', 1, 1, NULL, NULL, NULL),
(716, 'ROSUVASTATIN 10MG', 1, 1, NULL, NULL, NULL),
(717, 'ALBENDAZOLE 400MG', 1, 1, NULL, NULL, NULL),
(718, 'AMLODIPINE 5MG', 1, 1, NULL, NULL, NULL),
(719, 'METOPROLOL 50MG+AMLODIPINE 5MG', 1, 1, NULL, NULL, NULL),
(720, 'TRYPSIN +CHYMOTRYPSIN 10000AU', 1, 1, NULL, NULL, NULL),
(721, 'NITROFURANTOIN 100MG', 1, 1, NULL, NULL, NULL),
(722, 'DICLOFENAC SODIUM 50MG+PARACETAMOL 500MG+CHLORZOXAZONE 500MG', 1, 1, NULL, NULL, NULL),
(723, 'FERROUS ASCORBATE 100MG + FOLIC ACID 1.5MG', 1, 1, NULL, NULL, NULL),
(724, 'ETODOLAC 600MG', 1, 1, NULL, NULL, NULL),
(725, 'OLANZAPINE 5MG+FLUOXETINE 20MG', 1, 1, NULL, NULL, NULL),
(726, 'MEBEVERINE HYDROCHLORIDE 200MG', 1, 1, NULL, NULL, NULL),
(727, 'RIVAROXABAN 20MG', 1, 1, NULL, NULL, NULL),
(728, 'FENOFIBRATE 160MG', 1, 1, NULL, NULL, NULL),
(729, 'BETAHISTINE 16MG GINKGO DRY EXTRACT 60MG PIRACETAM400 VINPOCETINE5MG CHLOECALCIFEROL 400IU', 1, 1, NULL, NULL, NULL),
(730, 'FLUCONAZOLE 150MG', 1, 1, NULL, NULL, NULL),
(731, 'METFORMIN 500MG', 1, 1, NULL, NULL, NULL),
(732, 'DICLOFENAC POTASIUM 50MG', 1, 1, NULL, NULL, NULL),
(733, 'TELMISARTAN 80MG+AMLODIPINE 5MG', 1, 1, NULL, NULL, NULL),
(734, 'METOLAZONE 5MG', 1, 1, NULL, NULL, NULL),
(735, 'CLINIDIPINE 5MG', 1, 1, NULL, NULL, NULL),
(736, 'CLINIDIPINE 10MG', 1, 1, NULL, NULL, NULL),
(737, 'BETHANECHOL CHLORIDE 25MG', 1, 1, NULL, NULL, NULL),
(738, 'URSODEOXYCHOLIC ACID 150MG', 1, 1, NULL, NULL, NULL),
(739, 'MEFENAMIC ACID & DICYCLOMINE HYDROCHLORIDE TAB', 1, 1, NULL, NULL, NULL),
(740, 'ACECLOFENAC 100MG + PARACETAMOL 325MG', 1, 1, NULL, NULL, NULL),
(741, 'ACECLOFENAC 100MG+PARACETAMOL 500MG+SERRATIOPEPTIDASE 15MG', 1, 1, NULL, NULL, NULL),
(742, 'SITAGLIPTIN PHOSPHATE 50MG+METFORMIN HYDROCHLORIDE 1000MG', 1, 1, NULL, NULL, NULL),
(743, 'SITAGLIPTIN PHOSPHATE 100MG', 1, 1, NULL, NULL, NULL),
(744, 'LEVOCETRIZINE', 1, 1, NULL, NULL, NULL),
(745, 'CEFUROXIME 500MG', 1, 1, NULL, NULL, NULL),
(746, 'CEFPODOXIME 200MG', 1, 1, NULL, NULL, NULL),
(747, 'TELMISARTAN 40MG+AMLODIPINE 5MG+HYDROCHLOROTHIAZIDE 12.5MG', 1, 1, NULL, NULL, NULL),
(748, 'MELATONIN 3MG', 1, 1, NULL, NULL, NULL);
INSERT INTO `generics` (`id`, `name`, `type_id`, `cost_center_id`, `created_at`, `updated_at`, `deleted_at`) VALUES
(749, 'RAMIPRIL AND MRTOPROLOL SUCCINATE EXTENDED RELEASE', 1, 1, NULL, NULL, NULL),
(750, 'TELMISARTAN CILNIDIPINE & METOPROLOL TAB', 1, 1, NULL, NULL, NULL),
(751, 'L-GLUTATHIONE ALPHA LIPOIC ACID GRAPE SEED EXTRACT & VITA TAB', 1, 1, NULL, NULL, NULL),
(752, 'PRUCALOPRIDE 2 MG TAB', 1, 1, NULL, NULL, NULL),
(753, 'PRUCALOPRIDE 1MG', 1, 1, NULL, NULL, NULL),
(754, 'MICRONISED PURIFIED FLAVONOID FRACTON OF RUTACEAE TAB 1000MG', 1, 1, NULL, NULL, NULL),
(755, 'IVERMECTIN 6MG+ALBENDAZOLE 400MG', 1, 1, NULL, NULL, NULL),
(756, 'DARIFENACIN 7.5MG', 1, 1, NULL, NULL, NULL),
(757, 'CHLORDIAZEPOXIDE 5MG+CLIDINIUM BROMIDE 2.5MG', 1, 1, NULL, NULL, NULL),
(758, 'THYROXINE 75MCG', 1, 1, NULL, NULL, NULL),
(759, 'MICRONIZED PURIFIED FLAVONOID FRACTION OF RUTACEAE 500MG', 1, 1, NULL, NULL, NULL),
(760, 'LACTIC ACID BACTERIA & BIFIDOBACTERIA CAP', 1, 1, NULL, NULL, NULL),
(761, 'MESALAMINE 1200MG', 1, 1, NULL, NULL, NULL),
(762, 'THYROXINE 12.5MCG', 1, 1, NULL, NULL, NULL),
(763, 'PREGABALIN 75MG', 1, 1, NULL, NULL, NULL),
(764, 'ETANERCEPT 50MG', 1, 1, NULL, NULL, NULL),
(765, 'ALFUZOSIN 10MG', 1, 1, NULL, NULL, NULL),
(766, 'TELMISARTAN 80MG+HYDROCHLOROTHIAZIDE12.5+AMLODIPINE5MG', 1, 1, NULL, NULL, NULL),
(767, 'VITAMINS MINERALS WITH DL- METHIONINE & SELENIUM', 1, 1, NULL, NULL, NULL),
(768, 'TERBINAFINE 250MG', 1, 1, NULL, NULL, NULL),
(769, 'GLIBENCLAMIDE 2.5MG', 1, 1, NULL, NULL, NULL),
(770, 'PANTOPRAZOLE 20 MG + DOMPERIDONE 10 MG', 1, 1, NULL, NULL, NULL),
(771, 'EPLERENONE 25MG', 1, 1, NULL, NULL, NULL),
(772, 'DAPAGLIFLOZIN+METFORMIN HCL', 1, 1, NULL, NULL, NULL),
(773, 'ALPRAZOLAM 0.25MG+MELATONIN 3MG', 1, 1, NULL, NULL, NULL),
(774, 'SODIUM VALPROATE 133MG+VALPROIC ACID 58MG', 1, 1, NULL, NULL, NULL),
(775, 'SODIUM VALPROATE 200MG+VALPROMIDE 87MG', 1, 1, NULL, NULL, NULL),
(776, 'MIRABEGRON 25MG SOLIFENACIN SUCCINATE 5MG', 1, 1, NULL, NULL, NULL),
(777, 'MIRABEGRON 50MG SOLIFENACIN SUCCINATE 5 MG', 1, 1, NULL, NULL, NULL),
(778, 'TORSEMIDE + SPIRONOLACTONE', 1, 1, NULL, NULL, NULL),
(779, 'ACARBOSE 50MG', 1, 1, NULL, NULL, NULL),
(780, 'QUETIAPINE FUMARATE 50 MG', 1, 1, NULL, NULL, NULL),
(781, 'CLOMIPHENE CITRATE', 1, 1, NULL, NULL, NULL),
(782, 'DIOSMIN', 1, 1, NULL, NULL, NULL),
(783, 'CYCLOPHOSPHAMIDE 50MG', 1, 1, NULL, NULL, NULL),
(784, 'ESCITALOPRAM 10MG+CLONAZEPAM 0.5MG', 1, 1, NULL, NULL, NULL),
(785, 'PAROXETINE 25MG', 1, 1, NULL, NULL, NULL),
(786, 'OLMESARTAN MEDOXOMIL + CHLORTHALIDONE', 1, 1, NULL, NULL, NULL),
(787, 'ROSUVASTATIN 20MG+FENOFIBRATE 160MG', 1, 1, NULL, NULL, NULL),
(788, 'FEBUXOSTAT 40 MG', 1, 1, NULL, NULL, NULL),
(789, 'FEBUXOSTAT 80MG', 1, 1, NULL, NULL, NULL),
(790, 'TENOFOVIR 25MG', 1, 1, NULL, NULL, NULL),
(791, 'ACOTIAMIDE HYDROCHLORIDE HYDRATE EXTENDED RELEASE 300 TAB', 1, 1, NULL, NULL, NULL),
(792, 'SEVELAMER CARBONATE 800MG', 1, 1, NULL, NULL, NULL),
(793, 'METOLAZONE 2.5MG', 1, 1, NULL, NULL, NULL),
(794, 'ACETYLCYSTEINE 600MG', 1, 1, NULL, NULL, NULL),
(795, 'TRIOSALEN 5MG', 1, 1, NULL, NULL, NULL),
(796, 'TRIOXSALEN 25MG', 1, 1, NULL, NULL, NULL),
(797, 'DEFLAZACORT 12MG', 1, 1, NULL, NULL, NULL),
(798, 'HYDROXYZINE 25MG', 1, 1, NULL, NULL, NULL),
(799, 'HYDROXYZINE 10MG', 1, 1, NULL, NULL, NULL),
(800, '1 TAB OF CALCITRIOL 0.25 MCG+CALCIUM CARBONATE 500MG+ZINC 7.5MG+6 TABS OF RISEDRONATE SODIUM 35MG', 1, 1, NULL, NULL, NULL),
(801, 'DESVENLAFAXINE 50MG', 1, 1, NULL, NULL, NULL),
(802, 'RISPERIDONE 2MG+TRIHEXYPHENIDYL HYDROCHLORIDE 2MG', 1, 1, NULL, NULL, NULL),
(803, 'AMANTADINE 100MG', 1, 1, NULL, NULL, NULL),
(804, 'MEMANTINE HYDROCHLORIDE 5MG', 1, 1, NULL, NULL, NULL),
(805, 'BUPROPION 150MG', 1, 1, NULL, NULL, NULL),
(806, 'MEMANTINE HYDROCHLORIDE 10MG', 1, 1, NULL, NULL, NULL),
(807, 'DOXOFYLLINE + MONTELUKAST', 1, 1, NULL, NULL, NULL),
(808, 'CALCIUM ACETATE 667MG', 1, 1, NULL, NULL, NULL),
(809, 'RANITIDINE HCL + DOMPERIDONE', 1, 1, NULL, NULL, NULL),
(810, 'CILNIDIPINE + METOPROLOL', 1, 1, NULL, NULL, NULL),
(811, 'CILNIDIPINE 20MG', 1, 1, NULL, NULL, NULL),
(812, 'DAPAGLIFOZIN', 1, 1, NULL, NULL, NULL),
(813, 'CLOMIPRAMINE HCL', 1, 1, NULL, NULL, NULL),
(814, 'BUSPIRONE HCL', 1, 1, NULL, NULL, NULL),
(815, 'FLUVOXAMINE 100MG', 1, 1, NULL, NULL, NULL),
(816, 'DONEPEZIL 10MG', 1, 1, NULL, NULL, NULL),
(817, 'MEMANTINE HYDROCHLORIDE 5MG+DONEPEZIL HYDROCHLORIDE 5MG', 1, 1, NULL, NULL, NULL),
(818, 'DONEPEZIL 5MG', 1, 1, NULL, NULL, NULL),
(819, 'FLUVOXAMINE 50MG', 1, 1, NULL, NULL, NULL),
(820, 'DIVALPOREX 500MG', 1, 1, NULL, NULL, NULL),
(821, 'CILOSTAZOLE 100MG', 1, 1, NULL, NULL, NULL),
(822, 'NICORANDIL 5MG', 1, 1, NULL, NULL, NULL),
(823, 'DICLOFENAC SODIUM 50MG+SERRATIOPEPTIDASE 10MG', 1, 1, NULL, NULL, NULL),
(824, 'AZATHIOPRINE 50MG', 1, 1, NULL, NULL, NULL),
(825, 'PANTOPRAZOLE', 1, 1, NULL, NULL, NULL),
(826, 'PREGABALIN + NORTRIPTYLINE HCL + METHYLCOBALAMIN', 1, 1, NULL, NULL, NULL),
(827, 'CISSUS QUADRANGULARIS + CALCIUM CARBONATE + VITAMIN D3 + VITAMIN K2', 1, 1, NULL, NULL, NULL),
(828, 'ACETAMINOPHEN 325 + TRAMADOL HCL 37.5MG', 1, 1, NULL, NULL, NULL),
(829, 'ACECLOFENAC 100MG+CHLORZOXAZONE 500MG+PARACETAMOL 500MG', 1, 1, NULL, NULL, NULL),
(830, 'SEVELAMER CARBONATE 400MG', 1, 1, NULL, NULL, NULL),
(831, 'ETORICOXIB 60MG+THIOCOLCHICOSIDE 4MG', 1, 1, NULL, NULL, NULL),
(832, 'TOFACITINIB', 1, 1, NULL, NULL, NULL),
(833, 'LAMOTRINGINE 50MG', 1, 1, NULL, NULL, NULL),
(834, 'RISPERIDONE 2MG', 1, 1, NULL, NULL, NULL),
(835, 'RISPERIDONE 3MG+TRIHEXYPHENIDYL HYDROCHLORIDE 2MG', 1, 1, NULL, NULL, NULL),
(836, 'QUETIAPINE FUMARATE 100MG', 1, 1, NULL, NULL, NULL),
(837, 'GLYCOPYRROLATE 1MG', 1, 1, NULL, NULL, NULL),
(838, 'GLICLAZIDE 60MG', 1, 1, NULL, NULL, NULL),
(839, 'LORAZEPAM 1MG', 1, 1, NULL, NULL, NULL),
(840, 'NICOUMALONE', 1, 1, NULL, NULL, NULL),
(841, 'ISOSORBIDE DINITRATE 10MG', 1, 1, NULL, NULL, NULL),
(842, 'WARFARIN 1MG', 1, 1, NULL, NULL, NULL),
(843, 'WARFARIN 3MG', 1, 1, NULL, NULL, NULL),
(844, 'HYDROCHLOROTHIAZIDE 12.5MG', 1, 1, NULL, NULL, NULL),
(845, 'MULTI ENZYME', 1, 1, NULL, NULL, NULL),
(846, 'OLMESARTAN MEDOXOMIL 20MG+AMLODIPINE 5MG+HYDROCHLOROTHIAZIDE 12.5MG', 1, 1, NULL, NULL, NULL),
(847, 'LIPOSOMAL IRON + VITAMIN C + VITAMIN B12 + FOLIC ACID', 1, 1, NULL, NULL, NULL),
(848, 'OLMESARTAN MEDOXOMIL + AZELNIDIPINE', 1, 1, NULL, NULL, NULL),
(849, 'FLUPENTIXOL 0.5MG', 1, 1, NULL, NULL, NULL),
(850, 'DIACEREIN 50MG + GLUCOSAMINE SULPHATE POTASSIUM CHLORIDE 750MG +', 1, 1, NULL, NULL, NULL),
(851, 'CEFPODOXIME PROXETIL WITH CALVULANATE POTASSIUM', 1, 1, NULL, NULL, NULL),
(852, 'TRYPSIN 48MG + BROMELAIN 90MG + RUTOSIDE TRIHYDRATE 100MG + DICLOFENAC 50MG', 1, 1, NULL, NULL, NULL),
(853, 'TRYPSIN 48MG + BROMELAIN 90MG + RUTOSIDE TRIHYDRATE 100MG', 1, 1, NULL, NULL, NULL),
(854, 'TRIMETAZIDINE DIHYDROCHLORIDE 35MG', 1, 1, NULL, NULL, NULL),
(855, 'ACECLOFENAC 100MG+THIOCOLCHICOACECLOFENAC 100MG+THIOCOLCHICOSIDE 8MG', 1, 1, NULL, NULL, NULL),
(856, 'CALCIUM 500MG+VITAMIN D3 250 IU', 1, 1, NULL, NULL, NULL),
(857, 'COLLAGEN PEPTIDE TYPE 1+SODIUM HYALURONATE+CHONDROITIN SULFATE', 1, 1, NULL, NULL, NULL),
(858, 'CILNIDIPINE 10MG +TELMISARTAN 40MG +CHLOROTHALIDONE 6.25MG', 1, 1, NULL, NULL, NULL),
(859, 'QUETIAPINE FUMARATE 25MG', 1, 1, NULL, NULL, NULL),
(860, 'MIRTAZAPINE 7.5MG', 1, 1, NULL, NULL, NULL),
(861, 'PAROXETINE 12.5MG', 1, 1, NULL, NULL, NULL),
(862, 'SPIRONOLACTONE 50MG', 1, 1, NULL, NULL, NULL),
(863, 'SERRATIOPEPTIDASE 10MG', 1, 1, NULL, NULL, NULL),
(864, 'APIXABAN 5MG', 1, 1, NULL, NULL, NULL),
(865, 'RIVAROXABAN 10MG', 1, 1, NULL, NULL, NULL),
(866, 'METHYLPREDNISOLONE 4MG', 1, 1, NULL, NULL, NULL),
(867, 'APIXABAN 2.5MG', 1, 1, NULL, NULL, NULL),
(868, 'VITAMIN C', 1, 1, NULL, NULL, NULL),
(869, 'COLCHICINE 0.5MG', 1, 1, NULL, NULL, NULL),
(870, 'MERCAPTOPURINE 50MG', 1, 1, NULL, NULL, NULL),
(871, 'IVERMECTIN 12MG', 1, 1, NULL, NULL, NULL),
(872, 'EMPAGLIFLOZIN', 1, 1, NULL, NULL, NULL),
(873, 'DICLOFENAC SODIUM 50MG+PARACETAMOL 500MG', 1, 1, NULL, NULL, NULL),
(874, 'ACECLOFENAC + THIOCOLCHICOSIDE', 1, 1, NULL, NULL, NULL),
(875, 'CILNIDIPINE 5MG', 1, 1, NULL, NULL, NULL),
(876, 'ACECLOFENAC 200MG', 1, 1, NULL, NULL, NULL),
(877, 'OBETICHOLIC ACID', 1, 1, NULL, NULL, NULL),
(878, 'OLMESARTAN MEDOXOMIL 20MG+AMLODIPINE 5MG', 1, 1, NULL, NULL, NULL),
(879, 'VILDAGLIPTIN 50MG+METFORMIN HYDROCHLORIDE 1000MG', 1, 1, NULL, NULL, NULL),
(880, 'VILDAGLIPTIN 50MG+METFORMIN HYDROCHLORIDE 500MG', 1, 1, NULL, NULL, NULL),
(881, 'TELMISARTAN 40MG', 1, 1, NULL, NULL, NULL),
(882, 'METRONIDAZOLE 400MG', 1, 1, NULL, NULL, NULL),
(883, 'DICYCLOMINE HYDROCHLORIDE 10MG+MEFENAMIC ACID 250MG', 1, 1, NULL, NULL, NULL),
(884, 'ACETAMINOPHEN 162.5MG+TRAMADOL HYDROCHLORIDE 18.75MG', 1, 1, NULL, NULL, NULL),
(885, 'MORPHINE 10MG', 1, 1, NULL, NULL, NULL),
(886, 'BILASTINE 20MG', 1, 1, NULL, NULL, NULL),
(887, 'PRASUGREL 10MG', 1, 1, NULL, NULL, NULL),
(888, 'ZINC+MECOBALAMIN+PYRIDOXINE+FOLIC ACID+NIACINAMIDE+CHROMIUM', 1, 1, NULL, NULL, NULL),
(889, 'DOSULEPIN 25MG', 1, 1, NULL, NULL, NULL),
(890, 'CALCIUM+MAGNESIUM+ZINC+VITAMIN K2-7+VITAMIN D+LYSINE HCL', 1, 1, NULL, NULL, NULL),
(891, 'SERRATIOPEPTIDASE 10MG+DICLOFENAC POTASSIUM 50MG', 1, 1, NULL, NULL, NULL),
(892, 'NEBIVOLOL 2.5MG', 1, 1, NULL, NULL, NULL),
(893, 'RAMIPRIL 5MG', 1, 1, NULL, NULL, NULL),
(894, 'ASCORBIC ACID 150MG+ZINC 40MG+L-GLUTATHIONE 5MG+MANGANESE 5MG+LUTEIN 3.2MG+COPPER 2MG+SELENIUM 40 MCG+BETA CAROTENE 6000 IU+VITAMIN E ACETATE 15 IU', 1, 1, NULL, NULL, NULL),
(895, 'FAROPENEM 300MG', 1, 1, NULL, NULL, NULL),
(896, 'L-CARNITINE L-TARTRATE 500MG+METHYLCOBALAMIN 1500 MCG+FOLIC ACID 1.5MG', 1, 1, NULL, NULL, NULL),
(897, 'PARACETAMOL 650MG+PHENYLEPHRINE HYDROCHLORIDE 5MG+CHLORPHENIRAMINE MALEATE 2MG+ANHYDROUS CAFFEINE 30MG', 1, 1, NULL, NULL, NULL),
(898, 'TELMISARTAN 40MG+CHLORTHALIDONE 12.5MG', 1, 1, NULL, NULL, NULL),
(899, 'LEVETIRACETAM 250MG', 1, 1, NULL, NULL, NULL),
(900, 'AMINOACIDS+VIT+MINERALS+METHYLSULFONYLMETHANE', 1, 1, NULL, NULL, NULL),
(901, 'DOSULEPIN 50MG', 1, 1, NULL, NULL, NULL),
(902, 'ACECLOFENAC 100MG+PARACETAMOL 500MG+RABEPRAZOLE 10MG', 1, 1, NULL, NULL, NULL),
(903, 'TELMISARTAN + CLINIDIPINE', 1, 1, NULL, NULL, NULL),
(904, 'BICALUTAMIDE 50MG', 1, 1, NULL, NULL, NULL),
(905, 'IMATINIB 400MG', 1, 1, NULL, NULL, NULL),
(906, 'BISOPROLOL FUMARATE 5MG+AMLODIPINE BESYLATE 5MG', 1, 1, NULL, NULL, NULL),
(907, 'SOLIFENACIN SUCCINATE 5MG', 1, 1, NULL, NULL, NULL),
(908, 'THYROXINE 125MCG', 1, 1, NULL, NULL, NULL),
(909, 'HYDROXYCHLOROQUINE SULFATE 200MG', 1, 1, NULL, NULL, NULL),
(910, 'CIPROFLOXACIN 500MG', 1, 1, NULL, NULL, NULL),
(911, 'LEVOFLOXACIN + ORNIDAZOLE', 1, 1, NULL, NULL, NULL),
(912, 'LOPINAVIR 200MG+RITONAVIR 50MG', 1, 1, NULL, NULL, NULL),
(913, 'TRANEXAMIC ACID 500MG+MEFENAMIC ACID 250MG', 1, 1, NULL, NULL, NULL),
(914, 'GLIMEPIRIDE 1MG+METFORMIN HYDROCHLORIDE (ER) 850MG', 1, 1, NULL, NULL, NULL),
(915, 'CIPROFLOXACIN 500MG+TINIDAZOLE 600MG', 1, 1, NULL, NULL, NULL),
(916, 'ORMELOXIFENE 60MG', 1, 1, NULL, NULL, NULL),
(917, 'PREGABALIN 75MG + NORTRYPTALINE 10MG', 1, 1, NULL, NULL, NULL),
(918, 'LANSOPRAZOLE', 1, 1, NULL, NULL, NULL),
(919, 'ETIZOLAM 0.5MG', 1, 1, NULL, NULL, NULL),
(920, 'ACECLOFENAC 100MG+PARACETAMOL 500MG', 1, 1, NULL, NULL, NULL),
(921, 'TRYPSIN', 1, 1, NULL, NULL, NULL),
(922, 'GLIMEPIRIDE 2 MG+METFORMIN 1000 MG+PIOGLITAZONE 7.5 MG', 1, 1, NULL, NULL, NULL),
(923, 'METOPROLOL 25MG+AMLODIPINE 5MG', 1, 1, NULL, NULL, NULL),
(924, 'ETIZOLAM 0.25MG', 1, 1, NULL, NULL, NULL),
(925, 'SILDENAFIL CITRATE 20MG', 1, 1, NULL, NULL, NULL),
(926, 'LANSOPRAZOLE 15MG', 1, 1, NULL, NULL, NULL),
(927, 'CEFDITORIN 200MG', 1, 1, NULL, NULL, NULL),
(928, 'VERAPAMIL 120MG', 1, 1, NULL, NULL, NULL),
(929, 'ACETYL-L-CARNITINE 500MG+RESVERATROL 50MG+MECOBALAMIN 1500 MCG+CHROMIUM PICOLINATE 200 MCG+L- SELENOMETHIONINE 200 MCG', 1, 1, NULL, NULL, NULL),
(930, 'FLUNARIZINE 10MG', 1, 1, NULL, NULL, NULL),
(931, 'CEFIXIME 200MG + CLAVULANIC ACID 125MG', 1, 1, NULL, NULL, NULL),
(932, 'ACECLOFENAC 100 MG + SERRATIOPEPTIDASE 15 MG + PARACETAMOL 325 MG', 1, 1, NULL, NULL, NULL),
(933, 'CILNIDIPINE 10MG', 1, 1, NULL, NULL, NULL),
(934, 'TORSEMIDE 10MG', 1, 1, NULL, NULL, NULL),
(935, 'DROTAVERINE HYDROCHLORIDE+MEFENAMIC ACID', 1, 1, NULL, NULL, NULL),
(936, 'METFORMIN 500MG+GLIMEPIRIDE 2MG', 1, 1, NULL, NULL, NULL),
(937, 'METFORMIN HCL - SR METHYCOBALAMIN', 1, 1, NULL, NULL, NULL),
(938, 'METFORMIN 850MG', 1, 1, NULL, NULL, NULL),
(939, 'EPLERENONE 50MG', 1, 1, NULL, NULL, NULL),
(940, 'ISOSORBIDE DINITRATE 20MG+HYDRALAZINE HYDROCHLORIDE 37.5MG', 1, 1, NULL, NULL, NULL),
(941, 'PHENAZOPYRIDINE 200MG', 1, 1, NULL, NULL, NULL),
(942, 'VITAMINS+MINERALS WITH ANTIOXIDANTS', 1, 1, NULL, NULL, NULL),
(943, 'DOXOFYLLINE 400MG', 1, 1, NULL, NULL, NULL),
(944, 'CLONIDINE HYDROCHLORIDE 100MCG', 1, 1, NULL, NULL, NULL),
(945, 'ALLOPURINOL 300MG', 1, 1, NULL, NULL, NULL),
(946, 'CIPROFLOXACIN 3MG/ML', 1, 1, NULL, NULL, NULL),
(947, 'MIRABEGRON', 1, 1, NULL, NULL, NULL),
(948, 'METFORMIN+HCL (SR) + VOGLIBOSE', 1, 1, NULL, NULL, NULL),
(949, 'MEFENAMIC ACID 250MG', 1, 1, NULL, NULL, NULL),
(950, 'IBUPROFEN 400MG+PARACETAMOL 500MG', 1, 1, NULL, NULL, NULL),
(951, 'RABEPRAZOLE SODIUM (EC) 20MG+ITOPRIDE HYDROCHLORIDE (SR) 150MG', 1, 1, NULL, NULL, NULL),
(952, 'DOMPERIDONE 5MG', 1, 1, NULL, NULL, NULL),
(953, 'CLONAZEPAM 0.5MG', 1, 1, NULL, NULL, NULL),
(954, 'SILDENAFIL CITRATE 50MG', 1, 1, NULL, NULL, NULL),
(955, 'SERTRALINE 50MG', 1, 1, NULL, NULL, NULL),
(956, 'MOXONIDINE 0.3MG', 1, 1, NULL, NULL, NULL),
(957, 'RANOLAZINE 500MG', 1, 1, NULL, NULL, NULL),
(958, 'BISOPROLOL FUMARATE + AMLODIPINE BESILATE', 1, 1, NULL, NULL, NULL),
(959, 'CEFIXIME 200MG + OFLOXACIN 200MG', 1, 1, NULL, NULL, NULL),
(960, 'ARIPIPRAZOLE 5MG', 1, 1, NULL, NULL, NULL),
(961, 'AMLODIPINE 5MG+ATENOLOL 50MG', 1, 1, NULL, NULL, NULL),
(962, 'SPIRONOLACTONE 25MG', 1, 1, NULL, NULL, NULL),
(963, 'WARFARIN 2MG', 1, 1, NULL, NULL, NULL),
(964, 'AMISULPRIDE 100MG', 1, 1, NULL, NULL, NULL),
(965, 'AMIODARONE 100MG', 1, 1, NULL, NULL, NULL),
(966, 'DRIED ALUMINIUM HYDROXIDE 100MG+MAGNESIUM TRISILICATE 25MG+SODIUM BICARBONATE 170MG+ALGINIC ACID 500MG', 1, 1, NULL, NULL, NULL),
(967, 'NEBIVOLOL 5MG', 1, 1, NULL, NULL, NULL),
(968, 'RAMIPRIL 2.5MG', 1, 1, NULL, NULL, NULL),
(969, 'TAMOXIFEN 10MG', 1, 1, NULL, NULL, NULL),
(970, 'TAPENTADOL HYDROCHLORIDE 50MG', 1, 1, NULL, NULL, NULL),
(971, 'GABAPENTIN 300MG+MECOBALAMIN 0.5MG+LIPOIC ACID 100MG', 1, 1, NULL, NULL, NULL),
(972, 'BISOPROLOL FUMARATE 5MG', 1, 1, NULL, NULL, NULL),
(973, 'LEVOCETIRIZINE + PHENYLEPHRINE', 1, 1, NULL, NULL, NULL),
(974, 'AMITRIPTYLINE 10MG', 1, 1, NULL, NULL, NULL),
(975, 'ITOPRIDE HYDROCHLORIDE 50MG', 1, 1, NULL, NULL, NULL),
(976, 'PIROXICAM 20MG', 1, 1, NULL, NULL, NULL),
(977, 'PIRACETAM 800MG', 1, 1, NULL, NULL, NULL),
(978, 'OLMESARTAN 20MG', 1, 1, NULL, NULL, NULL),
(979, 'OLMESARTAN 40MG', 1, 1, NULL, NULL, NULL),
(980, 'OXYBUTYNIN CHLORIDE', 1, 1, NULL, NULL, NULL),
(981, 'AMIODARONE 200MG', 1, 1, NULL, NULL, NULL),
(982, 'PROPRANOLOL 10MG', 1, 1, NULL, NULL, NULL),
(983, 'TORASEMIDE 5MG+SPIRONOLACTONE 50MG', 1, 1, NULL, NULL, NULL),
(984, 'ORCIPRENALINE 10MG', 1, 1, NULL, NULL, NULL),
(985, 'PRAZOSIN 2.5MG', 1, 1, NULL, NULL, NULL),
(986, 'PRAZOSIN 5MG', 1, 1, NULL, NULL, NULL),
(987, 'MULTIVITAMINMULTIMINERAL+AMINO ACID+TAURINE+GINSENG EXTRACT TAB', 1, 1, NULL, NULL, NULL),
(988, 'GLIMEPIRIDE 1MG+PIOGLITAZONE 15MG+METFORMIN (SR) 500MG', 1, 1, NULL, NULL, NULL),
(989, 'NIFEDIPINE 20MG', 1, 1, NULL, NULL, NULL),
(990, 'ESCITALOPRAM 5MG+CLONAZEPAM 0.5MG', 1, 1, NULL, NULL, NULL),
(991, 'IVERMECTIN 6MG', 1, 1, NULL, NULL, NULL),
(992, 'RIFAMPICIN + ISONIAZID + ETHAMBUTOL', 1, 1, NULL, NULL, NULL),
(993, 'SPIRONOLACTONE 100MG', 1, 1, NULL, NULL, NULL),
(994, 'ACEBROPHYLLINE 200MG', 1, 1, NULL, NULL, NULL),
(995, 'IBUPROFEN 400MG', 1, 1, NULL, NULL, NULL),
(996, 'IBUPROFEN', 1, 1, NULL, NULL, NULL),
(997, 'PYRIDOXINE 40MG', 1, 1, NULL, NULL, NULL),
(998, 'TRIMETHOPRIM 80MG+SULPHAMETHOXAZOLE 400MG', 1, 1, NULL, NULL, NULL),
(999, 'TELMISARTAN + HYDROCHLOROTHIAZIDE', 1, 1, NULL, NULL, NULL),
(1000, 'CHLORDIAZEPOXIDE 100MG', 1, 1, NULL, NULL, NULL),
(1001, 'ASCORBIC ACID 100MG+SODIUM ASCORBATE 450MG', 1, 1, NULL, NULL, NULL),
(1002, 'PENTOXIFYLLINE 400MG', 1, 1, NULL, NULL, NULL),
(1003, 'ETODOLAC 400MG + PARACETAMOL 325 MG', 1, 1, NULL, NULL, NULL),
(1004, 'DIAZEPAM 5MG', 1, 1, NULL, NULL, NULL),
(1005, 'LEVAMISOLE HCL 150MG', 1, 1, NULL, NULL, NULL),
(1006, 'CINNARZINE 25MG', 1, 1, NULL, NULL, NULL),
(1007, 'PYRIDOXINE HCL 100MG+ FOLIC ACID 5MG', 1, 1, NULL, NULL, NULL),
(1008, 'WARFARIN 5MG', 1, 1, NULL, NULL, NULL),
(1009, 'QUINODOCHLOR', 1, 1, NULL, NULL, NULL),
(1010, 'SULPHASALAZINE 500MG', 1, 1, NULL, NULL, NULL),
(1011, 'BIOTIN 5MG', 1, 1, NULL, NULL, NULL),
(1012, 'FOLIC ACID 1.5MG+MECOBALAMIN 1500 MCG+VITAMIN B6 3MG+ALPHA LIPOIC ACID 100MG', 1, 1, NULL, NULL, NULL),
(1013, 'TRIFLUOPERAZINE 10MG+TRIHEXYPHENIDYL 2MG', 1, 1, NULL, NULL, NULL),
(1014, 'TORSEMIDE 5MG', 1, 1, NULL, NULL, NULL),
(1015, 'DIAZEPAM 10MG', 1, 1, NULL, NULL, NULL),
(1016, 'RIFAMPICIN (1 CAP) 450MG+ETHAMBUTOL (1 TAB) 800MG+ISONIAZID (1 TAB) 300MG', 1, 1, NULL, NULL, NULL),
(1017, 'ASPRIN 150MG', 1, 1, NULL, NULL, NULL),
(1018, 'TADALAFIL 20MG', 1, 1, NULL, NULL, NULL),
(1019, 'VARICELLA VACCINE', 1, 1, NULL, NULL, NULL),
(1020, 'POLIOMYELITIS VIRUS TYPE 1 40 D-ANTIGEN UNITS+POLIOMYELITIS VIRUS TYPE 2 8 D-ANTIGEN UNITS+POLIOMYELITIS VIRUS TYPE 3 32 D-ANTIGEN UNITS', 1, 1, NULL, NULL, NULL),
(1021, 'INFLUENZA VIRUS', 1, 1, NULL, NULL, NULL),
(1022, 'INFLUENZA VACCINE (SPLIT VIRION)+INACTIVATED', 1, 1, NULL, NULL, NULL),
(1023, 'DIPHTHERIA+TETANUS+PERTUSSIS+HEPATITIS B+POLIMYELITIS+HAEMOPHILUS INFLUENZA', 1, 1, NULL, NULL, NULL),
(1024, 'MENINGOCOCCAL POLYSACCHARIDE VACCINE (GROUP A+C+Y & W 135 COMBINED)', 1, 1, NULL, NULL, NULL),
(1025, 'DIPHTHERIA TOXOID+TETANUS TOXOID+BORDETELLA PERTUSSIS 4 IU+HEPATITIS B SURFACE ANTIGEN 10 MCG+HAEMOPHILUS INFLUENZAE TYPE B POLYSACCHARIDE CONJUGATED 10 MCG', 1, 1, NULL, NULL, NULL),
(1026, 'HEPATITIS B IMMUNOGLOBULIN 100IU', 1, 1, NULL, NULL, NULL),
(1027, 'VACCINE+HUMAN PAPILLOMAVIRUS TYPE 16 L1PROTEIN 20 MCG+VACCINE+HUMAN PAPILLOMAVIRUS TYPE 18 L1PROTEIN 20 MCG/0.5 ML(ASO4 ADJUVANTED)', 1, 1, NULL, NULL, NULL),
(1028, 'DIPHTHERIA TETANUS AND PERTUSSIS VACCINE', 1, 1, NULL, NULL, NULL),
(1029, 'HAEMOPHILUS INFLUENZAE TYPE B POLYSACCHARIDE 10 MCG', 1, 1, NULL, NULL, NULL),
(1030, 'HEPATITIS A VIRUS 80 U', 1, 1, NULL, NULL, NULL),
(1031, 'BCG VACCINE', 1, 1, NULL, NULL, NULL),
(1032, 'RHO(D) IMMUNE GLOBULIN (HUMAN) 300MCG', 1, 1, NULL, NULL, NULL),
(1033, 'TEST GENERIC', 1, 1, '2024-07-16 12:30:35', '2024-07-16 12:30:35', NULL);

-- --------------------------------------------------------

--
-- Table structure for table `gins`
--

CREATE TABLE `gins` (
  `id` bigint(20) UNSIGNED NOT NULL,
  `stock_point_id` bigint(20) UNSIGNED NOT NULL,
  `mrq_id` bigint(20) UNSIGNED NOT NULL,
  `code` varchar(15) NOT NULL,
  `status` tinyint(1) NOT NULL DEFAULT 0,
  `remarks` varchar(255) DEFAULT NULL,
  `created_by_id` bigint(20) UNSIGNED DEFAULT NULL,
  `approved_by_id` bigint(20) UNSIGNED DEFAULT NULL,
  `deleted_at` timestamp NULL DEFAULT NULL,
  `created_at` timestamp NULL DEFAULT NULL,
  `updated_at` timestamp NULL DEFAULT NULL,
  `stock_point_from_id` bigint(20) UNSIGNED DEFAULT NULL
) ENGINE=InnoDB DEFAULT CHARSET=utf8mb4 COLLATE=utf8mb4_unicode_ci;

--
-- Dumping data for table `gins`
--

INSERT INTO `gins` (`id`, `stock_point_id`, `mrq_id`, `code`, `status`, `remarks`, `created_by_id`, `approved_by_id`, `deleted_at`, `created_at`, `updated_at`, `stock_point_from_id`) VALUES
(1, 2, 1, 'GIN001', 1, 'test', 3, 3, NULL, '2024-08-03 03:42:24', '2024-08-03 03:43:52', 1),
(2, 3, 2, 'GIN002', 1, 'test', 4, 4, NULL, '2024-08-03 04:57:36', '2024-08-04 11:45:40', 2),
(3, 2, 3, 'GIN003', 0, 'test', 3, NULL, NULL, '2024-08-04 02:26:03', '2024-08-04 02:26:03', 1),
(4, 3, 5, 'GIN004', 0, 'medicine', 4, NULL, NULL, '2024-08-07 21:29:10', '2024-08-07 21:29:10', 2),
(5, 2, 4, 'GIN005', 0, 'Medicine Send to Pharmacy', 3, NULL, NULL, '2024-08-09 14:08:40', '2024-08-09 14:08:40', 1),
(6, 2, 7, 'GIN006', 1, 'test', 3, 3, NULL, '2024-08-09 15:02:26', '2024-08-09 15:03:37', 1),
(7, 2, 10, 'GIN007', 0, NULL, 3, NULL, NULL, '2024-08-21 15:27:00', '2024-08-21 15:27:00', 1),
(8, 2, 11, 'GIN008', 1, 'for op pharmacy', 3, 3, NULL, '2024-08-21 15:30:40', '2024-08-21 15:33:41', 1),
(9, 2, 12, 'GIN009', 1, NULL, 3, 3, NULL, '2024-08-24 16:20:07', '2024-08-24 16:21:33', 1),
(10, 2, 13, 'GIN010', 0, 'fr', 3, NULL, NULL, '2024-08-25 21:00:34', '2024-08-25 21:00:34', 1),
(11, 2, 14, 'GIN011', 0, 'medicine', 3, NULL, NULL, '2024-09-05 21:29:42', '2024-09-05 21:29:42', 1),
(12, 2, 16, 'GIN012', 1, 'test', 3, 3, NULL, '2025-05-06 08:33:01', '2025-05-06 08:36:20', 1);

-- --------------------------------------------------------

--
-- Table structure for table `gin_items`
--

CREATE TABLE `gin_items` (
  `id` bigint(20) UNSIGNED NOT NULL,
  `stock_point_id` bigint(20) UNSIGNED NOT NULL,
  `gin_id` bigint(20) UNSIGNED NOT NULL,
  `grn_id` bigint(20) UNSIGNED NOT NULL,
  `item_id` bigint(20) UNSIGNED NOT NULL,
  `batch_no` varchar(15) DEFAULT NULL,
  `mfd` varchar(20) DEFAULT NULL,
  `exd` varchar(20) DEFAULT NULL,
  `quantity` smallint(6) DEFAULT NULL,
  `deleted_at` timestamp NULL DEFAULT NULL,
  `created_at` timestamp NULL DEFAULT NULL,
  `updated_at` timestamp NULL DEFAULT NULL,
  `stock_point_from_id` bigint(20) UNSIGNED DEFAULT NULL
) ENGINE=InnoDB DEFAULT CHARSET=utf8mb4 COLLATE=utf8mb4_unicode_ci;

--
-- Dumping data for table `gin_items`
--

INSERT INTO `gin_items` (`id`, `stock_point_id`, `gin_id`, `grn_id`, `item_id`, `batch_no`, `mfd`, `exd`, `quantity`, `deleted_at`, `created_at`, `updated_at`, `stock_point_from_id`) VALUES
(1, 2, 1, 1, 1, 'batch-ocid-1', '04-Apr-2024', '03-Oct-2024', 20, NULL, '2024-08-03 03:43:21', '2024-08-03 03:43:21', 1),
(2, 2, 1, 1, 2, 'batch-cal-01', '02-May-2024', '03-Oct-2024', 20, NULL, '2024-08-03 03:45:49', '2024-08-03 03:45:49', 1),
(3, 3, 2, 1, 1, 'batch-ocid-1', '04-Apr-2024', '03-Oct-2024', 5, NULL, '2024-08-04 11:31:45', '2024-08-04 11:31:45', 2),
(4, 3, 2, 1, 2, 'batch-cal-01', '02-May-2024', '03-Oct-2024', 5, NULL, '2024-08-04 11:45:44', '2024-08-04 11:45:44', 2),
(5, 2, 5, 3, 1, 'asdfrewq', '18-Dec-2023', '30-Dec-2026', 200, NULL, '2024-08-09 14:09:16', '2024-08-09 14:09:16', 1),
(6, 2, 5, 3, 13, 'qwerty', '31-Oct-2023', '30-Nov-2026', 500, NULL, '2024-08-09 14:09:33', '2024-08-09 14:09:33', 1),
(7, 2, 5, 3, 7, 'asdertyui', '30-Nov-2023', '31-Dec-2026', 500, NULL, '2024-08-09 14:09:47', '2024-08-09 14:09:47', 1),
(8, 2, 5, 3, 2, 'frtewr234', '20-Dec-2023', '30-Jul-2026', 400, NULL, '2024-08-09 14:10:04', '2024-08-09 14:10:04', 1),
(9, 2, 5, 3, 14, 'trewqyu', '30-Sep-2023', '30-Jun-2026', 500, NULL, '2024-08-09 14:10:16', '2024-08-09 14:10:16', 1),
(10, 2, 6, 1, 1, 'batch-ocid-1', '04-Apr-2024', '03-Oct-2024', 15, NULL, '2024-08-09 15:02:58', '2024-08-09 15:02:58', 1),
(11, 2, 6, 2, 2, 'Cal01214', '30-Jul-2024', '08-Aug-2024', 25, NULL, '2024-08-09 15:03:31', '2024-08-09 15:03:31', 1),
(12, 2, 8, 4, 15, 'CIL1233', '20-Aug-2024', '20-Aug-2026', 30, NULL, '2024-08-21 15:32:22', '2024-08-21 15:32:22', 1),
(13, 2, 8, 4, 16, 'SM123', '20-Aug-2024', '20-Aug-2026', 1, NULL, '2024-08-21 15:32:54', '2024-08-21 15:32:54', 1),
(14, 2, 8, 6, 17, 'SYN123', '21-Aug-2024', '21-Aug-2026', 200, NULL, '2024-08-21 15:33:23', '2024-08-21 15:33:23', 1),
(15, 2, 9, 8, 18, 'V189277', '24-Aug-2024', '04-Apr-2026', 200, NULL, '2024-08-24 16:20:38', '2024-08-24 16:20:38', 1),
(16, 2, 9, 8, 19, '1352020', '24-Aug-2024', '03-Mar-2026', 30, NULL, '2024-08-24 16:20:54', '2024-08-24 16:20:54', 1),
(17, 2, 9, 8, 19, '1352020', '24-Aug-2024', '03-Mar-2026', 70, NULL, '2024-08-24 16:21:12', '2024-08-24 16:21:12', 1),
(18, 2, 9, 8, 20, '1537373', '24-Aug-2024', '03-Mar-2026', 500, NULL, '2024-08-24 16:21:30', '2024-08-24 16:21:30', 1),
(19, 2, 12, 14, 2, 'retretyeyt', '06-Jan-2023', '06-Aug-2028', 49, NULL, '2025-05-06 08:35:11', '2025-05-06 08:35:11', 1),
(20, 2, 12, 14, 7, 'btqwert', '06-Jan-2023', '28-Dec-2027', 19, NULL, '2025-05-06 08:35:42', '2025-05-06 08:35:42', 1);

-- --------------------------------------------------------

--
-- Table structure for table `grns`
--

CREATE TABLE `grns` (
  `id` bigint(20) UNSIGNED NOT NULL,
  `vendor_id` bigint(20) UNSIGNED NOT NULL,
  `purchase_order_id` bigint(20) UNSIGNED NOT NULL,
  `code` varchar(15) NOT NULL,
  `invoice_no` varchar(15) NOT NULL,
  `invoice_date` varchar(25) NOT NULL,
  `invoice_value` decimal(10,2) NOT NULL,
  `remarks` varchar(255) DEFAULT NULL,
  `created_by_id` bigint(20) UNSIGNED DEFAULT NULL,
  `deleted_at` timestamp NULL DEFAULT NULL,
  `created_at` timestamp NULL DEFAULT NULL,
  `updated_at` timestamp NULL DEFAULT NULL
) ENGINE=InnoDB DEFAULT CHARSET=utf8mb4 COLLATE=utf8mb4_unicode_ci;

--
-- Dumping data for table `grns`
--

INSERT INTO `grns` (`id`, `vendor_id`, `purchase_order_id`, `code`, `invoice_no`, `invoice_date`, `invoice_value`, `remarks`, `created_by_id`, `deleted_at`, `created_at`, `updated_at`) VALUES
(1, 2, 1, 'GRN001', '001', '2024-08-03', 3065.00, 'test', NULL, NULL, '2024-08-03 03:34:40', '2024-08-03 03:34:40'),
(2, 14, 2, 'GRN002', 'NMCH01', '2024-08-07', 144.48, 'Medicine RECIVED', NULL, NULL, '2024-08-07 10:59:39', '2024-08-07 10:59:39'),
(3, 15, 4, 'GRN003', 'Aplexia12345', '2024-08-09', 37872.00, 'Medicine Received from Aplexia Pharma', NULL, NULL, '2024-08-09 14:01:53', '2024-08-09 14:01:53'),
(4, 16, 6, 'GRN004', 'Ab12346', '2024-08-20', 20873.00, NULL, NULL, NULL, '2024-08-20 16:06:23', '2024-08-20 16:06:23'),
(5, 16, 6, 'GRN005', 'KESH0123', '2024-08-20', 20873.00, 'Bill Entry', NULL, NULL, '2024-08-20 16:20:11', '2024-08-20 16:20:11'),
(6, 15, 7, 'GRN006', 'Apl123', '2024-08-21', 20873.00, 'Medicine recived', NULL, NULL, '2024-08-21 15:09:10', '2024-08-21 15:09:10'),
(7, 15, 7, 'GRN007', '1234wer', '2024-08-23', 20834.00, 'remarks', NULL, NULL, '2024-08-23 09:49:12', '2024-08-23 09:49:12'),
(8, 17, 8, 'GRN008', 'A8001343', '2024-08-23', 44993.00, 'MEDICINE RECEIVED', NULL, NULL, '2024-08-24 16:07:37', '2024-08-24 16:07:37'),
(9, 17, 8, 'GRN009', '123asdf', '2024-08-25', 3421345.00, 'remarks', NULL, NULL, '2024-08-25 20:49:37', '2024-08-25 20:49:37'),
(10, 15, 7, 'GRN010', 'asdgert', '2024-08-27', 20800.00, 'medicine pur', NULL, NULL, '2024-08-27 12:55:17', '2024-08-27 12:55:17'),
(11, 15, 7, 'GRN011', '1qwert4321', '2024-08-27', 45667.00, 'remarks', NULL, NULL, '2024-08-27 13:05:07', '2024-08-27 13:05:07'),
(12, 15, 10, 'GRN012', 'sdfhj', '2024-09-05', 20000.00, NULL, 3, NULL, '2024-09-05 21:34:27', '2024-09-05 21:34:27'),
(13, 15, 12, 'GRN013', '123wert', '2024-09-06', 2800.00, 'medicine calpol', 3, NULL, '2024-09-06 12:00:55', '2024-09-06 12:00:55'),
(14, 2, 21, 'GRN014', 'in00123', '2025-05-06', 1344.00, 'test', 3, NULL, '2025-05-06 08:25:27', '2025-05-06 08:25:27');

-- --------------------------------------------------------

--
-- Table structure for table `health_coordinators`
--

CREATE TABLE `health_coordinators` (
  `id` bigint(20) UNSIGNED NOT NULL,
  `code` varchar(20) DEFAULT NULL,
  `name` varchar(50) DEFAULT NULL,
  `father_name` varchar(50) DEFAULT NULL,
  `email` varchar(50) NOT NULL,
  `password` varchar(255) NOT NULL,
  `remember_token` varchar(100) DEFAULT NULL,
  `mobile` varchar(12) DEFAULT NULL,
  `dob` varchar(255) DEFAULT NULL,
  `address` varchar(255) DEFAULT NULL,
  `is_active` tinyint(1) NOT NULL DEFAULT 1,
  `created_by_id` bigint(20) UNSIGNED DEFAULT NULL,
  `updated_by_id` bigint(20) UNSIGNED DEFAULT NULL,
  `created_at` timestamp NULL DEFAULT NULL,
  `updated_at` timestamp NULL DEFAULT NULL,
  `deleted_at` timestamp NULL DEFAULT NULL
) ENGINE=InnoDB DEFAULT CHARSET=utf8mb4 COLLATE=utf8mb4_unicode_ci;

--
-- Dumping data for table `health_coordinators`
--

INSERT INTO `health_coordinators` (`id`, `code`, `name`, `father_name`, `email`, `password`, `remember_token`, `mobile`, `dob`, `address`, `is_active`, `created_by_id`, `updated_by_id`, `created_at`, `updated_at`, `deleted_at`) VALUES
(1, 'HC1', 'Jay Co', 'Test 2', 'test@gmail.com', '$2y$10$uaEiR.4U8TwdHS2H4/8sMuCkQ3c36/nW3n.AlivYYwSfszc46FGzO', NULL, '9058091547', '1999-05-05', 'Agra', 1, NULL, NULL, '2025-04-15 06:23:21', '2025-04-15 06:23:52', '2025-04-15 06:23:52'),
(2, 'HC1', 'HC', 'F', 'hc@mail.com', '$2y$10$aZjjO6vq4l1QFpZW5C8NrOt8AcwWhfx6o.3Q75N3.V0p4laYxXBQ.', NULL, '8787458965', '1999-05-05', 'Agra', 1, NULL, NULL, '2025-05-10 06:55:02', '2025-05-10 06:55:02', NULL);

-- --------------------------------------------------------

--
-- Table structure for table `hospitals`
--

CREATE TABLE `hospitals` (
  `id` bigint(20) UNSIGNED NOT NULL,
  `name` varchar(100) NOT NULL,
  `address` varchar(255) NOT NULL,
  `mobile` varchar(12) NOT NULL,
  `email` varchar(100) NOT NULL,
  `created_at` timestamp NULL DEFAULT NULL,
  `updated_at` timestamp NULL DEFAULT NULL,
  `deleted_at` timestamp NULL DEFAULT NULL
) ENGINE=InnoDB DEFAULT CHARSET=utf8mb4 COLLATE=utf8mb4_unicode_ci;

--
-- Dumping data for table `hospitals`
--

INSERT INTO `hospitals` (`id`, `name`, `address`, `mobile`, `email`, `created_at`, `updated_at`, `deleted_at`) VALUES
(1, 'City Hospital', 'Medical College Road Gorakhpur', '1234567890', 'cityhospital@gorakhpur.com', NULL, NULL, NULL);

-- --------------------------------------------------------

--
-- Table structure for table `id_types`
--

CREATE TABLE `id_types` (
  `id` bigint(20) UNSIGNED NOT NULL,
  `name` varchar(70) DEFAULT NULL,
  `created_at` timestamp NULL DEFAULT NULL,
  `updated_at` timestamp NULL DEFAULT NULL
) ENGINE=InnoDB DEFAULT CHARSET=utf8mb4 COLLATE=utf8mb4_unicode_ci;

--
-- Dumping data for table `id_types`
--

INSERT INTO `id_types` (`id`, `name`, `created_at`, `updated_at`) VALUES
(1, 'Adhar ', NULL, NULL),
(2, 'Voter Id ', NULL, NULL),
(3, 'Passport', NULL, NULL),
(4, 'PAN Card', NULL, NULL),
(5, 'Passport', NULL, NULL),
(6, 'PMJAY', NULL, NULL);

-- --------------------------------------------------------

--
-- Table structure for table `indent_items`
--

CREATE TABLE `indent_items` (
  `id` bigint(20) UNSIGNED NOT NULL,
  `purchase_indent_id` bigint(20) UNSIGNED NOT NULL,
  `item_id` bigint(20) UNSIGNED NOT NULL,
  `quantity` smallint(6) NOT NULL DEFAULT 0,
  `created_at` timestamp NULL DEFAULT NULL,
  `updated_at` timestamp NULL DEFAULT NULL,
  `deleted_at` timestamp NULL DEFAULT NULL
) ENGINE=InnoDB DEFAULT CHARSET=utf8mb4 COLLATE=utf8mb4_unicode_ci;

--
-- Dumping data for table `indent_items`
--

INSERT INTO `indent_items` (`id`, `purchase_indent_id`, `item_id`, `quantity`, `created_at`, `updated_at`, `deleted_at`) VALUES
(1, 1, 1, 100, '2024-08-03 03:31:33', '2024-08-03 03:31:33', NULL),
(2, 1, 2, 50, '2024-08-03 03:31:33', '2024-08-03 03:31:33', NULL),
(3, 1, 4, 10, '2024-08-03 03:31:33', '2024-08-03 03:31:33', NULL),
(4, 2, 2, 100, '2024-08-07 10:54:33', '2024-08-07 10:54:33', NULL),
(5, 3, 1, 200, '2024-08-09 13:47:22', '2024-08-09 13:47:22', NULL),
(6, 3, 13, 500, '2024-08-09 13:47:22', '2024-08-09 13:47:22', NULL),
(7, 3, 7, 500, '2024-08-09 13:47:22', '2024-08-09 13:47:22', NULL),
(8, 3, 2, 400, '2024-08-09 13:47:22', '2024-08-09 13:47:22', NULL),
(9, 3, 14, 500, '2024-08-09 13:47:22', '2024-08-09 13:47:22', NULL),
(10, 4, 15, 34, '2024-08-09 14:33:28', '2024-08-09 14:33:28', NULL),
(11, 4, 16, 2, '2024-08-09 14:33:28', '2024-08-09 14:33:28', NULL),
(12, 4, 17, 300, '2024-08-09 14:33:28', '2024-08-09 14:33:28', NULL),
(13, 5, 1, 20, '2024-08-09 21:20:30', '2024-08-09 21:20:30', NULL),
(14, 5, 13, 50, '2024-08-09 21:20:30', '2024-08-09 21:20:30', NULL),
(15, 5, 7, 50, '2024-08-09 21:20:30', '2024-08-09 21:20:30', NULL),
(16, 6, 2, 200, '2024-08-14 13:59:27', '2024-08-14 13:59:27', NULL),
(17, 6, 7, 200, '2024-08-14 13:59:27', '2024-08-14 13:59:27', NULL),
(18, 7, 15, 34, '2024-08-14 18:31:34', '2024-08-14 18:31:34', NULL),
(19, 7, 16, 2, '2024-08-14 18:31:34', '2024-08-14 18:31:34', NULL),
(20, 7, 17, 300, '2024-08-14 18:31:34', '2024-08-14 18:31:34', NULL),
(21, 8, 15, 34, '2024-08-21 14:56:06', '2024-08-21 14:56:06', NULL),
(22, 8, 16, 2, '2024-08-21 14:56:06', '2024-08-21 14:56:06', NULL),
(23, 8, 17, 300, '2024-08-21 14:56:06', '2024-08-21 14:56:06', NULL),
(24, 9, 18, 300, '2024-08-24 16:01:27', '2024-08-24 16:01:27', NULL),
(25, 9, 18, 35, '2024-08-24 16:01:27', '2024-08-24 16:01:27', NULL),
(26, 9, 19, 200, '2024-08-24 16:01:27', '2024-08-24 16:01:27', NULL),
(27, 9, 20, 800, '2024-08-24 16:01:27', '2024-08-24 16:01:27', NULL),
(28, 10, 3, 150, '2024-09-05 21:26:56', '2024-09-05 21:26:56', NULL),
(29, 11, 2, 100, '2024-09-06 11:53:24', '2024-09-06 11:53:24', NULL),
(30, 12, 2, 50, '2025-05-06 07:38:11', '2025-05-06 07:38:11', NULL),
(31, 12, 7, 20, '2025-05-06 07:38:11', '2025-05-06 07:38:11', NULL);

-- --------------------------------------------------------

--
-- Table structure for table `intake_output_entries`
--

CREATE TABLE `intake_output_entries` (
  `id` bigint(20) UNSIGNED NOT NULL,
  `ipd_id` bigint(20) UNSIGNED NOT NULL,
  `patient_id` bigint(20) UNSIGNED NOT NULL,
  `date_time` datetime NOT NULL,
  `iv_fluid` varchar(255) DEFAULT NULL,
  `iv_hrly` double(8,2) NOT NULL,
  `iv_total` double(8,2) NOT NULL,
  `oral_fluid` varchar(255) DEFAULT NULL,
  `oral_amount` double(8,2) NOT NULL,
  `oral_total` double(8,2) NOT NULL,
  `urine` double(8,2) NOT NULL,
  `ngasp_rta` double(8,2) NOT NULL,
  `drainage_d1` double(8,2) NOT NULL,
  `drainage_d2` double(8,2) NOT NULL,
  `drainage_d1_output` double(8,2) NOT NULL,
  `drainage_d2_output` double(8,2) NOT NULL,
  `misc` double(8,2) NOT NULL,
  `sub_total` double(8,2) NOT NULL,
  `total` double(8,2) NOT NULL,
  `nurse_station_id` bigint(20) UNSIGNED NOT NULL,
  `created_by_id` bigint(20) UNSIGNED NOT NULL,
  `created_at` timestamp NULL DEFAULT NULL,
  `updated_at` timestamp NULL DEFAULT NULL,
  `deleted_at` timestamp NULL DEFAULT NULL
) ENGINE=InnoDB DEFAULT CHARSET=utf8mb4 COLLATE=utf8mb4_unicode_ci;

--
-- Dumping data for table `intake_output_entries`
--

INSERT INTO `intake_output_entries` (`id`, `ipd_id`, `patient_id`, `date_time`, `iv_fluid`, `iv_hrly`, `iv_total`, `oral_fluid`, `oral_amount`, `oral_total`, `urine`, `ngasp_rta`, `drainage_d1`, `drainage_d2`, `drainage_d1_output`, `drainage_d2_output`, `misc`, `sub_total`, `total`, `nurse_station_id`, `created_by_id`, `created_at`, `updated_at`, `deleted_at`) VALUES
(1, 16, 46, '2025-04-04 14:59:00', '10', 1.00, 1.00, '10', 1.00, 1.00, 10.00, 10.00, 10.00, 10.00, 10.00, 10.00, 10.00, 70.00, 70.00, 1, 14, '2025-04-04 09:30:26', '2025-04-04 09:30:26', NULL),
(2, 16, 46, '2025-04-04 15:07:00', '20', 20.00, 20.00, '20', 20.00, 20.00, 20.00, 20.00, 20.00, 20.00, 20.00, 20.00, 20.00, 140.00, 140.00, 1, 14, '2025-04-04 09:37:55', '2025-04-04 09:37:55', NULL),
(3, 24, 94, '2025-04-17 13:57:00', '', 0.00, 0.00, '', 0.00, 0.00, 0.00, 0.00, 0.00, 0.00, 0.00, 0.00, 0.00, 0.00, 0.00, 1, 14, '2025-04-17 08:27:08', '2025-04-17 08:27:08', NULL);

-- --------------------------------------------------------

--
-- Table structure for table `internal_sales_stores`
--

CREATE TABLE `internal_sales_stores` (
  `id` bigint(20) UNSIGNED NOT NULL,
  `stock_point_from_id` bigint(20) UNSIGNED DEFAULT NULL,
  `stock_point_id` bigint(20) UNSIGNED NOT NULL,
  `gin_id` bigint(20) UNSIGNED NOT NULL,
  `gin_item_id` bigint(20) UNSIGNED NOT NULL,
  `item_id` bigint(20) UNSIGNED NOT NULL,
  `batch_no` varchar(15) DEFAULT NULL,
  `mfd` varchar(20) DEFAULT NULL,
  `exd` varchar(20) DEFAULT NULL,
  `quantity` smallint(6) DEFAULT NULL,
  `received` tinyint(1) NOT NULL DEFAULT 0,
  `deleted_at` timestamp NULL DEFAULT NULL,
  `created_at` timestamp NULL DEFAULT NULL,
  `updated_at` timestamp NULL DEFAULT NULL
) ENGINE=InnoDB DEFAULT CHARSET=utf8mb4 COLLATE=utf8mb4_unicode_ci;

-- --------------------------------------------------------

--
-- Table structure for table `inventories`
--

CREATE TABLE `inventories` (
  `id` bigint(20) UNSIGNED NOT NULL,
  `grn_id` bigint(20) UNSIGNED NOT NULL,
  `item_id` bigint(20) UNSIGNED NOT NULL,
  `batch_no` varchar(15) DEFAULT NULL,
  `mfd` varchar(20) DEFAULT NULL,
  `exd` varchar(20) DEFAULT NULL,
  `quantity` smallint(6) DEFAULT NULL,
  `purchase_rate` decimal(8,2) NOT NULL,
  `bonus` tinyint(4) DEFAULT NULL,
  `mrp` decimal(8,2) NOT NULL,
  `discount` decimal(4,2) NOT NULL,
  `tax` decimal(4,2) NOT NULL,
  `hsncode` varchar(10) NOT NULL,
  `deleted_at` timestamp NULL DEFAULT NULL,
  `created_at` timestamp NULL DEFAULT NULL,
  `updated_at` timestamp NULL DEFAULT NULL
) ENGINE=InnoDB DEFAULT CHARSET=utf8mb4 COLLATE=utf8mb4_unicode_ci;

--
-- Dumping data for table `inventories`
--

INSERT INTO `inventories` (`id`, `grn_id`, `item_id`, `batch_no`, `mfd`, `exd`, `quantity`, `purchase_rate`, `bonus`, `mrp`, `discount`, `tax`, `hsncode`, `deleted_at`, `created_at`, `updated_at`) VALUES
(1, 1, 1, 'batch-ocid-1', '2024-04-04', '2024-10-03', 100, 20.00, 0, 25.00, 0.00, 12.00, '1234', NULL, '2024-08-03 03:36:28', '2024-08-03 03:36:28'),
(2, 1, 2, 'batch-cal-01', '2024-05-02', '2024-10-03', 50, 10.00, 0, 15.00, 0.00, 12.00, '1234', NULL, '2024-08-03 03:37:34', '2024-08-03 03:37:34'),
(3, 1, 4, 'batch-ant-01', '2024-06-07', '2024-10-10', 10, 25.00, 0, 30.00, 0.00, 18.00, '3004', NULL, '2024-08-03 03:39:02', '2024-08-03 03:39:02'),
(4, 2, 2, 'Cal01214', '2024-07-30', '2024-08-08', 100, 1.28, 0, 1.35, 0.00, 12.00, '1234', NULL, '2024-08-07 11:01:24', '2024-08-07 11:01:24'),
(5, 3, 1, 'asdfrewq', '2023-12-18', '2026-12-30', 200, 10.00, 20, 15.00, 0.00, 12.00, '1234', NULL, '2024-08-09 14:03:21', '2024-08-09 14:03:21'),
(6, 3, 13, 'qwerty', '2023-10-31', '2026-11-30', 500, 9.00, 50, 15.00, 0.00, 0.00, '300490', NULL, '2024-08-09 14:04:31', '2024-08-09 14:04:31'),
(7, 3, 7, 'asdertyui', '2023-11-30', '2026-12-31', 500, 40.00, 100, 60.00, 0.00, 27.00, '2106', NULL, '2024-08-09 14:05:27', '2024-08-09 14:05:27'),
(8, 3, 2, 'frtewr234', '2023-12-20', '2026-07-30', 400, 9.00, 30, 19.00, 0.00, 12.00, '1234', NULL, '2024-08-09 14:06:15', '2024-08-09 14:06:15'),
(9, 3, 14, 'trewqyu', '2023-09-30', '2026-06-30', 500, 10.00, 50, 20.00, 0.00, 18.00, '4512', NULL, '2024-08-09 14:07:11', '2024-08-09 14:07:11'),
(10, 4, 15, 'CIL1233', '2024-08-20', '2026-08-20', 34, 233.53, 0, 322.72, 0.00, 12.00, '30049099', NULL, '2024-08-20 16:16:16', '2024-08-20 16:16:16'),
(11, 4, 16, 'SM123', '2024-08-20', '2026-08-20', 2, 3000.00, 0, 4659.00, 0.00, 12.00, '30049099', NULL, '2024-08-20 16:18:19', '2024-08-20 16:18:19'),
(12, 6, 15, 'CILAR0201', '2024-08-20', '2025-10-21', 34, 233.53, 0, 322.72, 5.00, 12.00, '30049099', NULL, '2024-08-21 15:13:50', '2024-08-21 15:13:50'),
(13, 6, 16, 'SMOF123', '2024-08-21', '2026-08-21', 2, 3000.00, 0, 4659.00, 0.00, 12.00, '30049099', NULL, '2024-08-21 15:15:01', '2024-08-21 15:15:01'),
(14, 6, 17, 'SYN123', '2024-08-21', '2026-08-21', 300, 16.98, 0, 19.96, 0.00, 12.00, '30012090', NULL, '2024-08-21 15:15:43', '2024-08-21 15:15:43'),
(15, 8, 18, 'V189277', '2024-08-24', '2026-04-04', 265, 69.00, 0, 300.00, 4.00, 12.00, '3004', NULL, '2024-08-24 16:09:59', '2024-08-24 16:09:59'),
(16, 8, 18, 'V189281', '2024-08-24', '2026-04-04', 35, 69.00, 0, 300.00, 4.00, 12.00, '3004', NULL, '2024-08-24 16:10:50', '2024-08-24 16:10:50'),
(17, 8, 19, '1352020', '2024-08-24', '2026-03-03', 200, 63.50, 0, 255.00, 4.00, 12.00, '3004', NULL, '2024-08-24 16:11:37', '2024-08-24 16:11:37'),
(18, 8, 20, '1537373', '2024-08-24', '2026-03-03', 800, 10.50, 0, 56.00, 4.00, 12.00, '3004', NULL, '2024-08-24 16:12:19', '2024-08-24 16:12:19'),
(19, 10, 15, 'asdg', '2024-08-27', '2024-08-27', 100, 40.00, 0, 65.00, 0.00, 12.00, '30049099', NULL, '2024-08-27 12:56:31', '2024-08-27 12:56:31'),
(20, 14, 7, 'btqwert', '2023-01-06', '2027-12-28', 20, 10.00, 0, 15.00, 0.00, 12.00, '2106', NULL, '2025-05-06 08:30:17', '2025-05-06 08:30:17'),
(21, 14, 2, 'retretyeyt', '2023-01-06', '2028-08-06', 50, 20.00, 0, 25.00, 0.00, 12.00, '1234', NULL, '2025-05-06 08:30:17', '2025-05-06 08:30:17');

-- --------------------------------------------------------

--
-- Table structure for table `ipds`
--

CREATE TABLE `ipds` (
  `id` bigint(20) UNSIGNED NOT NULL,
  `patient_id` bigint(20) UNSIGNED NOT NULL,
  `patient_visit_id` bigint(20) UNSIGNED NOT NULL,
  `cost_center_id` bigint(20) UNSIGNED NOT NULL,
  `corporate_registration_id` bigint(20) DEFAULT NULL,
  `department_id` bigint(20) UNSIGNED NOT NULL,
  `unit_id` bigint(20) UNSIGNED NOT NULL,
  `ward_id` bigint(20) UNSIGNED NOT NULL,
  `room_id` bigint(20) UNSIGNED NOT NULL,
  `bed_id` bigint(20) UNSIGNED NOT NULL,
  `referral_id` bigint(20) UNSIGNED NOT NULL,
  `nationality_id` bigint(20) UNSIGNED NOT NULL,
  `admin_type_id` bigint(20) UNSIGNED NOT NULL,
  `case_type_id` bigint(20) UNSIGNED DEFAULT NULL,
  `admission_purpose_id` bigint(20) UNSIGNED DEFAULT NULL,
  `ipdcode` varchar(20) DEFAULT NULL,
  `reason` varchar(255) DEFAULT NULL,
  `company` varchar(255) DEFAULT NULL,
  `policy_no` varchar(20) DEFAULT NULL,
  `payment_by` enum('Personal','Corporate','Insurance') NOT NULL DEFAULT 'Personal',
  `payment` decimal(8,2) DEFAULT NULL,
  `exp_app_amt` decimal(8,2) DEFAULT NULL,
  `diet` enum('Veg','NonVeg') NOT NULL DEFAULT 'Veg',
  `admit_type` enum('Walking','Wheel Chair','Streatcher') DEFAULT NULL,
  `expected_stay_days` int(11) DEFAULT NULL,
  `mother_admission_no` varchar(30) DEFAULT NULL,
  `is_with_mother` tinyint(1) NOT NULL DEFAULT 0,
  `pan_no` varchar(30) DEFAULT NULL,
  `type_of_admin` enum('Package','Non Package') DEFAULT NULL,
  `estimated_amt` decimal(8,2) DEFAULT NULL,
  `patient_source` enum('OP','Emergency') NOT NULL DEFAULT 'OP',
  `passport_no` varchar(30) DEFAULT NULL,
  `deleted_at` timestamp NULL DEFAULT NULL,
  `created_at` timestamp NULL DEFAULT NULL,
  `updated_at` timestamp NULL DEFAULT NULL
) ENGINE=InnoDB DEFAULT CHARSET=utf8mb4 COLLATE=utf8mb4_unicode_ci;

--
-- Dumping data for table `ipds`
--

INSERT INTO `ipds` (`id`, `patient_id`, `patient_visit_id`, `cost_center_id`, `corporate_registration_id`, `department_id`, `unit_id`, `ward_id`, `room_id`, `bed_id`, `referral_id`, `nationality_id`, `admin_type_id`, `case_type_id`, `admission_purpose_id`, `ipdcode`, `reason`, `company`, `policy_no`, `payment_by`, `payment`, `exp_app_amt`, `diet`, `admit_type`, `expected_stay_days`, `mother_admission_no`, `is_with_mother`, `pan_no`, `type_of_admin`, `estimated_amt`, `patient_source`, `passport_no`, `deleted_at`, `created_at`, `updated_at`) VALUES
(2, 5, 5, 1, NULL, 2, 3, 2, 1, 1, 5, 1, 1, NULL, NULL, 'IP2411051', NULL, NULL, NULL, 'Personal', 0.00, 0.00, 'Veg', 'Walking', 0, NULL, 0, NULL, 'Non Package', NULL, 'OP', NULL, NULL, '2024-11-05 05:15:39', '2024-11-05 05:15:39'),
(3, 5, 5, 1, NULL, 2, 3, 2, 1, 1, 5, 1, 1, NULL, NULL, 'IP2411053', NULL, NULL, NULL, 'Personal', 0.00, 0.00, 'Veg', 'Walking', 0, NULL, 0, NULL, 'Non Package', NULL, 'OP', NULL, NULL, '2024-11-05 05:17:05', '2024-11-05 05:17:05'),
(4, 2, 2, 1, NULL, 1, 2, 2, 1, 1, 2, 1, 1, NULL, NULL, 'IP2411054', NULL, NULL, NULL, 'Personal', 0.00, 0.00, 'Veg', 'Walking', 0, NULL, 0, NULL, 'Non Package', NULL, 'OP', NULL, NULL, '2024-11-05 05:28:51', '2024-11-05 05:28:51'),
(6, 82, 89, 1, NULL, 4, 38, 2, 1, 2, 82, 1, 1, NULL, NULL, 'IP2411055', NULL, NULL, NULL, 'Personal', 0.00, 0.00, 'Veg', 'Walking', 0, NULL, 0, NULL, 'Non Package', NULL, 'OP', NULL, NULL, '2024-11-05 14:43:34', '2024-11-05 14:43:34'),
(7, 8, 6, 1, NULL, 1, 2, 2, 1, 3, 8, 1, 1, NULL, NULL, 'IP2411067', NULL, NULL, NULL, 'Personal', 0.00, 0.00, 'Veg', 'Walking', 0, NULL, 0, NULL, 'Non Package', NULL, 'OP', NULL, NULL, '2024-11-06 04:57:47', '2024-11-06 04:57:47'),
(8, 11, 9, 1, NULL, 1, 2, 2, 1, 4, 11, 1, 1, NULL, NULL, 'IP2411068', NULL, NULL, NULL, 'Personal', 0.00, 0.00, 'Veg', 'Walking', 0, NULL, 0, NULL, 'Package', 10000.00, 'OP', NULL, NULL, '2024-11-06 05:21:53', '2024-11-06 05:21:53'),
(10, 21, 40, 1, NULL, 1, 2, 2, 1, 14, 21, 1, 1, 1, NULL, 'IP2503269', 'test', 'Company', '10000', 'Personal', 100.00, 10.00, 'Veg', 'Walking', 10, NULL, 0, '1454545454', 'Non Package', 100.00, 'Emergency', NULL, NULL, '2025-03-26 09:14:12', '2025-03-26 09:14:12'),
(11, 47, 54, 1, NULL, 5, 37, 2, 1, 15, 47, 1, 1, 1, NULL, 'IP25032611', 'test', 'Company', '10000', 'Personal', 100.00, 100.00, 'NonVeg', 'Walking', 100, NULL, 0, '1454545454', 'Non Package', 100.00, 'OP', NULL, NULL, '2025-03-26 09:17:40', '2025-03-26 09:17:40'),
(12, 13, 11, 1, NULL, 1, 1, 2, 1, 16, 13, 1, 1, 1, NULL, 'IP25032612', 'test', 'Company', '10000', 'Personal', 100.00, 100.00, 'Veg', 'Walking', 100, NULL, 0, '1454545454', 'Non Package', 100.00, 'OP', NULL, NULL, '2025-03-26 09:23:28', '2025-03-26 09:23:28'),
(13, 13, 11, 1, NULL, 1, 1, 2, 1, 16, 13, 1, 1, 1, NULL, 'IP25032613', 'test', 'Company', '10000', 'Personal', 100.00, 100.00, 'Veg', 'Walking', 100, NULL, 0, '1454545454', 'Non Package', 100.00, 'OP', NULL, NULL, '2025-03-26 09:23:51', '2025-03-26 09:23:51'),
(14, 81, 88, 1, NULL, 19, 19, 2, 1, 17, 81, 1, 1, 1, NULL, 'IP25032614', 'test', 'Company', '10000', 'Personal', 100.00, 100.00, 'Veg', 'Walking', 100, NULL, 0, '1454545454', 'Non Package', 100.00, 'OP', NULL, NULL, '2025-03-26 09:37:14', '2025-03-26 09:37:14'),
(15, 62, 69, 1, NULL, 6, 6, 2, 1, 18, 62, 1, 1, 1, NULL, 'IP25032715', 'test', 'Company', '10000', 'Personal', 100.00, 100.00, 'Veg', 'Walking', 100, NULL, 0, '1454545454', 'Non Package', 100.00, 'OP', NULL, NULL, '2025-03-27 05:05:50', '2025-03-27 05:05:50'),
(16, 46, 53, 1, NULL, 5, 34, 2, 2, 20, 46, 1, 1, 1, NULL, 'IP25032716', 'test', 'Company', '10000', 'Personal', 100.00, 100.00, 'Veg', 'Walking', 100, NULL, 0, '1454545454', 'Non Package', 100.00, 'OP', NULL, NULL, '2025-03-27 05:30:58', '2025-04-03 11:48:18'),
(24, 94, 105, 1, NULL, 1, 1, 1, 3, 21, 94, 1, 1, 1, NULL, 'IP25041117', NULL, 'Company', '123', 'Insurance', 100.00, 100.00, 'Veg', 'Walking', 100, NULL, 0, '12345', 'Non Package', 100.00, 'OP', NULL, NULL, '2025-04-11 07:48:37', '2025-04-17 05:58:41'),
(26, 95, 106, 1, 2, 1, 1, 2, 1, 18, 95, 1, 1, 1, NULL, 'IP25050525', 'New Ipd for corporate reg.', 'Test', '123', 'Corporate', 100.00, 100.00, 'Veg', 'Walking', 100, NULL, 0, NULL, 'Non Package', NULL, 'OP', NULL, NULL, '2025-05-05 07:16:39', '2025-05-05 07:16:39'),
(27, 96, 107, 1, NULL, 1, 1, 1, 4, 42, 96, 1, 1, 1, 1, 'IP25050627', NULL, 'Test', '15241545', 'Personal', 100.00, 100.00, 'Veg', 'Walking', 100, NULL, 0, NULL, 'Non Package', NULL, 'OP', NULL, NULL, '2025-05-06 06:36:16', '2025-05-06 06:47:27'),
(28, 97, 109, 1, NULL, 2, 4, 1, 5, 61, 97, 1, 1, 1, 1, 'IP25052328', 'test', 'test', '123', 'Corporate', 100.00, 100.00, 'Veg', 'Walking', 100, NULL, 0, NULL, 'Non Package', NULL, 'OP', NULL, NULL, '2025-05-23 06:20:35', '2025-05-23 06:20:35'),
(29, 16, 23, 1, NULL, 8, 49, 1, 4, 43, 16, 1, 1, 1, 1, 'IP25052329', 'test', 'Company', '4545', 'Personal', 100.00, 100.00, 'Veg', 'Walking', 100, NULL, 0, NULL, 'Non Package', NULL, 'OP', NULL, NULL, '2025-05-23 06:39:10', '2025-05-23 06:39:10');

-- --------------------------------------------------------

--
-- Table structure for table `ipd_cross_consultations`
--

CREATE TABLE `ipd_cross_consultations` (
  `id` bigint(20) UNSIGNED NOT NULL,
  `ipd_id` bigint(20) UNSIGNED NOT NULL,
  `patient_id` bigint(20) UNSIGNED NOT NULL,
  `department_id` bigint(20) UNSIGNED NOT NULL,
  `doctor_id` bigint(20) UNSIGNED NOT NULL,
  `priority` varchar(255) DEFAULT NULL,
  `remarks` longtext DEFAULT NULL,
  `nurse_station_id` bigint(20) UNSIGNED NOT NULL,
  `created_by_id` bigint(20) UNSIGNED NOT NULL,
  `created_at` timestamp NULL DEFAULT NULL,
  `updated_at` timestamp NULL DEFAULT NULL,
  `deleted_at` timestamp NULL DEFAULT NULL
) ENGINE=InnoDB DEFAULT CHARSET=utf8mb4 COLLATE=utf8mb4_unicode_ci;

--
-- Dumping data for table `ipd_cross_consultations`
--

INSERT INTO `ipd_cross_consultations` (`id`, `ipd_id`, `patient_id`, `department_id`, `doctor_id`, `priority`, `remarks`, `nurse_station_id`, `created_by_id`, `created_at`, `updated_at`, `deleted_at`) VALUES
(1, 16, 46, 1, 8, 'Urgent', NULL, 1, 14, '2025-04-09 06:16:49', '2025-04-09 06:16:49', NULL),
(2, 24, 94, 4, 6, NULL, NULL, 1, 14, '2025-04-22 04:40:17', '2025-04-22 04:40:17', NULL),
(3, 24, 94, 1, 1, 'Routine', NULL, 1, 14, '2025-04-22 04:41:17', '2025-04-22 04:41:17', NULL);

-- --------------------------------------------------------

--
-- Table structure for table `ipd_diagnostic_results`
--

CREATE TABLE `ipd_diagnostic_results` (
  `id` bigint(20) UNSIGNED NOT NULL,
  `patient_id` bigint(20) UNSIGNED DEFAULT NULL,
  `patient_visit_id` bigint(20) UNSIGNED DEFAULT NULL,
  `doctor_id` bigint(20) UNSIGNED DEFAULT NULL,
  `ipd_sample_collection_id` bigint(20) UNSIGNED NOT NULL,
  `ip_service_billing_id` bigint(20) UNSIGNED NOT NULL,
  `ref_no` varchar(20) DEFAULT NULL,
  `code` varchar(20) DEFAULT NULL,
  `status` tinyint(1) NOT NULL DEFAULT 0,
  `result_date` varchar(20) DEFAULT NULL,
  `created_by_id` bigint(20) UNSIGNED DEFAULT NULL,
  `updated_by_id` bigint(20) UNSIGNED DEFAULT NULL,
  `approved_by_id` bigint(20) UNSIGNED DEFAULT NULL,
  `created_at` timestamp NULL DEFAULT NULL,
  `updated_at` timestamp NULL DEFAULT NULL,
  `deleted_at` timestamp NULL DEFAULT NULL
) ENGINE=InnoDB DEFAULT CHARSET=utf8mb4 COLLATE=utf8mb4_unicode_ci;

-- --------------------------------------------------------

--
-- Table structure for table `ipd_diagnostic_result_values`
--

CREATE TABLE `ipd_diagnostic_result_values` (
  `id` bigint(20) UNSIGNED NOT NULL,
  `ipd_diagnostic_result_id` bigint(20) UNSIGNED NOT NULL,
  `parameter_id` bigint(20) UNSIGNED NOT NULL,
  `service_id` bigint(20) UNSIGNED NOT NULL,
  `result_value` varchar(50) NOT NULL,
  `created_at` timestamp NULL DEFAULT NULL,
  `updated_at` timestamp NULL DEFAULT NULL,
  `deleted_at` timestamp NULL DEFAULT NULL
) ENGINE=InnoDB DEFAULT CHARSET=utf8mb4 COLLATE=utf8mb4_unicode_ci;

-- --------------------------------------------------------

--
-- Table structure for table `ipd_doctor_visits`
--

CREATE TABLE `ipd_doctor_visits` (
  `id` bigint(20) UNSIGNED NOT NULL,
  `ipd_id` bigint(20) UNSIGNED NOT NULL,
  `patient_id` bigint(20) UNSIGNED NOT NULL,
  `code` varchar(255) NOT NULL,
  `service_date` date DEFAULT NULL,
  `service_type` varchar(255) DEFAULT NULL,
  `doctor_id` bigint(20) UNSIGNED NOT NULL,
  `visit_date_time` timestamp NULL DEFAULT NULL,
  `nurse_station_id` bigint(20) UNSIGNED NOT NULL,
  `created_by_id` bigint(20) UNSIGNED NOT NULL,
  `is_cancelled` int(11) NOT NULL DEFAULT 0,
  `cancelled_reason` text DEFAULT NULL,
  `cancelled_by_id` bigint(20) UNSIGNED DEFAULT NULL,
  `created_at` timestamp NULL DEFAULT NULL,
  `updated_at` timestamp NULL DEFAULT NULL,
  `deleted_at` timestamp NULL DEFAULT NULL
) ENGINE=InnoDB DEFAULT CHARSET=utf8mb4 COLLATE=utf8mb4_unicode_ci;

--
-- Dumping data for table `ipd_doctor_visits`
--

INSERT INTO `ipd_doctor_visits` (`id`, `ipd_id`, `patient_id`, `code`, `service_date`, `service_type`, `doctor_id`, `visit_date_time`, `nurse_station_id`, `created_by_id`, `is_cancelled`, `cancelled_reason`, `cancelled_by_id`, `created_at`, `updated_at`, `deleted_at`) VALUES
(1, 24, 94, 'DOV1', '2025-04-17', 'Consultations', 1, '2025-04-17 08:45:00', 1, 14, 1, 'Visit cancel', 4, '2025-04-17 08:45:11', '2025-04-17 08:53:38', NULL),
(2, 24, 94, 'DOV2', '2025-04-17', 'Consultations', 3, '2025-04-17 08:54:00', 1, 14, 1, 'test', 2, '2025-04-17 08:54:55', '2025-04-17 08:55:13', NULL),
(3, 24, 94, 'DOV3', '2025-04-17', 'Consultations', 7, '2025-04-17 08:54:00', 1, 14, 0, NULL, NULL, '2025-04-17 08:55:03', '2025-04-17 08:55:03', NULL);

-- --------------------------------------------------------

--
-- Table structure for table `ipd_equipment_usages`
--

CREATE TABLE `ipd_equipment_usages` (
  `id` bigint(20) UNSIGNED NOT NULL,
  `ipd_id` bigint(20) UNSIGNED NOT NULL,
  `patient_id` bigint(20) UNSIGNED NOT NULL,
  `code` varchar(255) NOT NULL,
  `nurse_station_id` bigint(20) UNSIGNED NOT NULL,
  `created_by_id` bigint(20) UNSIGNED NOT NULL,
  `created_at` timestamp NULL DEFAULT NULL,
  `updated_at` timestamp NULL DEFAULT NULL,
  `deleted_at` timestamp NULL DEFAULT NULL
) ENGINE=InnoDB DEFAULT CHARSET=utf8mb4 COLLATE=utf8mb4_unicode_ci;

--
-- Dumping data for table `ipd_equipment_usages`
--

INSERT INTO `ipd_equipment_usages` (`id`, `ipd_id`, `patient_id`, `code`, `nurse_station_id`, `created_by_id`, `created_at`, `updated_at`, `deleted_at`) VALUES
(1, 16, 46, 'EQU1', 1, 14, '2025-04-08 06:51:54', '2025-04-08 06:51:54', NULL),
(2, 24, 94, 'EQU2', 1, 14, '2025-04-17 06:18:45', '2025-04-17 06:18:45', NULL),
(3, 24, 94, 'EQU3', 1, 14, '2025-04-18 06:21:52', '2025-04-18 06:21:52', NULL),
(4, 24, 94, 'EQU4', 1, 14, '2025-04-22 04:53:52', '2025-04-22 04:53:52', NULL);

-- --------------------------------------------------------

--
-- Table structure for table `ipd_equipment_usage_items`
--

CREATE TABLE `ipd_equipment_usage_items` (
  `id` bigint(20) UNSIGNED NOT NULL,
  `ipd_equipment_usage_id` bigint(20) UNSIGNED NOT NULL,
  `equipment_group_id` bigint(20) UNSIGNED NOT NULL,
  `equipment_id` bigint(20) UNSIGNED NOT NULL,
  `equipment_code` varchar(255) DEFAULT NULL,
  `from_date_time` timestamp NULL DEFAULT NULL,
  `to_date_time` timestamp NULL DEFAULT NULL,
  `created_at` timestamp NULL DEFAULT NULL,
  `updated_at` timestamp NULL DEFAULT NULL,
  `deleted_at` timestamp NULL DEFAULT NULL
) ENGINE=InnoDB DEFAULT CHARSET=utf8mb4 COLLATE=utf8mb4_unicode_ci;

--
-- Dumping data for table `ipd_equipment_usage_items`
--

INSERT INTO `ipd_equipment_usage_items` (`id`, `ipd_equipment_usage_id`, `equipment_group_id`, `equipment_id`, `equipment_code`, `from_date_time`, `to_date_time`, `created_at`, `updated_at`, `deleted_at`) VALUES
(1, 3, 1, 1, 'VTLR', '2025-04-18 06:21:00', '2025-04-18 06:32:00', '2025-04-18 06:21:52', '2025-04-18 06:32:18', NULL),
(2, 3, 1, 2, 'ECG', '2025-04-18 06:21:00', '2025-04-18 06:32:00', '2025-04-18 06:21:52', '2025-04-18 06:32:18', NULL),
(3, 3, 2, 3, 'ACOD', '2025-04-18 06:21:00', '2025-04-18 06:32:00', '2025-04-18 06:21:52', '2025-04-18 06:32:18', NULL),
(4, 3, 2, 4, 'ELVT', '2025-04-18 06:21:00', '2025-04-18 06:32:00', '2025-04-18 06:21:52', '2025-04-18 06:32:18', NULL),
(5, 4, 1, 1, 'VTLR', '2025-04-22 04:53:00', NULL, '2025-04-22 04:53:52', '2025-04-22 04:53:52', NULL),
(6, 4, 1, 2, 'ECG', '2025-04-22 04:53:00', NULL, '2025-04-22 04:53:52', '2025-04-22 04:53:52', NULL),
(7, 4, 2, 3, 'ACOD', '2025-04-22 04:53:00', NULL, '2025-04-22 04:53:52', '2025-04-22 04:53:52', NULL),
(8, 4, 2, 4, 'ELVT', '2025-04-22 04:53:00', NULL, '2025-04-22 04:53:52', '2025-04-22 04:53:52', NULL);

-- --------------------------------------------------------

--
-- Table structure for table `ipd_sample_collections`
--

CREATE TABLE `ipd_sample_collections` (
  `id` bigint(20) UNSIGNED NOT NULL,
  `ip_service_billing_id` bigint(20) UNSIGNED NOT NULL,
  `code` varchar(20) DEFAULT NULL,
  `lab_no` varchar(12) DEFAULT NULL,
  `sample_entry_date` varchar(30) DEFAULT NULL,
  `created_by_id` bigint(20) UNSIGNED DEFAULT NULL,
  `updated_by_id` bigint(20) UNSIGNED DEFAULT NULL,
  `approved_by_id` bigint(20) UNSIGNED DEFAULT NULL,
  `created_at` timestamp NULL DEFAULT NULL,
  `updated_at` timestamp NULL DEFAULT NULL,
  `deleted_at` timestamp NULL DEFAULT NULL
) ENGINE=InnoDB DEFAULT CHARSET=utf8mb4 COLLATE=utf8mb4_unicode_ci;

-- --------------------------------------------------------

--
-- Table structure for table `ipd_sample_collection_items`
--

CREATE TABLE `ipd_sample_collection_items` (
  `id` bigint(20) UNSIGNED NOT NULL,
  `ipd_sample_collection_id` bigint(20) UNSIGNED NOT NULL,
  `ip_service_billing_item_id` bigint(20) UNSIGNED NOT NULL,
  `sample_done` tinyint(1) NOT NULL DEFAULT 0,
  `created_at` timestamp NULL DEFAULT NULL,
  `updated_at` timestamp NULL DEFAULT NULL,
  `deleted_at` timestamp NULL DEFAULT NULL
) ENGINE=InnoDB DEFAULT CHARSET=utf8mb4 COLLATE=utf8mb4_unicode_ci;

-- --------------------------------------------------------

--
-- Table structure for table `ip_lab_indents`
--

CREATE TABLE `ip_lab_indents` (
  `id` bigint(20) UNSIGNED NOT NULL,
  `ipd_id` bigint(20) UNSIGNED NOT NULL,
  `patient_id` bigint(20) UNSIGNED NOT NULL,
  `code` varchar(255) NOT NULL,
  `remarks` varchar(255) DEFAULT NULL,
  `instructions` varchar(255) DEFAULT NULL,
  `clinical_summary_diagnosis` varchar(255) DEFAULT NULL,
  `status` varchar(255) DEFAULT NULL,
  `nurse_station_id` bigint(20) UNSIGNED DEFAULT NULL,
  `created_by_id` bigint(20) UNSIGNED DEFAULT NULL,
  `is_cancelled` int(11) NOT NULL DEFAULT 0,
  `cancelled_reason` text DEFAULT NULL,
  `cancelled_by_id` bigint(20) UNSIGNED DEFAULT NULL,
  `created_at` timestamp NULL DEFAULT NULL,
  `updated_at` timestamp NULL DEFAULT NULL,
  `deleted_at` timestamp NULL DEFAULT NULL
) ENGINE=InnoDB DEFAULT CHARSET=utf8mb4 COLLATE=utf8mb4_unicode_ci;

--
-- Dumping data for table `ip_lab_indents`
--

INSERT INTO `ip_lab_indents` (`id`, `ipd_id`, `patient_id`, `code`, `remarks`, `instructions`, `clinical_summary_diagnosis`, `status`, `nurse_station_id`, `created_by_id`, `is_cancelled`, `cancelled_reason`, `cancelled_by_id`, `created_at`, `updated_at`, `deleted_at`) VALUES
(1, 24, 94, 'IND2504171', NULL, NULL, NULL, 'Not Approved', 1, 14, 1, 'lab indent', 2, '2025-04-17 07:12:48', '2025-04-17 07:23:40', NULL),
(2, 24, 94, 'IND2504212', NULL, NULL, NULL, 'Not Approved', 1, 14, 0, NULL, NULL, '2025-04-21 04:48:13', '2025-04-21 04:48:13', NULL),
(3, 24, 94, 'IND2504213', NULL, NULL, NULL, 'Approved', 1, 14, 0, NULL, NULL, '2025-04-21 04:48:29', '2025-04-21 05:42:08', NULL),
(4, 24, 94, 'IND2504214', NULL, NULL, NULL, 'Approved', 1, 14, 0, NULL, NULL, '2025-04-21 04:54:04', '2025-04-21 05:41:54', NULL),
(5, 24, 94, 'IND2504215', NULL, NULL, NULL, 'Not Approved', 1, 14, 0, NULL, NULL, '2025-04-21 08:32:15', '2025-04-21 08:32:15', NULL),
(6, 24, 94, 'IND2504216', NULL, NULL, NULL, 'Approved', 1, 14, 0, NULL, NULL, '2025-04-21 11:27:16', '2025-04-21 11:35:47', NULL),
(7, 26, 95, 'IND2505057', NULL, NULL, NULL, 'Not Approved', 1, 14, 0, NULL, NULL, '2025-05-05 11:31:35', '2025-05-05 11:31:35', NULL),
(8, 27, 96, 'IND2505068', NULL, NULL, NULL, 'Approved', 1, 14, 0, NULL, NULL, '2025-05-06 06:45:03', '2025-05-06 06:45:51', NULL),
(9, 27, 96, 'IND2505069', NULL, NULL, NULL, 'Approved', 1, 14, 0, NULL, NULL, '2025-05-06 10:47:40', '2025-05-06 10:48:02', NULL);

-- --------------------------------------------------------

--
-- Table structure for table `ip_lab_indent_items`
--

CREATE TABLE `ip_lab_indent_items` (
  `id` bigint(20) UNSIGNED NOT NULL,
  `ip_lab_indent_id` bigint(20) UNSIGNED NOT NULL,
  `service_id` bigint(20) UNSIGNED NOT NULL,
  `quantity` int(11) NOT NULL,
  `unit_service_price` decimal(10,2) NOT NULL,
  `amount` decimal(10,2) NOT NULL,
  `discount` decimal(10,2) NOT NULL,
  `total` decimal(10,2) NOT NULL,
  `service_date` date NOT NULL,
  `discount_approved_by_id` bigint(20) UNSIGNED DEFAULT NULL,
  `created_at` timestamp NULL DEFAULT NULL,
  `updated_at` timestamp NULL DEFAULT NULL,
  `deleted_at` timestamp NULL DEFAULT NULL
) ENGINE=InnoDB DEFAULT CHARSET=utf8mb4 COLLATE=utf8mb4_unicode_ci;

--
-- Dumping data for table `ip_lab_indent_items`
--

INSERT INTO `ip_lab_indent_items` (`id`, `ip_lab_indent_id`, `service_id`, `quantity`, `unit_service_price`, `amount`, `discount`, `total`, `service_date`, `discount_approved_by_id`, `created_at`, `updated_at`, `deleted_at`) VALUES
(1, 1, 2, 1, 150.00, 150.00, 0.00, 150.00, '2025-04-12', 1, '2025-04-12 09:25:20', '2025-04-12 09:25:20', NULL),
(2, 2, 2, 1, 150.00, 150.00, 0.00, 150.00, '2025-04-12', 1, '2025-04-12 09:25:40', '2025-04-12 09:25:40', NULL),
(3, 3, 2, 1, 150.00, 150.00, 0.00, 150.00, '2025-04-17', 1, '2025-04-17 05:48:54', '2025-04-17 05:48:54', NULL),
(4, 1, 2, 1, 150.00, 150.00, 0.00, 150.00, '2025-04-17', 1, '2025-04-17 07:12:48', '2025-04-17 07:12:48', NULL),
(5, 2, 2, 1, 150.00, 150.00, 0.00, 150.00, '2025-04-21', 1, '2025-04-21 04:48:13', '2025-04-21 04:48:13', NULL),
(6, 3, 3, 1, 1000.00, 1000.00, 0.00, 1000.00, '2025-04-21', 1, '2025-04-21 04:48:29', '2025-04-21 04:48:29', NULL),
(7, 4, 3, 1, 1000.00, 1000.00, 0.00, 1000.00, '2025-04-21', 1, '2025-04-21 04:54:04', '2025-04-21 04:54:04', NULL),
(8, 5, 3, 1, 1000.00, 1000.00, 0.00, 1000.00, '2025-04-21', 1, '2025-04-21 08:32:15', '2025-04-21 08:32:15', NULL),
(9, 6, 2, 2, 150.00, 300.00, 0.00, 300.00, '2025-04-21', 1, '2025-04-21 11:27:16', '2025-04-21 11:27:16', NULL),
(10, 6, 131, 1, 200.00, 200.00, 0.00, 200.00, '2025-04-21', 1, '2025-04-21 11:27:16', '2025-04-21 11:27:16', NULL),
(11, 6, 2, 1, 150.00, 150.00, 0.00, 150.00, '2025-04-21', 1, '2025-04-21 11:27:16', '2025-04-21 11:27:16', NULL),
(12, 7, 2, 1, 150.00, 150.00, 0.00, 150.00, '2025-05-05', 1, '2025-05-05 11:31:35', '2025-05-05 11:31:35', NULL),
(13, 8, 2, 1, 150.00, 150.00, 0.00, 150.00, '2025-05-06', 1, '2025-05-06 06:45:03', '2025-05-06 06:45:03', NULL),
(14, 9, 126, 1, 770.00, 770.00, 0.00, 770.00, '2025-05-06', 1, '2025-05-06 10:47:40', '2025-05-06 10:47:40', NULL);

-- --------------------------------------------------------

--
-- Table structure for table `ip_pharmacy_billing_transactions`
--

CREATE TABLE `ip_pharmacy_billing_transactions` (
  `id` bigint(20) UNSIGNED NOT NULL,
  `ip_pharmacy_indent_billing_id` bigint(20) UNSIGNED NOT NULL,
  `ip_pharmacy_indent_id` bigint(20) UNSIGNED NOT NULL,
  `ipd_id` bigint(20) UNSIGNED NOT NULL,
  `patient_id` bigint(20) UNSIGNED NOT NULL,
  `stock_point_id` bigint(20) UNSIGNED NOT NULL,
  `wallet_transaction_id` bigint(20) UNSIGNED NOT NULL,
  `amount` decimal(10,2) NOT NULL DEFAULT 0.00,
  `received_by_id` bigint(20) UNSIGNED NOT NULL,
  `created_at` timestamp NULL DEFAULT NULL,
  `updated_at` timestamp NULL DEFAULT NULL,
  `deleted_at` timestamp NULL DEFAULT NULL
) ENGINE=InnoDB DEFAULT CHARSET=utf8mb4 COLLATE=utf8mb4_unicode_ci;

--
-- Dumping data for table `ip_pharmacy_billing_transactions`
--

INSERT INTO `ip_pharmacy_billing_transactions` (`id`, `ip_pharmacy_indent_billing_id`, `ip_pharmacy_indent_id`, `ipd_id`, `patient_id`, `stock_point_id`, `wallet_transaction_id`, `amount`, `received_by_id`, `created_at`, `updated_at`, `deleted_at`) VALUES
(1, 1, 2, 24, 94, 2, 1, 224.00, 4, '2025-04-18 09:55:56', '2025-04-18 09:55:56', NULL),
(2, 2, 1, 24, 94, 2, 3, 1568.00, 4, '2025-04-18 10:02:29', '2025-04-18 10:02:29', NULL),
(3, 3, 3, 24, 94, 2, 4, 504.00, 4, '2025-04-18 10:07:05', '2025-04-18 10:07:05', NULL),
(4, 4, 4, 24, 94, 2, 5, 224.00, 4, '2025-04-18 10:24:20', '2025-04-18 10:24:20', NULL),
(5, 5, 5, 24, 94, 2, 7, 560.00, 4, '2025-04-21 04:47:33', '2025-04-21 04:47:33', NULL),
(6, 6, 6, 24, 94, 2, 9, 22.40, 4, '2025-04-21 05:03:29', '2025-04-21 05:03:29', NULL),
(7, 7, 7, 24, 94, 2, 15, 224.00, 4, '2025-04-21 09:52:33', '2025-04-21 09:52:33', NULL),
(8, 8, 10, 27, 96, 2, 19, 784.00, 4, '2025-05-06 06:43:46', '2025-05-06 06:43:46', NULL);

-- --------------------------------------------------------

--
-- Table structure for table `ip_pharmacy_indents`
--

CREATE TABLE `ip_pharmacy_indents` (
  `id` bigint(20) UNSIGNED NOT NULL,
  `ipd_id` bigint(20) UNSIGNED NOT NULL,
  `patient_id` bigint(20) UNSIGNED NOT NULL,
  `stock_point_id` bigint(20) UNSIGNED DEFAULT NULL,
  `nrq_code` varchar(255) NOT NULL,
  `remarks` text DEFAULT NULL,
  `status` varchar(255) NOT NULL DEFAULT 'Not Approved',
  `nurse_station_id` bigint(20) UNSIGNED DEFAULT NULL,
  `created_by_id` bigint(20) UNSIGNED NOT NULL,
  `is_cancelled` int(11) NOT NULL DEFAULT 0,
  `cancelled_reason` text DEFAULT NULL,
  `cancelled_by_id` bigint(20) UNSIGNED DEFAULT NULL,
  `created_at` timestamp NULL DEFAULT NULL,
  `updated_at` timestamp NULL DEFAULT NULL,
  `deleted_at` timestamp NULL DEFAULT NULL
) ENGINE=InnoDB DEFAULT CHARSET=utf8mb4 COLLATE=utf8mb4_unicode_ci;

--
-- Dumping data for table `ip_pharmacy_indents`
--

INSERT INTO `ip_pharmacy_indents` (`id`, `ipd_id`, `patient_id`, `stock_point_id`, `nrq_code`, `remarks`, `status`, `nurse_station_id`, `created_by_id`, `is_cancelled`, `cancelled_reason`, `cancelled_by_id`, `created_at`, `updated_at`, `deleted_at`) VALUES
(1, 24, 94, 2, 'NRQ2504171', NULL, 'Approved', 1, 14, 1, 'test', 1, '2025-04-17 06:29:44', '2025-04-18 10:02:29', NULL),
(2, 24, 94, 2, 'NRQ2504172', NULL, 'Approved', 1, 14, 0, NULL, NULL, '2025-04-17 07:27:55', '2025-04-18 09:49:56', NULL),
(3, 24, 94, 2, 'NRQ2504183', NULL, 'Approved', 1, 14, 0, NULL, NULL, '2025-04-18 10:05:24', '2025-04-18 10:07:05', NULL),
(4, 24, 94, 2, 'NRQ2504184', NULL, 'Approved', 1, 14, 0, NULL, NULL, '2025-04-18 10:17:42', '2025-04-18 10:24:20', NULL),
(5, 24, 94, 2, 'NRQ2504215', NULL, 'Approved', 1, 14, 0, NULL, NULL, '2025-04-21 04:46:31', '2025-04-21 04:47:33', NULL),
(6, 24, 94, 2, 'NRQ2504216', NULL, 'Approved', 1, 14, 0, NULL, NULL, '2025-04-21 04:59:51', '2025-04-21 05:03:29', NULL),
(7, 24, 94, 2, 'NRQ2504217', NULL, 'Approved', 1, 14, 0, NULL, NULL, '2025-04-21 09:51:45', '2025-04-21 09:52:33', NULL),
(8, 25, 95, 2, 'NRQ2504298', NULL, 'Not Approved', 1, 14, 0, NULL, NULL, '2025-04-29 06:39:01', '2025-04-29 06:39:01', NULL),
(9, 26, 95, 2, 'NRQ2505059', NULL, 'Not Approved', 1, 14, 0, NULL, NULL, '2025-05-05 11:10:31', '2025-05-05 11:10:31', NULL),
(10, 27, 96, 2, 'NRQ25050610', NULL, 'Approved', 1, 14, 0, NULL, NULL, '2025-05-06 06:42:27', '2025-05-06 06:43:46', NULL);

-- --------------------------------------------------------

--
-- Table structure for table `ip_pharmacy_indent_billings`
--

CREATE TABLE `ip_pharmacy_indent_billings` (
  `id` bigint(20) UNSIGNED NOT NULL,
  `ip_pharmacy_indent_id` bigint(20) UNSIGNED NOT NULL,
  `ipd_id` bigint(20) UNSIGNED NOT NULL,
  `patient_id` bigint(20) UNSIGNED NOT NULL,
  `stock_point_id` bigint(20) UNSIGNED NOT NULL,
  `code` varchar(255) NOT NULL,
  `total` decimal(10,2) NOT NULL DEFAULT 0.00,
  `drug_destination_name` varchar(255) DEFAULT NULL,
  `created_by_id` bigint(20) UNSIGNED NOT NULL,
  `created_at` timestamp NULL DEFAULT NULL,
  `updated_at` timestamp NULL DEFAULT NULL,
  `deleted_at` timestamp NULL DEFAULT NULL
) ENGINE=InnoDB DEFAULT CHARSET=utf8mb4 COLLATE=utf8mb4_unicode_ci;

--
-- Dumping data for table `ip_pharmacy_indent_billings`
--

INSERT INTO `ip_pharmacy_indent_billings` (`id`, `ip_pharmacy_indent_id`, `ipd_id`, `patient_id`, `stock_point_id`, `code`, `total`, `drug_destination_name`, `created_by_id`, `created_at`, `updated_at`, `deleted_at`) VALUES
(1, 2, 24, 94, 2, 'OIP2504181', 224.00, NULL, 4, '2025-04-18 09:55:56', '2025-04-18 09:55:56', NULL),
(2, 1, 24, 94, 2, 'OIP2504182', 1568.00, NULL, 4, '2025-04-18 10:02:29', '2025-04-18 10:02:29', NULL),
(3, 3, 24, 94, 2, 'OIP2504183', 504.00, NULL, 4, '2025-04-18 10:07:05', '2025-04-18 10:07:05', NULL),
(4, 4, 24, 94, 2, 'OIP2504184', 224.00, NULL, 4, '2025-04-18 10:24:20', '2025-04-18 10:24:20', NULL),
(5, 5, 24, 94, 2, 'OIP2504215', 560.00, NULL, 4, '2025-04-21 04:47:33', '2025-04-21 04:47:33', NULL),
(6, 6, 24, 94, 2, 'OIP2504216', 22.40, NULL, 4, '2025-04-21 05:03:29', '2025-04-21 05:03:29', NULL),
(7, 7, 24, 94, 2, 'OIP2504217', 224.00, NULL, 4, '2025-04-21 09:52:33', '2025-04-21 09:52:33', NULL),
(8, 10, 27, 96, 2, 'OIP2505068', 784.00, NULL, 4, '2025-05-06 06:43:46', '2025-05-06 06:43:46', NULL);

-- --------------------------------------------------------

--
-- Table structure for table `ip_pharmacy_indent_billing_items`
--

CREATE TABLE `ip_pharmacy_indent_billing_items` (
  `id` bigint(20) UNSIGNED NOT NULL,
  `ip_pharmacy_indent_billing_id` bigint(20) UNSIGNED NOT NULL,
  `item_id` bigint(20) UNSIGNED NOT NULL,
  `stock_point_id` bigint(20) UNSIGNED NOT NULL,
  `quantity` int(11) NOT NULL,
  `unit_sale_price` decimal(10,2) NOT NULL,
  `amount` decimal(10,2) NOT NULL,
  `discount` decimal(10,2) NOT NULL DEFAULT 0.00,
  `total` decimal(10,2) NOT NULL,
  `created_at` timestamp NULL DEFAULT NULL,
  `updated_at` timestamp NULL DEFAULT NULL,
  `deleted_at` timestamp NULL DEFAULT NULL
) ENGINE=InnoDB DEFAULT CHARSET=utf8mb4 COLLATE=utf8mb4_unicode_ci;

--
-- Dumping data for table `ip_pharmacy_indent_billing_items`
--

INSERT INTO `ip_pharmacy_indent_billing_items` (`id`, `ip_pharmacy_indent_billing_id`, `item_id`, `stock_point_id`, `quantity`, `unit_sale_price`, `amount`, `discount`, `total`, `created_at`, `updated_at`, `deleted_at`) VALUES
(1, 1, 2, 2, 10, 20.00, 200.00, 0.00, 224.00, '2025-04-18 09:55:56', '2025-04-18 09:55:56', NULL),
(2, 2, 2, 2, 10, 20.00, 200.00, 0.00, 224.00, '2025-04-18 10:02:29', '2025-04-18 10:02:29', NULL),
(3, 2, 2, 2, 10, 20.00, 200.00, 0.00, 224.00, '2025-04-18 10:02:29', '2025-04-18 10:02:29', NULL),
(4, 2, 1, 2, 20, 50.00, 1000.00, 0.00, 1120.00, '2025-04-18 10:02:29', '2025-04-18 10:02:29', NULL),
(5, 3, 2, 2, 10, 20.00, 200.00, 0.00, 224.00, '2025-04-18 10:07:05', '2025-04-18 10:07:05', NULL),
(6, 3, 1, 2, 5, 50.00, 250.00, 0.00, 280.00, '2025-04-18 10:07:05', '2025-04-18 10:07:05', NULL),
(7, 4, 2, 2, 10, 20.00, 200.00, 0.00, 224.00, '2025-04-18 10:24:20', '2025-04-18 10:24:20', NULL),
(8, 5, 1, 2, 10, 50.00, 500.00, 0.00, 560.00, '2025-04-21 04:47:33', '2025-04-21 04:47:33', NULL),
(9, 6, 2, 2, 1, 20.00, 20.00, 0.00, 22.40, '2025-04-21 05:03:29', '2025-04-21 05:03:29', NULL),
(10, 7, 2, 2, 10, 20.00, 200.00, 0.00, 224.00, '2025-04-21 09:52:33', '2025-04-21 09:52:33', NULL),
(11, 8, 1, 2, 10, 50.00, 500.00, 0.00, 560.00, '2025-05-06 06:43:46', '2025-05-06 06:43:46', NULL),
(12, 8, 2, 2, 10, 20.00, 200.00, 0.00, 224.00, '2025-05-06 06:43:46', '2025-05-06 06:43:46', NULL);

-- --------------------------------------------------------

--
-- Table structure for table `ip_pharmacy_indent_items`
--

CREATE TABLE `ip_pharmacy_indent_items` (
  `id` bigint(20) UNSIGNED NOT NULL,
  `ip_pharmacy_indent_id` bigint(20) UNSIGNED NOT NULL,
  `item_id` bigint(20) UNSIGNED NOT NULL,
  `stock_point_id` bigint(20) UNSIGNED NOT NULL,
  `batch_no` varchar(255) NOT NULL,
  `exd` date NOT NULL,
  `quantity` int(11) NOT NULL,
  `unit_sale_price` decimal(10,2) NOT NULL,
  `amount` decimal(10,2) NOT NULL,
  `discount` decimal(10,2) NOT NULL DEFAULT 0.00,
  `taxable_amount` decimal(10,2) NOT NULL,
  `cgst` decimal(10,2) NOT NULL DEFAULT 0.00,
  `sgst` decimal(10,2) NOT NULL DEFAULT 0.00,
  `total` decimal(10,2) NOT NULL,
  `discount_approved_by_id` bigint(20) UNSIGNED DEFAULT NULL,
  `created_at` timestamp NULL DEFAULT NULL,
  `updated_at` timestamp NULL DEFAULT NULL,
  `deleted_at` timestamp NULL DEFAULT NULL
) ENGINE=InnoDB DEFAULT CHARSET=utf8mb4 COLLATE=utf8mb4_unicode_ci;

--
-- Dumping data for table `ip_pharmacy_indent_items`
--

INSERT INTO `ip_pharmacy_indent_items` (`id`, `ip_pharmacy_indent_id`, `item_id`, `stock_point_id`, `batch_no`, `exd`, `quantity`, `unit_sale_price`, `amount`, `discount`, `taxable_amount`, `cgst`, `sgst`, `total`, `discount_approved_by_id`, `created_at`, `updated_at`, `deleted_at`) VALUES
(1, 1, 2, 2, 'batch-cal-01', '2024-10-03', 10, 20.00, 200.00, 0.00, 200.00, 6.00, 6.00, 224.00, 1, '2025-04-12 09:57:27', '2025-04-12 09:59:02', NULL),
(3, 1, 2, 2, 'batch-cal-01', '2024-10-03', 10, 20.00, 200.00, 0.00, 200.00, 6.00, 6.00, 224.00, 1, '2025-04-17 06:29:44', '2025-04-17 06:29:44', NULL),
(4, 1, 1, 2, 'batch-ocid-1', '2024-10-03', 20, 50.00, 1000.00, 0.00, 1000.00, 6.00, 6.00, 1120.00, 1, '2025-04-17 06:29:44', '2025-04-17 06:29:44', NULL),
(6, 2, 2, 2, 'frtewr234', '2026-07-30', 10, 20.00, 200.00, 0.00, 200.00, 6.00, 6.00, 224.00, 1, '2025-04-18 09:49:56', '2025-04-18 09:49:56', NULL),
(7, 2, 2, 2, 'frtewr234', '2026-07-30', 10, 20.00, 200.00, 0.00, 200.00, 6.00, 6.00, 224.00, 1, '2025-04-18 09:55:56', '2025-04-18 09:55:56', NULL),
(8, 3, 2, 2, 'batch-cal-01', '2024-10-03', 10, 20.00, 200.00, 0.00, 200.00, 6.00, 6.00, 224.00, 1, '2025-04-18 10:05:24', '2025-04-18 10:05:24', NULL),
(9, 3, 1, 2, 'batch-ocid-1', '2024-10-03', 5, 50.00, 250.00, 0.00, 250.00, 6.00, 6.00, 280.00, 1, '2025-04-18 10:07:05', '2025-04-18 10:07:05', NULL),
(10, 4, 2, 2, 'batch-cal-01', '2024-10-03', 10, 20.00, 200.00, 0.00, 200.00, 6.00, 6.00, 224.00, 1, '2025-04-18 10:17:42', '2025-04-18 10:17:42', NULL),
(11, 5, 1, 2, 'batch-ocid-1', '2024-10-03', 10, 50.00, 500.00, 0.00, 500.00, 6.00, 6.00, 560.00, 1, '2025-04-21 04:46:31', '2025-04-21 04:46:31', NULL),
(12, 6, 2, 2, 'batch-cal-01', '2024-10-03', 1, 20.00, 20.00, 0.00, 20.00, 6.00, 6.00, 22.40, 1, '2025-04-21 04:59:51', '2025-04-21 04:59:51', NULL),
(13, 7, 2, 2, 'batch-cal-01', '2024-10-03', 10, 20.00, 200.00, 0.00, 200.00, 6.00, 6.00, 224.00, 1, '2025-04-21 09:51:45', '2025-04-21 09:51:45', NULL),
(14, 8, 2, 2, 'batch-cal-01', '2024-10-03', 10, 20.00, 200.00, 0.00, 200.00, 6.00, 6.00, 224.00, 1, '2025-04-29 06:39:01', '2025-04-29 06:39:01', NULL),
(15, 9, 1, 2, 'batch-ocid-1', '2024-10-03', 1, 50.00, 50.00, 0.00, 50.00, 6.00, 6.00, 56.00, 1, '2025-05-05 11:10:31', '2025-05-05 11:10:31', NULL),
(16, 10, 1, 2, 'batch-ocid-1', '2024-10-03', 10, 50.00, 500.00, 0.00, 500.00, 6.00, 6.00, 560.00, 1, '2025-05-06 06:42:27', '2025-05-06 06:42:27', NULL),
(17, 10, 2, 2, 'batch-cal-01', '2024-10-03', 10, 20.00, 200.00, 0.00, 200.00, 6.00, 6.00, 224.00, 1, '2025-05-06 06:43:46', '2025-05-06 06:43:46', NULL);

-- --------------------------------------------------------

--
-- Table structure for table `ip_service_billings`
--

CREATE TABLE `ip_service_billings` (
  `id` bigint(20) UNSIGNED NOT NULL,
  `ip_lab_indent_id` bigint(20) UNSIGNED NOT NULL,
  `ipd_id` bigint(20) UNSIGNED NOT NULL,
  `patient_id` bigint(20) UNSIGNED NOT NULL,
  `code` varchar(255) NOT NULL,
  `total` decimal(8,2) DEFAULT NULL,
  `remarks` varchar(255) DEFAULT NULL,
  `created_by_id` bigint(20) UNSIGNED DEFAULT NULL,
  `created_at` timestamp NULL DEFAULT NULL,
  `updated_at` timestamp NULL DEFAULT NULL,
  `deleted_at` timestamp NULL DEFAULT NULL
) ENGINE=InnoDB DEFAULT CHARSET=utf8mb4 COLLATE=utf8mb4_unicode_ci;

--
-- Dumping data for table `ip_service_billings`
--

INSERT INTO `ip_service_billings` (`id`, `ip_lab_indent_id`, `ipd_id`, `patient_id`, `code`, `total`, `remarks`, `created_by_id`, `created_at`, `updated_at`, `deleted_at`) VALUES
(1, 1, 24, 94, 'SER202504121', 150.00, NULL, 11, '2025-04-12 09:25:20', '2025-04-12 09:25:20', NULL),
(2, 2, 24, 94, 'SER202504122', 150.00, NULL, 11, '2025-04-12 09:25:40', '2025-04-12 09:25:40', NULL),
(3, 4, 24, 94, 'SER202504213', 1000.00, NULL, 11, '2025-04-21 05:41:54', '2025-04-21 05:41:54', NULL),
(4, 3, 24, 94, 'SER202504214', 1150.00, NULL, 11, '2025-04-21 05:42:08', '2025-04-21 05:42:08', NULL),
(5, 6, 24, 94, 'SER202504215', 650.00, NULL, 11, '2025-04-21 11:35:47', '2025-04-21 11:35:47', NULL),
(6, 8, 27, 96, 'SER202505066', 150.00, NULL, 11, '2025-05-06 06:45:51', '2025-05-06 06:45:51', NULL),
(7, 9, 27, 96, 'SER202505067', 770.00, NULL, 11, '2025-05-06 10:48:02', '2025-05-06 10:48:02', NULL);

-- --------------------------------------------------------

--
-- Table structure for table `ip_service_billing_items`
--

CREATE TABLE `ip_service_billing_items` (
  `id` bigint(20) UNSIGNED NOT NULL,
  `ip_service_billing_id` bigint(20) UNSIGNED NOT NULL,
  `service_id` bigint(20) UNSIGNED NOT NULL,
  `quantity` int(11) NOT NULL DEFAULT 1,
  `unit_service_price` decimal(10,2) DEFAULT NULL,
  `amount` decimal(10,2) DEFAULT NULL,
  `discount` decimal(10,2) DEFAULT NULL,
  `total` decimal(10,2) DEFAULT NULL,
  `created_at` timestamp NULL DEFAULT NULL,
  `updated_at` timestamp NULL DEFAULT NULL,
  `deleted_at` timestamp NULL DEFAULT NULL
) ENGINE=InnoDB DEFAULT CHARSET=utf8mb4 COLLATE=utf8mb4_unicode_ci;

--
-- Dumping data for table `ip_service_billing_items`
--

INSERT INTO `ip_service_billing_items` (`id`, `ip_service_billing_id`, `service_id`, `quantity`, `unit_service_price`, `amount`, `discount`, `total`, `created_at`, `updated_at`, `deleted_at`) VALUES
(1, 1, 2, 1, 150.00, 150.00, 0.00, 150.00, '2025-04-12 09:25:20', '2025-04-12 09:25:20', NULL),
(2, 2, 2, 1, 150.00, 150.00, 0.00, 150.00, '2025-04-12 09:25:41', '2025-04-12 09:25:41', NULL),
(3, 3, 3, 1, 1000.00, 1000.00, 0.00, 1000.00, '2025-04-21 05:41:54', '2025-04-21 05:41:54', NULL),
(4, 4, 2, 1, 150.00, 150.00, 0.00, 150.00, '2025-04-21 05:42:08', '2025-04-21 05:42:08', NULL),
(5, 4, 3, 1, 1000.00, 1000.00, 0.00, 1000.00, '2025-04-21 05:42:08', '2025-04-21 05:42:08', NULL),
(6, 5, 2, 2, 150.00, 300.00, 0.00, 300.00, '2025-04-21 11:35:47', '2025-04-21 11:35:47', NULL),
(7, 5, 131, 1, 200.00, 200.00, 0.00, 200.00, '2025-04-21 11:35:47', '2025-04-21 11:35:47', NULL),
(8, 5, 2, 1, 150.00, 150.00, 0.00, 150.00, '2025-04-21 11:35:47', '2025-04-21 11:35:47', NULL),
(9, 6, 2, 1, 150.00, 150.00, 0.00, 150.00, '2025-05-06 06:45:51', '2025-05-06 06:45:51', NULL),
(10, 7, 126, 1, 770.00, 770.00, 0.00, 770.00, '2025-05-06 10:48:02', '2025-05-06 10:48:02', NULL);

-- --------------------------------------------------------

--
-- Table structure for table `ip_service_billing_transactions`
--

CREATE TABLE `ip_service_billing_transactions` (
  `id` bigint(20) UNSIGNED NOT NULL,
  `ip_service_billing_id` bigint(20) UNSIGNED NOT NULL,
  `ip_lab_indent_id` bigint(20) UNSIGNED NOT NULL,
  `ipd_id` bigint(20) UNSIGNED NOT NULL,
  `patient_id` bigint(20) UNSIGNED NOT NULL,
  `wallet_transaction_id` bigint(20) UNSIGNED NOT NULL,
  `amount` decimal(10,2) NOT NULL DEFAULT 0.00,
  `received_by_id` bigint(20) UNSIGNED DEFAULT NULL,
  `created_at` timestamp NULL DEFAULT NULL,
  `updated_at` timestamp NULL DEFAULT NULL,
  `deleted_at` timestamp NULL DEFAULT NULL
) ENGINE=InnoDB DEFAULT CHARSET=utf8mb4 COLLATE=utf8mb4_unicode_ci;

--
-- Dumping data for table `ip_service_billing_transactions`
--

INSERT INTO `ip_service_billing_transactions` (`id`, `ip_service_billing_id`, `ip_lab_indent_id`, `ipd_id`, `patient_id`, `wallet_transaction_id`, `amount`, `received_by_id`, `created_at`, `updated_at`, `deleted_at`) VALUES
(1, 2, 2, 24, 94, 2, 150.00, 11, '2025-04-12 09:25:41', '2025-04-12 09:25:41', NULL),
(2, 3, 4, 24, 94, 11, 1000.00, 11, '2025-04-21 05:41:55', '2025-04-21 05:41:55', NULL),
(3, 4, 3, 24, 94, 13, 1150.00, 11, '2025-04-21 05:42:08', '2025-04-21 05:42:08', NULL),
(4, 5, 6, 24, 94, 17, 650.00, 11, '2025-04-21 11:35:47', '2025-04-21 11:35:47', NULL),
(5, 6, 8, 27, 96, 20, 150.00, 11, '2025-05-06 06:45:51', '2025-05-06 06:45:51', NULL),
(6, 7, 9, 27, 96, 22, 770.00, 11, '2025-05-06 10:48:02', '2025-05-06 10:48:02', NULL);

-- --------------------------------------------------------

--
-- Table structure for table `items`
--

CREATE TABLE `items` (
  `id` bigint(20) UNSIGNED NOT NULL,
  `description` varchar(255) NOT NULL,
  `code` varchar(255) NOT NULL,
  `hsn` varchar(10) DEFAULT NULL,
  `igst` decimal(5,2) DEFAULT NULL,
  `cgst` decimal(5,2) DEFAULT NULL,
  `sgst` decimal(5,2) DEFAULT NULL,
  `type_id` bigint(20) UNSIGNED NOT NULL,
  `item_group_id` bigint(20) UNSIGNED NOT NULL,
  `generic_id` bigint(20) UNSIGNED NOT NULL,
  `form_id` bigint(20) UNSIGNED NOT NULL,
  `category_id` bigint(20) UNSIGNED NOT NULL,
  `item_specialization_id` bigint(20) UNSIGNED NOT NULL,
  `manufacturer_id` bigint(20) UNSIGNED NOT NULL,
  `purchase_uom_id` bigint(20) UNSIGNED DEFAULT NULL,
  `issue_uom_id` bigint(20) UNSIGNED DEFAULT NULL,
  `created_at` timestamp NULL DEFAULT NULL,
  `updated_at` timestamp NULL DEFAULT NULL,
  `deleted_at` timestamp NULL DEFAULT NULL
) ENGINE=InnoDB DEFAULT CHARSET=utf8mb4 COLLATE=utf8mb4_unicode_ci;

--
-- Dumping data for table `items`
--

INSERT INTO `items` (`id`, `description`, `code`, `hsn`, `igst`, `cgst`, `sgst`, `type_id`, `item_group_id`, `generic_id`, `form_id`, `category_id`, `item_specialization_id`, `manufacturer_id`, `purchase_uom_id`, `issue_uom_id`, `created_at`, `updated_at`, `deleted_at`) VALUES
(1, 'Ocid 20', 'OCICO1', '1234', 12.00, 6.00, 6.00, 1, 1, 21, 13, 1, 1, 1, 1, 1, '2024-02-25 17:27:14', '2024-05-30 18:25:22', NULL),
(2, 'Calpol', 'CALCO2', '1234', 12.00, 6.00, 6.00, 1, 1, 21, 13, 1, 1, 1, 1, 1, '2024-02-25 17:52:00', '2024-02-25 17:52:00', NULL),
(3, 'Aceloc 150 mg', 'ACECO3', '1234', 12.00, 6.00, 6.00, 1, 1, 809, 3, 1, 1, 2, 1, 1, '2024-03-08 17:06:43', '2024-03-08 17:06:43', NULL),
(4, 'ANTIFLU 75 CAP', 'ANTCO4', '3004', 12.00, 6.00, 6.00, 1, 1, 80, 3, 1, 1, 14, 1, 2, '2024-04-05 14:44:59', '2024-04-05 14:44:59', NULL),
(7, 'APLOXY 9G CAP', 'APLCO7', '2106', 12.00, 6.00, 6.00, 1, 1, 27, 3, 1, 1, 2, 1, 2, '2024-04-05 14:48:54', '2024-04-05 14:48:54', NULL),
(8, 'Antoxid HC Cap', 'ANTCO8', '3004', 12.00, 6.00, 6.00, 1, 1, 97, 3, 1, 1, 7, 1, 2, '2024-04-05 14:51:30', '2024-04-05 14:51:30', NULL),
(9, 'Ampoxin 500 Cap', 'AMPCO9', '3004', 12.00, 6.00, 6.00, 1, 1, 2, 3, 1, 1, 12, 1, 2, '2024-04-05 14:53:33', '2024-04-05 14:53:33', NULL),
(10, 'Ampilox 500 Cap', 'AMPCO10', '3004', 12.00, 6.00, 6.00, 1, 1, 2, 3, 1, 1, 13, 1, 2, '2024-04-05 14:54:26', '2024-04-05 14:54:26', NULL),
(11, 'Becosules Cap', 'BECCO11', '3004', 12.00, 6.00, 6.00, 1, 1, 2, 3, 1, 1, 7, 1, 2, '2024-04-05 14:55:35', '2024-04-05 14:55:35', NULL),
(12, 'PARACETAMOL 500MG', 'PARCO12', '300490', 12.00, 6.00, 6.00, 1, 1, 2, 13, 1, 1, 6, 1, 2, '2024-04-05 15:05:40', '2024-04-05 15:05:40', NULL),
(13, 'PARACETAMOL 650 TABtest', 'PARCO13', '300490', 12.00, 6.00, 6.00, 1, 1, 2, 13, 1, 1, 6, 1, 2, '2024-04-05 15:06:24', '2024-07-17 13:09:54', NULL),
(14, 'IRONY CAPS', 'IROCO14', '4512', 12.00, 6.00, 6.00, 1, 1, 17, 3, 1, 1, 18, 1, 1, '2024-07-16 12:41:22', '2024-07-17 13:11:46', NULL),
(15, 'CILARAR 20MG TAB', 'CILCO15', '30049099', 12.00, 6.00, 6.00, 1, 1, 811, 13, 1, 1, 21, 1, 2, '2024-08-09 14:22:16', '2024-08-09 14:22:16', NULL),
(16, 'SMOFKABIVEN PER1 1448ML', 'SMOCO16', '30049099', 12.00, 6.00, 6.00, 1, 1, 277, 2, 1, 1, 22, 1, 2, '2024-08-09 14:27:40', '2024-08-09 14:27:40', NULL),
(17, 'SYNTOCINON INJ 1ML', 'SYNCO17', '30012090', 12.00, 6.00, 6.00, 1, 1, 351, 12, 1, 1, 23, 1, 2, '2024-08-09 14:28:54', '2024-08-14 15:11:25', NULL),
(18, 'CIDAL 4.5GM VAIL', 'CIDCO18', '3004', 6.00, 6.00, 12.00, 1, 1, 242, 12, 1, 1, 24, 1, 1, '2024-08-24 15:51:39', '2024-08-24 15:51:39', NULL),
(19, 'EUPEN 125MG', 'EUPCO19', '3004', 6.00, 6.00, 12.00, 1, 1, 218, 12, 1, 1, 24, 1, 1, '2024-08-24 15:54:47', '2024-08-24 15:54:47', NULL),
(20, 'ZEPOXIN 40MG VAIL', 'ZEPCO20', '3004', 6.00, 6.00, 12.00, 1, 1, 33, 12, 1, 1, 24, 1, 1, '2024-08-24 15:57:57', '2024-08-24 15:57:57', NULL),
(21, 'Test', 'TESCO21', 'TEST', 10.00, 10.00, 10.00, 1, 1, 1, 1, 1, 1, 2, 1, 1, '2025-05-15 06:37:03', '2025-05-15 06:37:29', '2025-05-15 06:37:29'),
(22, 'Test', 'TESCO21', 'TEST', 10.00, 10.00, 10.00, 1, 1, 1, 1, 1, 1, 1, 1, 1, '2025-05-15 06:42:26', '2025-05-15 06:42:34', '2025-05-15 06:42:34');

-- --------------------------------------------------------

--
-- Table structure for table `item_groups`
--

CREATE TABLE `item_groups` (
  `id` bigint(20) UNSIGNED NOT NULL,
  `name` varchar(255) NOT NULL,
  `cost_center_id` bigint(20) UNSIGNED NOT NULL,
  `type_id` bigint(20) UNSIGNED NOT NULL,
  `created_at` timestamp NULL DEFAULT NULL,
  `updated_at` timestamp NULL DEFAULT NULL,
  `deleted_at` timestamp NULL DEFAULT NULL
) ENGINE=InnoDB DEFAULT CHARSET=utf8mb4 COLLATE=utf8mb4_unicode_ci;

--
-- Dumping data for table `item_groups`
--

INSERT INTO `item_groups` (`id`, `name`, `cost_center_id`, `type_id`, `created_at`, `updated_at`, `deleted_at`) VALUES
(1, 'MEDICAL', 1, 1, '2023-09-23 05:29:40', '2023-09-23 05:29:40', NULL),
(3, 'EYE LENSE', 1, 1, '2023-09-23 05:30:57', '2023-09-23 05:30:57', NULL),
(4, 'IMPLANTS', 1, 1, '2023-09-23 05:31:21', '2023-09-23 05:31:21', NULL),
(6, 'MEDICAL EQUIPMENT', 1, 1, '2023-09-23 05:31:51', '2023-09-23 05:31:51', NULL),
(7, 'SURGICAL', 1, 1, '2023-09-23 05:32:20', '2023-09-23 05:32:20', NULL),
(8, 'NON MEDICAL', 1, 1, '2024-07-16 12:27:03', '2024-07-16 12:27:03', NULL);

-- --------------------------------------------------------

--
-- Table structure for table `item_specializations`
--

CREATE TABLE `item_specializations` (
  `id` bigint(20) UNSIGNED NOT NULL,
  `name` varchar(255) NOT NULL,
  `type_id` bigint(20) UNSIGNED NOT NULL,
  `cost_center_id` bigint(20) UNSIGNED NOT NULL,
  `created_at` timestamp NULL DEFAULT NULL,
  `updated_at` timestamp NULL DEFAULT NULL,
  `deleted_at` timestamp NULL DEFAULT NULL
) ENGINE=InnoDB DEFAULT CHARSET=utf8mb4 COLLATE=utf8mb4_unicode_ci;

--
-- Dumping data for table `item_specializations`
--

INSERT INTO `item_specializations` (`id`, `name`, `type_id`, `cost_center_id`, `created_at`, `updated_at`, `deleted_at`) VALUES
(1, 'General Medicine', 1, 1, NULL, NULL, NULL),
(2, 'Anatomy', 1, 1, NULL, NULL, NULL),
(3, 'Accounts', 2, 1, NULL, NULL, NULL);

-- --------------------------------------------------------

--
-- Table structure for table `locations`
--

CREATE TABLE `locations` (
  `id` bigint(20) UNSIGNED NOT NULL,
  `name` varchar(255) NOT NULL,
  `code` varchar(255) NOT NULL,
  `deleted_at` timestamp NULL DEFAULT NULL,
  `created_at` timestamp NULL DEFAULT NULL,
  `updated_at` timestamp NULL DEFAULT NULL
) ENGINE=InnoDB DEFAULT CHARSET=utf8mb4 COLLATE=utf8mb4_unicode_ci;

--
-- Dumping data for table `locations`
--

INSERT INTO `locations` (`id`, `name`, `code`, `deleted_at`, `created_at`, `updated_at`) VALUES
(1, 'BIHAR', 'BHR', NULL, '2024-03-22 12:16:40', '2024-06-18 16:02:34'),
(2, 'JHARKHAND STATE', 'JH', '2024-07-16 11:31:44', '2024-07-16 11:31:29', '2024-07-16 11:31:44');

-- --------------------------------------------------------

--
-- Table structure for table `manufacturers`
--

CREATE TABLE `manufacturers` (
  `id` bigint(20) UNSIGNED NOT NULL,
  `name` varchar(255) NOT NULL,
  `type_id` bigint(20) UNSIGNED NOT NULL,
  `cost_center_id` bigint(20) UNSIGNED NOT NULL,
  `created_at` timestamp NULL DEFAULT NULL,
  `updated_at` timestamp NULL DEFAULT NULL,
  `deleted_at` timestamp NULL DEFAULT NULL
) ENGINE=InnoDB DEFAULT CHARSET=utf8mb4 COLLATE=utf8mb4_unicode_ci;

--
-- Dumping data for table `manufacturers`
--

INSERT INTO `manufacturers` (`id`, `name`, `type_id`, `cost_center_id`, `created_at`, `updated_at`, `deleted_at`) VALUES
(1, '3M India Limited', 1, 1, NULL, NULL, NULL),
(2, 'Aplexia Pharma Pvt. Ltd.', 1, 1, NULL, NULL, NULL),
(3, 'Cipla', 1, 1, '2024-04-05 14:29:57', '2024-04-05 14:29:57', NULL),
(4, 'Ranbaxy', 1, 1, '2024-04-05 14:30:05', '2024-04-05 14:30:05', NULL),
(5, 'Dr Readdy ', 1, 1, '2024-04-05 14:30:15', '2024-04-05 14:30:15', NULL),
(6, 'GLAXO', 1, 1, '2024-04-05 14:30:57', '2024-04-05 14:30:57', NULL),
(7, 'ALKEM', 1, 1, '2024-04-05 14:31:39', '2024-04-05 14:31:39', NULL),
(8, 'GLENMARK', 1, 1, '2024-04-05 14:32:14', '2024-04-05 14:32:14', NULL),
(9, 'SANDOZ', 1, 1, '2024-04-05 14:33:19', '2024-04-05 14:33:19', NULL),
(10, 'MACLEODS', 1, 1, '2024-04-05 14:35:07', '2024-04-05 14:35:07', NULL),
(11, 'CRITICARE', 1, 1, '2024-04-05 14:35:28', '2024-04-05 14:35:28', NULL),
(12, 'ARISTO', 1, 1, '2024-04-05 14:35:40', '2024-04-05 14:35:40', NULL),
(13, 'AJANTA', 1, 1, '2024-04-05 14:36:10', '2024-04-05 14:36:10', NULL),
(14, 'LUPIN', 1, 1, '2024-04-05 14:37:43', '2024-04-05 14:37:43', NULL),
(15, 'ALEMBIC', 1, 1, '2024-04-05 14:38:54', '2024-04-05 14:38:54', NULL),
(16, 'UROCARE', 1, 1, '2024-04-05 14:39:08', '2024-04-05 14:39:08', NULL),
(17, 'FOURTS', 1, 1, '2024-04-05 14:39:44', '2024-04-05 14:39:44', NULL),
(18, 'APLEXIA PHARMA PVT LTD', 1, 1, '2024-04-05 15:58:17', '2024-04-05 15:58:17', NULL),
(20, 'NMCH', 1, 1, '2024-08-07 10:45:13', '2024-08-07 10:45:13', NULL),
(21, 'J.B.CHEMIST', 1, 1, '2024-08-09 14:18:15', '2024-08-09 14:18:15', NULL),
(22, 'FRESNISI', 1, 1, '2024-08-09 14:18:36', '2024-08-09 14:18:36', NULL),
(23, 'D9 MYLAN', 1, 1, '2024-08-09 14:18:51', '2024-08-09 14:18:51', NULL),
(24, 'NEON', 1, 1, '2024-08-24 15:43:11', '2024-08-24 15:43:11', NULL);

-- --------------------------------------------------------

--
-- Table structure for table `maritals`
--

CREATE TABLE `maritals` (
  `id` bigint(20) UNSIGNED NOT NULL,
  `name` varchar(20) NOT NULL,
  `created_at` timestamp NULL DEFAULT NULL,
  `updated_at` timestamp NULL DEFAULT NULL,
  `deleted_at` timestamp NULL DEFAULT NULL
) ENGINE=InnoDB DEFAULT CHARSET=utf8mb4 COLLATE=utf8mb4_unicode_ci;

--
-- Dumping data for table `maritals`
--

INSERT INTO `maritals` (`id`, `name`, `created_at`, `updated_at`, `deleted_at`) VALUES
(1, 'Single', NULL, NULL, NULL),
(2, 'Married', NULL, NULL, NULL);

-- --------------------------------------------------------

--
-- Table structure for table `migrations`
--

CREATE TABLE `migrations` (
  `id` int(10) UNSIGNED NOT NULL,
  `migration` varchar(255) NOT NULL,
  `batch` int(11) NOT NULL
) ENGINE=InnoDB DEFAULT CHARSET=utf8mb4 COLLATE=utf8mb4_unicode_ci;

--
-- Dumping data for table `migrations`
--

INSERT INTO `migrations` (`id`, `migration`, `batch`) VALUES
(1, '2014_10_12_000000_create_users_table', 1),
(2, '2014_10_12_100000_create_password_reset_tokens_table', 1),
(3, '2014_10_12_100000_create_password_resets_table', 1),
(4, '2019_08_19_000000_create_failed_jobs_table', 1),
(5, '2019_12_14_000001_create_personal_access_tokens_table', 1),
(6, '2023_08_15_174417_create_permission_tables', 1),
(7, '2023_09_08_111003_create_titles_table', 1),
(8, '2023_09_08_111505_create_genders_table', 1),
(9, '2023_09_08_111723_create_maritals_table', 1),
(10, '2023_09_08_111856_create_nationalities_table', 1),
(11, '2023_09_08_111958_create_bloodgroups_table', 1),
(12, '2023_09_08_112229_create_religions_table', 1),
(13, '2023_09_08_112252_create_relations_table', 1),
(14, '2023_09_08_112453_create_occupations_table', 1),
(15, '2023_09_08_113225_create_countries_table', 1),
(16, '2023_09_08_113237_create_states_table', 1),
(17, '2023_09_08_113250_create_cities_table', 1),
(18, '2023_09_09_062949_create_patient_types_table', 1),
(19, '2023_09_15_102947_create_departments_table', 1),
(20, '2023_09_15_102948_create_department_consultation_fees_table', 1),
(21, '2023_09_15_102949_create_units_table', 1),
(22, '2023_09_16_235534_create_visit_types_table', 1),
(23, '2023_09_20_113721_create_consultation_types_table', 1),
(24, '2023_09_20_113759_create_doctor_types_table', 1),
(25, '2023_09_20_113821_create_consulting_types_table', 1),
(26, '2023_09_20_115027_create_cost_centers_table', 1),
(27, '2023_09_20_115058_create_payment_types_table', 1),
(28, '2023_09_20_120715_create_specializations_table', 1),
(29, '2023_09_20_120724_create_doctors_table', 1),
(30, '2023_09_20_120800_create_doctor_units_table', 1),
(31, '2023_09_22_095152_create_types_table', 1),
(32, '2023_09_22_100027_create_stock_points_table', 1),
(33, '2023_09_22_100028_create_role_stock_points_table', 1),
(34, '2023_09_22_100318_create_generics_table', 1),
(35, '2023_09_22_100500_create_forms_table', 1),
(36, '2023_09_22_101236_create_categories_table', 1),
(37, '2023_09_22_101341_create_manufacturers_table', 1),
(38, '2023_09_22_105804_create_item_specializations_table', 1),
(39, '2023_09_24_044419_create_item_groups_table', 1),
(40, '2023_09_24_044419_create_uoms_table', 1),
(41, '2023_09_24_044420_create_items_table', 1),
(42, '2023_09_24_044421_create_bin_groups_table', 1),
(43, '2023_09_24_044422_create_bins_table', 1),
(44, '2023_09_24_044423_create_bin_items_table', 1),
(45, '2023_09_24_234427_create_vendors_table', 1),
(46, '2023_09__065034_create_patients_table', 1),
(47, '2023_10_02_002826_create_patient_visits_table', 1),
(48, '2023_10_02_002827_create_consultation_charges_table', 1),
(49, '2023_10_02_002828_create_refers_table', 1),
(50, '2023_10_04_123253_create_staff_table', 1),
(51, '2023_10_04_123306_create_hospitals_table', 1),
(52, '2023_10_05_064224_create_referrals_table', 1),
(53, '2023_10_05_092009_create_referral_selves_table', 1),
(54, '2024_01_10_171143_create_purchase_indents_table', 1),
(55, '2024_01_10_174011_create_indent_items_table', 1),
(56, '2024_01_10_174258_create_purchase_terms_table', 1),
(57, '2024_01_10_174259_create_purchase_orders_table', 1),
(58, '2024_01_10_175430_create_purchase_order_items_table', 1),
(59, '2024_01_24_050128_create_grns_table', 1),
(60, '2024_01_24_050202_create_inventories_table', 1),
(61, '2024_01_24_050501_create_rates_table', 1),
(62, '2024_01_25_211606_create_mrqs_table', 1),
(63, '2024_01_25_211607_create_mrq_items_table', 1),
(64, '2024_01_25_211608_create_gins_table', 1),
(65, '2024_01_26_025931_create_gin_items_table', 1),
(66, '2024_01_26_211612_create_sale_stores_table', 1),
(67, '2024_02_06_041852_create_opd_medicine_receipts_table', 1),
(68, '2024_02_06_041853_create_opd_medicine_transactions_table', 1),
(69, '2024_02_06_041854_create_pharmacy_dues_table', 1),
(70, '2024_03_05_042345_create_locations_table', 1),
(71, '2024_03_05_042346_create_terrifs_table', 1),
(72, '2024_03_05_042615_create_billing_heads_table', 1),
(73, '2024_03_05_042640_create_service_groups_table', 1),
(74, '2024_03_05_042650_create_services_table', 1),
(81, '2024_03_05_042651_create_packages_table', 2),
(89, '2024_06_05_150635_create_time_ins_table', 2),
(90, '2024_06_06_165934_create_parameter_units_table', 2),
(91, '2024_06_06_165935_create_vacutainers_table', 2),
(92, '2024_06_06_165936_create_parameters_table', 2),
(93, '2024_06_06_170013_create_formats_table', 2),
(94, '2024_06_06_170014_create_format_parameters_table', 2),
(95, '2024_06_06_170035_create_templates_table', 2),
(96, '2024_06_06_170120_create_antibiotics_table', 2),
(97, '2024_06_06_170121_create_organisms_table', 2),
(98, '2024_06_06_170122_create_organism_antibiotics_table', 2),
(99, '2024_06_06_170322_create_specimen_masters_table', 2),
(101, '2024_06_07_185507_create_parameter_values_table', 2),
(102, '2024_06_13_141156_create_symbols_table', 2),
(103, '2024_06_06_170122_create_antibiotic_organisms_table', 3),
(104, '2024_06_05_150636_create_test_types_table', 4),
(105, '2024_06_05_150637_create_colors_table', 4),
(106, '2024_06_06_170340_create_specimen_setups_table', 5),
(110, '2023_09__065035_create_out_side_patients_table', 7),
(111, '2024_03_05_042653_create_opd_billings_table', 8),
(112, '2024_03_05_042654_create_opd_billing_items_table', 8),
(113, '2024_03_05_042655_create_service_dues_table', 8),
(114, '2024_07_01_093754_create_sample_collections_table', 9),
(115, '2024_07_03_215630_create_sample_collection_items_table', 10),
(122, '2024_07_05_084756_create_diagnostic_results_table', 11),
(123, '2024_07_05_084824_create_diagnostic_result_values_table', 11),
(124, '2023_09_08_113238_create_districts_table', 12),
(125, '2023_09_08_113239_create_blocks_table', 13),
(126, '2024_07_20_095042_create_villages_table', 14),
(127, '2023_09__065034_create_id_types_table', 15),
(128, '2024_07_30_102035_create_referral_walkings_table', 16),
(129, '2023_10_05_092009_create_referral_walkings_table', 17),
(130, '2024_02_06_041855_create_pharmacy_returns_table', 18),
(131, '2024_02_06_041856_create_pharmacy_return_items_table', 18),
(132, '2024_02_06_041857_create_internal_sales_stores_table', 19),
(138, '2024_02_06_041858_create_scrap_types_table', 20),
(145, '2024_02_06_041859_create_scraps_table', 21),
(146, '2024_02_06_041860_create_scrap_items_table', 21),
(147, '2024_08_20_125121_create_health_coordinators_table', 22),
(148, '2024_09_02_123923_create_others_table', 23),
(150, '2024_09_09_131114_create_opd_billing_discounts_table', 24),
(151, '2024_09_08_000001_create_opd_billing_discounts_table', 25),
(176, '2024_09_09_062444_create_nurse_stations_table', 26),
(177, '2024_09_09_062445_create_ward_tariffs_table', 27),
(178, '2024_09_09_062446_create_ward_groups_table', 28),
(179, '2024_09_09_062450_create_wards_table', 29),
(184, '2024_09_09_062547_create_rooms_table', 30),
(187, '2024_09_09_062555_create_beds_table', 31),
(230, '2024_09_09_062556_create_case_types_table', 32),
(231, '2024_09_09_062557_create_admin_types_table', 32),
(232, '2024_09_09_062558_create_admission_purposes_table', 32),
(233, '2024_09_09_062834_create_ipds_table', 32),
(239, '2024_09_09_062835_create_attendents_table', 33),
(268, '2024_09_09_062836_create_organizations_table', 34),
(269, '2024_09_09_062837_create_corporate_relations_table', 34),
(271, '2024_09_09_062839_create_patient_beds_table', 34),
(272, '2024_11_09_114107_create_organization_pharmacy_discounts_table', 34),
(307, '2025_03_29_112304_create_ip_pharmacy_indent_items_table', 36),
(308, '2025_03_31_143023_create_ip_pharmacy_indent_billings_table', 36),
(309, '2025_03_31_143038_create_ip_pharmacy_indent_billing_items_table', 36),
(312, '2025_04_02_105703_create_ip_lab_indent_items_table', 36),
(313, '2025_04_02_152324_create_ip_service_billings_table', 37),
(314, '2025_04_02_152332_create_ip_service_billing_items_table', 37),
(315, '2025_04_04_104742_create_notes_table', 38),
(316, '2025_04_04_125251_create_vitals_table', 39),
(317, '2025_04_04_143141_create_intake_output_entries_table', 40),
(318, '2025_04_04_155831_create_diet_indent_entries_table', 41),
(319, '2025_04_07_140143_create_abnormal_entries_table', 42),
(324, '2025_04_07_163454_create_patient_discharges_table', 43),
(327, '2025_04_08_112017_create_doctor_messages_table', 45),
(328, '2025_04_08_120023_create_ipd_equipment_usages_table', 46),
(331, '2025_04_08_162621_create_ipd_cross_consultations_table', 47),
(332, '2025_04_09_120939_create_patient_discharge_process_statuses_table', 48),
(337, '2025_03_31_155633_create_wallets_table', 52),
(340, '2025_04_12_104335_create_ip_pharmacy_billing_transactions_table', 53),
(342, '2025_04_12_103150_create_ip_service_billing_transactions_table', 54),
(343, '2025_03_29_112216_create_ip_pharmacy_indents_table', 55),
(344, '2025_04_02_105649_create_ip_lab_indents_table', 55),
(345, '2025_04_08_103136_create_ipd_doctor_visits_table', 56),
(346, '2025_04_17_145434_create_abnormals_table', 57),
(347, '2025_04_07_140148_create_abnormal_entry_items_table', 58),
(348, '2025_04_17_160135_create_equipment_groups_table', 59),
(349, '2025_04_17_160203_create_equipment_table', 59),
(350, '2025_04_08_120430_create_ipd_equipment_usage_items_table', 60),
(351, '2025_04_11_113227_create_wallet_transactions_table', 61),
(353, '2025_04_23_100747_create_patient_credit_limits_table', 62),
(360, '2024_11_09_114357_create_organization_tariffs_table', 67),
(361, '2025_05_02_163254_create_organization_tariff_priorities_table', 68),
(362, '2024_09_09_062838_create_corporate_registrations_table', 69),
(363, '2024_11_09_222430_create_corporate_consultations_table', 69),
(364, '2025_05_06_150011_create_ipd_sample_collections_table', 70),
(365, '2025_05_06_151112_create_ipd_sample_collection_items_table', 71),
(366, '2025_05_06_162231_create_ipd_diagnostic_results_table', 72),
(367, '2025_05_06_164709_create_ipd_diagnostic_result_values_table', 73),
(368, '2025_05_12_094323_create_ot_types_table', 74),
(369, '2025_05_12_101545_create_ots_table', 75),
(370, '2025_05_12_104043_create_surgery_types_table', 76),
(371, '2025_05_12_110723_create_anesthesia_types_table', 77),
(374, '2025_05_12_113054_create_surgeries_table', 78),
(382, '2025_05_14_150506_create_ot_bookings_table', 79),
(383, '2025_05_15_123454_create_ot_day_cares_table', 80),
(384, '2025_05_15_170251_create_ot_pre_operations_table', 81),
(386, '2025_05_16_103939_create_ot_pre_operation_check_lists_table', 83),
(387, '2025_05_16_114558_create_ot_post_operations_table', 84),
(388, '2025_05_16_124127_create_ot_schedules_table', 85),
(389, '2025_05_14_141555_create_ot_pre_bookings_table', 86),
(390, '2025_05_19_151636_create_ot_booking_attendants_table', 87),
(391, '2025_05_20_110039_create_ot_day_care_consultants_table', 88),
(392, '2025_05_21_115137_create_ot_pre_operation_attendants_table', 89),
(394, '2025_05_21_120013_create_ot_post_operation_attendants_table', 90),
(395, '2025_05_22_124322_create_ot_pre_operation_anaesthesia_check_first_records_table', 91),
(396, '2025_05_22_124358_create_ot_pre_operation_anaesthesia_check_second_records_table', 91),
(397, '2025_05_22_151307_create_ot_pre_operation_patient_check_lists_table', 92),
(398, '2025_05_22_165458_create_ot_post_operation_surgeon_notes_table', 93),
(399, '2025_05_22_165507_create_ot_post_operation_sample_collection_notes_table', 93),
(400, '2025_05_22_165520_create_ot_post_operation_unit_records_table', 93),
(401, '2025_05_22_165529_create_ot_post_operation_notes_table', 93),
(403, '2025_06_02_130146_create_blood_requisition_requests_table', 94),
(405, '2025_06_02_142528_create_blood_requisition_request_sample_blood_groups_table', 95),
(409, '2025_06_03_163717_create_bag_types_table', 98),
(412, '2025_06_04_104422_create_blood_donor_bleedings_table', 99),
(413, '2025_06_02_154742_create_donors_table', 100),
(414, '2025_06_03_135336_create_blood_donor_questionnaire_consents_table', 101);

-- --------------------------------------------------------

--
-- Table structure for table `model_has_permissions`
--

CREATE TABLE `model_has_permissions` (
  `permission_id` bigint(20) UNSIGNED NOT NULL,
  `model_type` varchar(255) NOT NULL,
  `model_id` bigint(20) UNSIGNED NOT NULL
) ENGINE=InnoDB DEFAULT CHARSET=utf8mb4 COLLATE=utf8mb4_unicode_ci;

-- --------------------------------------------------------

--
-- Table structure for table `model_has_roles`
--

CREATE TABLE `model_has_roles` (
  `role_id` bigint(20) UNSIGNED NOT NULL,
  `model_type` varchar(255) NOT NULL,
  `model_id` bigint(20) UNSIGNED NOT NULL
) ENGINE=InnoDB DEFAULT CHARSET=utf8mb4 COLLATE=utf8mb4_unicode_ci;

--
-- Dumping data for table `model_has_roles`
--

INSERT INTO `model_has_roles` (`role_id`, `model_type`, `model_id`) VALUES
(1, 'App\\Models\\User', 1),
(1, 'App\\Models\\User', 9),
(2, 'App\\Models\\User', 2),
(3, 'App\\Models\\User', 3),
(4, 'App\\Models\\User', 4),
(5, 'App\\Models\\User', 5),
(6, 'App\\Models\\User', 6),
(7, 'App\\Models\\User', 7),
(7, 'App\\Models\\User', 13),
(8, 'App\\Models\\User', 8),
(8, 'App\\Models\\User', 11),
(10, 'App\\Models\\User', 12),
(12, 'App\\Models\\User', 14),
(13, 'App\\Models\\User', 15),
(14, 'App\\Models\\User', 16);

-- --------------------------------------------------------

--
-- Table structure for table `mrqs`
--

CREATE TABLE `mrqs` (
  `id` bigint(20) UNSIGNED NOT NULL,
  `stock_point_to_id` bigint(20) UNSIGNED DEFAULT NULL,
  `stock_point_from_id` bigint(20) UNSIGNED DEFAULT NULL,
  `code` varchar(15) DEFAULT NULL,
  `request_date` varchar(15) DEFAULT NULL,
  `status` tinyint(1) NOT NULL DEFAULT 0,
  `remarks` varchar(255) DEFAULT NULL,
  `created_by_id` bigint(20) UNSIGNED DEFAULT NULL,
  `approved_by_id` bigint(20) UNSIGNED DEFAULT NULL,
  `created_at` timestamp NULL DEFAULT NULL,
  `updated_at` timestamp NULL DEFAULT NULL,
  `deleted_at` timestamp NULL DEFAULT NULL
) ENGINE=InnoDB DEFAULT CHARSET=utf8mb4 COLLATE=utf8mb4_unicode_ci;

--
-- Dumping data for table `mrqs`
--

INSERT INTO `mrqs` (`id`, `stock_point_to_id`, `stock_point_from_id`, `code`, `request_date`, `status`, `remarks`, `created_by_id`, `approved_by_id`, `created_at`, `updated_at`, `deleted_at`) VALUES
(1, 1, 2, 'MRQ001', '2024-08-03', 1, 'New Test', NULL, NULL, '2024-08-03 03:29:04', '2024-08-03 03:41:59', NULL),
(2, 2, 3, 'MRQ002', '2024-08-03', 1, 'test', NULL, NULL, '2024-08-03 04:44:39', '2024-08-03 04:56:12', NULL),
(3, 1, 2, 'MRQ003', '2024-08-04', 1, 'test', NULL, NULL, '2024-08-04 02:22:14', '2024-08-04 02:28:32', NULL),
(4, 1, 2, 'MRQ004', '2024-08-07', 1, 'For OPD Pharmacy', NULL, NULL, '2024-08-07 11:04:25', '2025-04-01 09:33:04', NULL),
(5, 2, 3, 'MRQ005', '2024-08-07', 0, 'medicine required', NULL, NULL, '2024-08-07 21:27:45', '2024-08-07 21:27:45', NULL),
(6, 1, 2, 'MRQ006', '2024-08-09', 1, 'Medicine Required ', NULL, NULL, '2024-08-09 13:38:50', '2024-08-09 13:44:06', NULL),
(7, 1, 2, 'MRQ007', '2024-08-09', 1, 'Medicine Request', NULL, NULL, '2024-08-09 15:00:15', '2024-08-09 15:02:03', NULL),
(8, 1, 2, 'MRQ008', '2024-08-14', 1, 'test', NULL, NULL, '2024-08-14 18:06:38', '2024-08-14 18:11:09', NULL),
(9, 1, 2, 'MRQ009', '2024-08-20', 1, 'For Drug', NULL, NULL, '2024-08-20 16:02:13', '2024-08-20 16:04:45', NULL),
(10, 1, 2, 'MRQ010', '2024-08-21', 1, 'For OP', NULL, NULL, '2024-08-21 15:23:28', '2024-08-21 15:26:24', NULL),
(11, 1, 2, 'MRQ011', '2024-08-21', 1, NULL, NULL, NULL, '2024-08-21 15:28:12', '2024-08-21 15:30:07', NULL),
(12, 1, 2, 'MRQ012', '2024-08-24', 1, NULL, NULL, NULL, '2024-08-24 16:14:21', '2024-08-24 16:19:20', NULL),
(13, 1, 2, 'MRQ013', '2024-08-25', 0, 'rt', NULL, NULL, '2024-08-25 20:58:19', '2024-08-25 20:58:19', NULL),
(14, 1, 2, 'MRQ014', '2024-09-05', 1, 'medicine', NULL, NULL, '2024-09-05 21:23:34', '2024-09-05 21:25:48', NULL),
(15, 1, 2, 'MRQ015', '2024-09-06', 1, 'medicine new', NULL, NULL, '2024-09-06 11:49:09', '2024-09-06 11:51:34', NULL),
(16, 1, 2, 'MRQ016', '2025-05-06', 1, 'test', NULL, NULL, '2025-05-06 07:33:57', '2025-05-06 07:36:11', NULL),
(17, 1, 2, 'MRQ017', '2025-05-15', 1, '10', NULL, NULL, '2025-05-15 08:23:32', '2025-05-15 08:30:41', NULL);

-- --------------------------------------------------------

--
-- Table structure for table `mrq_items`
--

CREATE TABLE `mrq_items` (
  `id` bigint(20) UNSIGNED NOT NULL,
  `mrq_id` bigint(20) UNSIGNED NOT NULL,
  `item_id` bigint(20) UNSIGNED NOT NULL,
  `quantity` smallint(6) NOT NULL DEFAULT 0,
  `approved_quantity` smallint(6) NOT NULL DEFAULT 0,
  `created_at` timestamp NULL DEFAULT NULL,
  `updated_at` timestamp NULL DEFAULT NULL,
  `deleted_at` timestamp NULL DEFAULT NULL
) ENGINE=InnoDB DEFAULT CHARSET=utf8mb4 COLLATE=utf8mb4_unicode_ci;

--
-- Dumping data for table `mrq_items`
--

INSERT INTO `mrq_items` (`id`, `mrq_id`, `item_id`, `quantity`, `approved_quantity`, `created_at`, `updated_at`, `deleted_at`) VALUES
(1, 1, 1, 25, 20, '2024-08-03 03:29:16', '2024-08-03 03:41:51', NULL),
(2, 1, 2, 10, 20, '2024-08-03 03:29:45', '2024-08-03 03:41:57', NULL),
(3, 2, 1, 5, 5, '2024-08-03 04:44:51', '2024-08-03 04:56:09', NULL),
(4, 3, 3, 40, 0, '2024-08-04 02:22:28', '2024-08-04 02:27:22', '2024-08-04 02:27:22'),
(5, 3, 4, 80, 80, '2024-08-04 02:22:48', '2024-08-04 02:28:30', NULL),
(6, 4, 2, 50, 0, '2024-08-07 11:04:35', '2024-08-07 11:04:35', NULL),
(7, 5, 1, 10, 0, '2024-08-07 21:27:57', '2024-08-07 21:27:57', NULL),
(8, 5, 1, 10, 0, '2024-08-07 21:30:21', '2024-08-07 21:30:21', NULL),
(9, 6, 1, 200, 0, '2024-08-09 13:38:59', '2024-08-09 13:38:59', NULL),
(10, 6, 13, 500, 0, '2024-08-09 13:39:10', '2024-08-09 13:39:10', NULL),
(11, 6, 7, 500, 0, '2024-08-09 13:39:21', '2024-08-09 13:39:21', NULL),
(12, 6, 2, 400, 0, '2024-08-09 13:39:35', '2024-08-09 13:39:35', NULL),
(13, 6, 14, 500, 0, '2024-08-09 13:39:59', '2024-08-09 13:39:59', NULL),
(14, 7, 1, 20, 15, '2024-08-09 15:00:32', '2024-08-09 15:01:55', NULL),
(15, 7, 2, 35, 25, '2024-08-09 15:00:40', '2024-08-09 15:02:02', NULL),
(16, 8, 15, 34, 34, '2024-08-14 18:07:25', '2024-08-14 18:10:56', NULL),
(17, 8, 16, 2, 2, '2024-08-14 18:08:06', '2024-08-14 18:11:02', NULL),
(18, 8, 16, 300, 300, '2024-08-14 18:08:34', '2024-08-14 18:11:08', NULL),
(19, 9, 15, 35, 36, '2024-08-20 16:02:32', '2024-08-20 16:04:20', NULL),
(20, 9, 16, 2, 2, '2024-08-20 16:02:47', '2024-08-20 16:04:32', NULL),
(21, 9, 17, 100, 50, '2024-08-20 16:03:14', '2024-08-20 16:04:41', NULL),
(22, 10, 15, 34, 0, '2024-08-21 15:23:38', '2024-08-21 15:23:38', NULL),
(23, 10, 16, 2, 0, '2024-08-21 15:23:46', '2024-08-21 15:23:46', NULL),
(24, 10, 17, 300, 0, '2024-08-21 15:23:52', '2024-08-21 15:23:52', NULL),
(25, 11, 15, 34, 34, '2024-08-21 15:28:20', '2024-08-21 15:29:37', NULL),
(26, 11, 16, 2, 2, '2024-08-21 15:28:38', '2024-08-21 15:29:45', NULL),
(27, 11, 17, 300, 300, '2024-08-21 15:28:45', '2024-08-21 15:29:51', NULL),
(28, 12, 18, 300, 200, '2024-08-24 16:14:30', '2024-08-24 16:19:00', NULL),
(29, 12, 18, 35, 30, '2024-08-24 16:14:39', '2024-08-24 16:19:05', NULL),
(30, 12, 19, 200, 100, '2024-08-24 16:14:46', '2024-08-24 16:19:12', NULL),
(31, 12, 20, 800, 500, '2024-08-24 16:14:54', '2024-08-24 16:19:17', NULL),
(32, 13, 18, 20, 0, '2024-08-25 20:58:29', '2024-08-25 20:58:29', NULL),
(33, 14, 3, 200, 150, '2024-09-05 21:23:44', '2024-09-05 21:25:39', NULL),
(34, 15, 2, 100, 100, '2024-09-06 11:49:19', '2024-09-06 11:51:32', NULL),
(35, 16, 2, 50, 50, '2025-05-06 07:34:09', '2025-05-06 07:34:09', NULL),
(36, 16, 7, 20, 20, '2025-05-06 07:34:20', '2025-05-06 07:34:20', NULL),
(37, 17, 1, 10, 10, '2025-05-15 08:23:39', '2025-05-15 08:23:39', NULL);

-- --------------------------------------------------------

--
-- Table structure for table `nationalities`
--

CREATE TABLE `nationalities` (
  `id` bigint(20) UNSIGNED NOT NULL,
  `name` varchar(20) NOT NULL,
  `created_at` timestamp NULL DEFAULT NULL,
  `updated_at` timestamp NULL DEFAULT NULL,
  `deleted_at` timestamp NULL DEFAULT NULL
) ENGINE=InnoDB DEFAULT CHARSET=utf8mb4 COLLATE=utf8mb4_unicode_ci;

--
-- Dumping data for table `nationalities`
--

INSERT INTO `nationalities` (`id`, `name`, `created_at`, `updated_at`, `deleted_at`) VALUES
(1, 'Indian', NULL, NULL, NULL),
(2, 'Other', NULL, NULL, NULL);

-- --------------------------------------------------------

--
-- Table structure for table `notes`
--

CREATE TABLE `notes` (
  `id` bigint(20) UNSIGNED NOT NULL,
  `ipd_id` bigint(20) UNSIGNED NOT NULL,
  `patient_id` bigint(20) UNSIGNED NOT NULL,
  `note` longtext NOT NULL,
  `nurse_station_id` bigint(20) UNSIGNED NOT NULL,
  `created_by_id` bigint(20) UNSIGNED NOT NULL,
  `created_at` timestamp NULL DEFAULT NULL,
  `updated_at` timestamp NULL DEFAULT NULL,
  `deleted_at` timestamp NULL DEFAULT NULL
) ENGINE=InnoDB DEFAULT CHARSET=utf8mb4 COLLATE=utf8mb4_unicode_ci;

--
-- Dumping data for table `notes`
--

INSERT INTO `notes` (`id`, `ipd_id`, `patient_id`, `note`, `nurse_station_id`, `created_by_id`, `created_at`, `updated_at`, `deleted_at`) VALUES
(1, 16, 46, 'Test Note 1', 1, 14, '2025-04-04 05:29:55', '2025-04-04 05:29:55', NULL),
(2, 16, 46, 'Test note 2', 1, 14, '2025-04-04 05:32:29', '2025-04-04 05:32:29', NULL),
(3, 16, 46, 'Test note 3', 1, 14, '2025-04-04 05:33:12', '2025-04-04 05:33:12', NULL),
(4, 16, 46, 'Test 4', 1, 14, '2025-04-04 06:44:56', '2025-04-04 06:44:56', NULL),
(5, 24, 94, 'test1', 1, 14, '2025-04-17 06:00:06', '2025-04-17 06:00:06', NULL),
(6, 24, 94, 'test 2', 1, 14, '2025-04-17 06:00:14', '2025-04-17 06:00:14', NULL),
(7, 27, 96, 'test', 1, 14, '2025-05-06 06:47:57', '2025-05-06 06:47:57', NULL),
(8, 27, 96, 'new 2', 1, 14, '2025-05-06 06:48:05', '2025-05-06 06:48:05', NULL),
(9, 27, 96, 'new 3', 1, 14, '2025-05-06 06:48:21', '2025-05-06 06:48:21', NULL);

-- --------------------------------------------------------

--
-- Table structure for table `nurse_stations`
--

CREATE TABLE `nurse_stations` (
  `id` bigint(20) UNSIGNED NOT NULL,
  `cost_center_id` bigint(20) UNSIGNED DEFAULT NULL,
  `code` varchar(255) DEFAULT NULL,
  `name` varchar(255) DEFAULT NULL,
  `created_by_id` bigint(20) UNSIGNED DEFAULT NULL,
  `updated_by_id` bigint(20) UNSIGNED DEFAULT NULL,
  `created_at` timestamp NULL DEFAULT NULL,
  `updated_at` timestamp NULL DEFAULT NULL,
  `deleted_at` timestamp NULL DEFAULT NULL
) ENGINE=InnoDB DEFAULT CHARSET=utf8mb4 COLLATE=utf8mb4_unicode_ci;

--
-- Dumping data for table `nurse_stations`
--

INSERT INTO `nurse_stations` (`id`, `cost_center_id`, `code`, `name`, `created_by_id`, `updated_by_id`, `created_at`, `updated_at`, `deleted_at`) VALUES
(1, 1, 'NST1', 'CARDIOLOGY FEMALE WARD', 1, 1, '2024-09-12 03:41:52', '2025-03-27 08:33:57', NULL),
(2, 1, 'NST2', 'CARDIOLOGY MALE WARD', 1, 1, '2024-09-12 03:49:35', '2025-03-27 08:26:14', NULL),
(3, 1, 'NST3', 'CCU WARD', 1, 1, '2024-09-12 03:52:13', '2025-03-27 08:29:15', NULL),
(4, 1, 'NST4', 'CHEST & TV FEMALE WARD', 1, 1, '2024-09-12 03:53:12', '2025-03-27 08:29:24', NULL),
(5, 1, 'NST5', 'CHEST & TV MALE WARD', 1, 1, '2024-09-12 03:53:30', '2025-03-27 08:29:30', NULL),
(6, 1, 'NST6', 'CTVS ICU', 1, 1, '2024-09-12 03:55:11', '2025-03-27 08:29:35', NULL),
(7, 1, 'NST7', 'Test', 1, 1, '2025-03-27 09:23:27', '2025-03-27 09:23:32', '2025-03-27 09:23:32'),
(8, 1, 'NST7', 'test', 1, 1, '2025-03-27 09:24:54', '2025-03-27 09:25:00', '2025-03-27 09:25:00');

-- --------------------------------------------------------

--
-- Table structure for table `occupations`
--

CREATE TABLE `occupations` (
  `id` bigint(20) UNSIGNED NOT NULL,
  `name` varchar(20) NOT NULL,
  `created_at` timestamp NULL DEFAULT NULL,
  `updated_at` timestamp NULL DEFAULT NULL,
  `deleted_at` timestamp NULL DEFAULT NULL
) ENGINE=InnoDB DEFAULT CHARSET=utf8mb4 COLLATE=utf8mb4_unicode_ci;

--
-- Dumping data for table `occupations`
--

INSERT INTO `occupations` (`id`, `name`, `created_at`, `updated_at`, `deleted_at`) VALUES
(1, 'Farmer', NULL, NULL, NULL),
(2, 'Pvt. Job', NULL, NULL, NULL),
(3, 'Govt Job', NULL, NULL, NULL),
(4, 'Self Employed', NULL, NULL, NULL),
(5, 'test', '2025-04-15 05:16:10', '2025-04-15 05:18:53', '2025-04-15 05:18:53'),
(6, 'Test 3', '2025-04-15 05:32:54', '2025-04-15 05:33:10', '2025-04-15 05:33:10');

-- --------------------------------------------------------

--
-- Table structure for table `opd_billings`
--

CREATE TABLE `opd_billings` (
  `id` bigint(20) UNSIGNED NOT NULL,
  `patient_id` bigint(20) UNSIGNED DEFAULT NULL,
  `patient_visit_id` bigint(20) UNSIGNED DEFAULT NULL,
  `out_side_patient_id` bigint(20) UNSIGNED DEFAULT NULL,
  `code` varchar(30) DEFAULT NULL,
  `total` decimal(8,2) NOT NULL,
  `paid` decimal(8,2) NOT NULL,
  `balance` decimal(8,2) NOT NULL,
  `patient_type` enum('op','ip','outside') NOT NULL DEFAULT 'op',
  `created_by_id` bigint(20) UNSIGNED DEFAULT NULL,
  `created_at` timestamp NULL DEFAULT NULL,
  `updated_at` timestamp NULL DEFAULT NULL,
  `deleted_at` timestamp NULL DEFAULT NULL,
  `is_cancled` tinyint(1) DEFAULT 0,
  `cancled_reason` text DEFAULT NULL,
  `cancled_approve_by_id` bigint(20) UNSIGNED DEFAULT NULL,
  `cancled_date` varchar(20) DEFAULT NULL,
  `cancle_by_id` bigint(20) UNSIGNED DEFAULT NULL,
  `is_overall_discount` tinyint(1) NOT NULL DEFAULT 0
) ENGINE=InnoDB DEFAULT CHARSET=utf8mb4 COLLATE=utf8mb4_unicode_ci;

--
-- Dumping data for table `opd_billings`
--

INSERT INTO `opd_billings` (`id`, `patient_id`, `patient_visit_id`, `out_side_patient_id`, `code`, `total`, `paid`, `balance`, `patient_type`, `created_by_id`, `created_at`, `updated_at`, `deleted_at`, `is_cancled`, `cancled_reason`, `cancled_approve_by_id`, `cancled_date`, `cancle_by_id`, `is_overall_discount`) VALUES
(1, 12, 10, NULL, 'BILL2407031', 300.00, 300.00, 0.00, 'op', 1, '2024-07-03 10:00:38', '2024-07-03 10:00:38', NULL, 0, NULL, NULL, NULL, NULL, 0),
(3, 17, 15, NULL, 'BILL2407043', 395.00, 300.00, 95.00, 'op', 1, '2024-07-04 15:15:42', '2024-07-04 15:15:42', NULL, 0, NULL, NULL, NULL, NULL, 0),
(4, NULL, NULL, 2, 'BILL2407054', 300.00, 300.00, 0.00, 'outside', 1, '2024-07-05 04:17:03', '2024-08-30 13:05:50', NULL, 1, NULL, NULL, '2024-08-30 13:05:50', 1, 0),
(5, 17, 15, NULL, 'BILL2407075', 1030.00, 1030.00, 0.00, 'op', 1, '2024-07-07 16:37:32', '2024-07-07 16:37:32', NULL, 0, NULL, NULL, NULL, NULL, 0),
(6, 9, 7, NULL, 'BILL2407086', 360.00, 360.00, 0.00, 'op', 1, '2024-07-08 12:51:03', '2024-07-08 12:51:03', NULL, 0, NULL, NULL, NULL, NULL, 0),
(7, 16, 14, NULL, 'BILL2407097', 130.00, 130.00, 0.00, 'op', 1, '2024-07-09 05:44:30', '2024-07-09 05:44:30', NULL, 0, NULL, NULL, NULL, NULL, 0),
(8, 19, 17, NULL, 'BILL2407098', 360.00, 360.00, 0.00, 'op', 1, '2024-07-09 10:29:12', '2024-07-09 10:29:12', NULL, 0, NULL, NULL, NULL, NULL, 0),
(9, 19, 17, NULL, 'BILL2407099', 840.00, 840.00, 0.00, 'op', 1, '2024-07-09 16:39:47', '2024-07-09 16:39:47', NULL, 0, NULL, NULL, NULL, NULL, 0),
(10, 20, 18, NULL, 'BILL24071210', 400.00, 400.00, 0.00, 'op', 1, '2024-07-12 04:02:01', '2024-07-12 04:02:01', NULL, 0, NULL, NULL, NULL, NULL, 0),
(11, 20, 18, NULL, 'BILL24071211', 400.00, 400.00, 0.00, 'op', 1, '2024-07-12 04:15:12', '2024-07-12 04:15:12', NULL, 0, NULL, NULL, NULL, NULL, 0),
(12, 14, 12, NULL, 'BILL24071212', 400.00, 400.00, 0.00, 'op', 1, '2024-07-12 16:18:41', '2024-07-12 16:18:41', NULL, 0, NULL, NULL, NULL, NULL, 0),
(13, 18, 16, NULL, 'BILL24071213', 400.00, 400.00, 0.00, 'op', 1, '2024-07-12 16:37:56', '2024-07-12 16:37:56', NULL, 0, NULL, NULL, NULL, NULL, 0),
(14, 20, 18, NULL, 'BILL24071314', 300.00, 300.00, 0.00, 'op', 1, '2024-07-13 02:51:45', '2024-07-13 02:51:45', NULL, 0, NULL, NULL, NULL, NULL, 0),
(15, 20, 18, NULL, 'BILL24071315', 400.00, 400.00, 0.00, 'op', 1, '2024-07-13 02:53:22', '2024-07-13 02:53:22', NULL, 0, NULL, NULL, NULL, NULL, 0),
(16, 21, 19, NULL, 'BILL24071316', 450.00, 450.00, 0.00, 'op', 1, '2024-07-13 03:26:43', '2024-07-13 03:26:43', NULL, 0, NULL, NULL, NULL, NULL, 0),
(17, 20, 18, NULL, 'BILL24071317', 450.00, 450.00, 0.00, 'op', 1, '2024-07-13 03:31:24', '2024-07-13 03:31:24', NULL, 0, NULL, NULL, NULL, NULL, 0),
(18, 22, 20, NULL, 'BILL24071518', 450.00, 450.00, 0.00, 'op', 1, '2024-07-15 06:39:26', '2024-07-15 06:39:26', NULL, 0, NULL, NULL, NULL, NULL, 0),
(19, 23, 21, NULL, 'BILL24071519', 770.00, 770.00, 0.00, 'op', 1, '2024-07-15 06:41:59', '2024-07-15 06:41:59', NULL, 0, NULL, NULL, NULL, NULL, 0),
(20, 25, 22, NULL, 'BILL24071620', 600.00, 600.00, 0.00, 'op', 1, '2024-07-16 04:07:12', '2024-07-16 04:07:12', NULL, 0, NULL, NULL, NULL, NULL, 0),
(21, 25, 22, NULL, 'BILL24071621', 450.00, 450.00, 0.00, 'op', 1, '2024-07-16 09:58:04', '2024-07-16 09:58:04', NULL, 0, NULL, NULL, NULL, NULL, 0),
(22, 5, 5, NULL, 'BILL24072222', 400.00, 400.00, 0.00, 'op', 1, '2024-07-22 01:34:56', '2024-07-22 01:34:56', NULL, 0, NULL, NULL, NULL, NULL, 0),
(23, 26, 24, NULL, 'BILL24072923', 95.00, 95.00, 0.00, 'op', 1, '2024-07-28 22:48:00', '2025-05-16 11:14:39', NULL, 1, 'Test can', 2, '2025-05-16 16:44:39', 1, 0),
(24, 39, 46, NULL, 'BILL24080624', 250.00, 250.00, 0.00, 'op', 1, '2024-08-06 11:45:42', '2024-08-06 11:45:42', NULL, 0, NULL, NULL, NULL, NULL, 0),
(25, 40, 47, NULL, 'BILL24080725', 665.00, 1000.00, -335.00, 'op', 11, '2024-08-07 11:17:45', '2024-08-07 11:17:45', NULL, 0, NULL, NULL, NULL, NULL, 0),
(26, 68, 75, NULL, 'BILL24081026', 150.00, 150.00, 0.00, 'op', 11, '2024-08-10 14:44:45', '2024-08-10 14:44:45', NULL, 0, NULL, NULL, NULL, NULL, 0),
(27, 68, 75, NULL, 'BILL24081027', 666.00, 666.00, 0.00, 'op', 11, '2024-08-10 14:55:59', '2024-08-10 14:55:59', NULL, 0, NULL, NULL, NULL, NULL, 0),
(28, 87, 97, NULL, 'BILL24081828', 300.00, 300.00, 0.00, 'op', 1, '2024-08-18 05:41:54', '2024-08-18 05:41:54', NULL, 0, NULL, NULL, NULL, NULL, 0),
(29, 88, 98, NULL, 'BILL24082029', 450.00, 450.00, 0.00, 'op', 1, '2024-08-20 13:40:41', '2024-08-20 13:40:41', NULL, 0, NULL, NULL, NULL, NULL, 0),
(30, NULL, NULL, 11, 'BILL24090630', 450.00, 450.00, 0.00, 'outside', 1, '2024-09-06 11:37:12', '2024-09-06 11:37:12', NULL, 0, NULL, NULL, NULL, NULL, 0),
(31, 48, 55, NULL, 'BILL24091031', 200.00, 150.00, 50.00, 'op', 1, '2024-09-10 00:30:43', '2024-09-10 00:30:43', NULL, 0, NULL, NULL, NULL, NULL, 0),
(32, 48, 55, NULL, 'BILL24091032', 345.00, 345.00, 0.00, 'op', 1, '2024-09-10 00:34:59', '2024-09-10 00:34:59', NULL, 0, NULL, NULL, NULL, NULL, 0),
(33, 48, 55, NULL, 'BILL24091033', 280.00, 280.00, 0.00, 'op', 1, '2024-09-10 00:40:14', '2024-09-10 00:40:14', NULL, 0, NULL, NULL, NULL, NULL, 0),
(34, 48, 55, NULL, 'BILL24091034', 280.00, 280.00, 0.00, 'op', 1, '2024-09-10 00:41:10', '2024-09-10 00:41:10', NULL, 0, NULL, NULL, NULL, NULL, 0),
(35, 48, 55, NULL, 'BILL24091035', 130.00, 130.00, 0.00, 'op', 1, '2024-09-10 00:42:56', '2024-09-10 00:42:56', NULL, 0, NULL, NULL, NULL, NULL, 0),
(36, 48, 55, NULL, 'BILL24091036', 150.00, 130.00, 20.00, 'op', 1, '2024-09-10 00:45:07', '2024-09-10 00:45:07', NULL, 0, NULL, NULL, NULL, NULL, 0),
(37, 48, 55, NULL, 'BILL24091037', 220.00, 220.00, 0.00, 'op', 1, '2024-09-10 01:26:56', '2024-09-10 01:26:56', NULL, 0, NULL, NULL, NULL, NULL, 0),
(38, 48, 55, NULL, 'BILL24091038', 350.00, 300.00, 50.00, 'op', 1, '2024-09-10 01:47:49', '2024-09-10 01:47:49', NULL, 0, NULL, NULL, NULL, NULL, 0),
(39, 48, 55, NULL, 'BILL24091039', 250.00, 250.00, 0.00, 'op', 1, '2024-09-10 02:31:21', '2024-09-10 02:31:21', NULL, 0, NULL, NULL, NULL, NULL, 0),
(40, 48, 55, NULL, 'BILL24091040', 450.00, 450.00, 0.00, 'op', 1, '2024-09-10 09:15:10', '2024-09-10 09:15:10', NULL, 0, NULL, NULL, NULL, NULL, 0),
(41, 48, 55, NULL, 'BILL24091041', 150.00, 150.00, 0.00, 'op', 1, '2024-09-10 09:18:11', '2024-09-10 09:18:11', NULL, 0, NULL, NULL, NULL, NULL, 0),
(42, 48, 55, NULL, 'BILL24091042', 275.00, 275.00, 0.00, 'op', 1, '2024-09-10 09:29:31', '2024-09-10 09:29:31', NULL, 0, NULL, NULL, NULL, NULL, 1),
(43, NULL, NULL, 12, 'BILL25021743', 300.00, 300.00, 0.00, 'outside', 1, '2025-02-17 12:47:15', '2025-02-17 12:47:15', NULL, 0, NULL, NULL, NULL, NULL, 0),
(44, NULL, NULL, 13, 'BILL25021744', 95.00, 95.00, 0.00, 'outside', 1, '2025-02-17 13:09:05', '2025-02-17 13:09:05', NULL, 0, NULL, NULL, NULL, NULL, 0),
(45, NULL, NULL, 14, 'BILL25021745', 200.00, 200.00, 0.00, 'outside', 1, '2025-02-17 13:13:35', '2025-02-17 13:13:35', NULL, 0, NULL, NULL, NULL, NULL, 0),
(46, NULL, NULL, 15, 'BILL25021746', 450.00, 450.00, 0.00, 'outside', 1, '2025-02-17 13:34:04', '2025-02-17 13:34:04', NULL, 0, NULL, NULL, NULL, NULL, 0),
(47, NULL, NULL, 16, 'BILL25021747', 200.00, 200.00, 0.00, 'outside', 1, '2025-02-17 14:00:06', '2025-02-17 14:00:06', NULL, 0, NULL, NULL, NULL, NULL, 0),
(48, NULL, NULL, 17, 'BILL25021748', 200.00, 200.00, 0.00, 'outside', 1, '2025-02-17 14:06:38', '2025-02-17 14:06:38', NULL, 0, NULL, NULL, NULL, NULL, 0),
(49, NULL, NULL, 18, 'BILL25021749', 200.00, 200.00, 0.00, 'outside', 1, '2025-02-17 14:12:02', '2025-02-17 14:12:02', NULL, 0, NULL, NULL, NULL, NULL, 0),
(50, NULL, NULL, 19, 'BILL25021750', 770.00, 770.00, 0.00, 'outside', 1, '2025-02-17 16:29:09', '2025-02-17 16:29:09', NULL, 0, NULL, NULL, NULL, NULL, 0),
(51, NULL, NULL, 20, 'BILL25021751', 770.00, 770.00, 0.00, 'outside', 1, '2025-02-17 16:47:57', '2025-02-17 16:47:57', NULL, 0, NULL, NULL, NULL, NULL, 0),
(52, NULL, NULL, 21, 'BILL25021852', 770.00, 770.00, 0.00, 'outside', 1, '2025-02-18 03:26:11', '2025-02-18 03:26:11', NULL, 0, NULL, NULL, NULL, NULL, 0),
(53, NULL, NULL, 22, 'BILL25021853', 770.00, 770.00, 0.00, 'outside', 1, '2025-02-18 05:00:28', '2025-02-18 05:00:28', NULL, 0, NULL, NULL, NULL, NULL, 0),
(54, NULL, NULL, 23, 'BILL25021854', 770.00, 770.00, 0.00, 'outside', 1, '2025-02-18 05:05:44', '2025-02-18 05:05:44', NULL, 0, NULL, NULL, NULL, NULL, 0),
(55, NULL, NULL, 24, 'BILL25021855', 770.00, 770.00, 0.00, 'outside', 1, '2025-02-18 05:07:53', '2025-02-18 05:07:53', NULL, 0, NULL, NULL, NULL, NULL, 0),
(56, 93, 104, NULL, 'BILL25031556', 450.00, 450.00, 0.00, 'op', 1, '2025-03-15 08:19:00', '2025-03-15 08:19:00', NULL, 0, NULL, NULL, NULL, NULL, 0),
(57, 94, 105, NULL, 'BILL25042457', 300.00, 300.00, 0.00, 'op', 1, '2025-04-24 09:08:32', '2025-04-24 09:11:19', NULL, 1, NULL, NULL, '2025-04-24 14:41:19', 1, 0),
(58, 94, 105, NULL, 'BILL25042458', 150.00, 150.00, 0.00, 'op', 1, '2025-04-24 09:19:02', '2025-05-14 11:49:17', NULL, 1, NULL, NULL, '2025-05-14 17:19:17', 1, 0),
(59, 95, 106, NULL, 'BILL25042659', 150.00, 150.00, 0.00, 'op', 1, '2025-04-26 08:13:52', '2025-05-14 12:04:39', NULL, 1, NULL, NULL, '2025-05-14 17:34:39', 1, 0),
(60, 95, 106, NULL, 'BILL25042660', 450.00, 450.00, 0.00, 'op', 1, '2025-04-26 08:15:42', '2025-04-26 08:15:42', NULL, 0, NULL, NULL, NULL, NULL, 0),
(61, 95, 106, NULL, 'BILL25042661', 450.00, 450.00, 0.00, 'op', 1, '2025-04-26 08:17:55', '2025-04-26 08:17:55', NULL, 0, NULL, NULL, NULL, NULL, 0),
(62, 95, 106, NULL, 'BILL25042662', 0.00, 0.00, 0.00, 'op', 1, '2025-04-26 08:19:00', '2025-04-26 08:19:00', NULL, 0, NULL, NULL, NULL, NULL, 0),
(63, 95, 106, NULL, 'BILL25042663', 450.00, 450.00, 0.00, 'op', 1, '2025-04-26 08:19:22', '2025-04-26 08:19:22', NULL, 0, NULL, NULL, NULL, NULL, 0),
(64, 96, 107, NULL, 'BILL25050664', 200.00, 200.00, 0.00, 'op', 1, '2025-05-06 07:16:33', '2025-05-06 07:16:33', NULL, 0, NULL, NULL, NULL, NULL, 0),
(65, 96, 107, NULL, 'BILL25050665', 770.00, 770.00, 0.00, 'op', 1, '2025-05-06 07:21:00', '2025-05-06 07:21:00', NULL, 0, NULL, NULL, NULL, NULL, 0),
(66, 99, 110, NULL, 'BILL25051566', 1410.00, 1410.00, 0.00, 'op', 1, '2025-05-15 08:55:10', '2025-05-16 11:12:21', NULL, 1, NULL, NULL, '2025-05-16 16:42:21', 1, 0),
(67, NULL, NULL, 26, 'BILL25052367', 150.00, 150.00, 0.00, 'outside', 1, '2025-05-23 09:09:51', '2025-05-23 09:09:51', NULL, 0, NULL, NULL, NULL, NULL, 0);

-- --------------------------------------------------------

--
-- Table structure for table `opd_billing_discounts`
--

CREATE TABLE `opd_billing_discounts` (
  `id` bigint(20) UNSIGNED NOT NULL,
  `opd_billing_id` bigint(20) UNSIGNED NOT NULL,
  `discount` decimal(8,2) DEFAULT NULL,
  `discount_approved_by_id` bigint(20) UNSIGNED DEFAULT NULL,
  `deleted_at` timestamp NULL DEFAULT NULL,
  `created_at` timestamp NULL DEFAULT NULL,
  `updated_at` timestamp NULL DEFAULT NULL
) ENGINE=InnoDB DEFAULT CHARSET=utf8mb4 COLLATE=utf8mb4_unicode_ci;

--
-- Dumping data for table `opd_billing_discounts`
--

INSERT INTO `opd_billing_discounts` (`id`, `opd_billing_id`, `discount`, `discount_approved_by_id`, `deleted_at`, `created_at`, `updated_at`) VALUES
(1, 31, 100.00, NULL, NULL, '2024-09-09 19:00:43', '2024-09-09 19:00:43'),
(2, 32, 5.00, NULL, NULL, '2024-09-09 19:04:59', '2024-09-09 19:04:59'),
(3, 33, 20.00, 1, NULL, '2024-09-09 19:10:14', '2024-09-09 19:10:14'),
(4, 34, 20.00, 2, NULL, '2024-09-09 19:11:10', '2024-09-09 19:11:10'),
(5, 35, 20.00, 1, NULL, '2024-09-09 19:12:56', '2024-09-09 19:12:56'),
(6, 37, 100.00, 2, NULL, '2024-09-09 19:56:56', '2024-09-09 19:56:56'),
(7, 38, 100.00, 1, NULL, '2024-09-09 20:17:49', '2024-09-09 20:17:49'),
(8, 39, 100.00, 4, NULL, '2024-09-09 21:01:21', '2024-09-09 21:01:21'),
(9, 42, 25.00, 2, NULL, '2024-09-10 03:59:31', '2024-09-10 03:59:31');

-- --------------------------------------------------------

--
-- Table structure for table `opd_billing_items`
--

CREATE TABLE `opd_billing_items` (
  `id` bigint(20) UNSIGNED NOT NULL,
  `opd_billing_id` bigint(20) UNSIGNED NOT NULL,
  `service_id` bigint(20) UNSIGNED NOT NULL,
  `discount_approved_by_id` bigint(20) UNSIGNED DEFAULT NULL,
  `quantity` smallint(6) DEFAULT NULL,
  `unit_service_price` decimal(8,2) NOT NULL,
  `amount` decimal(8,2) NOT NULL,
  `discount` decimal(8,2) NOT NULL,
  `total` decimal(8,2) NOT NULL,
  `created_at` timestamp NULL DEFAULT NULL,
  `updated_at` timestamp NULL DEFAULT NULL,
  `deleted_at` timestamp NULL DEFAULT NULL,
  `is_cancled` tinyint(1) DEFAULT 0,
  `canceled_reason` text DEFAULT NULL,
  `canceled_approve_by_id` bigint(20) UNSIGNED DEFAULT NULL,
  `canceled_by_id` bigint(20) UNSIGNED DEFAULT NULL
) ENGINE=InnoDB DEFAULT CHARSET=utf8mb4 COLLATE=utf8mb4_unicode_ci;

--
-- Dumping data for table `opd_billing_items`
--

INSERT INTO `opd_billing_items` (`id`, `opd_billing_id`, `service_id`, `discount_approved_by_id`, `quantity`, `unit_service_price`, `amount`, `discount`, `total`, `created_at`, `updated_at`, `deleted_at`, `is_cancled`, `canceled_reason`, `canceled_approve_by_id`, `canceled_by_id`) VALUES
(1, 1, 1, 1, 1, 300.00, 300.00, 0.00, 300.00, NULL, NULL, NULL, 0, NULL, NULL, NULL),
(3, 3, 1, 1, 1, 300.00, 300.00, 0.00, 300.00, NULL, NULL, NULL, 0, NULL, NULL, NULL),
(4, 3, 6, 1, 1, 95.00, 95.00, 0.00, 95.00, NULL, NULL, NULL, 0, NULL, NULL, NULL),
(5, 4, 13, 1, 1, 100.00, 100.00, 0.00, 100.00, NULL, '2024-08-30 13:05:50', NULL, 1, NULL, NULL, NULL),
(6, 4, 18, 1, 1, 200.00, 200.00, 0.00, 200.00, NULL, '2024-08-30 13:05:50', NULL, 1, NULL, NULL, NULL),
(7, 5, 102, 1, 1, 840.00, 840.00, 0.00, 840.00, NULL, NULL, NULL, 0, NULL, NULL, NULL),
(8, 5, 5, 1, 1, 95.00, 95.00, 0.00, 95.00, NULL, NULL, NULL, 0, NULL, NULL, NULL),
(9, 6, 74, 1, 1, 360.00, 360.00, 0.00, 360.00, NULL, NULL, NULL, 0, NULL, NULL, NULL),
(10, 7, 116, 1, 1, 130.00, 130.00, 0.00, 130.00, NULL, NULL, NULL, 0, NULL, NULL, NULL),
(11, 8, 74, 1, 1, 360.00, 360.00, 0.00, 360.00, NULL, NULL, NULL, 0, NULL, NULL, NULL),
(12, 9, 102, 1, 1, 840.00, 840.00, 0.00, 840.00, NULL, NULL, NULL, 0, NULL, NULL, NULL),
(13, 10, 124, 1, 1, 400.00, 400.00, 0.00, 400.00, NULL, NULL, NULL, 0, NULL, NULL, NULL),
(14, 11, 124, 1, 1, 400.00, 400.00, 0.00, 400.00, NULL, NULL, NULL, 0, NULL, NULL, NULL),
(15, 12, 124, 1, 1, 400.00, 400.00, 0.00, 400.00, NULL, NULL, NULL, 0, NULL, NULL, NULL),
(16, 13, 124, 1, 1, 400.00, 400.00, 0.00, 400.00, NULL, NULL, NULL, 0, NULL, NULL, NULL),
(17, 14, 1, 1, 1, 300.00, 300.00, 0.00, 300.00, NULL, NULL, NULL, 0, NULL, NULL, NULL),
(18, 15, 124, 1, 1, 400.00, 400.00, 0.00, 400.00, NULL, NULL, NULL, 0, NULL, NULL, NULL),
(19, 16, 125, 1, 1, 450.00, 450.00, 0.00, 450.00, NULL, NULL, NULL, 0, NULL, NULL, NULL),
(20, 17, 125, 1, 1, 450.00, 450.00, 0.00, 450.00, NULL, NULL, NULL, 0, NULL, NULL, NULL),
(21, 18, 125, 1, 1, 450.00, 450.00, 0.00, 450.00, NULL, NULL, NULL, 0, NULL, NULL, NULL),
(22, 19, 126, 1, 1, 770.00, 770.00, 0.00, 770.00, NULL, NULL, NULL, 0, NULL, NULL, NULL),
(23, 20, 13, 1, 1, 100.00, 100.00, 0.00, 100.00, NULL, NULL, NULL, 0, NULL, NULL, NULL),
(24, 20, 18, 1, 1, 200.00, 200.00, 0.00, 200.00, NULL, NULL, NULL, 0, NULL, NULL, NULL),
(25, 20, 1, 1, 1, 300.00, 300.00, 0.00, 300.00, NULL, NULL, NULL, 0, NULL, NULL, NULL),
(26, 21, 125, 1, 1, 450.00, 450.00, 0.00, 450.00, NULL, NULL, NULL, 0, NULL, NULL, NULL),
(27, 22, 124, 1, 1, 400.00, 400.00, 0.00, 400.00, NULL, NULL, NULL, 0, NULL, NULL, NULL),
(28, 23, 5, 1, 1, 95.00, 95.00, 0.00, 95.00, NULL, '2025-05-16 11:14:39', NULL, 1, 'Test can', 2, 1),
(29, 24, 130, 1, 5, 50.00, 250.00, 0.00, 250.00, NULL, NULL, NULL, 0, NULL, NULL, NULL),
(30, 25, 1, 1, 1, 300.00, 300.00, 0.00, 300.00, NULL, NULL, NULL, 0, NULL, NULL, NULL),
(31, 25, 18, 1, 1, 200.00, 200.00, 0.00, 200.00, NULL, NULL, NULL, 0, NULL, NULL, NULL),
(32, 25, 10, 1, 1, 165.00, 165.00, 0.00, 165.00, NULL, NULL, NULL, 0, NULL, NULL, NULL),
(33, 26, 2, 1, 1, 150.00, 150.00, 0.00, 150.00, NULL, NULL, NULL, 0, NULL, NULL, NULL),
(34, 27, 125, 1, 1, 450.00, 450.00, 90.00, 360.00, NULL, NULL, NULL, 0, NULL, NULL, NULL),
(35, 27, 74, 1, 1, 360.00, 360.00, 54.00, 306.00, NULL, NULL, NULL, 0, NULL, NULL, NULL),
(36, 28, 1, 1, 1, 300.00, 300.00, 0.00, 300.00, NULL, NULL, NULL, 0, NULL, NULL, NULL),
(37, 29, 125, 1, 1, 450.00, 450.00, 0.00, 450.00, NULL, NULL, NULL, 0, NULL, NULL, NULL),
(38, 30, 125, 1, 1, 450.00, 450.00, 0.00, 450.00, NULL, NULL, NULL, 0, NULL, NULL, NULL),
(39, 31, 1, NULL, 1, 300.00, 300.00, 0.00, 300.00, NULL, NULL, NULL, 0, NULL, NULL, NULL),
(40, 32, 1, NULL, 1, 300.00, 300.00, 0.00, 300.00, NULL, NULL, NULL, 0, NULL, NULL, NULL),
(41, 33, 1, NULL, 1, 300.00, 300.00, 0.00, 300.00, NULL, NULL, NULL, 0, NULL, NULL, NULL),
(42, 34, 1, NULL, 1, 300.00, 300.00, 0.00, 300.00, NULL, NULL, NULL, 0, NULL, NULL, NULL),
(43, 35, 2, NULL, 1, 150.00, 150.00, 0.00, 150.00, NULL, NULL, NULL, 0, NULL, NULL, NULL),
(44, 36, 2, 1, 1, 150.00, 150.00, 0.00, 150.00, NULL, NULL, NULL, 0, NULL, NULL, NULL),
(45, 37, 1, NULL, 1, 300.00, 300.00, 0.00, 300.00, NULL, NULL, NULL, 0, NULL, NULL, NULL),
(46, 38, 2, NULL, 1, 150.00, 150.00, 0.00, 150.00, NULL, NULL, NULL, 0, NULL, NULL, NULL),
(47, 38, 1, NULL, 1, 300.00, 300.00, 0.00, 300.00, NULL, NULL, NULL, 0, NULL, NULL, NULL),
(48, 39, 1, NULL, 1, 300.00, 300.00, 0.00, 300.00, NULL, NULL, NULL, 0, NULL, NULL, NULL),
(49, 40, 1, 1, 1, 300.00, 300.00, 0.00, 300.00, NULL, NULL, NULL, 0, NULL, NULL, NULL),
(50, 40, 2, 1, 1, 150.00, 150.00, 0.00, 150.00, NULL, NULL, NULL, 0, NULL, NULL, NULL),
(51, 41, 2, 1, 1, 150.00, 150.00, 0.00, 150.00, NULL, NULL, NULL, 0, NULL, NULL, NULL),
(52, 42, 1, NULL, 1, 300.00, 300.00, 0.00, 300.00, NULL, NULL, NULL, 0, NULL, NULL, NULL),
(53, 43, 1, 1, 1, 300.00, 300.00, 0.00, 300.00, NULL, NULL, NULL, 0, NULL, NULL, NULL),
(54, 44, 5, 1, 1, 95.00, 95.00, 0.00, 95.00, NULL, NULL, NULL, 0, NULL, NULL, NULL),
(55, 45, 131, 1, 1, 200.00, 200.00, 0.00, 200.00, NULL, NULL, NULL, 0, NULL, NULL, NULL),
(56, 46, 125, 1, 1, 450.00, 450.00, 0.00, 450.00, NULL, NULL, NULL, 0, NULL, NULL, NULL),
(57, 47, 131, 1, 1, 200.00, 200.00, 0.00, 200.00, NULL, NULL, NULL, 0, NULL, NULL, NULL),
(58, 48, 131, 1, 1, 200.00, 200.00, 0.00, 200.00, NULL, NULL, NULL, 0, NULL, NULL, NULL),
(59, 49, 131, 1, 1, 200.00, 200.00, 0.00, 200.00, NULL, NULL, NULL, 0, NULL, NULL, NULL),
(60, 50, 126, 1, 1, 770.00, 770.00, 0.00, 770.00, NULL, NULL, NULL, 0, NULL, NULL, NULL),
(61, 51, 126, 1, 1, 770.00, 770.00, 0.00, 770.00, NULL, NULL, NULL, 0, NULL, NULL, NULL),
(62, 52, 126, 1, 1, 770.00, 770.00, 0.00, 770.00, NULL, NULL, NULL, 0, NULL, NULL, NULL),
(63, 53, 126, 1, 1, 770.00, 770.00, 0.00, 770.00, NULL, NULL, NULL, 0, NULL, NULL, NULL),
(64, 54, 126, 1, 1, 770.00, 770.00, 0.00, 770.00, NULL, NULL, NULL, 0, NULL, NULL, NULL),
(65, 55, 126, 1, 1, 770.00, 770.00, 0.00, 770.00, NULL, NULL, NULL, 0, NULL, NULL, NULL),
(66, 56, 1, 1, 1, 300.00, 300.00, 0.00, 300.00, NULL, NULL, NULL, 0, NULL, NULL, NULL),
(67, 56, 2, 1, 1, 150.00, 150.00, 0.00, 150.00, NULL, NULL, NULL, 0, NULL, NULL, NULL),
(68, 57, 1, 1, 1, 300.00, 300.00, 0.00, 300.00, NULL, '2025-04-24 09:11:19', NULL, 1, NULL, NULL, NULL),
(69, 58, 2, 1, 1, 150.00, 150.00, 0.00, 150.00, NULL, '2025-05-14 11:49:17', NULL, 1, NULL, NULL, NULL),
(70, 59, 2, 1, 1, 150.00, 150.00, 0.00, 150.00, NULL, '2025-05-14 12:04:39', NULL, 1, NULL, NULL, NULL),
(71, 60, 125, 1, 1, 450.00, 450.00, 0.00, 450.00, NULL, NULL, NULL, 0, NULL, NULL, NULL),
(72, 61, 125, 1, 1, 450.00, 450.00, 0.00, 450.00, NULL, NULL, NULL, 0, NULL, NULL, NULL),
(73, 63, 125, 1, 1, 450.00, 450.00, 0.00, 450.00, NULL, NULL, NULL, 0, NULL, NULL, NULL),
(74, 64, 131, 1, 1, 200.00, 200.00, 0.00, 200.00, NULL, NULL, NULL, 0, NULL, NULL, NULL),
(75, 65, 126, 1, 1, 770.00, 770.00, 0.00, 770.00, NULL, NULL, NULL, 0, NULL, NULL, NULL),
(76, 66, 2, 1, 1, 150.00, 150.00, 0.00, 150.00, NULL, '2025-05-16 11:12:21', NULL, 1, 'test', 1, 1),
(77, 66, 3, 1, 1, 1000.00, 1000.00, 0.00, 1000.00, NULL, '2025-05-16 11:12:21', NULL, 1, NULL, NULL, NULL),
(78, 66, 5, 1, 1, 95.00, 95.00, 0.00, 95.00, NULL, '2025-05-16 11:12:21', NULL, 1, NULL, NULL, NULL),
(79, 66, 10, 1, 1, 165.00, 165.00, 0.00, 165.00, NULL, '2025-05-16 11:12:21', NULL, 1, NULL, NULL, NULL),
(80, 67, 2, 1, 1, 150.00, 150.00, 0.00, 150.00, NULL, NULL, NULL, 0, NULL, NULL, NULL);

-- --------------------------------------------------------

--
-- Table structure for table `opd_medicine_receipts`
--

CREATE TABLE `opd_medicine_receipts` (
  `id` bigint(20) UNSIGNED NOT NULL,
  `stock_point_id` bigint(20) UNSIGNED NOT NULL,
  `patient_id` bigint(20) UNSIGNED DEFAULT NULL,
  `out_side_patient_id` bigint(20) UNSIGNED DEFAULT NULL,
  `patient_visit_id` bigint(20) UNSIGNED DEFAULT NULL,
  `created_by_id` bigint(20) UNSIGNED DEFAULT NULL,
  `code` varchar(30) DEFAULT NULL,
  `patient_type` enum('op','ip','outside') NOT NULL DEFAULT 'op',
  `created_at` timestamp NULL DEFAULT NULL,
  `updated_at` timestamp NULL DEFAULT NULL,
  `deleted_at` timestamp NULL DEFAULT NULL,
  `is_cancled` tinyint(1) DEFAULT 0,
  `cancled_date` varchar(20) DEFAULT NULL,
  `cancle_by_id` bigint(20) UNSIGNED DEFAULT NULL
) ENGINE=InnoDB DEFAULT CHARSET=utf8mb4 COLLATE=utf8mb4_unicode_ci;

--
-- Dumping data for table `opd_medicine_receipts`
--

INSERT INTO `opd_medicine_receipts` (`id`, `stock_point_id`, `patient_id`, `out_side_patient_id`, `patient_visit_id`, `created_by_id`, `code`, `patient_type`, `created_at`, `updated_at`, `deleted_at`, `is_cancled`, `cancled_date`, `cancle_by_id`) VALUES
(1, 2, NULL, 7, NULL, 3, 'OP1', 'outside', '2024-08-03 04:03:42', '2024-09-20 03:58:51', NULL, 1, '2024-09-20 09:28:51', 4),
(2, 2, NULL, 8, NULL, 3, 'OP2', 'outside', '2024-08-04 11:51:53', '2024-09-20 04:25:17', NULL, 1, '2024-09-20 09:55:17', 4),
(3, 2, 39, NULL, 46, 3, 'OP3', 'op', '2024-08-06 10:51:17', '2024-08-06 10:53:42', NULL, 1, '2024-08-06 10:53:42', 4),
(4, 2, 39, NULL, 46, 3, 'OP4', 'op', '2024-08-06 10:54:37', '2024-09-20 04:43:56', NULL, 1, '2024-09-20 10:13:56', 4),
(5, 2, 51, NULL, 58, 3, 'OP5', 'op', '2024-08-09 14:54:38', '2024-09-20 05:03:41', NULL, 1, '2024-09-20 10:33:41', 4),
(6, 2, NULL, 9, NULL, 3, 'OP6', 'outside', '2024-08-21 15:38:39', '2024-09-20 05:01:59', NULL, 1, '2024-09-20 10:31:59', 4),
(7, 2, NULL, 10, NULL, 3, 'OP7', 'outside', '2024-09-03 16:24:32', '2024-09-03 16:24:32', NULL, 0, NULL, NULL),
(8, 2, 48, NULL, 55, 3, 'OP8', 'op', '2024-09-20 05:38:33', '2024-09-20 05:39:14', NULL, 1, '2024-09-20 11:09:14', 4),
(9, 2, 48, NULL, 55, 3, 'OP9', 'op', '2024-09-20 05:46:35', '2024-09-20 05:47:08', NULL, 1, '2024-09-20 11:17:08', 4),
(10, 2, 48, NULL, 55, 3, 'OP10', 'op', '2024-09-20 07:38:16', '2024-09-20 07:38:16', NULL, 0, NULL, NULL),
(11, 2, 57, NULL, 95, 3, 'OP11', 'op', '2024-09-20 07:40:23', '2024-09-20 07:40:39', NULL, 1, '2024-09-20 13:10:39', 4),
(12, 2, 91, NULL, 102, 3, 'OP12', 'op', '2025-04-01 09:09:58', '2025-04-01 09:09:58', NULL, 0, NULL, NULL),
(13, 2, 96, NULL, 107, 3, 'OP13', 'op', '2025-05-06 08:38:21', '2025-05-06 08:38:21', NULL, 0, NULL, NULL);

-- --------------------------------------------------------

--
-- Table structure for table `opd_medicine_transactions`
--

CREATE TABLE `opd_medicine_transactions` (
  `id` bigint(20) UNSIGNED NOT NULL,
  `opd_medicine_receipt_id` bigint(20) UNSIGNED NOT NULL,
  `item_id` bigint(20) UNSIGNED NOT NULL,
  `stock_point_id` bigint(20) UNSIGNED NOT NULL,
  `batch_no` varchar(15) DEFAULT NULL,
  `exd` varchar(20) DEFAULT NULL,
  `quantity` smallint(6) DEFAULT NULL,
  `unit_sale_price` decimal(8,2) NOT NULL,
  `amount` decimal(8,2) NOT NULL,
  `discount` decimal(8,2) NOT NULL,
  `taxable_amount` decimal(8,2) NOT NULL,
  `cgst` decimal(8,2) NOT NULL,
  `sgst` decimal(8,2) NOT NULL,
  `total` decimal(8,2) NOT NULL,
  `discount_approved_by_id` bigint(20) UNSIGNED DEFAULT NULL,
  `deleted_at` timestamp NULL DEFAULT NULL,
  `created_at` timestamp NULL DEFAULT NULL,
  `updated_at` timestamp NULL DEFAULT NULL,
  `is_cancled` tinyint(1) DEFAULT 0
) ENGINE=InnoDB DEFAULT CHARSET=utf8mb4 COLLATE=utf8mb4_unicode_ci;

--
-- Dumping data for table `opd_medicine_transactions`
--

INSERT INTO `opd_medicine_transactions` (`id`, `opd_medicine_receipt_id`, `item_id`, `stock_point_id`, `batch_no`, `exd`, `quantity`, `unit_sale_price`, `amount`, `discount`, `taxable_amount`, `cgst`, `sgst`, `total`, `discount_approved_by_id`, `deleted_at`, `created_at`, `updated_at`, `is_cancled`) VALUES
(1, 1, 1, 2, 'batch-ocid-1', '03-Oct-2024', 2, 50.00, 100.00, 0.00, 100.00, 6.00, 6.00, 112.00, 1, NULL, NULL, '2024-09-20 03:58:51', 1),
(2, 2, 1, 2, 'batch-ocid-1', '03-Oct-2024', 2, 50.00, 100.00, 0.00, 100.00, 6.00, 6.00, 112.00, 1, NULL, NULL, '2024-09-20 04:25:17', 1),
(3, 3, 1, 2, 'batch-ocid-1', '03-Oct-2024', 20, 50.00, 1000.00, 0.00, 1000.00, 6.00, 6.00, 1120.00, 1, NULL, NULL, '2024-08-06 10:53:42', 1),
(4, 3, 2, 2, 'batch-cal-01', '03-Oct-2024', 20, 20.00, 400.00, 0.00, 400.00, 6.00, 6.00, 448.00, 1, NULL, NULL, '2024-08-06 10:53:42', 1),
(5, 4, 1, 2, 'batch-ocid-1', '03-Oct-2024', 30, 50.00, 1500.00, 0.00, 1500.00, 6.00, 6.00, 1680.00, 1, NULL, NULL, '2024-09-20 04:43:56', 1),
(6, 5, 1, 2, 'batch-ocid-1', '03-Oct-2024', 5, 50.00, 250.00, 0.00, 250.00, 6.00, 6.00, 280.00, 1, NULL, NULL, '2024-09-20 05:03:41', 1),
(7, 5, 2, 2, 'batch-cal-01', '03-Oct-2024', 2, 20.00, 40.00, 0.00, 40.00, 6.00, 6.00, 44.80, 1, NULL, NULL, '2024-09-20 05:03:41', 1),
(8, 5, 1, 2, 'batch-ocid-1', '03-Oct-2024', 2, 50.00, 100.00, 0.00, 100.00, 6.00, 6.00, 112.00, 1, NULL, NULL, '2024-09-20 05:03:41', 1),
(9, 6, 15, 2, 'CIL1233', '20-Aug-2026', 5, 322.72, 1613.60, 0.00, 1613.60, 6.00, 6.00, 1807.23, 1, NULL, NULL, '2024-09-20 05:01:59', 1),
(10, 6, 17, 2, 'SYN123', '21-Aug-2026', 5, 19.96, 99.80, 0.00, 99.80, 6.00, 6.00, 111.78, 1, NULL, NULL, '2024-09-20 05:01:59', 1),
(11, 7, 1, 2, 'batch-ocid-1', '03-Oct-2024', 1, 50.00, 50.00, 0.00, 50.00, 6.00, 6.00, 56.00, 1, NULL, NULL, NULL, 0),
(12, 8, 1, 2, 'batch-ocid-1', '03-Oct-2024', 10, 50.00, 500.00, 0.00, 500.00, 6.00, 6.00, 560.00, 1, NULL, NULL, '2024-09-20 05:39:14', 1),
(13, 9, 2, 2, 'frtewr234', '03-Oct-2024', 1, 20.00, 20.00, 0.00, 20.00, 6.00, 6.00, 22.40, 1, NULL, NULL, '2024-09-20 05:47:08', 1),
(14, 10, 2, 2, 'frtewr234', '30-Jul-2026', 3, 20.00, 60.00, 0.00, 60.00, 6.00, 6.00, 67.20, 1, NULL, NULL, NULL, 0),
(15, 11, 2, 2, 'frtewr234', '03-Oct-2024', 5, 20.00, 100.00, 0.00, 100.00, 6.00, 6.00, 112.00, 1, NULL, NULL, '2024-09-20 07:40:39', 1),
(16, 12, 2, 2, 'frtewr234', '30-Jul-2026', 10, 20.00, 200.00, 0.00, 200.00, 6.00, 6.00, 224.00, 1, NULL, NULL, NULL, 0),
(17, 13, 2, 2, 'retretyeyt', '06-Aug-2028', 5, 20.00, 100.00, 0.00, 100.00, 6.00, 6.00, 112.00, 1, NULL, NULL, NULL, 0);

-- --------------------------------------------------------

--
-- Table structure for table `organisms`
--

CREATE TABLE `organisms` (
  `id` bigint(20) UNSIGNED NOT NULL,
  `department_id` bigint(20) UNSIGNED NOT NULL,
  `service_group_id` bigint(20) UNSIGNED NOT NULL,
  `code` varchar(255) NOT NULL,
  `name` varchar(255) NOT NULL,
  `default_organism` tinyint(1) NOT NULL DEFAULT 0,
  `is_active` tinyint(1) NOT NULL DEFAULT 1,
  `created_by_id` bigint(20) UNSIGNED DEFAULT NULL,
  `updated_by_id` bigint(20) UNSIGNED DEFAULT NULL,
  `created_at` timestamp NULL DEFAULT NULL,
  `updated_at` timestamp NULL DEFAULT NULL,
  `deleted_at` timestamp NULL DEFAULT NULL
) ENGINE=InnoDB DEFAULT CHARSET=utf8mb4 COLLATE=utf8mb4_unicode_ci;

-- --------------------------------------------------------

--
-- Table structure for table `organism_antibiotics`
--

CREATE TABLE `organism_antibiotics` (
  `id` bigint(20) UNSIGNED NOT NULL,
  `organism_id` bigint(20) UNSIGNED NOT NULL,
  `antibiotic_id` bigint(20) UNSIGNED NOT NULL,
  `created_at` timestamp NULL DEFAULT NULL,
  `updated_at` timestamp NULL DEFAULT NULL,
  `deleted_at` timestamp NULL DEFAULT NULL
) ENGINE=InnoDB DEFAULT CHARSET=utf8mb4 COLLATE=utf8mb4_unicode_ci;

-- --------------------------------------------------------

--
-- Table structure for table `organizations`
--

CREATE TABLE `organizations` (
  `id` bigint(20) UNSIGNED NOT NULL,
  `cost_center_id` bigint(20) UNSIGNED DEFAULT NULL,
  `code` varchar(20) NOT NULL,
  `name` varchar(255) NOT NULL,
  `gstcode` varchar(20) DEFAULT NULL,
  `pan` varchar(20) DEFAULT NULL,
  `tan` varchar(20) DEFAULT NULL,
  `color` varchar(20) DEFAULT NULL,
  `type` enum('I','C') NOT NULL COMMENT 'Organization Type:  I- Insurance C-Corporate',
  `isactive` tinyint(1) NOT NULL DEFAULT 1 COMMENT '0: inactive 1:active',
  `isletterreqcoloruired` tinyint(1) NOT NULL DEFAULT 0 COMMENT '0: inactive 1:active',
  `effectedfrom` date DEFAULT NULL,
  `effectedto` date DEFAULT NULL,
  `clearancedays` tinyint(4) NOT NULL COMMENT 'Billing Cycle days',
  `contractdate` date DEFAULT NULL,
  `consultation_number` tinyint(4) DEFAULT NULL COMMENT 'Number of consultations',
  `consultation_days` tinyint(4) DEFAULT NULL COMMENT 'Consultation duration in days',
  `consultation_discount` decimal(4,2) DEFAULT 0.00,
  `ip_org_percent` tinyint(4) DEFAULT NULL COMMENT 'IP ORG %',
  `ip_emp_percent` tinyint(4) DEFAULT NULL COMMENT 'IP EMP %',
  `op_org_percent` tinyint(4) DEFAULT NULL COMMENT 'OP ORG %',
  `op_emp_percent` tinyint(4) DEFAULT NULL COMMENT 'OP EMP %',
  `address` varchar(255) DEFAULT NULL,
  `city` varchar(60) DEFAULT NULL,
  `state` varchar(60) DEFAULT NULL,
  `country` varchar(60) DEFAULT NULL,
  `pincode` varchar(10) DEFAULT NULL,
  `phone` varchar(15) DEFAULT NULL,
  `alt_phone` varchar(15) DEFAULT NULL,
  `remarks` varchar(255) DEFAULT NULL,
  `email` varchar(60) DEFAULT NULL,
  `pharmacy` enum('cash','credit') NOT NULL COMMENT 'Pharmacy Cash/Credit',
  `org_credit_limit` decimal(8,2) DEFAULT 0.00,
  `contact_person_id` bigint(20) UNSIGNED DEFAULT NULL,
  `created_by_id` bigint(20) UNSIGNED DEFAULT NULL,
  `updated_by_id` bigint(20) UNSIGNED DEFAULT NULL,
  `created_at` timestamp NULL DEFAULT NULL,
  `updated_at` timestamp NULL DEFAULT NULL,
  `deleted_at` timestamp NULL DEFAULT NULL
) ENGINE=InnoDB DEFAULT CHARSET=utf8mb4 COLLATE=utf8mb4_unicode_ci;

--
-- Dumping data for table `organizations`
--

INSERT INTO `organizations` (`id`, `cost_center_id`, `code`, `name`, `gstcode`, `pan`, `tan`, `color`, `type`, `isactive`, `isletterreqcoloruired`, `effectedfrom`, `effectedto`, `clearancedays`, `contractdate`, `consultation_number`, `consultation_days`, `consultation_discount`, `ip_org_percent`, `ip_emp_percent`, `op_org_percent`, `op_emp_percent`, `address`, `city`, `state`, `country`, `pincode`, `phone`, `alt_phone`, `remarks`, `email`, `pharmacy`, `org_credit_limit`, `contact_person_id`, `created_by_id`, `updated_by_id`, `created_at`, `updated_at`, `deleted_at`) VALUES
(1, 1, 'ORG001', 'Bajaj Allianz', NULL, 'CDXPP0565M', 'CDXPP0565M', '006600', 'I', 1, 0, '2024-11-11', '2028-01-11', 10, '2024-11-11', 4, 10, 0.00, 100, 0, 100, 0, NULL, NULL, NULL, NULL, NULL, NULL, NULL, 'Test', NULL, 'cash', NULL, 2, 1, 1, '2024-11-11 08:32:32', '2024-11-11 08:32:32', NULL),
(2, 1, 'ORG002', 'Ayushman Bharat Insurance', NULL, 'CDXPP0566M', 'CDXPP0566M', 'FFB300', 'I', 1, 0, '2024-11-11', '2028-01-11', 10, '2024-11-11', 4, 10, 0.00, 100, 0, 100, 0, NULL, NULL, NULL, NULL, NULL, NULL, NULL, 'Test', NULL, 'cash', NULL, 2, 1, 1, '2024-11-11 08:32:32', '2024-11-11 08:32:32', NULL);

-- --------------------------------------------------------

--
-- Table structure for table `organization_pharmacy_discounts`
--

CREATE TABLE `organization_pharmacy_discounts` (
  `id` bigint(20) UNSIGNED NOT NULL,
  `created_at` timestamp NULL DEFAULT NULL,
  `updated_at` timestamp NULL DEFAULT NULL
) ENGINE=InnoDB DEFAULT CHARSET=utf8mb4 COLLATE=utf8mb4_unicode_ci;

-- --------------------------------------------------------

--
-- Table structure for table `organization_tariffs`
--

CREATE TABLE `organization_tariffs` (
  `id` bigint(20) UNSIGNED NOT NULL,
  `organization_id` bigint(20) UNSIGNED NOT NULL,
  `created_at` timestamp NULL DEFAULT NULL,
  `updated_at` timestamp NULL DEFAULT NULL,
  `deleted_at` timestamp NULL DEFAULT NULL
) ENGINE=InnoDB DEFAULT CHARSET=utf8mb4 COLLATE=utf8mb4_unicode_ci;

--
-- Dumping data for table `organization_tariffs`
--

INSERT INTO `organization_tariffs` (`id`, `organization_id`, `created_at`, `updated_at`, `deleted_at`) VALUES
(1, 1, '2025-05-02 11:07:39', '2025-05-02 11:07:39', NULL),
(2, 2, '2025-05-02 11:08:36', '2025-05-02 11:08:36', NULL);

-- --------------------------------------------------------

--
-- Table structure for table `organization_tariff_priorities`
--

CREATE TABLE `organization_tariff_priorities` (
  `id` bigint(20) UNSIGNED NOT NULL,
  `organization_tariff_id` bigint(20) UNSIGNED NOT NULL,
  `organization_id` bigint(20) UNSIGNED NOT NULL,
  `teriff_id` bigint(20) UNSIGNED DEFAULT NULL,
  `type` enum('op','ip') NOT NULL DEFAULT 'op',
  `is_default` tinyint(1) NOT NULL DEFAULT 0,
  `priority` tinyint(4) NOT NULL,
  `discount` decimal(4,2) NOT NULL DEFAULT 0.00,
  `created_at` timestamp NULL DEFAULT NULL,
  `updated_at` timestamp NULL DEFAULT NULL,
  `deleted_at` timestamp NULL DEFAULT NULL
) ENGINE=InnoDB DEFAULT CHARSET=utf8mb4 COLLATE=utf8mb4_unicode_ci;

--
-- Dumping data for table `organization_tariff_priorities`
--

INSERT INTO `organization_tariff_priorities` (`id`, `organization_tariff_id`, `organization_id`, `teriff_id`, `type`, `is_default`, `priority`, `discount`, `created_at`, `updated_at`, `deleted_at`) VALUES
(1, 1, 1, NULL, 'ip', 0, 1, 0.00, '2025-05-02 11:07:39', '2025-05-02 11:07:39', NULL),
(2, 1, 1, NULL, 'ip', 0, 2, 0.00, '2025-05-02 11:07:39', '2025-05-02 11:07:39', NULL),
(3, 1, 1, NULL, 'ip', 0, 3, 0.00, '2025-05-02 11:07:39', '2025-05-02 11:07:39', NULL),
(4, 1, 1, 3, 'ip', 1, 4, 0.00, '2025-05-02 11:07:39', '2025-05-02 11:07:39', NULL),
(5, 1, 1, NULL, 'op', 0, 1, 0.00, '2025-05-02 11:07:39', '2025-05-02 11:07:39', NULL),
(6, 1, 1, NULL, 'op', 0, 2, 0.00, '2025-05-02 11:07:39', '2025-05-02 11:07:39', NULL),
(7, 1, 1, NULL, 'op', 0, 3, 0.00, '2025-05-02 11:07:39', '2025-05-02 11:07:39', NULL),
(8, 1, 1, 3, 'op', 1, 4, 0.00, '2025-05-02 11:07:39', '2025-05-02 11:07:39', NULL),
(9, 2, 2, 10, 'ip', 0, 1, 0.00, '2025-05-02 11:08:36', '2025-05-02 11:29:57', NULL),
(10, 2, 2, NULL, 'ip', 0, 2, 0.00, '2025-05-02 11:08:36', '2025-05-02 11:26:18', NULL),
(11, 2, 2, NULL, 'ip', 0, 3, 0.00, '2025-05-02 11:08:36', '2025-05-02 11:26:18', NULL),
(12, 2, 2, 3, 'ip', 1, 4, 0.00, '2025-05-02 11:08:36', '2025-05-02 11:09:40', NULL),
(13, 2, 2, 10, 'op', 0, 1, 0.00, '2025-05-02 11:08:36', '2025-05-02 11:29:57', NULL),
(14, 2, 2, NULL, 'op', 0, 2, 0.00, '2025-05-02 11:08:36', '2025-05-02 11:09:40', NULL),
(15, 2, 2, NULL, 'op', 0, 3, 0.00, '2025-05-02 11:08:36', '2025-05-02 11:09:40', NULL),
(16, 2, 2, 3, 'op', 1, 4, 0.00, '2025-05-02 11:08:36', '2025-05-02 11:09:40', NULL);

-- --------------------------------------------------------

--
-- Table structure for table `others`
--

CREATE TABLE `others` (
  `id` bigint(20) UNSIGNED NOT NULL,
  `name` varchar(100) NOT NULL,
  `created_at` timestamp NULL DEFAULT NULL,
  `updated_at` timestamp NULL DEFAULT NULL,
  `deleted_at` timestamp NULL DEFAULT NULL
) ENGINE=InnoDB DEFAULT CHARSET=utf8mb4 COLLATE=utf8mb4_unicode_ci;

--
-- Dumping data for table `others`
--

INSERT INTO `others` (`id`, `name`, `created_at`, `updated_at`, `deleted_at`) VALUES
(1, 'Other 1', '2024-09-09 09:04:21', '2024-09-09 09:04:21', NULL),
(2, 'okay', '2025-04-15 06:16:33', '2025-04-15 06:17:19', '2025-04-15 06:17:19');

-- --------------------------------------------------------

--
-- Table structure for table `ots`
--

CREATE TABLE `ots` (
  `id` bigint(20) UNSIGNED NOT NULL,
  `name` varchar(150) NOT NULL,
  `code` varchar(100) NOT NULL,
  `ot_type_id` bigint(20) UNSIGNED NOT NULL,
  `is_active` enum('0','1') NOT NULL,
  `cost_center_id` bigint(20) UNSIGNED NOT NULL,
  `created_by_id` bigint(20) UNSIGNED DEFAULT NULL,
  `created_at` timestamp NULL DEFAULT NULL,
  `updated_at` timestamp NULL DEFAULT NULL,
  `deleted_at` timestamp NULL DEFAULT NULL
) ENGINE=InnoDB DEFAULT CHARSET=utf8mb4 COLLATE=utf8mb4_unicode_ci;

--
-- Dumping data for table `ots`
--

INSERT INTO `ots` (`id`, `name`, `code`, `ot_type_id`, `is_active`, `cost_center_id`, `created_by_id`, `created_at`, `updated_at`, `deleted_at`) VALUES
(1, 'EMERGENCY OT', 'OPT1', 1, '1', 1, 1, '2025-05-12 04:56:14', '2025-05-12 04:56:14', NULL),
(2, 'SEPTIC OT', 'OPT2', 1, '1', 1, 1, '2025-05-12 05:00:36', '2025-05-12 05:00:36', NULL),
(3, 'EYE OT', 'OPT3', 1, '1', 1, 1, '2025-05-12 05:01:00', '2025-05-12 05:07:10', NULL);

-- --------------------------------------------------------

--
-- Table structure for table `ot_bookings`
--

CREATE TABLE `ot_bookings` (
  `id` bigint(20) UNSIGNED NOT NULL,
  `ipd_id` bigint(20) UNSIGNED NOT NULL,
  `patient_id` bigint(20) UNSIGNED NOT NULL,
  `code` varchar(100) NOT NULL,
  `doctor_id` bigint(20) UNSIGNED NOT NULL,
  `service_id` bigint(20) UNSIGNED NOT NULL,
  `surgery_type_id` bigint(20) UNSIGNED NOT NULL,
  `booking_type` varchar(150) DEFAULT NULL,
  `duration` int(11) DEFAULT NULL,
  `surgery_date` date NOT NULL,
  `ot_type_id` bigint(20) UNSIGNED NOT NULL,
  `from_time` time DEFAULT NULL,
  `to_time` time DEFAULT NULL,
  `ot_id` bigint(20) UNSIGNED NOT NULL,
  `anesthesia_type_id` bigint(20) UNSIGNED NOT NULL,
  `for_day_care` enum('0','1') NOT NULL DEFAULT '0',
  `icd_code` varchar(50) DEFAULT NULL,
  `cpt_code` varchar(50) DEFAULT NULL,
  `remarks` longtext DEFAULT NULL,
  `diagnosis` longtext DEFAULT NULL,
  `created_by_id` bigint(20) UNSIGNED NOT NULL,
  `is_cancelled` int(11) NOT NULL DEFAULT 0,
  `cancelled_reason` text DEFAULT NULL,
  `cancelled_approved_by_id` bigint(20) UNSIGNED DEFAULT NULL,
  `cancelled_by_id` bigint(20) UNSIGNED DEFAULT NULL,
  `created_at` timestamp NULL DEFAULT NULL,
  `updated_at` timestamp NULL DEFAULT NULL,
  `deleted_at` timestamp NULL DEFAULT NULL
) ENGINE=InnoDB DEFAULT CHARSET=utf8mb4 COLLATE=utf8mb4_unicode_ci;

--
-- Dumping data for table `ot_bookings`
--

INSERT INTO `ot_bookings` (`id`, `ipd_id`, `patient_id`, `code`, `doctor_id`, `service_id`, `surgery_type_id`, `booking_type`, `duration`, `surgery_date`, `ot_type_id`, `from_time`, `to_time`, `ot_id`, `anesthesia_type_id`, `for_day_care`, `icd_code`, `cpt_code`, `remarks`, `diagnosis`, `created_by_id`, `is_cancelled`, `cancelled_reason`, `cancelled_approved_by_id`, `cancelled_by_id`, `created_at`, `updated_at`, `deleted_at`) VALUES
(1, 27, 96, 'OTB1', 1, 10, 1, 'selective', 30, '2025-05-20', 1, '15:00:00', '15:30:00', 1, 2, '0', NULL, NULL, NULL, NULL, 1, 0, NULL, NULL, NULL, '2025-05-19 09:58:04', '2025-05-19 10:46:22', NULL);

-- --------------------------------------------------------

--
-- Table structure for table `ot_booking_attendants`
--

CREATE TABLE `ot_booking_attendants` (
  `id` bigint(20) UNSIGNED NOT NULL,
  `name` varchar(100) NOT NULL,
  `attendant_type` varchar(255) NOT NULL,
  `attendant_id` bigint(20) UNSIGNED NOT NULL,
  `ot_booking_id` bigint(20) UNSIGNED NOT NULL,
  `created_at` timestamp NULL DEFAULT NULL,
  `updated_at` timestamp NULL DEFAULT NULL,
  `deleted_at` timestamp NULL DEFAULT NULL
) ENGINE=InnoDB DEFAULT CHARSET=utf8mb4 COLLATE=utf8mb4_unicode_ci;

--
-- Dumping data for table `ot_booking_attendants`
--

INSERT INTO `ot_booking_attendants` (`id`, `name`, `attendant_type`, `attendant_id`, `ot_booking_id`, `created_at`, `updated_at`, `deleted_at`) VALUES
(1, 'Doctor', '\\App\\Models\\Doctor', 2, 1, '2025-05-19 09:58:04', '2025-05-19 10:23:48', '2025-05-19 10:23:48'),
(2, 'Doctor', '\\App\\Models\\Doctor', 2, 1, '2025-05-19 09:58:04', '2025-05-19 10:23:48', '2025-05-19 10:23:48'),
(3, 'Doctor', '\\App\\Models\\Doctor', 9, 1, '2025-05-19 10:23:48', '2025-05-19 10:45:49', '2025-05-19 10:45:49'),
(4, 'Doctor', '\\App\\Models\\Doctor', 10, 1, '2025-05-19 10:23:48', '2025-05-19 10:45:49', '2025-05-19 10:45:49'),
(5, 'Doctor', '\\App\\Models\\Doctor', 9, 1, '2025-05-19 10:45:49', '2025-05-19 10:46:03', '2025-05-19 10:46:03'),
(6, 'Doctor', '\\App\\Models\\Doctor', 10, 1, '2025-05-19 10:45:49', '2025-05-19 10:46:03', '2025-05-19 10:46:03'),
(7, 'Doctor', '\\App\\Models\\Doctor', 10, 1, '2025-05-19 10:45:49', '2025-05-19 10:46:03', '2025-05-19 10:46:03'),
(8, 'Doctor', '\\App\\Models\\Doctor', 9, 1, '2025-05-19 10:46:03', '2025-05-19 10:46:22', '2025-05-19 10:46:22'),
(9, 'Doctor', '\\App\\Models\\Doctor', 10, 1, '2025-05-19 10:46:03', '2025-05-19 10:46:22', '2025-05-19 10:46:22'),
(10, 'Doctor', '\\App\\Models\\Doctor', 8, 1, '2025-05-19 10:46:03', '2025-05-19 10:46:22', '2025-05-19 10:46:22'),
(11, 'Doctor', '\\App\\Models\\Doctor', 9, 1, '2025-05-19 10:46:22', '2025-05-19 10:46:22', NULL),
(12, 'Doctor', '\\App\\Models\\Doctor', 10, 1, '2025-05-19 10:46:22', '2025-05-19 10:46:22', NULL);

-- --------------------------------------------------------

--
-- Table structure for table `ot_day_cares`
--

CREATE TABLE `ot_day_cares` (
  `id` bigint(20) UNSIGNED NOT NULL,
  `ot_booking_id` bigint(20) UNSIGNED NOT NULL,
  `ipd_id` bigint(20) UNSIGNED NOT NULL,
  `patient_id` bigint(20) UNSIGNED NOT NULL,
  `code` varchar(100) NOT NULL,
  `type` varchar(150) DEFAULT NULL,
  `service_id` bigint(20) UNSIGNED DEFAULT NULL,
  `surgery_type_id` bigint(20) UNSIGNED DEFAULT NULL,
  `ot_id` bigint(20) UNSIGNED DEFAULT NULL,
  `surgery_date` date NOT NULL,
  `duration` int(11) DEFAULT NULL,
  `from_time` time DEFAULT NULL,
  `to_time` time DEFAULT NULL,
  `doctor_id` bigint(20) UNSIGNED DEFAULT NULL,
  `anesthesia_type_id` bigint(20) UNSIGNED DEFAULT NULL,
  `diagnosis` longtext DEFAULT NULL,
  `remarks` longtext DEFAULT NULL,
  `created_by_id` bigint(20) UNSIGNED NOT NULL,
  `created_at` timestamp NULL DEFAULT NULL,
  `updated_at` timestamp NULL DEFAULT NULL,
  `deleted_at` timestamp NULL DEFAULT NULL
) ENGINE=InnoDB DEFAULT CHARSET=utf8mb4 COLLATE=utf8mb4_unicode_ci;

--
-- Dumping data for table `ot_day_cares`
--

INSERT INTO `ot_day_cares` (`id`, `ot_booking_id`, `ipd_id`, `patient_id`, `code`, `type`, `service_id`, `surgery_type_id`, `ot_id`, `surgery_date`, `duration`, `from_time`, `to_time`, `doctor_id`, `anesthesia_type_id`, `diagnosis`, `remarks`, `created_by_id`, `created_at`, `updated_at`, `deleted_at`) VALUES
(1, 1, 27, 96, 'DCN1', 'scheduled-patients', 10, 1, 1, '2025-05-20', 30, '15:00:00', '15:30:00', 1, 2, NULL, NULL, 1, '2025-05-20 05:35:42', '2025-05-24 07:30:22', NULL);

-- --------------------------------------------------------

--
-- Table structure for table `ot_day_care_consultants`
--

CREATE TABLE `ot_day_care_consultants` (
  `id` bigint(20) UNSIGNED NOT NULL,
  `name` varchar(100) NOT NULL,
  `attendant_type` varchar(255) NOT NULL,
  `attendant_id` bigint(20) UNSIGNED NOT NULL,
  `ot_day_care_id` bigint(20) UNSIGNED NOT NULL,
  `created_at` timestamp NULL DEFAULT NULL,
  `updated_at` timestamp NULL DEFAULT NULL,
  `deleted_at` timestamp NULL DEFAULT NULL
) ENGINE=InnoDB DEFAULT CHARSET=utf8mb4 COLLATE=utf8mb4_unicode_ci;

--
-- Dumping data for table `ot_day_care_consultants`
--

INSERT INTO `ot_day_care_consultants` (`id`, `name`, `attendant_type`, `attendant_id`, `ot_day_care_id`, `created_at`, `updated_at`, `deleted_at`) VALUES
(1, 'Doctor', '\\App\\Models\\Doctor', 9, 1, '2025-05-20 05:35:42', '2025-05-24 07:30:09', '2025-05-24 07:30:09'),
(2, 'Doctor', '\\App\\Models\\Doctor', 10, 1, '2025-05-20 05:35:42', '2025-05-24 07:30:09', '2025-05-24 07:30:09'),
(3, 'Doctor', '\\App\\Models\\Doctor', 9, 1, '2025-05-24 07:30:09', '2025-05-24 07:30:22', '2025-05-24 07:30:22'),
(4, 'Doctor', '\\App\\Models\\Doctor', 10, 1, '2025-05-24 07:30:09', '2025-05-24 07:30:22', '2025-05-24 07:30:22'),
(5, 'Doctor', '\\App\\Models\\Doctor', 5, 1, '2025-05-24 07:30:09', '2025-05-24 07:30:22', '2025-05-24 07:30:22'),
(6, 'Doctor', '\\App\\Models\\Doctor', 9, 1, '2025-05-24 07:30:22', '2025-05-24 07:30:22', NULL),
(7, 'Doctor', '\\App\\Models\\Doctor', 10, 1, '2025-05-24 07:30:22', '2025-05-24 07:30:22', NULL);

-- --------------------------------------------------------

--
-- Table structure for table `ot_post_operations`
--

CREATE TABLE `ot_post_operations` (
  `id` bigint(20) UNSIGNED NOT NULL,
  `ot_booking_id` bigint(20) UNSIGNED NOT NULL,
  `ot_pre_operation_id` bigint(20) UNSIGNED NOT NULL,
  `ipd_id` bigint(20) UNSIGNED NOT NULL,
  `patient_id` bigint(20) UNSIGNED NOT NULL,
  `code` varchar(100) NOT NULL,
  `service_id` bigint(20) UNSIGNED DEFAULT NULL,
  `surgery_type_id` bigint(20) UNSIGNED DEFAULT NULL,
  `surgery_date` date NOT NULL,
  `duration` int(11) DEFAULT NULL,
  `ot_start_time` timestamp NULL DEFAULT NULL,
  `ot_end_time` timestamp NULL DEFAULT NULL,
  `ot_type_id` bigint(20) UNSIGNED NOT NULL,
  `blood_loss` varchar(150) DEFAULT NULL,
  `sent_to_icu` tinyint(4) DEFAULT 0,
  `created_by_id` bigint(20) UNSIGNED NOT NULL,
  `created_at` timestamp NULL DEFAULT NULL,
  `updated_at` timestamp NULL DEFAULT NULL,
  `deleted_at` timestamp NULL DEFAULT NULL
) ENGINE=InnoDB DEFAULT CHARSET=utf8mb4 COLLATE=utf8mb4_unicode_ci;

--
-- Dumping data for table `ot_post_operations`
--

INSERT INTO `ot_post_operations` (`id`, `ot_booking_id`, `ot_pre_operation_id`, `ipd_id`, `patient_id`, `code`, `service_id`, `surgery_type_id`, `surgery_date`, `duration`, `ot_start_time`, `ot_end_time`, `ot_type_id`, `blood_loss`, `sent_to_icu`, `created_by_id`, `created_at`, `updated_at`, `deleted_at`) VALUES
(1, 1, 1, 27, 96, 'PST1', 10, 1, '2025-05-20', 30, '2025-05-20 09:30:00', '2025-05-20 10:00:00', 1, '200', 1, 1, '2025-05-26 06:25:01', '2025-05-26 06:25:01', NULL);

-- --------------------------------------------------------

--
-- Table structure for table `ot_post_operation_attendants`
--

CREATE TABLE `ot_post_operation_attendants` (
  `id` bigint(20) UNSIGNED NOT NULL,
  `name` varchar(100) NOT NULL,
  `attendant_type` varchar(255) NOT NULL,
  `attendant_id` bigint(20) UNSIGNED NOT NULL,
  `ot_post_operation_id` bigint(20) UNSIGNED NOT NULL,
  `created_at` timestamp NULL DEFAULT NULL,
  `updated_at` timestamp NULL DEFAULT NULL,
  `deleted_at` timestamp NULL DEFAULT NULL
) ENGINE=InnoDB DEFAULT CHARSET=utf8mb4 COLLATE=utf8mb4_unicode_ci;

--
-- Dumping data for table `ot_post_operation_attendants`
--

INSERT INTO `ot_post_operation_attendants` (`id`, `name`, `attendant_type`, `attendant_id`, `ot_post_operation_id`, `created_at`, `updated_at`, `deleted_at`) VALUES
(1, 'Doctor', '\\App\\Models\\Doctor', 9, 1, '2025-05-26 06:25:01', '2025-05-26 08:39:47', '2025-05-26 08:39:47'),
(2, 'Doctor', '\\App\\Models\\Doctor', 10, 1, '2025-05-26 06:25:01', '2025-05-26 08:39:47', '2025-05-26 08:39:47'),
(3, 'Doctor', '\\App\\Models\\Doctor', 9, 1, '2025-05-26 08:39:47', '2025-05-26 08:39:55', '2025-05-26 08:39:55'),
(4, 'Doctor', '\\App\\Models\\Doctor', 10, 1, '2025-05-26 08:39:47', '2025-05-26 08:39:55', '2025-05-26 08:39:55'),
(5, 'Doctor', '\\App\\Models\\Doctor', 9, 1, '2025-05-26 08:39:55', '2025-05-26 08:41:09', '2025-05-26 08:41:09'),
(6, 'Doctor', '\\App\\Models\\Doctor', 8, 1, '2025-05-26 08:39:55', '2025-05-26 08:41:09', '2025-05-26 08:41:09'),
(7, 'Doctor', '\\App\\Models\\Doctor', 9, 1, '2025-05-26 08:41:09', '2025-05-26 08:41:09', NULL),
(8, 'Doctor', '\\App\\Models\\Doctor', 8, 1, '2025-05-26 08:41:09', '2025-05-26 08:41:09', NULL);

-- --------------------------------------------------------

--
-- Table structure for table `ot_post_operation_notes`
--

CREATE TABLE `ot_post_operation_notes` (
  `id` bigint(20) UNSIGNED NOT NULL,
  `ot_post_operation_id` bigint(20) UNSIGNED NOT NULL,
  `pre_op_diagnosis` longtext DEFAULT NULL,
  `post_op_diagnosis` longtext DEFAULT NULL,
  `procedure_planned` longtext DEFAULT NULL,
  `procedure_performed` longtext DEFAULT NULL,
  `surgeon` varchar(255) DEFAULT NULL,
  `anesthesiologist` varchar(255) DEFAULT NULL,
  `asst_surgeon` varchar(255) DEFAULT NULL,
  `staff_nurses` varchar(255) DEFAULT NULL,
  `freop_antibiotic` varchar(255) DEFAULT NULL,
  `blood_loss` varchar(255) DEFAULT NULL,
  `blood_transfusion` varchar(255) DEFAULT NULL,
  `incision` longtext DEFAULT NULL,
  `findings` longtext DEFAULT NULL,
  `procedure` longtext DEFAULT NULL,
  `closure` longtext DEFAULT NULL,
  `post_op_instruction` longtext DEFAULT NULL,
  `specimens_sent` longtext DEFAULT NULL,
  `created_by_id` bigint(20) UNSIGNED NOT NULL,
  `created_at` timestamp NULL DEFAULT NULL,
  `updated_at` timestamp NULL DEFAULT NULL,
  `deleted_at` timestamp NULL DEFAULT NULL
) ENGINE=InnoDB DEFAULT CHARSET=utf8mb4 COLLATE=utf8mb4_unicode_ci;

--
-- Dumping data for table `ot_post_operation_notes`
--

INSERT INTO `ot_post_operation_notes` (`id`, `ot_post_operation_id`, `pre_op_diagnosis`, `post_op_diagnosis`, `procedure_planned`, `procedure_performed`, `surgeon`, `anesthesiologist`, `asst_surgeon`, `staff_nurses`, `freop_antibiotic`, `blood_loss`, `blood_transfusion`, `incision`, `findings`, `procedure`, `closure`, `post_op_instruction`, `specimens_sent`, `created_by_id`, `created_at`, `updated_at`, `deleted_at`) VALUES
(1, 1, 'Pre OP Diagnosis tyest', 'Post OP Diagnosis test', 'Procedure Planned test', 'Procedure Performed test', 'Surgeon  testg', 'Anesthesiologist texst', 'Asst. Surgeon test', 'Staff Nurses test', 'Freop Antibiotic test', 'Blood Loss test', 'Blood Transfusion test', 'Incision  test ', 'Findings test ', 'Procedure tes ', 'Closure test', 'Post OP Instruction tset', 'Specimens Sent test', 1, '2025-05-26 06:25:01', '2025-05-26 08:41:09', NULL);

-- --------------------------------------------------------

--
-- Table structure for table `ot_post_operation_sample_collection_notes`
--

CREATE TABLE `ot_post_operation_sample_collection_notes` (
  `id` bigint(20) UNSIGNED NOT NULL,
  `ot_post_operation_id` bigint(20) UNSIGNED NOT NULL,
  `oper_notes` longtext DEFAULT NULL,
  `sample_collection` longtext DEFAULT NULL,
  `created_by_id` bigint(20) UNSIGNED NOT NULL,
  `created_at` timestamp NULL DEFAULT NULL,
  `updated_at` timestamp NULL DEFAULT NULL,
  `deleted_at` timestamp NULL DEFAULT NULL
) ENGINE=InnoDB DEFAULT CHARSET=utf8mb4 COLLATE=utf8mb4_unicode_ci;

--
-- Dumping data for table `ot_post_operation_sample_collection_notes`
--

INSERT INTO `ot_post_operation_sample_collection_notes` (`id`, `ot_post_operation_id`, `oper_notes`, `sample_collection`, `created_by_id`, `created_at`, `updated_at`, `deleted_at`) VALUES
(1, 1, 'Oper.Notes test', 'Samples Collection test', 1, '2025-05-26 06:25:01', '2025-05-26 08:41:09', NULL);

-- --------------------------------------------------------

--
-- Table structure for table `ot_post_operation_surgeon_notes`
--

CREATE TABLE `ot_post_operation_surgeon_notes` (
  `id` bigint(20) UNSIGNED NOT NULL,
  `ot_post_operation_id` bigint(20) UNSIGNED NOT NULL,
  `findings` longtext DEFAULT NULL,
  `surgeon_notes` longtext DEFAULT NULL,
  `created_by_id` bigint(20) UNSIGNED NOT NULL,
  `created_at` timestamp NULL DEFAULT NULL,
  `updated_at` timestamp NULL DEFAULT NULL,
  `deleted_at` timestamp NULL DEFAULT NULL
) ENGINE=InnoDB DEFAULT CHARSET=utf8mb4 COLLATE=utf8mb4_unicode_ci;

--
-- Dumping data for table `ot_post_operation_surgeon_notes`
--

INSERT INTO `ot_post_operation_surgeon_notes` (`id`, `ot_post_operation_id`, `findings`, `surgeon_notes`, `created_by_id`, `created_at`, `updated_at`, `deleted_at`) VALUES
(1, 1, 'Findings Notes test', 'Surgeon Notes test', 1, '2025-05-26 06:25:01', '2025-05-26 08:41:09', NULL);

-- --------------------------------------------------------

--
-- Table structure for table `ot_post_operation_unit_records`
--

CREATE TABLE `ot_post_operation_unit_records` (
  `id` bigint(20) UNSIGNED NOT NULL,
  `ot_post_operation_id` bigint(20) UNSIGNED NOT NULL,
  `pulse_rate_in` varchar(100) DEFAULT NULL,
  `pulse_rate_15` varchar(100) DEFAULT NULL,
  `pulse_rate_30` varchar(100) DEFAULT NULL,
  `pulse_rate_45` varchar(100) DEFAULT NULL,
  `pulse_rate_60` varchar(100) DEFAULT NULL,
  `pulse_rate_75` varchar(100) DEFAULT NULL,
  `pulse_rate_90` varchar(100) DEFAULT NULL,
  `pulse_rate_105` varchar(100) DEFAULT NULL,
  `pulse_rate_120` varchar(100) DEFAULT NULL,
  `bp_in` varchar(100) DEFAULT NULL,
  `bp_15` varchar(100) DEFAULT NULL,
  `bp_30` varchar(100) DEFAULT NULL,
  `bp_45` varchar(100) DEFAULT NULL,
  `bp_60` varchar(100) DEFAULT NULL,
  `bp_75` varchar(100) DEFAULT NULL,
  `bp_90` varchar(100) DEFAULT NULL,
  `bp_105` varchar(100) DEFAULT NULL,
  `bp_120` varchar(100) DEFAULT NULL,
  `rr_in` varchar(100) DEFAULT NULL,
  `rr_15` varchar(100) DEFAULT NULL,
  `rr_30` varchar(100) DEFAULT NULL,
  `rr_45` varchar(100) DEFAULT NULL,
  `rr_60` varchar(100) DEFAULT NULL,
  `rr_75` varchar(100) DEFAULT NULL,
  `rr_90` varchar(100) DEFAULT NULL,
  `rr_105` varchar(100) DEFAULT NULL,
  `rr_120` varchar(100) DEFAULT NULL,
  `spo2_in` varchar(100) DEFAULT NULL,
  `spo2_15` varchar(100) DEFAULT NULL,
  `spo2_30` varchar(100) DEFAULT NULL,
  `spo2_45` varchar(100) DEFAULT NULL,
  `spo2_60` varchar(100) DEFAULT NULL,
  `spo2_75` varchar(100) DEFAULT NULL,
  `spo2_90` varchar(100) DEFAULT NULL,
  `spo2_105` varchar(100) DEFAULT NULL,
  `spo2_120` varchar(100) DEFAULT NULL,
  `pain_score_in` varchar(100) DEFAULT NULL,
  `pain_score_15` varchar(100) DEFAULT NULL,
  `pain_score_30` varchar(100) DEFAULT NULL,
  `pain_score_45` varchar(100) DEFAULT NULL,
  `pain_score_60` varchar(100) DEFAULT NULL,
  `pain_score_75` varchar(100) DEFAULT NULL,
  `pain_score_90` varchar(100) DEFAULT NULL,
  `pain_score_105` varchar(100) DEFAULT NULL,
  `pain_score_120` varchar(100) DEFAULT NULL,
  `created_by_id` bigint(20) UNSIGNED NOT NULL,
  `created_at` timestamp NULL DEFAULT NULL,
  `updated_at` timestamp NULL DEFAULT NULL,
  `deleted_at` timestamp NULL DEFAULT NULL
) ENGINE=InnoDB DEFAULT CHARSET=utf8mb4 COLLATE=utf8mb4_unicode_ci;

--
-- Dumping data for table `ot_post_operation_unit_records`
--

INSERT INTO `ot_post_operation_unit_records` (`id`, `ot_post_operation_id`, `pulse_rate_in`, `pulse_rate_15`, `pulse_rate_30`, `pulse_rate_45`, `pulse_rate_60`, `pulse_rate_75`, `pulse_rate_90`, `pulse_rate_105`, `pulse_rate_120`, `bp_in`, `bp_15`, `bp_30`, `bp_45`, `bp_60`, `bp_75`, `bp_90`, `bp_105`, `bp_120`, `rr_in`, `rr_15`, `rr_30`, `rr_45`, `rr_60`, `rr_75`, `rr_90`, `rr_105`, `rr_120`, `spo2_in`, `spo2_15`, `spo2_30`, `spo2_45`, `spo2_60`, `spo2_75`, `spo2_90`, `spo2_105`, `spo2_120`, `pain_score_in`, `pain_score_15`, `pain_score_30`, `pain_score_45`, `pain_score_60`, `pain_score_75`, `pain_score_90`, `pain_score_105`, `pain_score_120`, `created_by_id`, `created_at`, `updated_at`, `deleted_at`) VALUES
(1, 1, 'Yes', '0', '20', '0', '0', '0', '0', '0', '0', 'Yes', '0', '0', '0', '0', '0', '0', '0', '0', 'No', '0', '0', '0', '0', '0', '0', '0', '0', 'No', '0', '0', '0', '0', '0', '0', '0', '0', 'Yes', '0', '0', '0', '0', '0', '0', '0', '0', 1, '2025-05-26 06:25:01', '2025-05-26 08:41:09', NULL);

-- --------------------------------------------------------

--
-- Table structure for table `ot_pre_bookings`
--

CREATE TABLE `ot_pre_bookings` (
  `id` bigint(20) UNSIGNED NOT NULL,
  `ipd_id` bigint(20) UNSIGNED DEFAULT NULL,
  `patient_id` bigint(20) UNSIGNED DEFAULT NULL,
  `code` varchar(100) NOT NULL,
  `doctor_id` bigint(20) UNSIGNED NOT NULL,
  `service_id` bigint(20) UNSIGNED NOT NULL,
  `surgery_type_id` bigint(20) UNSIGNED NOT NULL,
  `for_day_care` enum('0','1') NOT NULL DEFAULT '0',
  `type` varchar(150) DEFAULT NULL,
  `out_side_patient_id` bigint(20) UNSIGNED DEFAULT NULL,
  `booking_type` varchar(150) DEFAULT NULL,
  `surgery_date` timestamp NOT NULL DEFAULT current_timestamp() ON UPDATE current_timestamp(),
  `diagnosis` longtext DEFAULT NULL,
  `remarks` longtext DEFAULT NULL,
  `created_by_id` bigint(20) UNSIGNED NOT NULL,
  `created_at` timestamp NULL DEFAULT NULL,
  `updated_at` timestamp NULL DEFAULT NULL,
  `deleted_at` timestamp NULL DEFAULT NULL
) ENGINE=InnoDB DEFAULT CHARSET=utf8mb4 COLLATE=utf8mb4_unicode_ci;

--
-- Dumping data for table `ot_pre_bookings`
--

INSERT INTO `ot_pre_bookings` (`id`, `ipd_id`, `patient_id`, `code`, `doctor_id`, `service_id`, `surgery_type_id`, `for_day_care`, `type`, `out_side_patient_id`, `booking_type`, `surgery_date`, `diagnosis`, `remarks`, `created_by_id`, `created_at`, `updated_at`, `deleted_at`) VALUES
(1, 27, 96, 'OTPB1', 11, 10, 1, '0', 'in-patient', NULL, 'selective', '2025-05-24 05:34:00', 'Diagnosis', 'Remarks', 1, '2025-05-19 06:18:17', '2025-05-24 06:28:04', NULL),
(2, 26, 95, 'OTPB2', 1, 10, 2, '0', 'out-patient', NULL, 'selective', '2025-05-19 06:18:00', NULL, NULL, 1, '2025-05-19 06:18:36', '2025-05-19 06:18:36', NULL),
(3, NULL, NULL, 'OTPB3', 2, 12, 3, '0', 'outside-patient', 25, 'selective', '2025-05-19 06:19:00', NULL, NULL, 1, '2025-05-19 06:20:25', '2025-05-19 06:20:25', NULL),
(4, 27, 96, 'OTPB4', 1, 10, 1, '1', 'out-patient', NULL, 'selective', '2025-05-20 08:30:00', 'Diagnosis', 'Remarks', 1, '2025-05-19 09:00:30', '2025-05-24 06:27:54', NULL);

-- --------------------------------------------------------

--
-- Table structure for table `ot_pre_operations`
--

CREATE TABLE `ot_pre_operations` (
  `id` bigint(20) UNSIGNED NOT NULL,
  `ot_booking_id` bigint(20) UNSIGNED NOT NULL,
  `ipd_id` bigint(20) UNSIGNED NOT NULL,
  `patient_id` bigint(20) UNSIGNED NOT NULL,
  `code` varchar(100) NOT NULL,
  `type` varchar(150) DEFAULT NULL,
  `service_id` bigint(20) UNSIGNED NOT NULL,
  `surgery_type_id` bigint(20) UNSIGNED NOT NULL,
  `surgery_date` date NOT NULL,
  `duration` int(11) DEFAULT NULL,
  `from_time` time DEFAULT NULL,
  `to_time` time DEFAULT NULL,
  `ot_type_id` bigint(20) UNSIGNED NOT NULL,
  `ot_id` bigint(20) UNSIGNED NOT NULL,
  `ot_start_time` timestamp NULL DEFAULT NULL,
  `estimated_time` timestamp NULL DEFAULT NULL,
  `icd_code` varchar(50) DEFAULT NULL,
  `cpt_code` varchar(50) DEFAULT NULL,
  `op_diagnosis` longtext DEFAULT NULL,
  `op_procedure` longtext DEFAULT NULL,
  `created_by_id` bigint(20) UNSIGNED NOT NULL,
  `created_at` timestamp NULL DEFAULT NULL,
  `updated_at` timestamp NULL DEFAULT NULL,
  `deleted_at` timestamp NULL DEFAULT NULL
) ENGINE=InnoDB DEFAULT CHARSET=utf8mb4 COLLATE=utf8mb4_unicode_ci;

--
-- Dumping data for table `ot_pre_operations`
--

INSERT INTO `ot_pre_operations` (`id`, `ot_booking_id`, `ipd_id`, `patient_id`, `code`, `type`, `service_id`, `surgery_type_id`, `surgery_date`, `duration`, `from_time`, `to_time`, `ot_type_id`, `ot_id`, `ot_start_time`, `estimated_time`, `icd_code`, `cpt_code`, `op_diagnosis`, `op_procedure`, `created_by_id`, `created_at`, `updated_at`, `deleted_at`) VALUES
(1, 1, 27, 96, 'PRE1', 'unscheduled-patients', 10, 1, '2025-05-20', 30, '15:00:00', '15:30:00', 1, 1, '2025-05-20 09:30:00', '2025-05-20 10:00:00', 'icd', 'cpt', 'diagnosis', 'procedure', 1, '2025-05-22 09:22:49', '2025-05-26 09:34:46', NULL);

-- --------------------------------------------------------

--
-- Table structure for table `ot_pre_operation_anaesthesia_check_first_records`
--

CREATE TABLE `ot_pre_operation_anaesthesia_check_first_records` (
  `id` bigint(20) UNSIGNED NOT NULL,
  `ot_pre_operation_id` bigint(20) UNSIGNED NOT NULL,
  `date` timestamp NULL DEFAULT NULL,
  `height` varchar(50) DEFAULT NULL,
  `weight` varchar(50) DEFAULT NULL,
  `bmi` varchar(50) DEFAULT NULL,
  `community` text DEFAULT NULL,
  `anaesthesia` varchar(255) DEFAULT NULL,
  `dept` varchar(255) DEFAULT NULL,
  `sx_plan` varchar(255) DEFAULT NULL,
  `surgeon` varchar(255) DEFAULT NULL,
  `risk_factors` varchar(255) DEFAULT NULL,
  `allergy` varchar(255) DEFAULT NULL,
  `current_drug_r` longtext DEFAULT NULL,
  `sht` tinyint(4) NOT NULL DEFAULT 0,
  `cad` tinyint(4) NOT NULL DEFAULT 0,
  `post_cabg` tinyint(4) NOT NULL DEFAULT 0,
  `post_ptca` tinyint(4) NOT NULL DEFAULT 0,
  `post_dvt` tinyint(4) NOT NULL DEFAULT 0,
  `post_pre` tinyint(4) NOT NULL DEFAULT 0,
  `dm` tinyint(4) NOT NULL DEFAULT 0,
  `ba` tinyint(4) NOT NULL DEFAULT 0,
  `copd` tinyint(4) NOT NULL DEFAULT 0,
  `cva` tinyint(4) NOT NULL DEFAULT 0,
  `resp_infection` tinyint(4) NOT NULL DEFAULT 0,
  `smoker` tinyint(4) NOT NULL DEFAULT 0,
  `alcoholic` tinyint(4) NOT NULL DEFAULT 0,
  `anticoagulant` tinyint(4) NOT NULL DEFAULT 0,
  `osa` tinyint(4) NOT NULL DEFAULT 0,
  `hyper_thyroid` tinyint(4) NOT NULL DEFAULT 0,
  `hypothroid` tinyint(4) NOT NULL DEFAULT 0,
  `obesity` tinyint(4) NOT NULL DEFAULT 0,
  `fits` tinyint(4) NOT NULL DEFAULT 0,
  `antiplatlet` tinyint(4) NOT NULL DEFAULT 0,
  `chronic_pain` tinyint(4) NOT NULL DEFAULT 0,
  `long_term_steroid` tinyint(4) NOT NULL DEFAULT 0,
  `antiepileptic` tinyint(4) NOT NULL DEFAULT 0,
  `ho_eventful_preoperative_period` tinyint(4) NOT NULL DEFAULT 0,
  `ho_previous_sx` tinyint(4) NOT NULL DEFAULT 0,
  `ho_eventful_anaesthesia` tinyint(4) NOT NULL DEFAULT 0,
  `cough` tinyint(4) NOT NULL DEFAULT 0,
  `wheezing` tinyint(4) NOT NULL DEFAULT 0,
  `sputum` tinyint(4) NOT NULL DEFAULT 0,
  `recent_lri_uri` tinyint(4) NOT NULL DEFAULT 0,
  `anaemia` tinyint(4) NOT NULL DEFAULT 0,
  `jaundice` tinyint(4) NOT NULL DEFAULT 0,
  `cyanosis` tinyint(4) NOT NULL DEFAULT 0,
  `clubbing` tinyint(4) NOT NULL DEFAULT 0,
  `pedal_edema` tinyint(4) NOT NULL DEFAULT 0,
  `airway_spine` text DEFAULT NULL,
  `ltd_mo` tinyint(4) NOT NULL DEFAULT 0,
  `bucked_tooth` tinyint(4) NOT NULL DEFAULT 0,
  `loose_tooth` tinyint(4) NOT NULL DEFAULT 0,
  `denture` tinyint(4) NOT NULL DEFAULT 0,
  `short_neck` tinyint(4) NOT NULL DEFAULT 0,
  `receding_mandible` tinyint(4) NOT NULL DEFAULT 0,
  `rnm` tinyint(4) NOT NULL DEFAULT 0,
  `hyphosis` tinyint(4) NOT NULL DEFAULT 0,
  `adentulous` tinyint(4) NOT NULL DEFAULT 0,
  `scoliosis` tinyint(4) NOT NULL DEFAULT 0,
  `lordosis` tinyint(4) NOT NULL DEFAULT 0,
  `others` text DEFAULT NULL,
  `created_by_id` bigint(20) UNSIGNED NOT NULL,
  `created_at` timestamp NULL DEFAULT NULL,
  `updated_at` timestamp NULL DEFAULT NULL,
  `deleted_at` timestamp NULL DEFAULT NULL
) ENGINE=InnoDB DEFAULT CHARSET=utf8mb4 COLLATE=utf8mb4_unicode_ci;

--
-- Dumping data for table `ot_pre_operation_anaesthesia_check_first_records`
--

INSERT INTO `ot_pre_operation_anaesthesia_check_first_records` (`id`, `ot_pre_operation_id`, `date`, `height`, `weight`, `bmi`, `community`, `anaesthesia`, `dept`, `sx_plan`, `surgeon`, `risk_factors`, `allergy`, `current_drug_r`, `sht`, `cad`, `post_cabg`, `post_ptca`, `post_dvt`, `post_pre`, `dm`, `ba`, `copd`, `cva`, `resp_infection`, `smoker`, `alcoholic`, `anticoagulant`, `osa`, `hyper_thyroid`, `hypothroid`, `obesity`, `fits`, `antiplatlet`, `chronic_pain`, `long_term_steroid`, `antiepileptic`, `ho_eventful_preoperative_period`, `ho_previous_sx`, `ho_eventful_anaesthesia`, `cough`, `wheezing`, `sputum`, `recent_lri_uri`, `anaemia`, `jaundice`, `cyanosis`, `clubbing`, `pedal_edema`, `airway_spine`, `ltd_mo`, `bucked_tooth`, `loose_tooth`, `denture`, `short_neck`, `receding_mandible`, `rnm`, `hyphosis`, `adentulous`, `scoliosis`, `lordosis`, `others`, `created_by_id`, `created_at`, `updated_at`, `deleted_at`) VALUES
(1, 1, '2025-05-22 09:22:00', NULL, NULL, NULL, NULL, NULL, NULL, NULL, NULL, NULL, NULL, NULL, 0, 0, 0, 0, 0, 0, 0, 0, 0, 0, 0, 0, 0, 0, 0, 0, 0, 0, 0, 0, 0, 0, 0, 0, 0, 0, 0, 0, 0, 0, 0, 0, 0, 0, 0, '', 0, 0, 0, 0, 0, 0, 0, 0, 0, 0, 0, '', 1, '2025-05-22 09:22:49', '2025-05-26 09:34:46', NULL);

-- --------------------------------------------------------

--
-- Table structure for table `ot_pre_operation_anaesthesia_check_second_records`
--

CREATE TABLE `ot_pre_operation_anaesthesia_check_second_records` (
  `id` bigint(20) UNSIGNED NOT NULL,
  `ot_pre_operation_id` bigint(20) UNSIGNED NOT NULL,
  `supine` varchar(100) DEFAULT NULL,
  `supine_bp` varchar(100) DEFAULT NULL,
  `supine_spo2` varchar(100) DEFAULT NULL,
  `erect` varchar(100) DEFAULT NULL,
  `erect_bp` varchar(100) DEFAULT NULL,
  `cvs` varchar(100) DEFAULT NULL,
  `rs` varchar(100) DEFAULT NULL,
  `pa` varchar(100) DEFAULT NULL,
  `hb` varchar(100) DEFAULT NULL,
  `tc` varchar(100) DEFAULT NULL,
  `dc` varchar(100) DEFAULT NULL,
  `esr` varchar(100) DEFAULT NULL,
  `rbs` varchar(100) DEFAULT NULL,
  `platlet` varchar(100) DEFAULT NULL,
  `bt` varchar(100) DEFAULT NULL,
  `pt` varchar(100) DEFAULT NULL,
  `inr` varchar(100) DEFAULT NULL,
  `aptt` varchar(100) DEFAULT NULL,
  `lft` varchar(100) DEFAULT NULL,
  `bi_urea` varchar(100) DEFAULT NULL,
  `sr_creat` varchar(100) DEFAULT NULL,
  `ct` varchar(100) DEFAULT NULL,
  `hiv` varchar(100) DEFAULT NULL,
  `hbsag` varchar(100) DEFAULT NULL,
  `hcv` varchar(100) DEFAULT NULL,
  `s_electrolytes` varchar(100) DEFAULT NULL,
  `blood_gr_rh_typing` varchar(100) DEFAULT NULL,
  `ecg` varchar(100) DEFAULT NULL,
  `echo` varchar(100) DEFAULT NULL,
  `tft` varchar(100) DEFAULT NULL,
  `pft` varchar(100) DEFAULT NULL,
  `tmt` varchar(100) DEFAULT NULL,
  `abg` varchar(100) DEFAULT NULL,
  `chest_xray` varchar(100) DEFAULT NULL,
  `bill_venous_dopper_abg_for_both_ll` varchar(100) DEFAULT NULL,
  `specialist_opinion_before_surgery` text DEFAULT NULL,
  `any_further_investigation_required_before_surgery` text DEFAULT NULL,
  `blood_reserve` varchar(100) DEFAULT NULL,
  `remarks` longtext DEFAULT NULL,
  `npo_for` text DEFAULT NULL,
  `pre_medication` text DEFAULT NULL,
  `created_by_id` bigint(20) UNSIGNED NOT NULL,
  `created_at` timestamp NULL DEFAULT NULL,
  `updated_at` timestamp NULL DEFAULT NULL,
  `deleted_at` timestamp NULL DEFAULT NULL
) ENGINE=InnoDB DEFAULT CHARSET=utf8mb4 COLLATE=utf8mb4_unicode_ci;

--
-- Dumping data for table `ot_pre_operation_anaesthesia_check_second_records`
--

INSERT INTO `ot_pre_operation_anaesthesia_check_second_records` (`id`, `ot_pre_operation_id`, `supine`, `supine_bp`, `supine_spo2`, `erect`, `erect_bp`, `cvs`, `rs`, `pa`, `hb`, `tc`, `dc`, `esr`, `rbs`, `platlet`, `bt`, `pt`, `inr`, `aptt`, `lft`, `bi_urea`, `sr_creat`, `ct`, `hiv`, `hbsag`, `hcv`, `s_electrolytes`, `blood_gr_rh_typing`, `ecg`, `echo`, `tft`, `pft`, `tmt`, `abg`, `chest_xray`, `bill_venous_dopper_abg_for_both_ll`, `specialist_opinion_before_surgery`, `any_further_investigation_required_before_surgery`, `blood_reserve`, `remarks`, `npo_for`, `pre_medication`, `created_by_id`, `created_at`, `updated_at`, `deleted_at`) VALUES
(1, 1, NULL, NULL, NULL, NULL, NULL, NULL, NULL, NULL, NULL, NULL, NULL, NULL, NULL, NULL, NULL, NULL, NULL, NULL, NULL, NULL, NULL, NULL, NULL, NULL, NULL, NULL, NULL, NULL, NULL, NULL, NULL, NULL, NULL, NULL, NULL, NULL, NULL, NULL, NULL, NULL, NULL, 1, '2025-05-22 09:22:49', '2025-05-26 09:34:46', NULL);

-- --------------------------------------------------------

--
-- Table structure for table `ot_pre_operation_attendants`
--

CREATE TABLE `ot_pre_operation_attendants` (
  `id` bigint(20) UNSIGNED NOT NULL,
  `name` varchar(100) NOT NULL,
  `attendant_type` varchar(255) NOT NULL,
  `attendant_id` bigint(20) UNSIGNED NOT NULL,
  `ot_pre_operation_id` bigint(20) UNSIGNED NOT NULL,
  `created_at` timestamp NULL DEFAULT NULL,
  `updated_at` timestamp NULL DEFAULT NULL,
  `deleted_at` timestamp NULL DEFAULT NULL
) ENGINE=InnoDB DEFAULT CHARSET=utf8mb4 COLLATE=utf8mb4_unicode_ci;

--
-- Dumping data for table `ot_pre_operation_attendants`
--

INSERT INTO `ot_pre_operation_attendants` (`id`, `name`, `attendant_type`, `attendant_id`, `ot_pre_operation_id`, `created_at`, `updated_at`, `deleted_at`) VALUES
(1, 'Doctor', '\\App\\Models\\Doctor', 9, 1, '2025-05-22 09:22:49', '2025-05-26 09:34:46', '2025-05-26 09:34:46'),
(2, 'Doctor', '\\App\\Models\\Doctor', 10, 1, '2025-05-22 09:22:49', '2025-05-26 09:34:46', '2025-05-26 09:34:46'),
(3, 'Doctor', '\\App\\Models\\Doctor', 9, 1, '2025-05-26 09:34:46', '2025-05-26 09:34:46', NULL),
(4, 'Doctor', '\\App\\Models\\Doctor', 10, 1, '2025-05-26 09:34:46', '2025-05-26 09:34:46', NULL);

-- --------------------------------------------------------

--
-- Table structure for table `ot_pre_operation_check_lists`
--

CREATE TABLE `ot_pre_operation_check_lists` (
  `id` bigint(20) UNSIGNED NOT NULL,
  `ot_pre_operation_id` bigint(20) UNSIGNED NOT NULL,
  `ipd_id` bigint(20) UNSIGNED NOT NULL,
  `patient_id` bigint(20) UNSIGNED NOT NULL,
  `code` varchar(100) NOT NULL,
  `service_id` bigint(20) UNSIGNED NOT NULL,
  `surgery_date` date NOT NULL,
  `bloodgroup_id` bigint(20) UNSIGNED NOT NULL,
  `weight` varchar(50) DEFAULT NULL,
  `height` varchar(50) DEFAULT NULL,
  `last_food_date` timestamp NULL DEFAULT NULL,
  `last_fluid_date` timestamp NULL DEFAULT NULL,
  `escort_nurse` varchar(150) DEFAULT NULL,
  `theater_nurse` varchar(150) DEFAULT NULL,
  `created_by_id` bigint(20) UNSIGNED NOT NULL,
  `created_at` timestamp NULL DEFAULT NULL,
  `updated_at` timestamp NULL DEFAULT NULL,
  `deleted_at` timestamp NULL DEFAULT NULL
) ENGINE=InnoDB DEFAULT CHARSET=utf8mb4 COLLATE=utf8mb4_unicode_ci;

--
-- Dumping data for table `ot_pre_operation_check_lists`
--

INSERT INTO `ot_pre_operation_check_lists` (`id`, `ot_pre_operation_id`, `ipd_id`, `patient_id`, `code`, `service_id`, `surgery_date`, `bloodgroup_id`, `weight`, `height`, `last_food_date`, `last_fluid_date`, `escort_nurse`, `theater_nurse`, `created_by_id`, `created_at`, `updated_at`, `deleted_at`) VALUES
(1, 1, 27, 96, 'CLN1', 10, '2025-05-20', 3, '58', '168', '2025-05-22 10:02:00', '2025-05-22 10:02:00', 'Test', 'Test', 1, '2025-05-22 10:03:37', '2025-05-26 06:02:20', NULL);

-- --------------------------------------------------------

--
-- Table structure for table `ot_pre_operation_patient_check_lists`
--

CREATE TABLE `ot_pre_operation_patient_check_lists` (
  `id` bigint(20) UNSIGNED NOT NULL,
  `ot_pre_operation_check_list_id` bigint(20) UNSIGNED NOT NULL,
  `name_and_hospital_number_on_wrist_band` tinyint(1) NOT NULL DEFAULT 0,
  `surgery_consent_form_completed_and_signed_by_patient_and_wintess` tinyint(1) NOT NULL DEFAULT 0,
  `pre_medication_given_as_ordered_and_time_given` tinyint(1) NOT NULL DEFAULT 0,
  `correct_area_shaved_and_prepared` tinyint(1) NOT NULL DEFAULT 0,
  `weight_trp_bp_recorded_and_allergies_listed` tinyint(1) NOT NULL DEFAULT 0,
  `dentures_removed_or_accompanying_the_patient` tinyint(1) NOT NULL DEFAULT 0,
  `xrays_ct_scan_and_mri_films_other_report` tinyint(1) NOT NULL DEFAULT 0,
  `total_no_of_films_sent_to_ot` tinyint(1) NOT NULL DEFAULT 0,
  `x_rays` varchar(100) DEFAULT NULL,
  `ct` varchar(100) DEFAULT NULL,
  `mri` varchar(100) DEFAULT NULL,
  `bath_given` tinyint(1) NOT NULL DEFAULT 0,
  `nail_polish_removed` tinyint(1) NOT NULL DEFAULT 0,
  `hair_clips_removed` tinyint(1) NOT NULL DEFAULT 0,
  `jewellery_removed` tinyint(1) NOT NULL DEFAULT 0,
  `contact_lens_removed` tinyint(1) NOT NULL DEFAULT 0,
  `hearing_aid_must_goto_theatre` tinyint(1) NOT NULL DEFAULT 0,
  `rings_nose_and_ear_studs_taped` tinyint(1) NOT NULL DEFAULT 0,
  `false_eye_mention_which_side` tinyint(1) NOT NULL DEFAULT 0,
  `eye_mention_side` varchar(100) DEFAULT NULL,
  `is_old_notes` tinyint(1) NOT NULL DEFAULT 0,
  `old_notes` text DEFAULT NULL,
  `is_other_prostheses_specify_if_any` tinyint(1) NOT NULL DEFAULT 0,
  `other_prostheses_specify_if_any` text DEFAULT NULL,
  `is_urine_passed_time_and_volume` tinyint(1) NOT NULL DEFAULT 0,
  `urine_passed_time` timestamp NULL DEFAULT NULL,
  `urine_passed_volume` varchar(100) DEFAULT NULL,
  `created_by_id` bigint(20) UNSIGNED NOT NULL,
  `created_at` timestamp NULL DEFAULT NULL,
  `updated_at` timestamp NULL DEFAULT NULL,
  `deleted_at` timestamp NULL DEFAULT NULL
) ENGINE=InnoDB DEFAULT CHARSET=utf8mb4 COLLATE=utf8mb4_unicode_ci;

--
-- Dumping data for table `ot_pre_operation_patient_check_lists`
--

INSERT INTO `ot_pre_operation_patient_check_lists` (`id`, `ot_pre_operation_check_list_id`, `name_and_hospital_number_on_wrist_band`, `surgery_consent_form_completed_and_signed_by_patient_and_wintess`, `pre_medication_given_as_ordered_and_time_given`, `correct_area_shaved_and_prepared`, `weight_trp_bp_recorded_and_allergies_listed`, `dentures_removed_or_accompanying_the_patient`, `xrays_ct_scan_and_mri_films_other_report`, `total_no_of_films_sent_to_ot`, `x_rays`, `ct`, `mri`, `bath_given`, `nail_polish_removed`, `hair_clips_removed`, `jewellery_removed`, `contact_lens_removed`, `hearing_aid_must_goto_theatre`, `rings_nose_and_ear_studs_taped`, `false_eye_mention_which_side`, `eye_mention_side`, `is_old_notes`, `old_notes`, `is_other_prostheses_specify_if_any`, `other_prostheses_specify_if_any`, `is_urine_passed_time_and_volume`, `urine_passed_time`, `urine_passed_volume`, `created_by_id`, `created_at`, `updated_at`, `deleted_at`) VALUES
(1, 1, 1, 1, 1, 1, 1, 1, 1, 1, 'Yes', 'No', 'Yes', 1, 1, 1, 1, 1, 1, 1, 1, 'Right', 1, 'Test Notes', 1, 'Test Other', 1, '2025-05-22 10:03:00', '200', 1, '2025-05-22 10:03:37', '2025-05-26 06:02:20', NULL);

-- --------------------------------------------------------

--
-- Table structure for table `ot_schedules`
--

CREATE TABLE `ot_schedules` (
  `id` bigint(20) UNSIGNED NOT NULL,
  `ot_id` bigint(20) UNSIGNED NOT NULL,
  `schedule_date` date NOT NULL,
  `schedule_time` time NOT NULL,
  `status` varchar(255) NOT NULL DEFAULT 'Available',
  `created_at` timestamp NULL DEFAULT NULL,
  `updated_at` timestamp NULL DEFAULT NULL,
  `deleted_at` timestamp NULL DEFAULT NULL
) ENGINE=InnoDB DEFAULT CHARSET=utf8mb4 COLLATE=utf8mb4_unicode_ci;

--
-- Dumping data for table `ot_schedules`
--

INSERT INTO `ot_schedules` (`id`, `ot_id`, `schedule_date`, `schedule_time`, `status`, `created_at`, `updated_at`, `deleted_at`) VALUES
(1, 1, '2025-05-20', '00:00:00', 'available', '2025-05-19 08:59:31', '2025-05-19 08:59:31', NULL),
(2, 2, '2025-05-20', '00:00:00', 'available', '2025-05-19 08:59:31', '2025-05-19 08:59:31', NULL),
(3, 3, '2025-05-20', '00:00:00', 'available', '2025-05-19 08:59:31', '2025-05-19 08:59:31', NULL),
(4, 1, '2025-05-20', '00:30:00', 'available', '2025-05-19 08:59:31', '2025-05-19 08:59:31', NULL),
(5, 2, '2025-05-20', '00:30:00', 'available', '2025-05-19 08:59:31', '2025-05-19 08:59:31', NULL),
(6, 3, '2025-05-20', '00:30:00', 'available', '2025-05-19 08:59:31', '2025-05-19 08:59:31', NULL),
(7, 1, '2025-05-20', '01:00:00', 'available', '2025-05-19 08:59:31', '2025-05-19 08:59:31', NULL),
(8, 2, '2025-05-20', '01:00:00', 'available', '2025-05-19 08:59:31', '2025-05-19 08:59:31', NULL),
(9, 3, '2025-05-20', '01:00:00', 'available', '2025-05-19 08:59:31', '2025-05-19 08:59:31', NULL),
(10, 1, '2025-05-20', '01:30:00', 'available', '2025-05-19 08:59:31', '2025-05-19 08:59:31', NULL),
(11, 2, '2025-05-20', '01:30:00', 'available', '2025-05-19 08:59:31', '2025-05-19 08:59:31', NULL),
(12, 3, '2025-05-20', '01:30:00', 'available', '2025-05-19 08:59:31', '2025-05-19 08:59:31', NULL),
(13, 1, '2025-05-20', '02:00:00', 'available', '2025-05-19 08:59:31', '2025-05-19 08:59:31', NULL),
(14, 2, '2025-05-20', '02:00:00', 'available', '2025-05-19 08:59:31', '2025-05-19 08:59:31', NULL),
(15, 3, '2025-05-20', '02:00:00', 'available', '2025-05-19 08:59:31', '2025-05-19 08:59:31', NULL),
(16, 1, '2025-05-20', '02:30:00', 'available', '2025-05-19 08:59:31', '2025-05-19 08:59:31', NULL),
(17, 2, '2025-05-20', '02:30:00', 'available', '2025-05-19 08:59:31', '2025-05-19 08:59:31', NULL),
(18, 3, '2025-05-20', '02:30:00', 'available', '2025-05-19 08:59:31', '2025-05-19 08:59:31', NULL),
(19, 1, '2025-05-20', '03:00:00', 'available', '2025-05-19 08:59:31', '2025-05-19 08:59:31', NULL),
(20, 2, '2025-05-20', '03:00:00', 'available', '2025-05-19 08:59:32', '2025-05-19 08:59:32', NULL),
(21, 3, '2025-05-20', '03:00:00', 'available', '2025-05-19 08:59:32', '2025-05-19 08:59:32', NULL),
(22, 1, '2025-05-20', '03:30:00', 'available', '2025-05-19 08:59:32', '2025-05-19 08:59:32', NULL),
(23, 2, '2025-05-20', '03:30:00', 'available', '2025-05-19 08:59:32', '2025-05-19 08:59:32', NULL),
(24, 3, '2025-05-20', '03:30:00', 'available', '2025-05-19 08:59:32', '2025-05-19 08:59:32', NULL),
(25, 1, '2025-05-20', '04:00:00', 'available', '2025-05-19 08:59:32', '2025-05-19 08:59:32', NULL),
(26, 2, '2025-05-20', '04:00:00', 'available', '2025-05-19 08:59:32', '2025-05-19 08:59:32', NULL),
(27, 3, '2025-05-20', '04:00:00', 'available', '2025-05-19 08:59:32', '2025-05-19 08:59:32', NULL),
(28, 1, '2025-05-20', '04:30:00', 'available', '2025-05-19 08:59:32', '2025-05-19 08:59:32', NULL),
(29, 2, '2025-05-20', '04:30:00', 'available', '2025-05-19 08:59:32', '2025-05-19 08:59:32', NULL),
(30, 3, '2025-05-20', '04:30:00', 'available', '2025-05-19 08:59:32', '2025-05-19 08:59:32', NULL),
(31, 1, '2025-05-20', '05:00:00', 'available', '2025-05-19 08:59:32', '2025-05-19 08:59:32', NULL),
(32, 2, '2025-05-20', '05:00:00', 'available', '2025-05-19 08:59:32', '2025-05-19 08:59:32', NULL),
(33, 3, '2025-05-20', '05:00:00', 'available', '2025-05-19 08:59:32', '2025-05-19 08:59:32', NULL),
(34, 1, '2025-05-20', '05:30:00', 'available', '2025-05-19 08:59:32', '2025-05-19 08:59:32', NULL),
(35, 2, '2025-05-20', '05:30:00', 'available', '2025-05-19 08:59:32', '2025-05-19 08:59:32', NULL),
(36, 3, '2025-05-20', '05:30:00', 'available', '2025-05-19 08:59:32', '2025-05-19 08:59:32', NULL),
(37, 1, '2025-05-20', '06:00:00', 'available', '2025-05-19 08:59:32', '2025-05-19 08:59:32', NULL),
(38, 2, '2025-05-20', '06:00:00', 'available', '2025-05-19 08:59:32', '2025-05-19 08:59:32', NULL),
(39, 3, '2025-05-20', '06:00:00', 'available', '2025-05-19 08:59:32', '2025-05-19 08:59:32', NULL),
(40, 1, '2025-05-20', '06:30:00', 'available', '2025-05-19 08:59:32', '2025-05-19 08:59:32', NULL),
(41, 2, '2025-05-20', '06:30:00', 'available', '2025-05-19 08:59:32', '2025-05-19 08:59:32', NULL),
(42, 3, '2025-05-20', '06:30:00', 'available', '2025-05-19 08:59:32', '2025-05-19 08:59:32', NULL),
(43, 1, '2025-05-20', '07:00:00', 'available', '2025-05-19 08:59:32', '2025-05-19 08:59:32', NULL),
(44, 2, '2025-05-20', '07:00:00', 'available', '2025-05-19 08:59:32', '2025-05-19 08:59:32', NULL),
(45, 3, '2025-05-20', '07:00:00', 'available', '2025-05-19 08:59:32', '2025-05-19 08:59:32', NULL),
(46, 1, '2025-05-20', '07:30:00', 'available', '2025-05-19 08:59:32', '2025-05-19 08:59:32', NULL),
(47, 2, '2025-05-20', '07:30:00', 'available', '2025-05-19 08:59:32', '2025-05-19 08:59:32', NULL),
(48, 3, '2025-05-20', '07:30:00', 'available', '2025-05-19 08:59:32', '2025-05-19 08:59:32', NULL),
(49, 1, '2025-05-20', '08:00:00', 'available', '2025-05-19 08:59:32', '2025-05-19 08:59:32', NULL),
(50, 2, '2025-05-20', '08:00:00', 'available', '2025-05-19 08:59:32', '2025-05-19 08:59:32', NULL),
(51, 3, '2025-05-20', '08:00:00', 'available', '2025-05-19 08:59:32', '2025-05-19 08:59:32', NULL),
(52, 1, '2025-05-20', '08:30:00', 'available', '2025-05-19 08:59:32', '2025-05-19 08:59:32', NULL),
(53, 2, '2025-05-20', '08:30:00', 'available', '2025-05-19 08:59:32', '2025-05-19 08:59:32', NULL),
(54, 3, '2025-05-20', '08:30:00', 'available', '2025-05-19 08:59:32', '2025-05-19 08:59:32', NULL),
(55, 1, '2025-05-20', '09:00:00', 'available', '2025-05-19 08:59:32', '2025-05-19 08:59:32', NULL),
(56, 2, '2025-05-20', '09:00:00', 'available', '2025-05-19 08:59:32', '2025-05-19 08:59:32', NULL),
(57, 3, '2025-05-20', '09:00:00', 'available', '2025-05-19 08:59:32', '2025-05-19 08:59:32', NULL),
(58, 1, '2025-05-20', '09:30:00', 'available', '2025-05-19 08:59:32', '2025-05-19 08:59:32', NULL),
(59, 2, '2025-05-20', '09:30:00', 'available', '2025-05-19 08:59:32', '2025-05-19 08:59:32', NULL),
(60, 3, '2025-05-20', '09:30:00', 'available', '2025-05-19 08:59:32', '2025-05-19 08:59:32', NULL),
(61, 1, '2025-05-20', '10:00:00', 'available', '2025-05-19 08:59:32', '2025-05-19 08:59:32', NULL),
(62, 2, '2025-05-20', '10:00:00', 'available', '2025-05-19 08:59:32', '2025-05-19 08:59:32', NULL),
(63, 3, '2025-05-20', '10:00:00', 'available', '2025-05-19 08:59:32', '2025-05-19 08:59:32', NULL),
(64, 1, '2025-05-20', '10:30:00', 'available', '2025-05-19 08:59:32', '2025-05-19 08:59:32', NULL),
(65, 2, '2025-05-20', '10:30:00', 'available', '2025-05-19 08:59:32', '2025-05-19 08:59:32', NULL),
(66, 3, '2025-05-20', '10:30:00', 'available', '2025-05-19 08:59:32', '2025-05-19 08:59:32', NULL),
(67, 1, '2025-05-20', '11:00:00', 'available', '2025-05-19 08:59:32', '2025-05-19 08:59:32', NULL),
(68, 2, '2025-05-20', '11:00:00', 'available', '2025-05-19 08:59:32', '2025-05-19 08:59:32', NULL),
(69, 3, '2025-05-20', '11:00:00', 'available', '2025-05-19 08:59:32', '2025-05-19 08:59:32', NULL),
(70, 1, '2025-05-20', '11:30:00', 'available', '2025-05-19 08:59:32', '2025-05-19 08:59:32', NULL),
(71, 2, '2025-05-20', '11:30:00', 'available', '2025-05-19 08:59:32', '2025-05-19 08:59:32', NULL),
(72, 3, '2025-05-20', '11:30:00', 'available', '2025-05-19 08:59:32', '2025-05-19 08:59:32', NULL),
(73, 1, '2025-05-20', '12:00:00', 'available', '2025-05-19 08:59:32', '2025-05-19 08:59:32', NULL),
(74, 2, '2025-05-20', '12:00:00', 'available', '2025-05-19 08:59:32', '2025-05-19 08:59:32', NULL),
(75, 3, '2025-05-20', '12:00:00', 'available', '2025-05-19 08:59:32', '2025-05-19 08:59:32', NULL),
(76, 1, '2025-05-20', '12:30:00', 'available', '2025-05-19 08:59:32', '2025-05-19 08:59:32', NULL),
(77, 2, '2025-05-20', '12:30:00', 'available', '2025-05-19 08:59:32', '2025-05-19 08:59:32', NULL),
(78, 3, '2025-05-20', '12:30:00', 'available', '2025-05-19 08:59:32', '2025-05-19 08:59:32', NULL),
(79, 1, '2025-05-20', '13:00:00', 'available', '2025-05-19 08:59:32', '2025-05-19 08:59:32', NULL),
(80, 2, '2025-05-20', '13:00:00', 'available', '2025-05-19 08:59:32', '2025-05-19 08:59:32', NULL),
(81, 3, '2025-05-20', '13:00:00', 'available', '2025-05-19 08:59:32', '2025-05-19 08:59:32', NULL),
(82, 1, '2025-05-20', '13:30:00', 'available', '2025-05-19 08:59:32', '2025-05-19 08:59:32', NULL),
(83, 2, '2025-05-20', '13:30:00', 'available', '2025-05-19 08:59:32', '2025-05-19 08:59:32', NULL),
(84, 3, '2025-05-20', '13:30:00', 'available', '2025-05-19 08:59:32', '2025-05-19 08:59:32', NULL),
(85, 1, '2025-05-20', '14:00:00', 'not-available', '2025-05-19 08:59:32', '2025-05-19 08:59:32', NULL),
(86, 2, '2025-05-20', '14:00:00', 'available', '2025-05-19 08:59:32', '2025-05-19 08:59:32', NULL),
(87, 3, '2025-05-20', '14:00:00', 'available', '2025-05-19 08:59:32', '2025-05-19 08:59:32', NULL),
(88, 1, '2025-05-20', '14:30:00', 'available', '2025-05-19 08:59:32', '2025-05-19 08:59:32', NULL),
(89, 2, '2025-05-20', '14:30:00', 'available', '2025-05-19 08:59:32', '2025-05-19 08:59:32', NULL),
(90, 3, '2025-05-20', '14:30:00', 'available', '2025-05-19 08:59:32', '2025-05-19 08:59:32', NULL),
(91, 1, '2025-05-20', '15:00:00', 'available', '2025-05-19 08:59:32', '2025-05-19 08:59:32', NULL),
(92, 2, '2025-05-20', '15:00:00', 'available', '2025-05-19 08:59:32', '2025-05-19 08:59:32', NULL),
(93, 3, '2025-05-20', '15:00:00', 'available', '2025-05-19 08:59:32', '2025-05-19 08:59:32', NULL),
(94, 1, '2025-05-20', '15:30:00', 'available', '2025-05-19 08:59:32', '2025-05-19 08:59:32', NULL),
(95, 2, '2025-05-20', '15:30:00', 'available', '2025-05-19 08:59:32', '2025-05-19 08:59:32', NULL),
(96, 3, '2025-05-20', '15:30:00', 'available', '2025-05-19 08:59:32', '2025-05-19 08:59:32', NULL),
(97, 1, '2025-05-20', '16:00:00', 'available', '2025-05-19 08:59:32', '2025-05-19 08:59:32', NULL),
(98, 2, '2025-05-20', '16:00:00', 'available', '2025-05-19 08:59:32', '2025-05-19 08:59:32', NULL),
(99, 3, '2025-05-20', '16:00:00', 'available', '2025-05-19 08:59:32', '2025-05-19 08:59:32', NULL),
(100, 1, '2025-05-20', '16:30:00', 'available', '2025-05-19 08:59:32', '2025-05-19 08:59:32', NULL),
(101, 2, '2025-05-20', '16:30:00', 'available', '2025-05-19 08:59:32', '2025-05-19 08:59:32', NULL),
(102, 3, '2025-05-20', '16:30:00', 'available', '2025-05-19 08:59:32', '2025-05-19 08:59:32', NULL),
(103, 1, '2025-05-20', '17:00:00', 'available', '2025-05-19 08:59:32', '2025-05-19 08:59:32', NULL),
(104, 2, '2025-05-20', '17:00:00', 'available', '2025-05-19 08:59:32', '2025-05-19 08:59:32', NULL),
(105, 3, '2025-05-20', '17:00:00', 'available', '2025-05-19 08:59:32', '2025-05-19 08:59:32', NULL),
(106, 1, '2025-05-20', '17:30:00', 'available', '2025-05-19 08:59:32', '2025-05-19 08:59:32', NULL),
(107, 2, '2025-05-20', '17:30:00', 'available', '2025-05-19 08:59:32', '2025-05-19 08:59:32', NULL),
(108, 3, '2025-05-20', '17:30:00', 'available', '2025-05-19 08:59:32', '2025-05-19 08:59:32', NULL),
(109, 1, '2025-05-20', '18:00:00', 'available', '2025-05-19 08:59:32', '2025-05-19 08:59:32', NULL),
(110, 2, '2025-05-20', '18:00:00', 'available', '2025-05-19 08:59:32', '2025-05-19 08:59:32', NULL),
(111, 3, '2025-05-20', '18:00:00', 'available', '2025-05-19 08:59:32', '2025-05-19 08:59:32', NULL),
(112, 1, '2025-05-20', '18:30:00', 'available', '2025-05-19 08:59:32', '2025-05-19 08:59:32', NULL),
(113, 2, '2025-05-20', '18:30:00', 'available', '2025-05-19 08:59:32', '2025-05-19 08:59:32', NULL),
(114, 3, '2025-05-20', '18:30:00', 'available', '2025-05-19 08:59:32', '2025-05-19 08:59:32', NULL),
(115, 1, '2025-05-20', '19:00:00', 'available', '2025-05-19 08:59:32', '2025-05-19 08:59:32', NULL),
(116, 2, '2025-05-20', '19:00:00', 'available', '2025-05-19 08:59:32', '2025-05-19 08:59:32', NULL),
(117, 3, '2025-05-20', '19:00:00', 'available', '2025-05-19 08:59:32', '2025-05-19 08:59:32', NULL),
(118, 1, '2025-05-20', '19:30:00', 'available', '2025-05-19 08:59:32', '2025-05-19 08:59:32', NULL),
(119, 2, '2025-05-20', '19:30:00', 'available', '2025-05-19 08:59:32', '2025-05-19 08:59:32', NULL),
(120, 3, '2025-05-20', '19:30:00', 'available', '2025-05-19 08:59:32', '2025-05-19 08:59:32', NULL),
(121, 1, '2025-05-20', '20:00:00', 'available', '2025-05-19 08:59:32', '2025-05-19 08:59:32', NULL),
(122, 2, '2025-05-20', '20:00:00', 'available', '2025-05-19 08:59:32', '2025-05-19 08:59:32', NULL),
(123, 3, '2025-05-20', '20:00:00', 'available', '2025-05-19 08:59:32', '2025-05-19 08:59:32', NULL),
(124, 1, '2025-05-20', '20:30:00', 'available', '2025-05-19 08:59:32', '2025-05-19 08:59:32', NULL),
(125, 2, '2025-05-20', '20:30:00', 'available', '2025-05-19 08:59:32', '2025-05-19 08:59:32', NULL),
(126, 3, '2025-05-20', '20:30:00', 'available', '2025-05-19 08:59:32', '2025-05-19 08:59:32', NULL),
(127, 1, '2025-05-20', '21:00:00', 'available', '2025-05-19 08:59:32', '2025-05-19 08:59:32', NULL),
(128, 2, '2025-05-20', '21:00:00', 'available', '2025-05-19 08:59:32', '2025-05-19 08:59:32', NULL),
(129, 3, '2025-05-20', '21:00:00', 'available', '2025-05-19 08:59:32', '2025-05-19 08:59:32', NULL),
(130, 1, '2025-05-20', '21:30:00', 'available', '2025-05-19 08:59:32', '2025-05-19 08:59:32', NULL),
(131, 2, '2025-05-20', '21:30:00', 'available', '2025-05-19 08:59:32', '2025-05-19 08:59:32', NULL),
(132, 3, '2025-05-20', '21:30:00', 'available', '2025-05-19 08:59:32', '2025-05-19 08:59:32', NULL),
(133, 1, '2025-05-20', '22:00:00', 'available', '2025-05-19 08:59:32', '2025-05-19 08:59:32', NULL),
(134, 2, '2025-05-20', '22:00:00', 'available', '2025-05-19 08:59:32', '2025-05-19 08:59:32', NULL),
(135, 3, '2025-05-20', '22:00:00', 'available', '2025-05-19 08:59:32', '2025-05-19 08:59:32', NULL),
(136, 1, '2025-05-20', '22:30:00', 'available', '2025-05-19 08:59:32', '2025-05-19 08:59:32', NULL),
(137, 2, '2025-05-20', '22:30:00', 'available', '2025-05-19 08:59:32', '2025-05-19 08:59:32', NULL),
(138, 3, '2025-05-20', '22:30:00', 'available', '2025-05-19 08:59:32', '2025-05-19 08:59:32', NULL),
(139, 1, '2025-05-20', '23:00:00', 'available', '2025-05-19 08:59:32', '2025-05-19 08:59:32', NULL),
(140, 2, '2025-05-20', '23:00:00', 'available', '2025-05-19 08:59:32', '2025-05-19 08:59:32', NULL),
(141, 3, '2025-05-20', '23:00:00', 'available', '2025-05-19 08:59:32', '2025-05-19 08:59:32', NULL),
(142, 1, '2025-05-20', '23:30:00', 'available', '2025-05-19 08:59:32', '2025-05-19 08:59:32', NULL),
(143, 2, '2025-05-20', '23:30:00', 'available', '2025-05-19 08:59:32', '2025-05-19 08:59:32', NULL),
(144, 3, '2025-05-20', '23:30:00', 'available', '2025-05-19 08:59:32', '2025-05-19 08:59:32', NULL),
(145, 1, '2025-05-22', '00:00:00', 'available', '2025-05-22 06:07:02', '2025-05-22 06:07:02', NULL),
(146, 2, '2025-05-22', '00:00:00', 'available', '2025-05-22 06:07:02', '2025-05-22 06:07:02', NULL),
(147, 3, '2025-05-22', '00:00:00', 'available', '2025-05-22 06:07:02', '2025-05-22 06:07:02', NULL),
(148, 1, '2025-05-22', '00:30:00', 'not-available', '2025-05-22 06:07:02', '2025-05-22 06:07:02', NULL),
(149, 2, '2025-05-22', '00:30:00', 'available', '2025-05-22 06:07:02', '2025-05-22 06:07:02', NULL),
(150, 3, '2025-05-22', '00:30:00', 'available', '2025-05-22 06:07:02', '2025-05-22 06:07:02', NULL),
(151, 1, '2025-05-22', '01:00:00', 'available', '2025-05-22 06:07:02', '2025-05-22 06:07:02', NULL),
(152, 2, '2025-05-22', '01:00:00', 'available', '2025-05-22 06:07:02', '2025-05-22 06:07:02', NULL),
(153, 3, '2025-05-22', '01:00:00', 'available', '2025-05-22 06:07:02', '2025-05-22 06:07:02', NULL),
(154, 1, '2025-05-22', '01:30:00', 'available', '2025-05-22 06:07:02', '2025-05-22 06:07:02', NULL),
(155, 2, '2025-05-22', '01:30:00', 'available', '2025-05-22 06:07:02', '2025-05-22 06:07:02', NULL),
(156, 3, '2025-05-22', '01:30:00', 'available', '2025-05-22 06:07:02', '2025-05-22 06:07:02', NULL),
(157, 1, '2025-05-22', '02:00:00', 'available', '2025-05-22 06:07:02', '2025-05-22 06:07:02', NULL),
(158, 2, '2025-05-22', '02:00:00', 'available', '2025-05-22 06:07:02', '2025-05-22 06:07:02', NULL),
(159, 3, '2025-05-22', '02:00:00', 'available', '2025-05-22 06:07:02', '2025-05-22 06:07:02', NULL),
(160, 1, '2025-05-22', '02:30:00', 'available', '2025-05-22 06:07:02', '2025-05-22 06:07:02', NULL),
(161, 2, '2025-05-22', '02:30:00', 'available', '2025-05-22 06:07:02', '2025-05-22 06:07:02', NULL),
(162, 3, '2025-05-22', '02:30:00', 'available', '2025-05-22 06:07:02', '2025-05-22 06:07:02', NULL),
(163, 1, '2025-05-22', '03:00:00', 'available', '2025-05-22 06:07:02', '2025-05-22 06:07:02', NULL),
(164, 2, '2025-05-22', '03:00:00', 'available', '2025-05-22 06:07:02', '2025-05-22 06:07:02', NULL),
(165, 3, '2025-05-22', '03:00:00', 'available', '2025-05-22 06:07:02', '2025-05-22 06:07:02', NULL),
(166, 1, '2025-05-22', '03:30:00', 'available', '2025-05-22 06:07:02', '2025-05-22 06:07:02', NULL),
(167, 2, '2025-05-22', '03:30:00', 'available', '2025-05-22 06:07:02', '2025-05-22 06:07:02', NULL),
(168, 3, '2025-05-22', '03:30:00', 'available', '2025-05-22 06:07:02', '2025-05-22 06:07:02', NULL),
(169, 1, '2025-05-22', '04:00:00', 'available', '2025-05-22 06:07:02', '2025-05-22 06:07:02', NULL),
(170, 2, '2025-05-22', '04:00:00', 'available', '2025-05-22 06:07:02', '2025-05-22 06:07:02', NULL),
(171, 3, '2025-05-22', '04:00:00', 'available', '2025-05-22 06:07:02', '2025-05-22 06:07:02', NULL),
(172, 1, '2025-05-22', '04:30:00', 'available', '2025-05-22 06:07:02', '2025-05-22 06:07:02', NULL),
(173, 2, '2025-05-22', '04:30:00', 'available', '2025-05-22 06:07:02', '2025-05-22 06:07:02', NULL),
(174, 3, '2025-05-22', '04:30:00', 'available', '2025-05-22 06:07:02', '2025-05-22 06:07:02', NULL),
(175, 1, '2025-05-22', '05:00:00', 'available', '2025-05-22 06:07:02', '2025-05-22 06:07:02', NULL),
(176, 2, '2025-05-22', '05:00:00', 'available', '2025-05-22 06:07:02', '2025-05-22 06:07:02', NULL),
(177, 3, '2025-05-22', '05:00:00', 'available', '2025-05-22 06:07:02', '2025-05-22 06:07:02', NULL),
(178, 1, '2025-05-22', '05:30:00', 'available', '2025-05-22 06:07:02', '2025-05-22 06:07:02', NULL),
(179, 2, '2025-05-22', '05:30:00', 'available', '2025-05-22 06:07:02', '2025-05-22 06:07:02', NULL),
(180, 3, '2025-05-22', '05:30:00', 'available', '2025-05-22 06:07:02', '2025-05-22 06:07:02', NULL),
(181, 1, '2025-05-22', '06:00:00', 'available', '2025-05-22 06:07:02', '2025-05-22 06:07:02', NULL),
(182, 2, '2025-05-22', '06:00:00', 'available', '2025-05-22 06:07:02', '2025-05-22 06:07:02', NULL),
(183, 3, '2025-05-22', '06:00:00', 'available', '2025-05-22 06:07:02', '2025-05-22 06:07:02', NULL),
(184, 1, '2025-05-22', '06:30:00', 'available', '2025-05-22 06:07:02', '2025-05-22 06:07:02', NULL),
(185, 2, '2025-05-22', '06:30:00', 'available', '2025-05-22 06:07:02', '2025-05-22 06:07:02', NULL),
(186, 3, '2025-05-22', '06:30:00', 'available', '2025-05-22 06:07:02', '2025-05-22 06:07:02', NULL),
(187, 1, '2025-05-22', '07:00:00', 'available', '2025-05-22 06:07:02', '2025-05-22 06:07:02', NULL),
(188, 2, '2025-05-22', '07:00:00', 'available', '2025-05-22 06:07:02', '2025-05-22 06:07:02', NULL),
(189, 3, '2025-05-22', '07:00:00', 'available', '2025-05-22 06:07:02', '2025-05-22 06:07:02', NULL),
(190, 1, '2025-05-22', '07:30:00', 'available', '2025-05-22 06:07:02', '2025-05-22 06:07:02', NULL),
(191, 2, '2025-05-22', '07:30:00', 'available', '2025-05-22 06:07:02', '2025-05-22 06:07:02', NULL),
(192, 3, '2025-05-22', '07:30:00', 'available', '2025-05-22 06:07:02', '2025-05-22 06:07:02', NULL),
(193, 1, '2025-05-22', '08:00:00', 'available', '2025-05-22 06:07:02', '2025-05-22 06:07:02', NULL),
(194, 2, '2025-05-22', '08:00:00', 'available', '2025-05-22 06:07:02', '2025-05-22 06:07:02', NULL),
(195, 3, '2025-05-22', '08:00:00', 'available', '2025-05-22 06:07:02', '2025-05-22 06:07:02', NULL),
(196, 1, '2025-05-22', '08:30:00', 'available', '2025-05-22 06:07:02', '2025-05-22 06:07:02', NULL),
(197, 2, '2025-05-22', '08:30:00', 'available', '2025-05-22 06:07:02', '2025-05-22 06:07:02', NULL),
(198, 3, '2025-05-22', '08:30:00', 'available', '2025-05-22 06:07:02', '2025-05-22 06:07:02', NULL),
(199, 1, '2025-05-22', '09:00:00', 'available', '2025-05-22 06:07:02', '2025-05-22 06:07:02', NULL),
(200, 2, '2025-05-22', '09:00:00', 'available', '2025-05-22 06:07:02', '2025-05-22 06:07:02', NULL),
(201, 3, '2025-05-22', '09:00:00', 'available', '2025-05-22 06:07:02', '2025-05-22 06:07:02', NULL),
(202, 1, '2025-05-22', '09:30:00', 'available', '2025-05-22 06:07:02', '2025-05-22 06:07:02', NULL),
(203, 2, '2025-05-22', '09:30:00', 'available', '2025-05-22 06:07:02', '2025-05-22 06:07:02', NULL),
(204, 3, '2025-05-22', '09:30:00', 'available', '2025-05-22 06:07:02', '2025-05-22 06:07:02', NULL),
(205, 1, '2025-05-22', '10:00:00', 'available', '2025-05-22 06:07:02', '2025-05-22 06:07:02', NULL),
(206, 2, '2025-05-22', '10:00:00', 'available', '2025-05-22 06:07:02', '2025-05-22 06:07:02', NULL),
(207, 3, '2025-05-22', '10:00:00', 'available', '2025-05-22 06:07:02', '2025-05-22 06:07:02', NULL),
(208, 1, '2025-05-22', '10:30:00', 'available', '2025-05-22 06:07:02', '2025-05-22 06:07:02', NULL),
(209, 2, '2025-05-22', '10:30:00', 'available', '2025-05-22 06:07:02', '2025-05-22 06:07:02', NULL),
(210, 3, '2025-05-22', '10:30:00', 'available', '2025-05-22 06:07:02', '2025-05-22 06:07:02', NULL),
(211, 1, '2025-05-22', '11:00:00', 'available', '2025-05-22 06:07:02', '2025-05-22 06:07:02', NULL),
(212, 2, '2025-05-22', '11:00:00', 'available', '2025-05-22 06:07:02', '2025-05-22 06:07:02', NULL),
(213, 3, '2025-05-22', '11:00:00', 'available', '2025-05-22 06:07:02', '2025-05-22 06:07:02', NULL),
(214, 1, '2025-05-22', '11:30:00', 'available', '2025-05-22 06:07:02', '2025-05-22 06:07:02', NULL),
(215, 2, '2025-05-22', '11:30:00', 'available', '2025-05-22 06:07:02', '2025-05-22 06:07:02', NULL),
(216, 3, '2025-05-22', '11:30:00', 'available', '2025-05-22 06:07:02', '2025-05-22 06:07:02', NULL),
(217, 1, '2025-05-22', '12:00:00', 'available', '2025-05-22 06:07:02', '2025-05-22 06:07:02', NULL),
(218, 2, '2025-05-22', '12:00:00', 'available', '2025-05-22 06:07:02', '2025-05-22 06:07:02', NULL),
(219, 3, '2025-05-22', '12:00:00', 'available', '2025-05-22 06:07:02', '2025-05-22 06:07:02', NULL),
(220, 1, '2025-05-22', '12:30:00', 'available', '2025-05-22 06:07:02', '2025-05-22 06:07:02', NULL),
(221, 2, '2025-05-22', '12:30:00', 'available', '2025-05-22 06:07:02', '2025-05-22 06:07:02', NULL),
(222, 3, '2025-05-22', '12:30:00', 'available', '2025-05-22 06:07:02', '2025-05-22 06:07:02', NULL),
(223, 1, '2025-05-22', '13:00:00', 'available', '2025-05-22 06:07:02', '2025-05-22 06:07:02', NULL),
(224, 2, '2025-05-22', '13:00:00', 'available', '2025-05-22 06:07:02', '2025-05-22 06:07:02', NULL),
(225, 3, '2025-05-22', '13:00:00', 'available', '2025-05-22 06:07:02', '2025-05-22 06:07:02', NULL),
(226, 1, '2025-05-22', '13:30:00', 'available', '2025-05-22 06:07:02', '2025-05-22 06:07:02', NULL),
(227, 2, '2025-05-22', '13:30:00', 'available', '2025-05-22 06:07:02', '2025-05-22 06:07:02', NULL),
(228, 3, '2025-05-22', '13:30:00', 'available', '2025-05-22 06:07:02', '2025-05-22 06:07:02', NULL),
(229, 1, '2025-05-22', '14:00:00', 'available', '2025-05-22 06:07:02', '2025-05-22 06:07:02', NULL),
(230, 2, '2025-05-22', '14:00:00', 'available', '2025-05-22 06:07:02', '2025-05-22 06:07:02', NULL),
(231, 3, '2025-05-22', '14:00:00', 'available', '2025-05-22 06:07:02', '2025-05-22 06:07:02', NULL),
(232, 1, '2025-05-22', '14:30:00', 'available', '2025-05-22 06:07:02', '2025-05-22 06:07:02', NULL),
(233, 2, '2025-05-22', '14:30:00', 'available', '2025-05-22 06:07:02', '2025-05-22 06:07:02', NULL),
(234, 3, '2025-05-22', '14:30:00', 'available', '2025-05-22 06:07:02', '2025-05-22 06:07:02', NULL),
(235, 1, '2025-05-22', '15:00:00', 'available', '2025-05-22 06:07:02', '2025-05-22 06:07:02', NULL),
(236, 2, '2025-05-22', '15:00:00', 'available', '2025-05-22 06:07:02', '2025-05-22 06:07:02', NULL),
(237, 3, '2025-05-22', '15:00:00', 'available', '2025-05-22 06:07:02', '2025-05-22 06:07:02', NULL),
(238, 1, '2025-05-22', '15:30:00', 'available', '2025-05-22 06:07:02', '2025-05-22 06:07:02', NULL),
(239, 2, '2025-05-22', '15:30:00', 'available', '2025-05-22 06:07:02', '2025-05-22 06:07:02', NULL),
(240, 3, '2025-05-22', '15:30:00', 'available', '2025-05-22 06:07:02', '2025-05-22 06:07:02', NULL),
(241, 1, '2025-05-22', '16:00:00', 'available', '2025-05-22 06:07:02', '2025-05-22 06:07:02', NULL),
(242, 2, '2025-05-22', '16:00:00', 'available', '2025-05-22 06:07:02', '2025-05-22 06:07:02', NULL),
(243, 3, '2025-05-22', '16:00:00', 'available', '2025-05-22 06:07:02', '2025-05-22 06:07:02', NULL),
(244, 1, '2025-05-22', '16:30:00', 'available', '2025-05-22 06:07:02', '2025-05-22 06:07:02', NULL),
(245, 2, '2025-05-22', '16:30:00', 'available', '2025-05-22 06:07:02', '2025-05-22 06:07:02', NULL),
(246, 3, '2025-05-22', '16:30:00', 'available', '2025-05-22 06:07:02', '2025-05-22 06:07:02', NULL),
(247, 1, '2025-05-22', '17:00:00', 'available', '2025-05-22 06:07:02', '2025-05-22 06:07:02', NULL),
(248, 2, '2025-05-22', '17:00:00', 'available', '2025-05-22 06:07:02', '2025-05-22 06:07:02', NULL),
(249, 3, '2025-05-22', '17:00:00', 'available', '2025-05-22 06:07:02', '2025-05-22 06:07:02', NULL),
(250, 1, '2025-05-22', '17:30:00', 'available', '2025-05-22 06:07:02', '2025-05-22 06:07:02', NULL),
(251, 2, '2025-05-22', '17:30:00', 'available', '2025-05-22 06:07:02', '2025-05-22 06:07:02', NULL),
(252, 3, '2025-05-22', '17:30:00', 'available', '2025-05-22 06:07:02', '2025-05-22 06:07:02', NULL),
(253, 1, '2025-05-22', '18:00:00', 'available', '2025-05-22 06:07:02', '2025-05-22 06:07:02', NULL),
(254, 2, '2025-05-22', '18:00:00', 'available', '2025-05-22 06:07:02', '2025-05-22 06:07:02', NULL),
(255, 3, '2025-05-22', '18:00:00', 'available', '2025-05-22 06:07:02', '2025-05-22 06:07:02', NULL),
(256, 1, '2025-05-22', '18:30:00', 'available', '2025-05-22 06:07:02', '2025-05-22 06:07:02', NULL),
(257, 2, '2025-05-22', '18:30:00', 'available', '2025-05-22 06:07:02', '2025-05-22 06:07:02', NULL),
(258, 3, '2025-05-22', '18:30:00', 'available', '2025-05-22 06:07:02', '2025-05-22 06:07:02', NULL),
(259, 1, '2025-05-22', '19:00:00', 'available', '2025-05-22 06:07:02', '2025-05-22 06:07:02', NULL),
(260, 2, '2025-05-22', '19:00:00', 'available', '2025-05-22 06:07:02', '2025-05-22 06:07:02', NULL),
(261, 3, '2025-05-22', '19:00:00', 'available', '2025-05-22 06:07:02', '2025-05-22 06:07:02', NULL),
(262, 1, '2025-05-22', '19:30:00', 'available', '2025-05-22 06:07:02', '2025-05-22 06:07:02', NULL),
(263, 2, '2025-05-22', '19:30:00', 'available', '2025-05-22 06:07:02', '2025-05-22 06:07:02', NULL),
(264, 3, '2025-05-22', '19:30:00', 'available', '2025-05-22 06:07:02', '2025-05-22 06:07:02', NULL),
(265, 1, '2025-05-22', '20:00:00', 'available', '2025-05-22 06:07:02', '2025-05-22 06:07:02', NULL),
(266, 2, '2025-05-22', '20:00:00', 'available', '2025-05-22 06:07:02', '2025-05-22 06:07:02', NULL),
(267, 3, '2025-05-22', '20:00:00', 'available', '2025-05-22 06:07:02', '2025-05-22 06:07:02', NULL),
(268, 1, '2025-05-22', '20:30:00', 'available', '2025-05-22 06:07:02', '2025-05-22 06:07:02', NULL),
(269, 2, '2025-05-22', '20:30:00', 'available', '2025-05-22 06:07:02', '2025-05-22 06:07:02', NULL),
(270, 3, '2025-05-22', '20:30:00', 'available', '2025-05-22 06:07:02', '2025-05-22 06:07:02', NULL),
(271, 1, '2025-05-22', '21:00:00', 'available', '2025-05-22 06:07:02', '2025-05-22 06:07:02', NULL),
(272, 2, '2025-05-22', '21:00:00', 'available', '2025-05-22 06:07:02', '2025-05-22 06:07:02', NULL),
(273, 3, '2025-05-22', '21:00:00', 'available', '2025-05-22 06:07:02', '2025-05-22 06:07:02', NULL),
(274, 1, '2025-05-22', '21:30:00', 'available', '2025-05-22 06:07:02', '2025-05-22 06:07:02', NULL),
(275, 2, '2025-05-22', '21:30:00', 'available', '2025-05-22 06:07:02', '2025-05-22 06:07:02', NULL),
(276, 3, '2025-05-22', '21:30:00', 'available', '2025-05-22 06:07:02', '2025-05-22 06:07:02', NULL),
(277, 1, '2025-05-22', '22:00:00', 'available', '2025-05-22 06:07:02', '2025-05-22 06:07:02', NULL),
(278, 2, '2025-05-22', '22:00:00', 'available', '2025-05-22 06:07:02', '2025-05-22 06:07:02', NULL),
(279, 3, '2025-05-22', '22:00:00', 'available', '2025-05-22 06:07:02', '2025-05-22 06:07:02', NULL),
(280, 1, '2025-05-22', '22:30:00', 'available', '2025-05-22 06:07:02', '2025-05-22 06:07:02', NULL),
(281, 2, '2025-05-22', '22:30:00', 'available', '2025-05-22 06:07:03', '2025-05-22 06:07:03', NULL),
(282, 3, '2025-05-22', '22:30:00', 'available', '2025-05-22 06:07:03', '2025-05-22 06:07:03', NULL),
(283, 1, '2025-05-22', '23:00:00', 'available', '2025-05-22 06:07:03', '2025-05-22 06:07:03', NULL),
(284, 2, '2025-05-22', '23:00:00', 'available', '2025-05-22 06:07:03', '2025-05-22 06:07:03', NULL),
(285, 3, '2025-05-22', '23:00:00', 'available', '2025-05-22 06:07:03', '2025-05-22 06:07:03', NULL),
(286, 1, '2025-05-22', '23:30:00', 'available', '2025-05-22 06:07:03', '2025-05-22 06:07:03', NULL),
(287, 2, '2025-05-22', '23:30:00', 'available', '2025-05-22 06:07:03', '2025-05-22 06:07:03', NULL),
(288, 3, '2025-05-22', '23:30:00', 'available', '2025-05-22 06:07:03', '2025-05-22 06:07:03', NULL),
(289, 1, '2025-05-27', '00:00:00', 'available', '2025-05-27 06:20:49', '2025-05-27 06:21:44', NULL),
(290, 2, '2025-05-27', '00:00:00', 'available', '2025-05-27 06:20:49', '2025-05-27 06:20:49', NULL),
(291, 3, '2025-05-27', '00:00:00', 'available', '2025-05-27 06:20:49', '2025-05-27 06:20:49', NULL),
(292, 1, '2025-05-27', '00:30:00', 'available', '2025-05-27 06:20:49', '2025-05-27 06:20:49', NULL),
(293, 2, '2025-05-27', '00:30:00', 'available', '2025-05-27 06:20:49', '2025-05-27 06:20:49', NULL),
(294, 3, '2025-05-27', '00:30:00', 'available', '2025-05-27 06:20:49', '2025-05-27 06:20:49', NULL),
(295, 1, '2025-05-27', '01:00:00', 'available', '2025-05-27 06:20:49', '2025-05-27 06:20:49', NULL),
(296, 2, '2025-05-27', '01:00:00', 'available', '2025-05-27 06:20:49', '2025-05-27 06:20:49', NULL),
(297, 3, '2025-05-27', '01:00:00', 'available', '2025-05-27 06:20:49', '2025-05-27 06:20:49', NULL),
(298, 1, '2025-05-27', '01:30:00', 'available', '2025-05-27 06:20:49', '2025-05-27 06:20:49', NULL),
(299, 2, '2025-05-27', '01:30:00', 'available', '2025-05-27 06:20:49', '2025-05-27 06:20:49', NULL),
(300, 3, '2025-05-27', '01:30:00', 'available', '2025-05-27 06:20:49', '2025-05-27 06:20:49', NULL),
(301, 1, '2025-05-27', '02:00:00', 'available', '2025-05-27 06:20:49', '2025-05-27 06:20:49', NULL),
(302, 2, '2025-05-27', '02:00:00', 'available', '2025-05-27 06:20:49', '2025-05-27 06:20:49', NULL),
(303, 3, '2025-05-27', '02:00:00', 'available', '2025-05-27 06:20:49', '2025-05-27 06:20:49', NULL),
(304, 1, '2025-05-27', '02:30:00', 'available', '2025-05-27 06:20:49', '2025-05-27 06:20:49', NULL),
(305, 2, '2025-05-27', '02:30:00', 'available', '2025-05-27 06:20:49', '2025-05-27 06:20:49', NULL),
(306, 3, '2025-05-27', '02:30:00', 'available', '2025-05-27 06:20:49', '2025-05-27 06:20:49', NULL),
(307, 1, '2025-05-27', '03:00:00', 'available', '2025-05-27 06:20:49', '2025-05-27 06:20:49', NULL),
(308, 2, '2025-05-27', '03:00:00', 'available', '2025-05-27 06:20:49', '2025-05-27 06:20:49', NULL),
(309, 3, '2025-05-27', '03:00:00', 'available', '2025-05-27 06:20:49', '2025-05-27 06:20:49', NULL),
(310, 1, '2025-05-27', '03:30:00', 'available', '2025-05-27 06:20:49', '2025-05-27 06:20:49', NULL),
(311, 2, '2025-05-27', '03:30:00', 'available', '2025-05-27 06:20:49', '2025-05-27 06:20:49', NULL),
(312, 3, '2025-05-27', '03:30:00', 'available', '2025-05-27 06:20:49', '2025-05-27 06:20:49', NULL),
(313, 1, '2025-05-27', '04:00:00', 'available', '2025-05-27 06:20:49', '2025-05-27 06:20:49', NULL),
(314, 2, '2025-05-27', '04:00:00', 'available', '2025-05-27 06:20:49', '2025-05-27 06:20:49', NULL),
(315, 3, '2025-05-27', '04:00:00', 'available', '2025-05-27 06:20:49', '2025-05-27 06:20:49', NULL),
(316, 1, '2025-05-27', '04:30:00', 'available', '2025-05-27 06:20:49', '2025-05-27 06:20:49', NULL),
(317, 2, '2025-05-27', '04:30:00', 'available', '2025-05-27 06:20:49', '2025-05-27 06:20:49', NULL),
(318, 3, '2025-05-27', '04:30:00', 'available', '2025-05-27 06:20:49', '2025-05-27 06:20:49', NULL),
(319, 1, '2025-05-27', '05:00:00', 'available', '2025-05-27 06:20:49', '2025-05-27 06:20:49', NULL),
(320, 2, '2025-05-27', '05:00:00', 'available', '2025-05-27 06:20:49', '2025-05-27 06:20:49', NULL),
(321, 3, '2025-05-27', '05:00:00', 'available', '2025-05-27 06:20:49', '2025-05-27 06:20:49', NULL),
(322, 1, '2025-05-27', '05:30:00', 'available', '2025-05-27 06:20:49', '2025-05-27 06:20:49', NULL),
(323, 2, '2025-05-27', '05:30:00', 'available', '2025-05-27 06:20:49', '2025-05-27 06:20:49', NULL),
(324, 3, '2025-05-27', '05:30:00', 'available', '2025-05-27 06:20:49', '2025-05-27 06:20:49', NULL),
(325, 1, '2025-05-27', '06:00:00', 'available', '2025-05-27 06:20:49', '2025-05-27 06:20:49', NULL),
(326, 2, '2025-05-27', '06:00:00', 'available', '2025-05-27 06:20:49', '2025-05-27 06:20:49', NULL),
(327, 3, '2025-05-27', '06:00:00', 'available', '2025-05-27 06:20:49', '2025-05-27 06:20:49', NULL),
(328, 1, '2025-05-27', '06:30:00', 'available', '2025-05-27 06:20:49', '2025-05-27 06:20:49', NULL),
(329, 2, '2025-05-27', '06:30:00', 'available', '2025-05-27 06:20:49', '2025-05-27 06:20:49', NULL),
(330, 3, '2025-05-27', '06:30:00', 'available', '2025-05-27 06:20:49', '2025-05-27 06:20:49', NULL),
(331, 1, '2025-05-27', '07:00:00', 'available', '2025-05-27 06:20:49', '2025-05-27 06:20:49', NULL),
(332, 2, '2025-05-27', '07:00:00', 'available', '2025-05-27 06:20:49', '2025-05-27 06:20:49', NULL),
(333, 3, '2025-05-27', '07:00:00', 'available', '2025-05-27 06:20:49', '2025-05-27 06:20:49', NULL),
(334, 1, '2025-05-27', '07:30:00', 'available', '2025-05-27 06:20:49', '2025-05-27 06:20:49', NULL),
(335, 2, '2025-05-27', '07:30:00', 'available', '2025-05-27 06:20:49', '2025-05-27 06:20:49', NULL),
(336, 3, '2025-05-27', '07:30:00', 'available', '2025-05-27 06:20:49', '2025-05-27 06:20:49', NULL),
(337, 1, '2025-05-27', '08:00:00', 'available', '2025-05-27 06:20:49', '2025-05-27 06:20:49', NULL),
(338, 2, '2025-05-27', '08:00:00', 'available', '2025-05-27 06:20:49', '2025-05-27 06:20:49', NULL),
(339, 3, '2025-05-27', '08:00:00', 'available', '2025-05-27 06:20:49', '2025-05-27 06:20:49', NULL),
(340, 1, '2025-05-27', '08:30:00', 'available', '2025-05-27 06:20:49', '2025-05-27 06:20:49', NULL),
(341, 2, '2025-05-27', '08:30:00', 'available', '2025-05-27 06:20:49', '2025-05-27 06:20:49', NULL),
(342, 3, '2025-05-27', '08:30:00', 'available', '2025-05-27 06:20:49', '2025-05-27 06:20:49', NULL),
(343, 1, '2025-05-27', '09:00:00', 'available', '2025-05-27 06:20:49', '2025-05-27 06:20:49', NULL),
(344, 2, '2025-05-27', '09:00:00', 'available', '2025-05-27 06:20:49', '2025-05-27 06:20:49', NULL),
(345, 3, '2025-05-27', '09:00:00', 'available', '2025-05-27 06:20:49', '2025-05-27 06:20:49', NULL),
(346, 1, '2025-05-27', '09:30:00', 'available', '2025-05-27 06:20:49', '2025-05-27 06:20:49', NULL),
(347, 2, '2025-05-27', '09:30:00', 'available', '2025-05-27 06:20:49', '2025-05-27 06:20:49', NULL),
(348, 3, '2025-05-27', '09:30:00', 'available', '2025-05-27 06:20:49', '2025-05-27 06:20:49', NULL),
(349, 1, '2025-05-27', '10:00:00', 'available', '2025-05-27 06:20:49', '2025-05-27 06:20:49', NULL),
(350, 2, '2025-05-27', '10:00:00', 'available', '2025-05-27 06:20:49', '2025-05-27 06:20:49', NULL),
(351, 3, '2025-05-27', '10:00:00', 'available', '2025-05-27 06:20:49', '2025-05-27 06:20:49', NULL),
(352, 1, '2025-05-27', '10:30:00', 'available', '2025-05-27 06:20:49', '2025-05-27 06:20:49', NULL),
(353, 2, '2025-05-27', '10:30:00', 'available', '2025-05-27 06:20:49', '2025-05-27 06:20:49', NULL),
(354, 3, '2025-05-27', '10:30:00', 'available', '2025-05-27 06:20:49', '2025-05-27 06:20:49', NULL),
(355, 1, '2025-05-27', '11:00:00', 'available', '2025-05-27 06:20:49', '2025-05-27 06:20:49', NULL),
(356, 2, '2025-05-27', '11:00:00', 'available', '2025-05-27 06:20:49', '2025-05-27 06:20:49', NULL),
(357, 3, '2025-05-27', '11:00:00', 'available', '2025-05-27 06:20:49', '2025-05-27 06:20:49', NULL),
(358, 1, '2025-05-27', '11:30:00', 'available', '2025-05-27 06:20:49', '2025-05-27 06:20:49', NULL),
(359, 2, '2025-05-27', '11:30:00', 'available', '2025-05-27 06:20:49', '2025-05-27 06:20:49', NULL),
(360, 3, '2025-05-27', '11:30:00', 'available', '2025-05-27 06:20:49', '2025-05-27 06:20:49', NULL),
(361, 1, '2025-05-27', '12:00:00', 'available', '2025-05-27 06:20:49', '2025-05-27 06:20:49', NULL),
(362, 2, '2025-05-27', '12:00:00', 'available', '2025-05-27 06:20:49', '2025-05-27 06:20:49', NULL),
(363, 3, '2025-05-27', '12:00:00', 'available', '2025-05-27 06:20:49', '2025-05-27 06:20:49', NULL),
(364, 1, '2025-05-27', '12:30:00', 'available', '2025-05-27 06:20:49', '2025-05-27 06:20:49', NULL),
(365, 2, '2025-05-27', '12:30:00', 'available', '2025-05-27 06:20:49', '2025-05-27 06:20:49', NULL),
(366, 3, '2025-05-27', '12:30:00', 'available', '2025-05-27 06:20:49', '2025-05-27 06:20:49', NULL),
(367, 1, '2025-05-27', '13:00:00', 'available', '2025-05-27 06:20:49', '2025-05-27 06:20:49', NULL),
(368, 2, '2025-05-27', '13:00:00', 'available', '2025-05-27 06:20:49', '2025-05-27 06:20:49', NULL),
(369, 3, '2025-05-27', '13:00:00', 'available', '2025-05-27 06:20:49', '2025-05-27 06:20:49', NULL),
(370, 1, '2025-05-27', '13:30:00', 'available', '2025-05-27 06:20:49', '2025-05-27 06:20:49', NULL),
(371, 2, '2025-05-27', '13:30:00', 'available', '2025-05-27 06:20:49', '2025-05-27 06:20:49', NULL),
(372, 3, '2025-05-27', '13:30:00', 'available', '2025-05-27 06:20:49', '2025-05-27 06:20:49', NULL),
(373, 1, '2025-05-27', '14:00:00', 'available', '2025-05-27 06:20:49', '2025-05-27 06:20:49', NULL),
(374, 2, '2025-05-27', '14:00:00', 'available', '2025-05-27 06:20:49', '2025-05-27 06:20:49', NULL),
(375, 3, '2025-05-27', '14:00:00', 'available', '2025-05-27 06:20:49', '2025-05-27 06:20:49', NULL),
(376, 1, '2025-05-27', '14:30:00', 'available', '2025-05-27 06:20:49', '2025-05-27 06:20:49', NULL),
(377, 2, '2025-05-27', '14:30:00', 'available', '2025-05-27 06:20:49', '2025-05-27 06:20:49', NULL),
(378, 3, '2025-05-27', '14:30:00', 'available', '2025-05-27 06:20:49', '2025-05-27 06:20:49', NULL),
(379, 1, '2025-05-27', '15:00:00', 'available', '2025-05-27 06:20:49', '2025-05-27 06:20:49', NULL),
(380, 2, '2025-05-27', '15:00:00', 'available', '2025-05-27 06:20:49', '2025-05-27 06:20:49', NULL),
(381, 3, '2025-05-27', '15:00:00', 'available', '2025-05-27 06:20:49', '2025-05-27 06:20:49', NULL),
(382, 1, '2025-05-27', '15:30:00', 'available', '2025-05-27 06:20:49', '2025-05-27 06:20:49', NULL),
(383, 2, '2025-05-27', '15:30:00', 'available', '2025-05-27 06:20:49', '2025-05-27 06:20:49', NULL),
(384, 3, '2025-05-27', '15:30:00', 'available', '2025-05-27 06:20:49', '2025-05-27 06:20:49', NULL),
(385, 1, '2025-05-27', '16:00:00', 'available', '2025-05-27 06:20:49', '2025-05-27 06:20:49', NULL),
(386, 2, '2025-05-27', '16:00:00', 'available', '2025-05-27 06:20:49', '2025-05-27 06:20:49', NULL),
(387, 3, '2025-05-27', '16:00:00', 'available', '2025-05-27 06:20:49', '2025-05-27 06:20:49', NULL),
(388, 1, '2025-05-27', '16:30:00', 'available', '2025-05-27 06:20:49', '2025-05-27 06:20:49', NULL),
(389, 2, '2025-05-27', '16:30:00', 'available', '2025-05-27 06:20:49', '2025-05-27 06:20:49', NULL),
(390, 3, '2025-05-27', '16:30:00', 'available', '2025-05-27 06:20:49', '2025-05-27 06:20:49', NULL),
(391, 1, '2025-05-27', '17:00:00', 'available', '2025-05-27 06:20:49', '2025-05-27 06:20:49', NULL),
(392, 2, '2025-05-27', '17:00:00', 'available', '2025-05-27 06:20:49', '2025-05-27 06:20:49', NULL),
(393, 3, '2025-05-27', '17:00:00', 'available', '2025-05-27 06:20:49', '2025-05-27 06:20:49', NULL),
(394, 1, '2025-05-27', '17:30:00', 'available', '2025-05-27 06:20:49', '2025-05-27 06:20:49', NULL),
(395, 2, '2025-05-27', '17:30:00', 'available', '2025-05-27 06:20:49', '2025-05-27 06:20:49', NULL),
(396, 3, '2025-05-27', '17:30:00', 'available', '2025-05-27 06:20:49', '2025-05-27 06:20:49', NULL),
(397, 1, '2025-05-27', '18:00:00', 'available', '2025-05-27 06:20:49', '2025-05-27 06:20:49', NULL),
(398, 2, '2025-05-27', '18:00:00', 'available', '2025-05-27 06:20:49', '2025-05-27 06:20:49', NULL),
(399, 3, '2025-05-27', '18:00:00', 'available', '2025-05-27 06:20:49', '2025-05-27 06:20:49', NULL),
(400, 1, '2025-05-27', '18:30:00', 'available', '2025-05-27 06:20:49', '2025-05-27 06:20:49', NULL),
(401, 2, '2025-05-27', '18:30:00', 'available', '2025-05-27 06:20:49', '2025-05-27 06:20:49', NULL),
(402, 3, '2025-05-27', '18:30:00', 'available', '2025-05-27 06:20:49', '2025-05-27 06:20:49', NULL),
(403, 1, '2025-05-27', '19:00:00', 'available', '2025-05-27 06:20:49', '2025-05-27 06:20:49', NULL),
(404, 2, '2025-05-27', '19:00:00', 'available', '2025-05-27 06:20:49', '2025-05-27 06:20:49', NULL),
(405, 3, '2025-05-27', '19:00:00', 'available', '2025-05-27 06:20:49', '2025-05-27 06:20:49', NULL),
(406, 1, '2025-05-27', '19:30:00', 'available', '2025-05-27 06:20:49', '2025-05-27 06:20:49', NULL),
(407, 2, '2025-05-27', '19:30:00', 'available', '2025-05-27 06:20:49', '2025-05-27 06:20:49', NULL),
(408, 3, '2025-05-27', '19:30:00', 'available', '2025-05-27 06:20:49', '2025-05-27 06:20:49', NULL),
(409, 1, '2025-05-27', '20:00:00', 'available', '2025-05-27 06:20:49', '2025-05-27 06:20:49', NULL),
(410, 2, '2025-05-27', '20:00:00', 'available', '2025-05-27 06:20:49', '2025-05-27 06:20:49', NULL),
(411, 3, '2025-05-27', '20:00:00', 'available', '2025-05-27 06:20:49', '2025-05-27 06:20:49', NULL),
(412, 1, '2025-05-27', '20:30:00', 'available', '2025-05-27 06:20:49', '2025-05-27 06:20:49', NULL),
(413, 2, '2025-05-27', '20:30:00', 'available', '2025-05-27 06:20:49', '2025-05-27 06:20:49', NULL),
(414, 3, '2025-05-27', '20:30:00', 'available', '2025-05-27 06:20:49', '2025-05-27 06:20:49', NULL),
(415, 1, '2025-05-27', '21:00:00', 'available', '2025-05-27 06:20:49', '2025-05-27 06:20:49', NULL),
(416, 2, '2025-05-27', '21:00:00', 'available', '2025-05-27 06:20:49', '2025-05-27 06:20:49', NULL),
(417, 3, '2025-05-27', '21:00:00', 'available', '2025-05-27 06:20:49', '2025-05-27 06:20:49', NULL),
(418, 1, '2025-05-27', '21:30:00', 'available', '2025-05-27 06:20:49', '2025-05-27 06:20:49', NULL),
(419, 2, '2025-05-27', '21:30:00', 'available', '2025-05-27 06:20:49', '2025-05-27 06:20:49', NULL),
(420, 3, '2025-05-27', '21:30:00', 'available', '2025-05-27 06:20:49', '2025-05-27 06:20:49', NULL),
(421, 1, '2025-05-27', '22:00:00', 'available', '2025-05-27 06:20:49', '2025-05-27 06:20:49', NULL),
(422, 2, '2025-05-27', '22:00:00', 'available', '2025-05-27 06:20:49', '2025-05-27 06:20:49', NULL),
(423, 3, '2025-05-27', '22:00:00', 'available', '2025-05-27 06:20:49', '2025-05-27 06:20:49', NULL),
(424, 1, '2025-05-27', '22:30:00', 'available', '2025-05-27 06:20:49', '2025-05-27 06:20:49', NULL),
(425, 2, '2025-05-27', '22:30:00', 'available', '2025-05-27 06:20:49', '2025-05-27 06:20:49', NULL),
(426, 3, '2025-05-27', '22:30:00', 'available', '2025-05-27 06:20:49', '2025-05-27 06:20:49', NULL),
(427, 1, '2025-05-27', '23:00:00', 'available', '2025-05-27 06:20:49', '2025-05-27 06:20:49', NULL),
(428, 2, '2025-05-27', '23:00:00', 'available', '2025-05-27 06:20:49', '2025-05-27 06:20:49', NULL),
(429, 3, '2025-05-27', '23:00:00', 'available', '2025-05-27 06:20:49', '2025-05-27 06:20:49', NULL),
(430, 1, '2025-05-27', '23:30:00', 'available', '2025-05-27 06:20:49', '2025-05-27 06:20:49', NULL),
(431, 2, '2025-05-27', '23:30:00', 'available', '2025-05-27 06:20:49', '2025-05-27 06:20:49', NULL),
(432, 3, '2025-05-27', '23:30:00', 'available', '2025-05-27 06:20:49', '2025-05-27 06:20:49', NULL);

-- --------------------------------------------------------

--
-- Table structure for table `ot_types`
--

CREATE TABLE `ot_types` (
  `id` bigint(20) UNSIGNED NOT NULL,
  `name` varchar(150) NOT NULL,
  `code` varchar(100) NOT NULL,
  `is_active` enum('0','1') NOT NULL,
  `created_by_id` bigint(20) UNSIGNED DEFAULT NULL,
  `created_at` timestamp NULL DEFAULT NULL,
  `updated_at` timestamp NULL DEFAULT NULL,
  `deleted_at` timestamp NULL DEFAULT NULL
) ENGINE=InnoDB DEFAULT CHARSET=utf8mb4 COLLATE=utf8mb4_unicode_ci;

--
-- Dumping data for table `ot_types`
--

INSERT INTO `ot_types` (`id`, `name`, `code`, `is_active`, `created_by_id`, `created_at`, `updated_at`, `deleted_at`) VALUES
(1, 'MAJOR', 'OTT1', '1', 1, '2025-05-12 04:25:39', '2025-05-12 04:25:39', NULL),
(2, 'MINOR', 'OTT2', '1', 1, '2025-05-12 04:28:34', '2025-05-12 04:28:34', NULL),
(3, 'NORMAL', 'OTT3', '1', 1, '2025-05-12 04:29:22', '2025-05-12 05:18:15', NULL);

-- --------------------------------------------------------

--
-- Table structure for table `out_side_patients`
--

CREATE TABLE `out_side_patients` (
  `id` bigint(20) UNSIGNED NOT NULL,
  `registration_no` varchar(20) DEFAULT NULL,
  `name` varchar(30) DEFAULT NULL COMMENT 'full name of the patient',
  `mobile` varchar(12) DEFAULT NULL,
  `age` varchar(100) DEFAULT NULL,
  `address` varchar(255) DEFAULT NULL,
  `title_id` bigint(20) UNSIGNED NOT NULL,
  `gender_id` bigint(20) UNSIGNED NOT NULL,
  `created_by_id` bigint(20) UNSIGNED DEFAULT NULL,
  `updated_by_id` bigint(20) UNSIGNED DEFAULT NULL,
  `created_at` timestamp NULL DEFAULT NULL,
  `updated_at` timestamp NULL DEFAULT NULL,
  `deleted_at` timestamp NULL DEFAULT NULL
) ENGINE=InnoDB DEFAULT CHARSET=utf8mb4 COLLATE=utf8mb4_unicode_ci;

--
-- Dumping data for table `out_side_patients`
--

INSERT INTO `out_side_patients` (`id`, `registration_no`, `name`, `mobile`, `age`, `address`, `title_id`, `gender_id`, `created_by_id`, `updated_by_id`, `created_at`, `updated_at`, `deleted_at`) VALUES
(1, 'OSD2407031', 'Ajay Pandey', '8052256423', '40', 'Delhi', 1, 1, 1, NULL, '2024-07-03 16:47:20', '2024-07-03 16:47:20', NULL),
(2, 'OSD2407052', 'sanjeev', '9631268646', '40', 'dahaur, Dehri On Sone', 1, 1, 1, NULL, '2024-07-05 09:47:03', '2024-07-05 09:47:03', NULL),
(6, 'OSD2407313', 'Anup', '8052256423', '33', 'Sasaram Bihar', 1, 1, 4, NULL, '2024-07-30 21:16:20', '2024-07-30 21:16:20', NULL),
(7, 'OSD2408037', 'Ajay', '8052256423', '40', 'Laxmi Nagar Delhi', 1, 1, 4, NULL, '2024-08-03 04:03:42', '2024-08-03 04:03:42', NULL),
(8, 'OSD2408048', 'Ajay', '8052256423', '40', 'Delhi', 1, 1, 4, NULL, '2024-08-04 11:51:53', '2024-08-04 11:51:53', NULL),
(9, 'OSD2408219', 'Sanjeev Singh', '9631126012', '40', 'Dahaur', 1, 1, 4, NULL, '2024-08-21 15:38:39', '2024-08-21 15:38:39', NULL),
(10, 'OSP24090310', 'Ajay', '1234567890', '30', 'Nichlaul', 1, 1, 4, NULL, '2024-09-03 16:24:32', '2024-09-03 16:24:32', NULL),
(11, 'OSD24090611', 'manoj', '9878987898', '32', 'sasaram', 1, 1, 1, NULL, '2024-09-06 11:37:12', '2024-09-06 11:37:12', NULL),
(12, 'OSD25021712', 'Rakesh', '8052256423', '30', 'Nichlaul', 1, 1, 1, NULL, '2025-02-17 12:47:15', '2025-02-17 12:47:15', NULL),
(13, 'OSD25021713', 'Amit', '1234567890', '31', 'Nichlaul', 1, 1, 1, NULL, '2025-02-17 13:09:05', '2025-02-17 13:09:05', NULL),
(14, 'OSD25021714', 'Swadha', '8052256423', '15', 'Nichlaul', 1, 2, 1, NULL, '2025-02-17 13:13:35', '2025-02-17 13:13:35', NULL),
(15, 'OSD25021715', 'Ratan', '8052256423', '32', 'Deoria', 1, 1, 1, NULL, '2025-02-17 13:34:04', '2025-02-17 13:34:04', NULL),
(16, 'OSD25021716', 'Rakesh', '8052256423', '32', 'Dehri ', 1, 1, 1, NULL, '2025-02-17 14:00:06', '2025-02-17 14:00:06', NULL),
(17, 'OSD25021717', 'Ratan', '1234567890', '32', 'Deoria', 1, 1, 1, NULL, '2025-02-17 14:06:38', '2025-02-17 14:06:38', NULL),
(18, 'OSD25021718', 'Swadha', '4567891230', '31', 'Nichlaul', 1, 1, 1, NULL, '2025-02-17 14:12:02', '2025-02-17 14:12:02', NULL),
(19, 'OSD25021719', 'Vinay', '8052256423', '31', 'Nichlaul', 1, 1, 1, NULL, '2025-02-17 16:29:09', '2025-02-17 16:29:09', NULL),
(20, 'OSD25021720', 'Suraj', '8052256423', '33', 'Gorakhpur', 1, 1, 1, NULL, '2025-02-17 16:47:57', '2025-02-17 16:47:57', NULL),
(21, 'OSD25021821', 'Vinay', '8052256423', '32', 'Nichlaul', 1, 1, 1, NULL, '2025-02-18 03:26:11', '2025-02-18 03:26:11', NULL),
(22, 'OSD25021822', 'Amit', '8130271181', '31', 'Nichlaul', 1, 1, 1, NULL, '2025-02-18 05:00:28', '2025-02-18 05:00:28', NULL),
(23, 'OSD25021823', 'Bittu', '1234567890', '30', 'Nichlaul', 1, 1, 1, NULL, '2025-02-18 05:05:44', '2025-02-18 05:05:44', NULL),
(24, 'OSD25021824', 'Riddhi', '1111111111', '20', 'Nichlaul', 2, 2, 1, NULL, '2025-02-18 05:07:53', '2025-02-18 05:07:53', NULL),
(25, 'OSD25051925', 'Ratnakar', '7896545874', '26', 'Noida', 1, 1, 1, NULL, '2025-05-19 06:20:25', '2025-05-19 06:20:25', NULL),
(26, 'OSD25052326', 'Anmol', '45454545454', '20', 'Noida', 1, 1, 1, NULL, '2025-05-23 09:09:51', '2025-05-23 09:09:51', NULL),
(27, 'OSD25060527', 'Rohit Kumar', '9090909090', '26', 'Agra', 1, 1, 16, NULL, '2025-06-05 07:16:58', '2025-06-05 10:03:15', NULL);

-- --------------------------------------------------------

--
-- Table structure for table `packages`
--

CREATE TABLE `packages` (
  `id` bigint(20) UNSIGNED NOT NULL,
  `package_id` bigint(20) UNSIGNED DEFAULT NULL,
  `service_id` bigint(20) UNSIGNED NOT NULL,
  `created_by_id` bigint(20) UNSIGNED DEFAULT NULL,
  `updated_by_id` bigint(20) UNSIGNED DEFAULT NULL,
  `created_at` timestamp NULL DEFAULT NULL,
  `updated_at` timestamp NULL DEFAULT NULL,
  `deleted_at` timestamp NULL DEFAULT NULL
) ENGINE=InnoDB DEFAULT CHARSET=utf8mb4 COLLATE=utf8mb4_unicode_ci;

--
-- Dumping data for table `packages`
--

INSERT INTO `packages` (`id`, `package_id`, `service_id`, `created_by_id`, `updated_by_id`, `created_at`, `updated_at`, `deleted_at`) VALUES
(1, 22, 1, 1, 1, NULL, NULL, NULL),
(2, 22, 1, 1, 1, NULL, NULL, NULL),
(3, 22, 7, 1, 1, NULL, NULL, NULL),
(4, 22, 1, 1, 1, NULL, NULL, NULL),
(5, 22, 7, 1, 1, NULL, NULL, NULL),
(6, 22, 3, 1, 1, NULL, NULL, NULL),
(7, 129, 1, 1, 1, NULL, NULL, NULL),
(8, 129, 1, 1, 1, NULL, NULL, NULL),
(9, 129, 2, 1, 1, NULL, NULL, NULL),
(10, 129, 1, 1, 1, NULL, NULL, NULL),
(11, 129, 2, 1, 1, NULL, NULL, NULL),
(12, 129, 3, 1, 1, NULL, NULL, NULL),
(13, 129, 1, 1, 1, NULL, NULL, NULL),
(14, 129, 2, 1, 1, NULL, NULL, NULL),
(15, 129, 3, 1, 1, NULL, NULL, NULL),
(16, 129, 5, 1, 1, NULL, NULL, NULL),
(17, 129, 1, 1, 1, NULL, NULL, NULL),
(18, 129, 2, 1, 1, NULL, NULL, NULL),
(19, 129, 3, 1, 1, NULL, NULL, NULL),
(20, 129, 5, 1, 1, NULL, NULL, NULL),
(21, 129, 6, 1, 1, NULL, NULL, NULL),
(22, 132, 1, 1, 1, NULL, NULL, NULL),
(23, 133, 1, 1, 1, NULL, NULL, NULL),
(24, 134, 1, 1, 1, NULL, NULL, NULL);

-- --------------------------------------------------------

--
-- Table structure for table `parameters`
--

CREATE TABLE `parameters` (
  `id` bigint(20) UNSIGNED NOT NULL,
  `department_id` bigint(20) UNSIGNED NOT NULL,
  `service_group_id` bigint(20) UNSIGNED NOT NULL,
  `code` varchar(15) NOT NULL,
  `name` varchar(255) NOT NULL,
  `short_name` varchar(50) DEFAULT NULL,
  `method` varchar(255) DEFAULT NULL,
  `display_type` enum('S','B') NOT NULL COMMENT 'S=>Side B=>Beneath',
  `text_size` enum('S','B') NOT NULL COMMENT 'S=>small B=>Big',
  `normal_range` tinyint(1) NOT NULL DEFAULT 0,
  `antibiotic_needed` tinyint(1) NOT NULL DEFAULT 0,
  `is_active` tinyint(1) NOT NULL DEFAULT 1,
  `uom_unit` tinyint(1) NOT NULL DEFAULT 0,
  `parameter_unit_id` bigint(20) UNSIGNED DEFAULT NULL,
  `multiple_values` tinyint(1) NOT NULL DEFAULT 0,
  `multiple_value_json` text DEFAULT NULL,
  `created_by_id` bigint(20) UNSIGNED DEFAULT NULL,
  `updated_by_id` bigint(20) UNSIGNED DEFAULT NULL,
  `created_at` timestamp NULL DEFAULT NULL,
  `updated_at` timestamp NULL DEFAULT NULL,
  `deleted_at` timestamp NULL DEFAULT NULL
) ENGINE=InnoDB DEFAULT CHARSET=utf8mb4 COLLATE=utf8mb4_unicode_ci;

--
-- Dumping data for table `parameters`
--

INSERT INTO `parameters` (`id`, `department_id`, `service_group_id`, `code`, `name`, `short_name`, `method`, `display_type`, `text_size`, `normal_range`, `antibiotic_needed`, `is_active`, `uom_unit`, `parameter_unit_id`, `multiple_values`, `multiple_value_json`, `created_by_id`, `updated_by_id`, `created_at`, `updated_at`, `deleted_at`) VALUES
(1, 16, 7, 'LPR1', 'Furazolidone', 'FR', NULL, 'S', 'S', 0, 0, 1, 1, NULL, 0, NULL, 1, 1, '2024-06-17 21:48:51', '2024-06-17 21:48:51', NULL),
(2, 16, 7, 'LPR2', 'Bacitrancin', 'B', NULL, 'S', 'S', 0, 0, 1, 0, NULL, 0, NULL, 1, 1, '2024-06-18 09:28:17', '2024-06-18 09:28:17', NULL),
(3, 13, 24, 'LPR3', 'URINE POTTASIUM', 'UP', NULL, 'S', 'S', 0, 0, 1, 0, NULL, 0, NULL, 1, 1, '2024-06-18 09:34:20', '2024-06-18 09:34:20', NULL),
(4, 13, 4, 'LPR4', 'URINE SODIUM', 'US', NULL, 'S', 'S', 1, 0, 1, 0, NULL, 0, NULL, 1, 1, '2024-06-18 09:36:51', '2024-07-11 12:02:00', NULL),
(5, 13, 13, 'LPR5', 'SICKLE CELL', 'SC', NULL, 'S', 'S', 0, 0, 1, 0, NULL, 0, NULL, 1, 1, '2024-06-18 09:38:10', '2024-06-18 09:38:10', NULL),
(6, 13, 24, 'LPR6', 'NON-HDL CHOLESTEROL', 'NDC', NULL, 'S', 'S', 0, 0, 1, 0, NULL, 1, '[{\"id\":1,\"name\":\"POSOTIVE\"},{\"id\":2,\"name\":\"NEGETATIVE\"}]', 1, 1, '2024-06-18 09:40:27', '2024-06-18 09:40:27', NULL),
(7, 13, 16, 'LPR7', 'DIAGNOSIS', 'DIAGN', NULL, 'S', 'S', 0, 0, 1, 0, NULL, 0, NULL, 1, 1, '2024-06-18 09:42:31', '2024-06-18 09:42:31', NULL),
(8, 13, 24, 'LPR8', 'TEST', 'TEST', NULL, 'S', 'S', 0, 0, 1, 0, NULL, 0, NULL, 1, 1, '2024-06-18 09:44:14', '2024-06-18 09:44:14', NULL),
(9, 16, 7, 'LPR9', 'PENICILLIN', 'PENIC', NULL, 'S', 'S', 0, 0, 1, 0, NULL, 0, NULL, 1, 1, '2024-06-18 09:45:16', '2024-06-18 09:45:16', NULL),
(10, 16, 7, 'LPR10', 'ABST', 'ABST', NULL, 'S', 'S', 0, 0, 1, 0, NULL, 0, NULL, 1, 1, '2024-06-18 09:46:01', '2024-06-18 09:46:01', NULL),
(11, 16, 7, 'LPR11', 'D-DIMER', 'D-DIMER', 'ELFA', 'S', 'S', 0, 0, 1, 0, NULL, 0, NULL, 1, 1, '2024-06-18 09:47:00', '2024-06-18 09:47:00', NULL),
(12, 13, 13, 'LPR12', 'Test Prameter', 'Test Short Name', 'mymethod', 'S', 'S', 0, 0, 1, 0, NULL, 1, '[{\"id\":1,\"name\":\"Positive\"},{\"id\":2,\"name\":\"Negative\"}]', 1, 1, '2024-06-20 21:39:36', '2024-06-20 21:39:36', NULL),
(13, 13, 13, 'LPR13', 'param1', 'sh Name', 'method 1', 'S', 'S', 1, 1, 1, 1, 1, 0, NULL, 1, 1, '2024-06-20 21:47:21', '2024-06-20 21:47:21', NULL),
(15, 27, 24, 'LPR14', 'sgot-param1', 'SGPT-param1', 'ELISA', 'S', 'S', 1, 0, 1, 0, 1, 0, NULL, 1, 1, '2024-07-09 11:04:29', '2024-07-09 11:04:29', NULL),
(17, 27, 24, 'LPR16', 'Total Bilirubin', NULL, NULL, 'S', 'S', 1, 0, 1, 0, 2, 0, NULL, 1, 1, '2024-07-09 21:56:30', '2024-07-09 21:56:30', NULL),
(18, 27, 24, 'LPR18', 'Direct Bilirubin', NULL, 'Diazo End Point', 'S', 'S', 1, 0, 1, 0, 2, 0, NULL, 1, 1, '2024-07-09 22:03:14', '2024-07-09 22:03:14', NULL),
(19, 27, 24, 'LPR19', 'Indirect Bilirubin', NULL, 'Calculation', 'S', 'S', 1, 0, 1, 0, NULL, 0, NULL, 1, 1, '2024-07-09 22:04:53', '2024-07-09 22:04:53', NULL),
(20, 27, 24, 'LPR20', 'SGOT/AST', 'AGOT/AST', 'IFCC without P5P', 'S', 'S', 0, 0, 1, 0, NULL, 0, NULL, 1, 1, '2024-07-10 15:36:38', '2024-07-10 15:36:38', NULL),
(21, 27, 24, 'LPR21', 'SGPT/ALT', 'SGPT/ALT', 'IFCC without P5P', 'S', 'S', 0, 0, 1, 0, NULL, 0, NULL, 1, 1, '2024-07-10 15:38:57', '2024-07-10 15:38:57', NULL),
(22, 27, 24, 'LPR22', 'ALKALINE PHOSPHATASE', 'ALKALINE PHOSPHATASE', 'ALP-AMPEND POINT', 'S', 'S', 0, 0, 1, 0, NULL, 0, NULL, 1, 1, '2024-07-10 15:40:04', '2024-07-10 15:40:04', NULL),
(23, 27, 24, 'LPR23', 'TOTAL PROTEIN', 'TOTAL PROTEIN', 'BIURET', 'S', 'S', 0, 0, 1, 0, NULL, 0, NULL, 1, 1, '2024-07-10 15:41:43', '2024-07-10 15:41:43', NULL),
(24, 13, 13, 'LPR24', 'ALBUMIN', 'ALBUMIN', 'HEAT & ACID TEST METHOD', 'S', 'S', 0, 0, 1, 0, NULL, 0, NULL, 1, 1, '2024-07-10 15:42:26', '2024-07-10 15:42:26', NULL),
(25, 27, 24, 'LPR25', 'GLOBULIN', 'GLOBULIN', 'CALCULATION', 'S', 'S', 0, 0, 1, 0, NULL, 0, NULL, 1, 1, '2024-07-10 15:43:30', '2024-07-10 15:43:30', NULL),
(26, 27, 24, 'LPR26', 'A/G RATIO', 'A/G RATIO', NULL, 'S', 'S', 0, 0, 1, 0, NULL, 0, NULL, 1, 1, '2024-07-10 15:43:57', '2024-07-10 15:43:57', NULL),
(30, 13, 13, 'LPR27', 'HAEMOGLOBIN', 'HAEMOGLOBIN', 'SLS METHOD', 'S', 'S', 1, 0, 1, 0, 2, 0, NULL, 1, 1, '2024-07-11 06:19:37', '2024-07-11 06:19:37', NULL),
(37, 13, 13, 'LPR31', 'NEUTROPHILS', 'NEUTROPHILS', NULL, 'S', 'S', 1, 0, 1, 0, 2, 0, NULL, 1, 1, '2024-07-11 06:29:43', '2024-07-11 06:29:43', NULL),
(38, 13, 13, 'LPR38', 'T.WBC', 'T.WBC', 'LIGHT MICROSCOPY', 'S', 'S', 1, 0, 1, 0, 2, 0, NULL, 1, 1, '2024-07-11 06:32:12', '2024-07-11 06:32:12', NULL),
(39, 13, 13, 'LPR39', 'LYMPHOCYTES', 'LYMPHOCYTES', 'VCS/LIGHT MICROSCOPY', 'S', 'S', 1, 0, 1, 0, 2, 0, NULL, 1, 1, '2024-07-11 06:36:10', '2024-07-11 06:36:10', NULL),
(40, 13, 13, 'LPR40', 'MONOCYTES', 'MONOCYTES', 'VCS/LIGHT MICROSCOPY', 'S', 'S', 1, 0, 1, 0, 2, 0, NULL, 1, 1, '2024-07-11 06:37:31', '2024-07-11 06:37:31', NULL),
(41, 13, 13, 'LPR41', 'EOSINOPHILS', 'EOSINOPHILS', 'VCS/LIGHT MICROSCOPY', 'S', 'S', 1, 0, 1, 0, 2, 0, NULL, 1, 1, '2024-07-11 06:38:59', '2024-07-11 06:38:59', NULL),
(42, 13, 13, 'LPR42', 'BASOPHIS', 'BASOPHIS', 'VCS/LIGHT MICROSCOPY', 'S', 'S', 1, 0, 1, 0, NULL, 0, NULL, 1, 1, '2024-07-11 06:40:30', '2024-07-11 12:01:16', NULL),
(43, 13, 13, 'LPR43', 'T.RBC', 'T.RBC', 'LIGHT MICROSCOPY', 'S', 'S', 1, 0, 1, 0, 2, 0, NULL, 1, 1, '2024-07-11 06:41:58', '2024-07-11 06:41:58', NULL),
(44, 13, 13, 'LPR44', 'PLATELET COUNT', 'PLATELET COUNT', 'IMPEDANCE/LIGHT MICROSCOPY', 'S', 'S', 1, 0, 1, 0, 2, 0, NULL, 1, 1, '2024-07-11 06:45:36', '2024-07-11 06:45:36', NULL),
(45, 13, 13, 'LPR45', 'Haemotocrit(PCV)', 'Haemotocrit(PCV)', 'Impedence', 'S', 'S', 1, 0, 1, 0, 2, 0, NULL, 1, 1, '2024-07-12 22:15:02', '2024-07-12 22:15:02', NULL),
(46, 13, 13, 'LPR46', 'Mean Cell Haemoglobin (MCH)', 'Mean Cell Haemoglobin (MCH)', 'CALCULATION', 'S', 'S', 1, 0, 1, 0, 2, 0, NULL, 1, 1, '2024-07-13 08:32:36', '2024-07-13 08:32:36', NULL),
(47, 13, 13, 'LPR47', 'Mean Cell Haemoglobin Concentration (MCHC)', 'Mean Cell Haemoglobin Concentration (MCHC)', 'VCS/LIGHT MICROSCOPY', 'S', 'S', 1, 0, 1, 0, 2, 0, NULL, 1, 1, '2024-07-13 08:36:10', '2024-07-13 08:36:10', NULL),
(48, 27, 24, 'LPR48', 'USES', 'USES', 'USES', 'S', 'S', 1, 0, 1, 0, 2, 0, NULL, 1, 1, '2024-07-13 09:13:06', '2024-07-13 09:13:06', NULL),
(49, 27, 24, 'LPR49', 'CREATRINE', 'CREATRINE', 'ENGMATIC', 'S', 'S', 1, 0, 1, 0, 2, 0, NULL, 1, 1, '2024-07-13 09:15:38', '2024-07-13 09:15:38', NULL),
(50, 27, 24, 'LPR50', 'URIC ACID', 'URIC ACID', 'URICARE', 'S', 'S', 1, 0, 1, 0, 2, 0, NULL, 1, 1, '2024-07-13 09:17:16', '2024-07-13 09:17:16', NULL),
(51, 27, 24, 'LPR51', 'CALCIUM', 'CALCIUM', 'CALCIUM', 'S', 'S', 1, 0, 1, 0, 2, 0, NULL, 1, 1, '2024-07-13 09:18:32', '2024-07-13 09:18:32', NULL),
(52, 27, 24, 'LPR52', 'SODIUM', 'SODIUM', 'ISE', 'S', 'S', 1, 0, 1, 0, 2, 0, NULL, 1, 1, '2024-07-13 09:20:20', '2024-07-13 09:20:20', NULL),
(53, 27, 24, 'LPR53', 'POTASIUM', 'POTASIUM', 'INDIRECT ISE', 'S', 'S', 1, 0, 1, 0, 2, 0, NULL, 1, 1, '2024-07-13 09:21:41', '2024-07-13 09:21:41', NULL),
(54, 27, 24, 'LPR54', 'CHLORIDE', 'CHLORIDE', 'ISE', 'S', 'S', 1, 0, 1, 0, 2, 0, NULL, 1, 1, '2024-07-13 09:23:20', '2024-07-13 09:23:20', NULL),
(55, 27, 24, 'LPR55', 'PHOSPHORUS', 'PHOSPHORUS', 'AMMONIUM', 'S', 'S', 1, 0, 1, 0, 2, 0, NULL, 1, 1, '2024-07-13 09:24:39', '2024-07-13 09:24:39', NULL),
(56, 16, 7, 'LPR56', 'HIV I', 'HIVI', NULL, 'S', 'S', 0, 0, 1, 0, NULL, 0, NULL, 1, 1, '2024-07-13 09:32:56', '2024-07-13 09:57:23', NULL),
(57, 16, 7, 'LPR57', 'HIV II', 'HIV II', NULL, 'S', 'S', 0, 0, 1, 0, NULL, 0, NULL, 1, 1, '2024-07-13 09:33:14', '2024-07-13 09:33:14', NULL),
(58, 16, 7, 'LPR58', 'HBs Ag', 'HBs Ag', NULL, 'S', 'S', 0, 0, 1, 0, NULL, 0, NULL, 1, 1, '2024-07-13 09:54:04', '2024-07-13 09:54:04', NULL),
(59, 16, 7, 'LPR59', 'HCV', 'HCV', NULL, 'S', 'S', 0, 0, 1, 0, NULL, 0, NULL, 1, 1, '2024-07-13 09:54:28', '2024-07-13 09:54:28', NULL),
(60, 16, 7, 'LPR60', 'NOTE', 'NOTE', NULL, 'S', 'S', 0, 0, 1, 0, NULL, 0, NULL, 1, 1, '2024-07-13 09:55:43', '2024-07-13 09:55:43', NULL),
(62, 13, 62, 'LPR61', 'TEST BLOOD', 'TEST BLOOD', 'BLOOD', 'S', 'S', 1, 0, 1, 0, NULL, 0, NULL, 1, 1, '2024-07-16 13:42:01', '2025-05-09 08:58:04', NULL);

-- --------------------------------------------------------

--
-- Table structure for table `parameter_units`
--

CREATE TABLE `parameter_units` (
  `id` bigint(20) UNSIGNED NOT NULL,
  `name` varchar(100) NOT NULL,
  `created_at` timestamp NULL DEFAULT NULL,
  `updated_at` timestamp NULL DEFAULT NULL,
  `deleted_at` timestamp NULL DEFAULT NULL
) ENGINE=InnoDB DEFAULT CHARSET=utf8mb4 COLLATE=utf8mb4_unicode_ci;

--
-- Dumping data for table `parameter_units`
--

INSERT INTO `parameter_units` (`id`, `name`, `created_at`, `updated_at`, `deleted_at`) VALUES
(1, 'ml', NULL, NULL, NULL),
(2, 'mgbl', NULL, NULL, NULL);

-- --------------------------------------------------------

--
-- Table structure for table `parameter_values`
--

CREATE TABLE `parameter_values` (
  `id` bigint(20) UNSIGNED NOT NULL,
  `parameter_id` bigint(20) UNSIGNED NOT NULL,
  `parameter_unit_id` bigint(20) UNSIGNED DEFAULT NULL,
  `symbol_id` bigint(20) UNSIGNED DEFAULT NULL,
  `gender` varchar(10) DEFAULT NULL,
  `min_age` varchar(2) DEFAULT NULL,
  `min_age_uom` varchar(100) DEFAULT NULL,
  `max_age` varchar(2) DEFAULT NULL,
  `max_age_uom` varchar(100) DEFAULT NULL,
  `min_range` varchar(5) DEFAULT NULL,
  `max_range` varchar(5) DEFAULT NULL,
  `normal_range` varchar(50) DEFAULT NULL,
  `min_critical` varchar(50) DEFAULT NULL,
  `max_critical` varchar(5) DEFAULT NULL,
  `description` varchar(255) DEFAULT NULL,
  `created_at` timestamp NULL DEFAULT NULL,
  `updated_at` timestamp NULL DEFAULT NULL,
  `deleted_at` timestamp NULL DEFAULT NULL
) ENGINE=InnoDB DEFAULT CHARSET=utf8mb4 COLLATE=utf8mb4_unicode_ci;

--
-- Dumping data for table `parameter_values`
--

INSERT INTO `parameter_values` (`id`, `parameter_id`, `parameter_unit_id`, `symbol_id`, `gender`, `min_age`, `min_age_uom`, `max_age`, `max_age_uom`, `min_range`, `max_range`, `normal_range`, `min_critical`, `max_critical`, `description`, `created_at`, `updated_at`, `deleted_at`) VALUES
(1, 13, 1, 1, 'Male', '11', '1', '55', '1', '50', '75', '60', '45', NULL, 'desc', NULL, NULL, NULL),
(2, 15, 1, 1, 'Male', '10', '1', '20', '1', '100', '200', '120', '85', '205', 'SGOT-param1-Val', NULL, NULL, NULL),
(3, 17, 2, 1, 'Male', NULL, NULL, NULL, NULL, '0.3', '1.2', NULL, NULL, NULL, NULL, NULL, NULL, NULL),
(4, 18, 2, 1, 'Male', NULL, '1', NULL, '1', '0.0', '0.2', '0.0 -  0.2 mg/dl', NULL, NULL, NULL, NULL, NULL, NULL),
(5, 30, 2, 1, NULL, NULL, NULL, NULL, NULL, '7.6', '15.0', '12.0 - 15.0 BM%', NULL, NULL, NULL, NULL, NULL, NULL),
(6, 37, 2, 2, NULL, NULL, NULL, NULL, NULL, '40', '70', '40-70', NULL, NULL, NULL, NULL, NULL, NULL),
(7, 38, 2, 1, NULL, NULL, NULL, NULL, NULL, '4000', '11000', '4000-11000', NULL, NULL, NULL, NULL, NULL, NULL),
(8, 39, 2, 1, NULL, NULL, NULL, NULL, NULL, '20', '40', '20-40', NULL, NULL, NULL, NULL, NULL, NULL),
(9, 40, 2, 1, NULL, NULL, NULL, NULL, NULL, '2', '10', '2-10%', NULL, NULL, NULL, NULL, NULL, NULL),
(10, 41, 2, 1, NULL, NULL, NULL, NULL, NULL, '1', '6', '1-6%', NULL, NULL, NULL, NULL, NULL, NULL),
(11, 42, 2, 1, NULL, NULL, NULL, NULL, NULL, '0', '1', '0-1%', NULL, NULL, NULL, NULL, NULL, NULL),
(12, 43, 2, 1, NULL, NULL, NULL, NULL, NULL, '45', '55', '45-55%', NULL, NULL, NULL, NULL, NULL, NULL),
(13, 44, 2, 1, NULL, NULL, NULL, NULL, NULL, '1.5', '4.0', '1.5-4.0LAKHS/CUMM', NULL, NULL, NULL, NULL, NULL, NULL),
(15, 4, NULL, NULL, NULL, NULL, NULL, NULL, NULL, '10', '50', NULL, NULL, NULL, NULL, NULL, NULL, NULL),
(16, 45, 2, NULL, NULL, NULL, NULL, NULL, NULL, '36.0', '46.0', '36.0-46.0', NULL, NULL, NULL, NULL, NULL, NULL),
(17, 46, 2, NULL, NULL, NULL, NULL, NULL, NULL, '80', '97', '80-97FL', NULL, NULL, NULL, NULL, NULL, NULL),
(18, 47, 2, NULL, NULL, NULL, NULL, NULL, NULL, '31.5', '35.0', '31.5-35.0GMS%', NULL, NULL, NULL, NULL, NULL, NULL),
(19, 48, 2, NULL, NULL, NULL, NULL, NULL, NULL, '10', '40', '10-40MG/DL', NULL, NULL, NULL, NULL, NULL, NULL),
(20, 49, 2, NULL, NULL, NULL, NULL, NULL, NULL, '0.6', '1.2', '0.6-1.2MG/DL', NULL, NULL, NULL, NULL, NULL, NULL),
(21, 50, 2, NULL, NULL, NULL, NULL, NULL, NULL, '26', '60', '26-6-MG/DL', NULL, NULL, NULL, NULL, NULL, NULL),
(22, 51, 2, NULL, NULL, NULL, NULL, NULL, NULL, '0.4', '10.4', '0.4-10.4MG/DL', NULL, NULL, NULL, NULL, NULL, NULL),
(23, 52, 2, NULL, NULL, NULL, NULL, NULL, NULL, '136', '146', '136-146mEg/l', NULL, NULL, NULL, NULL, NULL, NULL),
(24, 53, 2, NULL, NULL, NULL, NULL, NULL, NULL, '3.6', '5.1', '3.6-5.1MML/L', NULL, NULL, NULL, NULL, NULL, NULL),
(25, 54, 2, NULL, NULL, NULL, NULL, NULL, NULL, '98', '106', '98-106mEqL/L', NULL, NULL, NULL, NULL, NULL, NULL),
(26, 55, 2, NULL, NULL, NULL, NULL, NULL, NULL, '2.5', '4.6', '2.5-4.6MGDL', NULL, NULL, NULL, NULL, NULL, NULL),
(27, 61, 2, NULL, NULL, NULL, NULL, NULL, NULL, '31', '45', '31-45MG/DL', NULL, NULL, NULL, NULL, NULL, NULL),
(28, 62, 2, NULL, NULL, NULL, NULL, NULL, NULL, '31', '45', '31-45MG/DL', NULL, NULL, NULL, NULL, NULL, NULL);

-- --------------------------------------------------------

--
-- Table structure for table `password_resets`
--

CREATE TABLE `password_resets` (
  `email` varchar(255) NOT NULL,
  `token` varchar(255) NOT NULL,
  `created_at` timestamp NULL DEFAULT NULL
) ENGINE=InnoDB DEFAULT CHARSET=utf8mb4 COLLATE=utf8mb4_unicode_ci;

-- --------------------------------------------------------

--
-- Table structure for table `password_reset_tokens`
--

CREATE TABLE `password_reset_tokens` (
  `email` varchar(255) NOT NULL,
  `token` varchar(255) NOT NULL,
  `created_at` timestamp NULL DEFAULT NULL
) ENGINE=InnoDB DEFAULT CHARSET=utf8mb4 COLLATE=utf8mb4_unicode_ci;

-- --------------------------------------------------------

--
-- Table structure for table `patients`
--

CREATE TABLE `patients` (
  `id` bigint(20) UNSIGNED NOT NULL,
  `registration_no` varchar(20) DEFAULT NULL,
  `password` varchar(255) NOT NULL,
  `registration_date` date DEFAULT NULL,
  `name` varchar(30) DEFAULT NULL COMMENT 'full name of the patient',
  `email` varchar(30) DEFAULT NULL,
  `mobile` varchar(12) DEFAULT NULL,
  `dob` date DEFAULT NULL COMMENT 'numbers only',
  `age` varchar(100) DEFAULT NULL,
  `address` varchar(255) DEFAULT NULL,
  `village_id` bigint(20) DEFAULT NULL,
  `pincode` varchar(10) DEFAULT NULL,
  `father_name` varchar(30) DEFAULT NULL,
  `mother_name` varchar(30) DEFAULT NULL,
  `patient_type_id` bigint(20) UNSIGNED NOT NULL,
  `title_id` bigint(20) UNSIGNED NOT NULL,
  `gender_id` bigint(20) UNSIGNED NOT NULL,
  `marital_id` bigint(20) UNSIGNED NOT NULL,
  `bloodgroup_id` bigint(20) UNSIGNED DEFAULT NULL,
  `religion_id` bigint(20) UNSIGNED NOT NULL,
  `occupation_id` bigint(20) UNSIGNED NOT NULL,
  `nationality_id` bigint(20) UNSIGNED NOT NULL,
  `relation_id` bigint(20) UNSIGNED NOT NULL,
  `is_rural` tinyint(1) NOT NULL DEFAULT 0,
  `remarks` varchar(255) DEFAULT NULL,
  `created_by_id` bigint(20) UNSIGNED DEFAULT NULL,
  `updated_by_id` bigint(20) UNSIGNED DEFAULT NULL,
  `created_at` timestamp NULL DEFAULT NULL,
  `updated_at` timestamp NULL DEFAULT NULL,
  `deleted_at` timestamp NULL DEFAULT NULL,
  `identification_no` varchar(20) DEFAULT NULL,
  `id_type_id` bigint(20) UNSIGNED DEFAULT NULL
) ENGINE=InnoDB DEFAULT CHARSET=utf8mb4 COLLATE=utf8mb4_unicode_ci;

--
-- Dumping data for table `patients`
--

INSERT INTO `patients` (`id`, `registration_no`, `password`, `registration_date`, `name`, `email`, `mobile`, `dob`, `age`, `address`, `village_id`, `pincode`, `father_name`, `mother_name`, `patient_type_id`, `title_id`, `gender_id`, `marital_id`, `bloodgroup_id`, `religion_id`, `occupation_id`, `nationality_id`, `relation_id`, `is_rural`, `remarks`, `created_by_id`, `updated_by_id`, `created_at`, `updated_at`, `deleted_at`, `identification_no`, `id_type_id`) VALUES
(1, 'UMR2403071', '$2y$10$BT213yAakc0aafVJGHq5Ie2U5KwfNEkn/3C53b4jErIuy.2vVXyry', '2024-03-07', 'Nitin', 'Nitin', NULL, '2003-03-07', '21 years, 0 months and 0 days', 'Jamuhar', NULL, NULL, 'Neel', NULL, 1, 1, 1, 1, 1, 1, 1, 1, 1, 0, NULL, 1, NULL, '2024-03-06 22:47:46', '2024-03-06 22:47:46', NULL, NULL, 0),
(2, 'UMR2403082', '$2y$10$wvqrZqszPLnufujLYzoH5OU/.qN4X2Pp1XoDQuhv6qe5GVANQiQPy', '2024-03-08', 'Rajesh', 'Rajesh', NULL, '1994-03-08', '30 years, 0 months and 0 days', 'Jamuhar', NULL, NULL, 'Ritesh', NULL, 1, 1, 1, 1, 1, 1, 1, 1, 1, 0, NULL, 1, NULL, '2024-03-08 17:08:13', '2024-03-08 17:08:13', NULL, NULL, 0),
(3, 'UMR2403153', '$2y$10$o1JWmU6tYbEN2hGPNDoe8ei.dvpqvSeRBaJn35YY/F0zoZ6r/IdrW', '2024-03-15', 'Rajeev Singh', 'Rajeev Singh', NULL, '1994-03-15', '30 years, 0 months and 0 days', 'Jamuhar', NULL, NULL, 'Ramesh Singh', NULL, 1, 1, 2, 2, 1, 1, 1, 1, 1, 0, NULL, 1, NULL, '2024-03-15 10:53:17', '2024-03-15 10:53:17', NULL, NULL, 0),
(4, 'UMR2403154', '$2y$10$HymIRY8ueDtlbjBsASb3wulfVkOvbVafM3lTOjpuaWoT4r2MZCfui', '2024-03-15', 'Amrendra Kumar', 'Amrendra Kumar', '8578003031', '1989-03-15', '35 years, 0 months and 0 days', 'Dehri On Sone', NULL, NULL, 'Lt. Chaturbhuj Mishra', NULL, 1, 1, 1, 2, 1, 1, 1, 1, 1, 0, NULL, 1, NULL, '2024-03-15 12:20:59', '2024-03-15 12:20:59', NULL, NULL, 0),
(5, 'UMR2403155', '$2y$10$smIY16/WD3E02ixeTGhibesBR0dFEIf3Iu4UdqXrZG4x3XFPrlwfG', '2024-03-15', 'dhiraj bhatt', 'dhiraj bhatt', '78782995645', '1989-03-15', '35 years, 0 months and 0 days', 'NMCH', NULL, NULL, 'Lt. Triloki Prashad', NULL, 1, 1, 1, 2, 1, 1, 1, 1, 1, 0, NULL, 1, NULL, '2024-03-15 17:41:10', '2024-03-15 17:41:10', NULL, NULL, 0),
(6, 'UMR2403166', '$2y$10$GVwOoWbEmn6kjNN2VnMlxOdDaJ7TKVXXseoDlz.WzMBw8K6lgxNlO', '2024-03-16', 'maharshi sharma', 'maharshi sharma', '0121258957', '1996-03-16', '28 years, 0 months and 0 days', 'karwandia', NULL, NULL, 'sharma', NULL, 1, 1, 1, 2, 1, 1, 1, 1, 1, 0, NULL, 1, NULL, '2024-03-16 10:46:30', '2024-03-16 10:46:30', NULL, NULL, 0),
(7, 'UMR2403197', '$2y$10$1h.Dzjaj2IbZ7QJhgHP19eo/TJfkY4wm5jd9jkeI/jCrE0OANLBHW', '2024-03-19', 'Rakesh Singh', 'Rakesh Singh', '8578003031', '1989-03-19', '35 years, 0 months and 0 days', 'NMC', NULL, NULL, 'ABC', NULL, 1, 1, 1, 1, 2, 1, 1, 1, 1, 0, NULL, 1, NULL, '2024-03-19 11:22:45', '2024-03-19 11:22:45', NULL, NULL, 0),
(8, 'UMR2404068', '$2y$10$/pp7bcnMm6kGO3TOycof1enrwNgGsrj9smpLdF2xzbWsSzUo2QDse', '2024-04-06', 'Shashi Kumar', 'Shashi Kumar', '8767457634', '1981-04-06', '43 years, 0 months and 0 days', 'Ward no-36, Barah Pathar', NULL, NULL, 'vinod prasad', 'savitri devi', 1, 1, 1, 1, 4, 1, 1, 1, 1, 0, NULL, 1, NULL, '2024-04-06 10:05:29', '2024-04-06 10:05:29', NULL, NULL, 0),
(9, 'UMR2404119', '$2y$10$b21pdDHk/O6oOJRJkrt.N.JoJ4B8HQ8IoByjIcTsDzaBbK4KHHEHm', '2024-04-11', 'Rajan', 'Rajan', '8798675645', '1992-04-11', '32 years, 0 months and 0 days', 'WARD NO-32, TRIGUN MODE, NEAR SEVA SADAN,', NULL, NULL, 'Ram Singh', NULL, 1, 1, 1, 1, 3, 1, 1, 1, 1, 0, NULL, 1, NULL, '2024-04-11 21:42:24', '2024-04-11 21:42:24', NULL, NULL, 0),
(10, 'UMR24041210', '$2y$10$yxxSXBfqa0ZIkr/8Y6iPM.yj/cGDTL2QwRep44vcSzoCnkj5v/nNS', '2024-04-12', 'Maharshi Sharma', 'Maharshi Sharma', '8252505878', '1993-04-12', '31 years, 0 months and 0 days', 'Parasiya, ', NULL, NULL, 'Lt. Jagnarayan Sharma', NULL, 1, 1, 1, 2, 1, 1, 3, 1, 1, 0, NULL, 1, NULL, '2024-04-12 10:00:33', '2024-04-12 10:00:33', NULL, NULL, 0),
(11, 'UMR24042711', '$2y$10$ZIAcB2PXQGIc/ne8e0vLkOYC4Gty19qgDQNTOTvoVC7yQz2JWTmoW', '2024-04-27', 'Bishnu Prasad ', 'Bishnu Prasad ', '8767876756', '1981-04-27', '43 years, 0 months and 0 days', 'Sasaram', NULL, NULL, 'GangaRam Singh', NULL, 1, 1, 1, 1, 2, 1, 1, 1, 1, 0, NULL, 1, NULL, '2024-04-27 09:31:09', '2024-04-27 09:31:09', NULL, NULL, 0),
(12, 'UMR24051312', '$2y$10$OFFxLt8p56u2SBey1v5qL.mZnM/lT8ftER343/SD8J5yXq4qn3G..', '2024-05-13', 'Avinash', 'Avinash', NULL, '1999-05-13', '25 years, 0 months and 0 days', 'Jamuhar', NULL, NULL, 'Naveen', NULL, 1, 1, 1, 1, 5, 1, 1, 1, 1, 0, NULL, 1, NULL, '2024-05-13 20:48:11', '2024-05-13 20:48:11', NULL, NULL, 0),
(13, 'UMR24051313', '$2y$10$QliYMsUaTj7qXhf4Rr3bfeDD5fzbXUhmrMLsVCEpsMcBGo4NCIgEO', '2024-05-13', 'Tarkesh', 'Tarkesh', NULL, '1994-05-13', '30 years, 0 months and 0 days', 'Jamuhar', NULL, NULL, 'Rameshar', NULL, 1, 1, 1, 1, 2, 1, 1, 1, 1, 0, NULL, 1, NULL, '2024-05-13 20:57:50', '2024-05-13 20:57:50', NULL, NULL, 0),
(14, 'UMR24051314', '$2y$10$3g2CZ9fAHlNc7sOTvLojZe1NzwRoeKV5h5O9QLOuVdoO9C7uKYpmS', '2024-05-13', 'Ritesh', 'Ritesh', NULL, '2004-05-13', '20 years, 0 months and 0 days', 'Jamuhar', NULL, NULL, 'test', NULL, 1, 1, 1, 1, 1, 1, 1, 1, 1, 0, NULL, 1, NULL, '2024-05-13 21:58:16', '2024-05-13 21:58:16', NULL, NULL, 0),
(15, 'UMR24052315', '$2y$10$psXWGT5GaWmFQLXdxGHLiuF1Y5bR851rooIkdnN7KUmkQ6dElFSP6', '2024-05-23', 'Nimit', 'Nimit', NULL, '1994-05-23', '30 years, 0 months and 0 days', 'Jamuhar', NULL, NULL, 'Hardeep', NULL, 1, 1, 1, 1, 1, 1, 1, 1, 1, 0, NULL, 1, NULL, '2024-05-23 22:51:46', '2024-05-23 22:51:46', NULL, NULL, 0),
(16, 'UMR24052616', '$2y$10$QE47.vXGcEjL1LmNepvZ4eRwbfhPdTOTYUfS4hwaOK2KrDs8Qwsia', '2024-05-26', 'Jameel Akhtar', 'Jameel Akhtar', '7656453423', '1979-05-26', '45 years, 0 months and 0 days', 'Sasaram, Bihar', NULL, NULL, 'Mahmud Akhtar', 'Sabana Bano', 1, 1, 1, 1, 3, 1, 1, 1, 1, 0, NULL, 1, NULL, '2024-05-26 17:17:26', '2024-05-26 17:17:26', NULL, NULL, 0),
(17, 'UMR24053017', '$2y$10$FGcrCvHZa2V/Zsfi0CO.5OwZk1w8eT.WxikrsijwpRyrS6gsrVA5q', '2024-05-30', 'Dhirendra', 'Dhirendra', NULL, '1992-05-30', '32 years, 0 months and 0 days', 'Jamuhar', NULL, NULL, 'Dhirendra', NULL, 1, 2, 1, 1, 2, 1, 1, 1, 1, 0, NULL, 1, NULL, '2024-05-30 18:03:36', '2024-05-30 18:03:36', NULL, NULL, 0),
(18, 'UMR24062618', '$2y$10$A/Z2LKnDH3JZpGN6gDMELe8NVG.8oMy1Mm1gJMzCl7YLs1slaP7bO', '2024-06-26', 'Sanoj Kumar', 'Sanoj Kumar', '9470820960', '1984-06-26', '40 years, 0 months and 0 days', 'Aurangabad', NULL, NULL, 'Sri dukhharan Paswan', NULL, 1, 1, 1, 2, 3, 1, 1, 1, 1, 0, NULL, 1, NULL, '2024-06-26 11:36:19', '2024-06-26 11:36:19', NULL, NULL, 0),
(19, 'UMR24070919', '$2y$10$m5Fwh3mwapiu02eT1km3X.WhJYw/y9ogKY60FHV8vdkt8S6cioA/q', '2024-07-09', 'Ram Suresh Sharma', 'Ram Suresh Sharma', '8544425030', '1969-07-09', '55 years, 0 months and 0 days', 'NMCH', NULL, NULL, 'Ram Naresh Singh', NULL, 1, 1, 1, 2, 1, 1, 1, 1, 1, 0, NULL, 1, NULL, '2024-07-09 15:54:48', '2024-07-09 15:54:48', NULL, NULL, 0),
(20, 'UMR24071220', '$2y$10$6dZjHgOYEFDuNb2qJQlCwuar6dHBDJZuCCYjlZFiI9V3Xhtk0wLhK', '2024-07-12', 'Seema Devi', 'Seema Devi', '9867876541', '1992-07-12', '32 years, 0 months and 0 days', 'Sasaram', NULL, NULL, 'Shyam Yadav', 'Reeta Yadav', 1, 1, 2, 2, 3, 1, 1, 1, 1, 0, NULL, 1, NULL, '2024-07-12 09:28:20', '2024-07-12 09:28:20', NULL, NULL, 0),
(21, 'UMR24071321', '$2y$10$4LIV8vAeJWceexi2L3MSGeN3QDUiQBOpSBbGvT8Bl7MFbc0jvk0p6', '2024-07-13', 'UMESH PRAJAPATI', 'UMESH PRAJAPATI', '8798675645', '1990-07-13', '34 years, 0 months and 0 days', 'SASARAM', NULL, NULL, 'DINESH PRAJAPATI', 'GEETA DEVI', 1, 1, 1, 1, 4, 1, 1, 1, 1, 0, NULL, 1, NULL, '2024-07-13 08:44:25', '2024-07-13 08:44:25', NULL, NULL, 0),
(22, 'UMR24071522', '$2y$10$vg/qtr6VQJOaHX4MgyU2i.dXUd6Y8ytFTdjIgNQWExONOZDZH5ZHC', '2024-07-15', 'VAIBHAV KUMAR', 'VAIBHAV KUMAR', '8798675645', '1992-07-15', '32 years, 0 months and 0 days', 'SASARAM', NULL, NULL, 'RAMU SINGH', 'REETA DEVI', 1, 1, 1, 1, 3, 1, 1, 1, 1, 0, NULL, 1, NULL, '2024-07-15 11:55:38', '2024-07-15 11:55:38', NULL, NULL, 0),
(23, 'UMR24071523', '$2y$10$1mLUEXiZHwKenw8I.6vVV.ornNMs6eV8wWqKZG19BNESKjeUbGFHq', '2024-07-15', 'SEEMA DEVI', 'SEEMA DEVI', '9878564534', '1991-07-15', '33 years, 0 months and 0 days', 'SASARAM', NULL, NULL, 'SHYAM YADAV', 'SHUSHILA DEVI', 1, 1, 2, 2, 3, 1, 1, 1, 1, 0, NULL, 1, NULL, '2024-07-15 12:06:39', '2024-07-15 12:06:39', NULL, NULL, 0),
(24, 'UMR24071524', '$2y$10$I9VspspO2Y1/I5WRO17ia.WWQzzhldLXKJWnUItB0pDWmZtDuPVNu', '2024-07-15', 'Rinku', 'Rinku', NULL, '2004-07-15', '20 years, 0 months and 0 days', 'Jamuhar', NULL, NULL, 'Rakesh', NULL, 1, 1, 1, 1, NULL, 1, 1, 1, 1, 0, NULL, 1, NULL, '2024-07-15 14:55:41', '2024-07-15 14:55:41', NULL, NULL, 0),
(25, 'UMR24071625', '$2y$10$nPQ3x1Yv1xXWaw58aEdzHeMPjC6zHCiSb4M7.BER5qXcjx/JDPxPG', '2024-07-16', 'dhiraj kumar', 'dhiraj kumar', '8578003039', '1989-07-16', '35 years, 0 months and 0 days', 'NMCH', NULL, NULL, 'LT. TRILOK PRASAD', NULL, 1, 1, 1, 2, 1, 1, 4, 1, 1, 0, NULL, 1, NULL, '2024-07-16 09:23:30', '2024-07-16 09:23:30', NULL, NULL, 0),
(26, 'UMR24071926', '$2y$10$lV8fEDLXCwEYg/yZVHR.z.xyD3kK9opvAbwbI1btIB/oP50TBESHi', '2024-07-19', 'Test', 'Test', NULL, '2009-07-19', '15 years, 0 months and 0 days', 'jamuhar', NULL, NULL, 'D P', NULL, 1, 1, 1, 1, NULL, 1, 1, 1, 1, 0, NULL, 1, NULL, '2024-07-19 03:25:40', '2024-07-19 03:25:40', NULL, NULL, 0),
(27, 'UMR24071927', '$2y$10$p6cAFFsTU152lB8BFIrCFeAYZqzAck3cY9Ro0qZHammbSWqiTwHUi', '2024-07-19', 'Ajay', 'Ajay', NULL, '1984-07-19', '40 years, 0 months and 0 days', 'jamuhar', NULL, NULL, 'DP', NULL, 1, 1, 1, 1, NULL, 1, 1, 1, 1, 0, NULL, 1, NULL, '2024-07-19 11:39:48', '2024-07-19 11:39:48', NULL, NULL, 0),
(28, 'UMR24072128', '$2y$10$WrKQ3kiJfATmDT3Qy4id5ubSam8yzG3NqPNcp0KCgNAY4WnowA6N6', '2024-07-21', 'Ajay After api', 'Ajay After api', NULL, '1992-07-21', '32 years, 0 months and 0 days', 'test', NULL, NULL, 'D P', NULL, 1, 1, 1, 1, NULL, 1, 1, 1, 1, 0, NULL, 1, NULL, '2024-07-21 05:37:46', '2024-07-21 05:37:46', NULL, NULL, 0),
(29, 'UMR24072129', '$2y$10$nPsYjJ/3o/qizlv.VsDnb.LsaVttbt49fc6uOQdZmLV3XjLZ7qouO', '2024-07-21', 'final Test', 'final Test', NULL, '1999-07-21', '25 years, 0 months and 0 days', 'POKHARIYA, Block-ARARIA , District-ARARIA ,BIHAR', 24, NULL, 'DP', NULL, 1, 1, 1, 1, NULL, 1, 1, 1, 1, 0, NULL, 1, NULL, '2024-07-21 12:11:28', '2024-07-21 12:11:28', NULL, NULL, 0),
(30, 'UMR24072130', '$2y$10$zrlndlBQqX/NE/Ooxxtwee.T8Gtw0ICe4wnf1b4VrtJ1NbKGLxZAG', '2024-07-21', 'ajay reg only', 'ajay reg only', NULL, '1994-07-21', '30 years, 0 months and 0 days', 'POKHARIYA, Block-ARARIA , District-ARARIA ,BIHAR', 24, NULL, 'DP', NULL, 1, 1, 2, 1, NULL, 1, 1, 1, 1, 0, NULL, 1, NULL, '2024-07-21 12:28:56', '2024-07-21 12:28:56', NULL, NULL, 0),
(31, 'UMR24072631', '$2y$10$klS0w9Sg8AJA1PxYV4gT1uG3Yo1J7FUVkvKCKKoVXijJwKcAY0bqO', '2024-07-26', 'ajay', 'ajay', '8052256423', '1980-07-17', '44 years, 0 months and 9 days', 'PURANI (SOUTH), Block-JAGDISHPUR, District-BHAGALPUR ,BIHAR', 984, NULL, 'S P', 'test', 2, 1, 2, 2, 1, 1, 1, 2, 2, 0, NULL, 1, NULL, '2024-07-26 06:08:36', '2024-07-26 06:08:36', NULL, NULL, 0),
(32, 'UMR24072632', '$2y$10$21tQ9tjS.updVIEvwKTQiOwBZsMYGzbY.4BpU6zy5NQoAoC40SU2m', '2024-07-26', 'ajay', 'ajay', NULL, '1980-07-17', '44 years, 0 months and 9 days', 'JAMUNIA, Block-GAUNAHA, District-WEST CHAMPARAN ,BIHAR', 8274, NULL, 'DP', NULL, 1, 1, 1, 1, NULL, 1, 1, 1, 1, 0, NULL, 1, NULL, '2024-07-26 15:23:23', '2024-07-26 15:23:23', NULL, '1234567890', 1),
(33, 'UMR24072633', '$2y$10$R22eewJlQsAzgiGKvwySVOkLQv/.1HTckCKffzwPChBNfbA4inOKq', '2024-07-26', 'Ajay', 'Ajay', NULL, '1983-07-17', '41 years, 0 months and 9 days', 'BATURBARI, Block-ARARIA , District-ARARIA ,BIHAR', 5, NULL, 'D P', NULL, 1, 1, 1, 1, NULL, 1, 1, 1, 1, 0, NULL, 1, NULL, '2024-07-26 16:37:57', '2024-07-26 16:37:57', NULL, '324345gfg', 1),
(34, 'UMR24072634', '$2y$10$mKjWOnAZSvUc/T.gVD9WluL8kDVnjaiE31gNDfb3KNVrI9i/84.8C', '2024-07-26', 'new reg', 'new reg', NULL, '1974-07-26', '50 years, 0 months and 0 days', 'JAMUA, Block-BANKA, District-BANKA ,BIHAR', 520, NULL, 'D P ', NULL, 1, 1, 1, 1, NULL, 1, 1, 1, 1, 0, NULL, 1, NULL, '2024-07-26 18:23:37', '2024-07-26 18:23:37', NULL, '123456', 1),
(35, 'UMR24072635', '$2y$10$gVQYPejO7Jf5FEIEUJbGv.BTiZPWeBMWgt/cSkXbvOUKC4nKf9L2.', '2024-07-26', 'reema', 'reema', NULL, '2004-07-26', '20 years, 0 months and 0 days', 'KRIT PUR, Block-HARSIDHI, District-EAST CHAMPARAN ,BIHAR', 2003, NULL, 'Nitesh', NULL, 2, 2, 1, 1, NULL, 1, 1, 1, 1, 0, NULL, 1, NULL, '2024-07-26 18:29:11', '2024-07-26 18:29:11', NULL, 'dsfdgf', 2),
(36, 'UMR24072736', '$2y$10$jB6ViPJeF585n22QIuPMJ.0B6AdxFXYT2br/ZVzwY3GtLjx7KNmQK', '2024-07-27', 'test', 'test', NULL, '2004-07-27', '20 years, 0 months and 0 days', 'BARETA, Block-BARARI, District-KATIHAR ,BIHAR', 3351, NULL, 'test', NULL, 2, 1, 2, 2, 1, 2, 1, 2, 2, 0, NULL, 1, NULL, '2024-07-26 18:38:35', '2024-07-26 18:38:35', NULL, '123456789', 1),
(37, 'UMR24073037', '$2y$10$oloaiEjQp8RK.pVtsOvEXuhJE/5m23m9ptuCaBxlhEfWrcBuk91Ce', '2024-07-30', 'Ajay after walkin', 'Ajay after walkin', NULL, '2007-07-30', '17 years, 0 months and 0 days', 'BISHANPUR, Block-AMARPUR, District-BANKA ,BIHAR', 492, NULL, 'D P P', NULL, 1, 1, 1, 1, NULL, 1, 1, 1, 1, 0, NULL, 1, NULL, '2024-07-30 06:30:15', '2024-07-30 06:30:15', NULL, '123456789', 1),
(38, 'UMR24073038', '$2y$10$Txzmh2HnFRkgSQufG7H1fud8r67B6vvA61WrYln07flAmU9oxwB8m', '2024-07-30', 'ajay', 'ajay', NULL, '1999-07-30', '25 years, 0 months and 0 days', 'MORAMA BANGAON, Block-RAJOUN, District-BANKA ,BIHAR', 624, NULL, 'D P', NULL, 1, 1, 1, 1, NULL, 1, 1, 1, 1, 0, NULL, 1, NULL, '2024-07-30 06:32:12', '2024-07-30 06:32:12', NULL, '123456789', 3),
(39, 'UMR24080639', '$2y$10$iwVT22Uk3/YzXts9EGklXubmmHv7Seb9cenhhB6sZdBXkbvEOz9xW', '2024-08-06', 'Bablu Kumar', 'Bablu Kumar', '1243545434', '1990-08-06', '34 years, 0 months and 0 days', 'CHOTA SASARAM, Block-UDWANTNAGAR, District-BHOJPUR ,BIHAR', 1386, NULL, 'Dev Kumar', 'Mira Devi', 1, 1, 1, 1, 3, 1, 1, 1, 1, 0, NULL, 1, NULL, '2024-08-06 10:49:14', '2024-08-06 10:49:14', NULL, '342356769834', 1),
(40, 'UMR24080740', '$2y$10$246GXwPTHrEx/9e4BVX60eEX.WaE3H6wyp/3egvKYp1DkfTL5LpM2', '2024-08-07', 'Maharshi Sharma', 'Maharshi Sharma', '8578003034', '2001-08-07', '23 years, 0 months and 0 days', 'JAMUHAR, Block-DEHRI, District-ROHTAS ,BIHAR', 5947, NULL, 'Maharshi', NULL, 1, 1, 1, 2, 3, 1, 1, 1, 1, 0, NULL, 11, NULL, '2024-08-07 11:14:24', '2024-08-07 11:14:24', NULL, '1124544541', 1),
(41, 'UMR24080941', '$2y$10$u.SF6OvS37KtD4NcZGPlteFGS5YqG0W3fU.iBGmS3LnbLK//GhbMO', '2024-08-09', 'Rakesh Kumar', 'Rakesh Kumar', '8578003200', '1959-08-09', '65 years, 0 months and 0 days', 'JAMUHAR, Block-DEHRI, District-ROHTAS ,BIHAR', 5947, NULL, 'ABCD', NULL, 1, 1, 1, 2, NULL, 1, 1, 1, 1, 0, NULL, 1, NULL, '2024-08-09 12:31:03', '2024-08-09 12:31:03', NULL, '156496564598656', 1),
(42, 'UMR24080942', '$2y$10$QjSj7T9gVy.ur.g4C0YdQeYGzk1x.QEj7La6z0T8b3lAJvAynw/0y', '2024-08-09', 'Seema Singh', 'Seema Singh', '7867876756', '1981-08-09', '43 years, 0 months and 0 days', 'WARD NO031, TRIGUN MODE, NEAR SEVA SADAN', NULL, NULL, 'Heera Singh', 'Geeta Devi', 1, 1, 2, 2, 3, 1, 1, 1, 1, 0, NULL, 1, NULL, '2024-08-09 12:32:10', '2024-08-09 12:32:10', NULL, '876798673454', 1),
(43, 'UMR24080943', '$2y$10$xEYYbih2niQ6HhPBFgHc4uadbGugqvC5VvyrgrghmZrPb.8H9VKMq', '2024-08-09', 'Dinesh Paswan', 'Dinesh Paswan', '2354986756', '1970-08-09', '54 years, 0 months and 0 days', 'CHOTA SASARAM, Block-UDWANTNAGAR, District-BHOJPUR ,BIHAR', 1386, NULL, 'Suresh Paswan', 'Sita Devi', 1, 1, 1, 2, 3, 1, 1, 1, 1, 0, NULL, 1, NULL, '2024-08-09 12:33:50', '2024-08-09 12:33:50', NULL, '875687564534', 1),
(44, 'UMR24080944', '$2y$10$/Y9U8EvCsPzAZR8GO2DmdOk4DWSKZ1JQ2c5mZK3SFgcClEYhof5Nu', '2024-08-09', 'Raju Jaiswal', 'Raju Jaiswal', '2367345676', '1992-08-09', '32 years, 0 months and 0 days', 'CHOTA SASARAM, Block-UDWANTNAGAR, District-BHOJPUR ,BIHAR', 1386, NULL, 'Satanand Jaiswal', 'Renu Devi', 1, 1, 1, 2, 3, 1, 1, 1, 1, 0, NULL, 1, NULL, '2024-08-09 13:18:30', '2024-08-09 13:18:30', NULL, '564587563465', 1),
(45, 'UMR24080945', '$2y$10$X2s28FMaFJ5a9zM6R0Esm.Cu5pU3bjtW8/.NfbdmRGe6QkVSz40QC', '2024-08-09', 'Heena Banu', 'Heena Banu', '7856764534', '1981-08-09', '43 years, 0 months and 0 days', 'CHOTA SASARAM, Block-UDWANTNAGAR, District-BHOJPUR ,BIHAR', 1386, NULL, 'Irshad ', 'Begam Banu', 1, 1, 2, 2, 3, 1, 1, 1, 1, 0, NULL, 1, NULL, '2024-08-09 13:20:07', '2024-08-09 13:20:07', NULL, '675676564534', 1),
(46, 'UMR24080946', '$2y$10$Nfu9VH/S2QYYgk2Mn2MmUuvHwH7e.S9kCVXK0H57BY91HkfwDvQHy', '2024-08-09', 'Suresh Kumar', 'Suresh Kumar', '8767876756', '1981-08-09', '43 years, 0 months and 0 days', 'JAMUHAR, Block-DEHRI, District-ROHTAS ,BIHAR', 5947, NULL, 'Dinesh', 'Renu', 1, 1, 1, 1, 3, 1, 1, 1, 1, 0, NULL, 1, NULL, '2024-08-09 13:23:30', '2024-08-09 13:23:30', NULL, '87678767453423', 1),
(47, 'UMR24080947', '$2y$10$bFiJRlX4hTxuILW1vERD9eteMFjcpeJOWDgx6H8aWcOnYAwsVvPBC', '2024-08-09', 'Tinku Singh', 'Tinku Singh', '7687564534', '2002-08-09', '22 years, 0 months and 0 days', 'JAMUHAR, Block-DEHRI, District-ROHTAS ,BIHAR', 5947, NULL, 'Krishna Singh', 'Renu Devi', 1, 1, 1, 1, 3, 1, 1, 1, 1, 0, NULL, 1, NULL, '2024-08-09 13:31:09', '2024-08-09 13:31:09', NULL, '9878675645', 1),
(48, 'UMR24080948', '$2y$10$.ilcEMnNXmowENByOUeA7e0wNlNI2w0zB4e5I2zwatbzkteb.EiuO', '2024-08-09', 'Vinay Prasad', 'Vinay Prasad', '9878987867', '1995-08-09', '29 years, 0 months and 0 days', 'DEHRIA, Block-CHENARI, District-ROHTAS ,BIHAR', 5920, NULL, 'Krishna Prasad', 'Reetu Devi', 1, 1, 1, 2, 3, 1, 1, 1, 1, 0, NULL, 1, NULL, '2024-08-09 13:32:28', '2024-08-09 13:32:28', NULL, '986723546798', 1),
(49, 'UMR24080949', '$2y$10$RZE2DUkKcDrG9WTA/z8MKeyH.ci2btyPzdaFm6YOCkIJZ8X4ZsYvi', '2024-08-09', 'Rinku Prajapati', 'Rinku Prajapati', '9867986745', '1990-08-09', '34 years, 0 months and 0 days', 'DEHRIA, Block-CHENARI, District-ROHTAS ,BIHAR', 5920, NULL, 'Prabhakar Prajapati', 'Getu Devi', 1, 1, 1, 2, 5, 1, 1, 1, 1, 0, NULL, 1, NULL, '2024-08-09 13:34:04', '2024-08-09 13:34:04', NULL, '546789764567', 1),
(50, 'UMR24080950', '$2y$10$DknEYIyBl7oZPbrN92FG2.mIziow.HRu75xE9hZoLDGvQJU8Lo5ga', '2024-08-09', 'Santosh Kumar', 'Santosh Kumar', '8787989867', '1992-08-09', '32 years, 0 months and 0 days', 'DEHRIA, Block-CHENARI, District-ROHTAS ,BIHAR', 5920, NULL, 'Bindeshwari Prasad', 'Tara Devi', 1, 1, 1, 1, 7, 1, 1, 1, 1, 0, NULL, 1, NULL, '2024-08-09 13:36:20', '2024-08-09 13:36:20', NULL, '789823546798', 1),
(51, 'UMR24080951', '$2y$10$HV1AhV0c.RHSIJt/74K2JeNp9QvSn6c.qHRhJbkS3k.jaDqPUuV7O', '2024-08-09', 'Ajay', 'Ajay', '8052256423', '1986-08-09', '38 years, 0 months and 0 days', 'SASARAW, Block-ANDAR, District-SIWAN ,BIHAR', 7514, NULL, 'D P ', 'Usha', 1, 1, 1, 1, NULL, 1, 1, 1, 1, 0, NULL, 1, NULL, '2024-08-09 14:42:11', '2024-08-09 14:42:11', NULL, '123456789', 1),
(52, 'UMR24081052', '$2y$10$BfpEAuAcAZbvdyC7..btguKKcmsXUkMg56ierhEnDpOJ2oiw3R6WS', '2024-08-10', 'Rita Devi', 'Rita Devi', '8798675645', '1981-08-10', '43 years, 0 months and 0 days', 'RAJPUR, Block-BELHAR, District-BANKA ,BIHAR', 671, NULL, 'Sandeep Singh', 'Sangeeta Devi', 1, 1, 2, 2, 3, 1, 2, 1, 1, 0, NULL, 1, NULL, '2024-08-10 12:03:14', '2024-08-10 12:03:14', NULL, '768723546545', 1),
(53, 'UMR24081053', '$2y$10$Z7CXz.jJJulB0ZN1CW1JM.3SjC4Ol0fouhIXuTnnm0mzGdgQZQr72', '2024-08-10', 'Sohan Srivastava', 'Sohan Srivastava', '8798546534', '1979-08-10', '45 years, 0 months and 0 days', 'LILARO AURANGABAD, Block-GOREAKOTHI, District-SIWAN ,BIHAR', 7562, NULL, 'Munshi Lal', 'Parvati Devi', 1, 1, 1, 2, 5, 1, 3, 1, 1, 0, NULL, 1, NULL, '2024-08-10 12:05:16', '2024-08-10 12:05:16', NULL, '879867564534', 1),
(54, 'UMR24081054', '$2y$10$ZbsI1K5fcxVUXj/yPd2zBeb0bIFGSR9UrRgBXfboEy7uzIYWqN8fO', '2024-08-10', 'Daya Choudhary', 'Daya Choudhary', '7687543465', '1992-08-10', '32 years, 0 months and 0 days', 'BABUAAN, Block-NARPATGANJ , District-ARARIA ,BIHAR', 124, NULL, 'Sandeep Kumar', 'Aarti Devi', 1, 1, 1, 1, 2, 1, 1, 1, 1, 0, NULL, 1, NULL, '2024-08-10 12:07:13', '2024-08-10 12:07:13', NULL, '879823456798', 1),
(55, 'UMR24081055', '$2y$10$9XHodKVYI9RX/wBEH3u9VeYlxGIL.zdjni8xYVzc0Edv9Ho/YzzqS', '2024-08-10', 'Kajal Prasad', 'Kajal Prasad', '9878987898', '2002-08-10', '22 years, 0 months and 0 days', 'DEHRIA, Block-CHENARI, District-ROHTAS ,BIHAR', 5920, NULL, 'Sunil Prasad', 'Aarti Devi', 1, 1, 2, 1, 3, 1, 4, 1, 1, 0, NULL, 1, NULL, '2024-08-10 12:09:00', '2024-08-10 12:09:00', NULL, '234509874567', 1),
(56, 'UMR24081056', '$2y$10$p.9tnYjEzEJGyFgT8sI5zudXT/1Bgb4TFwkKghTFd0o8Oy5c6dYAG', '2024-08-10', 'Komal Kumari', 'Komal Kumari', '8978987898', '1999-08-10', '25 years, 0 months and 0 days', 'CHOTA SASARAM, Block-UDWANTNAGAR, District-BHOJPUR ,BIHAR', 1386, NULL, 'Sunil Kumar', 'AArti Devi', 1, 1, 2, 1, 3, 1, 4, 1, 1, 0, NULL, 1, NULL, '2024-08-10 12:10:23', '2024-08-10 12:10:23', NULL, '768712345678', 1),
(57, 'UMR24081057', '$2y$10$1BBFaxscEgIe4hHVIOTSI.KtBm0L4ped20vf1L3VQZsN3Q.sNnDQS', '2024-08-10', 'Videsh Singh', 'Videsh Singh', '2345876523', '1979-08-10', '45 years, 0 months and 0 days', 'BEDAULI, Block-BANIYAPUR, District-SARAN ,BIHAR', 6839, NULL, 'Ramkishor Sing', '23456543213', 1, 1, 1, 2, 5, 1, 3, 1, 1, 0, NULL, 1, NULL, '2024-08-10 12:12:23', '2024-08-10 12:12:23', NULL, '23456543765476', 1),
(58, 'UMR24081058', '$2y$10$.gzHDd1tsHyJgEVEKxjsl.vCj1L4NhFpBhwvZycih31Kx6KxviHOy', '2024-08-10', 'Ritu Kumari', 'Ritu Kumari', '2345765432', '2001-08-10', '23 years, 0 months and 0 days', 'CHOTA SASARAM, Block-UDWANTNAGAR, District-BHOJPUR ,BIHAR', 1386, NULL, 'Prem Prakash', 'Sarita Devi', 1, 2, 2, 1, 3, 1, 3, 1, 1, 0, NULL, 1, NULL, '2024-08-10 12:14:40', '2024-08-10 12:14:40', NULL, '986723456543', 1),
(59, 'UMR24081059', '$2y$10$fWeJJGRgdxqUFJlpIP3q4.x87e9A5drmOzuEXhbenG4Z/x9kaJLXO', '2024-08-10', 'Sarita Devi ', 'Sarita Devi ', '8767564534', '1983-08-10', '41 years, 0 months and 0 days', 'DEHRIA, Block-CHENARI, District-ROHTAS ,BIHAR', 5920, NULL, 'Prem Prakash', 'Sangeeta kumari', 1, 3, 2, 2, 5, 1, 3, 1, 1, 0, NULL, 1, NULL, '2024-08-10 12:16:12', '2024-08-10 12:16:12', NULL, '786745346543', 1),
(60, 'UMR24081060', '$2y$10$xURrh1fK2wOdMFxvExkC8.gF3yDBvnkQM/vlhdjlZax6LRfprONNG', '2024-08-10', 'Sangeeta Devi', 'Sangeeta Devi', '9898767656', '1991-08-10', '33 years, 0 months and 0 days', 'DEHRIA, Block-CHENARI, District-ROHTAS ,BIHAR', 5920, NULL, 'Prem Prakash ', 'Aarti Devi', 1, 3, 2, 2, 3, 1, 3, 1, 1, 0, NULL, 1, NULL, '2024-08-10 12:18:12', '2024-08-10 12:18:12', NULL, '879845653454', 1),
(61, 'UMR24081061', '$2y$10$8dr/bTy6xjWihIcp3FkZC.zx0yoMvLDgGeGZMrDBvS6es/pzPFzmK', '2024-08-10', 'Shalu Kumari', 'Shalu Kumari', '9878456534', '2005-08-10', '19 years, 0 months and 0 days', 'DEHRIA, Block-CHENARI, District-ROHTAS ,BIHAR', 5920, NULL, 'Umesh Kumar', 'Rita Devi', 1, 2, 2, 1, 4, 1, 4, 1, 1, 0, NULL, 1, NULL, '2024-08-10 12:23:03', '2024-08-10 12:23:03', NULL, '987823546798', 1),
(62, 'UMR24081062', '$2y$10$FuVzcW8q75vc9g0VF7CKo.qMuBDZFcuZ6PaaYDtG6aAMFJo.onMui', '2024-08-10', 'Umesh Prajapati', 'Umesh Prajapati', '7867986798', '1981-08-10', '43 years, 0 months and 0 days', 'CHOTA SASARAM, Block-UDWANTNAGAR, District-BHOJPUR ,BIHAR', 1386, NULL, 'Raju Kumar', 'Anita Devi', 1, 4, 1, 2, 3, 1, 2, 1, 1, 0, NULL, 1, NULL, '2024-08-10 12:24:44', '2024-08-10 12:24:44', NULL, '786734652354', 1),
(63, 'UMR24081063', '$2y$10$3rIz/QoeK2elL7QMpuDRyOmTE/CLI11eWc64S46FzwV1.5LJQqasS', '2024-08-10', 'Arpit Raj', 'Arpit Raj', '9878987898', '2022-08-10', '2 years, 0 months and 0 days', 'CHOTA SASARAM, Block-UDWANTNAGAR, District-BHOJPUR ,BIHAR', 1386, NULL, 'Meena Devi', 'Meena Devi', 1, 6, 1, 1, 2, 1, 4, 1, 1, 0, NULL, 1, NULL, '2024-08-10 12:26:25', '2024-08-10 12:26:25', NULL, '87987898789878', 1),
(64, 'UMR24081064', '$2y$10$Sy1po.kX4LiptOrNhibKk.bihAIeaOEGKdbSpExuj4lHn88Ih86XO', '2024-08-10', 'Geetanjali Kumari', 'Geetanjali Kumari', '2345543233', '1979-08-10', '45 years, 0 months and 0 days', 'ROHTAS, Block-ROHTAS, District-ROHTAS ,BIHAR', 6079, NULL, 'Raj Kumar', 'Meena Devi', 1, 3, 2, 2, 4, 1, 3, 1, 1, 0, NULL, 1, NULL, '2024-08-10 12:28:41', '2024-08-10 12:28:41', NULL, '789823546798', 1),
(65, 'UMR24081065', '$2y$10$BWlR7T56/TvLIXlhqPreeO00H9qn7a7r1jr14rZhO/4MQxh/y0btO', '2024-08-10', 'Renu ', 'Renu ', '7898679867', '2021-08-10', '3 years, 0 months and 0 days', 'CHOTA SASARAM, Block-UDWANTNAGAR, District-BHOJPUR ,BIHAR', 1386, NULL, 'Akash', 'Mamta', 1, 5, 2, 1, 3, 1, 4, 1, 1, 0, NULL, 1, NULL, '2024-08-10 12:31:03', '2024-08-10 12:31:03', NULL, '678767876787', 1),
(66, 'UMR24081066', '$2y$10$Wlcyhrc4RVjjZfZXWFjczefAhi0CVo.ozLDjdvesV6GqHjwBYBRIW', '2024-08-10', 'Akash Sinha', 'Akash Sinha', '8798789878', '1980-08-10', '44 years, 0 months and 0 days', 'CHOTA SASARAM, Block-UDWANTNAGAR, District-BHOJPUR ,BIHAR', 1386, NULL, 'Arun Sinha', 'Aarti Devi', 1, 12, 1, 2, 3, 1, 3, 1, 1, 0, NULL, 1, NULL, '2024-08-10 12:33:05', '2024-08-10 12:33:05', NULL, '879823546798', 1),
(67, 'UMR24081067', '$2y$10$sXThW.h.rZU3vbil2XTwT./E2zSCQKbGwTQ9MFfvirMmGqC3tktzK', '2024-08-10', 'SANJEEV KUMAR', 'SANJEEV KUMAR', '1254561432', '1998-08-10', '26 years, 0 months and 0 days', 'JAMUHAR, Block-DEHRI, District-ROHTAS ,BIHAR', 5947, NULL, 'SANJAY SINGH', NULL, 1, 1, 1, 1, 2, 1, 1, 1, 1, 0, NULL, 11, NULL, '2024-08-10 14:43:07', '2024-08-10 14:43:07', NULL, '254564656565', 1),
(68, 'UMR24081068', '$2y$10$FFHFqe./U1H8SArTBqhpd.GCD0PBhLHNkIdzXbI6evqFUCubXE.3e', '2024-08-10', 'ritu singh', 'ritu singh', '7033525585', '1998-08-10', '26 years, 0 months and 0 days', 'ALAMPUR, Block-SHEOSAGAR, District-ROHTAS ,BIHAR', 6109, NULL, 'p k singh', NULL, 1, 1, 1, 2, 2, 1, 1, 1, 1, 0, NULL, 11, NULL, '2024-08-10 14:43:11', '2024-08-10 14:43:11', NULL, '85271136925', 1),
(69, 'UMR24081269', '$2y$10$5LRa3Sdw.EZd6rK5EUrAtOuhb9laGx4oNcehdxfGXMjMy9yKjBS.e', '2024-08-12', 'Ranu Devi', 'Ranu Devi', '4523445423', '2003-08-12', '21 years, 0 months and 0 days', 'GAYAGHAT, Block-BRAHMPUR, District-BUXAR  ,BIHAR', 1405, NULL, 'Deepu Kumar', 'Rani Devi', 1, 1, 2, 2, 4, 1, 1, 1, 1, 0, NULL, 1, NULL, '2024-08-12 08:41:00', '2024-08-12 08:41:00', NULL, '124356765432', 1),
(70, 'UMR24081270', '$2y$10$KSiOu9yOm8rdn.gB2UfWMu0GcpXKL.tpD4aornvmrKLttNWdAwJK.', '2024-08-12', 'Rita Devi', 'Rita Devi', '2354657687', '1992-08-12', '32 years, 0 months and 0 days', 'MOHANIYA CHAKLA, Block-BANMANKHI, District-PURNEA ,BIHAR', 5799, NULL, 'Ramesh', 'Kritika', 1, 1, 2, 2, 4, 1, 1, 1, 1, 0, NULL, 1, NULL, '2024-08-12 08:42:22', '2024-08-12 08:42:22', NULL, '3456654356543', 1),
(71, 'UMR24081271', '$2y$10$J1Rz1qJqZ7obg0JPx1wVzOsqucJ3ky3o8RRMylmTDlt0o67mrBZp6', '2024-08-12', 'Moni Kumari', 'Moni Kumari', '6543654321', '2003-08-12', '21 years, 0 months and 0 days', 'BHABHNI, Block-DAGARUA, District-PURNEA ,BIHAR', 5843, NULL, 'Dinesh', 'Rani', 1, 1, 2, 2, 3, 1, 1, 1, 1, 0, NULL, 1, NULL, '2024-08-12 08:43:37', '2024-08-12 08:43:37', NULL, '765476544567', 1),
(72, 'UMR24081272', '$2y$10$6QdnUYmfrU2IvWi8mc9Xp.58GsphoL96a3CqIhEwGMCSh2w9DD/Ou', '2024-08-12', 'Kritika Kumari', 'Kritika Kumari', '2345877655', '1981-08-12', '43 years, 0 months and 0 days', 'CHOTA SASARAM, Block-UDWANTNAGAR, District-BHOJPUR ,BIHAR', 1386, NULL, 'Dinesh', 'Ranu', 1, 1, 2, 2, 1, 1, 1, 1, 1, 0, NULL, 1, NULL, '2024-08-12 08:44:46', '2024-08-12 08:44:46', NULL, '12345679876543', 1),
(73, 'UMR24081273', '$2y$10$Dz5o9VzILLGKKD4d7sGyBuyJHijh/iZYoOwhKkPUm8DQiF7sBNYJS', '2024-08-12', 'Varsh Devi', 'Varsh Devi', '1234567898', '1981-08-12', '43 years, 0 months and 0 days', 'CHOTA SASARAM, Block-UDWANTNAGAR, District-BHOJPUR ,BIHAR', 1386, NULL, 'Prem', 'Sarita', 1, 1, 2, 2, 3, 1, 1, 1, 1, 0, NULL, 1, NULL, '2024-08-12 08:46:26', '2024-08-12 08:46:26', NULL, '987698769876', 1),
(74, 'UMR24081274', '$2y$10$6t8v4e0bwrwyAg3ur8i.J.CY19S0bBFEHmdl0RscpFdctD3ulS.d6', '2024-08-12', 'Nidhi Kumari', 'Nidhi Kumari', '7867876756', '1995-08-12', '29 years, 0 months and 0 days', 'DEHRIA, Block-CHENARI, District-ROHTAS ,BIHAR', 5920, NULL, 'Pradeep ', 'Kamla', 1, 1, 2, 2, 4, 1, 1, 1, 1, 0, NULL, 1, NULL, '2024-08-12 08:47:37', '2024-08-12 08:47:37', NULL, '564565456545', 1),
(75, 'UMR24081275', '$2y$10$izxpVCz7Cgr6oy7NY.G9HO9TdQCnJO9i/oKzpiCsK0PVw7xu5I34C', '2024-08-12', 'Nitu', 'Nitu', '9867986798', '1995-08-12', '29 years, 0 months and 0 days', 'CHOTA SASARAM, Block-UDWANTNAGAR, District-BHOJPUR ,BIHAR', 1386, NULL, 'Prem ', 'DEvika', 1, 1, 2, 2, 3, 1, 1, 1, 1, 0, NULL, 1, NULL, '2024-08-12 08:49:00', '2024-08-12 08:49:00', NULL, '7687568765', 1),
(76, 'UMR24081276', '$2y$10$f2XhQATAIQdIeeCuwwZgaud1fSNB/CqtK4PKlBpmG9WuOaTgAI3Wy', '2024-08-12', 'Anjana', 'Anjana', '8798789878', '1984-08-12', '40 years, 0 months and 0 days', 'CHOTA SASARAM, Block-UDWANTNAGAR, District-BHOJPUR ,BIHAR', 1386, NULL, 'Sanjay', 'Mohini', 1, 1, 2, 2, 3, 1, 1, 1, 1, 0, NULL, 1, NULL, '2024-08-12 08:50:10', '2024-08-12 08:50:10', NULL, '87987898765', 1),
(77, 'UMR24081277', '$2y$10$x0l8m6VfR2szAT.MiKjQM.BUvXEM9ND9PkVLOhHMd7EkeOtPexeCS', '2024-08-12', 'Mohini', 'Mohini', '9878987898', '1981-08-12', '43 years, 0 months and 0 days', 'CHOTA SASARAM, Block-UDWANTNAGAR, District-BHOJPUR ,BIHAR', 1386, NULL, 'Dinesh', 'Devi', 1, 1, 2, 2, 3, 1, 1, 1, 1, 0, NULL, 1, NULL, '2024-08-12 08:51:29', '2024-08-12 08:51:29', NULL, '876787678767', 1),
(78, 'UMR24081278', '$2y$10$enKxkqEEMbJ8oSZM96SiP.34hCaWHyYQmZAyI3AbnWxxM1MzUAue2', '2024-08-12', 'Renuka', 'Renuka', '9878987898', '1981-08-12', '43 years, 0 months and 0 days', 'CHOTA SASARAM, Block-UDWANTNAGAR, District-BHOJPUR ,BIHAR', 1386, NULL, 'Ramesh', 'Sarita', 1, 1, 2, 2, 3, 1, 1, 1, 1, 0, NULL, 1, NULL, '2024-08-12 08:52:34', '2024-08-12 08:52:34', NULL, '8767876787', 1),
(79, 'UMR24081279', '$2y$10$yBgJ5hK9C2sf1kOXTYs.Eectz1a21Zv2yj8loNu9HcS1F7IfIlB7u', '2024-08-12', 'kedar singh', 'kedar singh', '8107312974', '1963-08-12', '61 years, 0 months and 0 days', 'DEHRIA, Block-CHENARI, District-ROHTAS ,BIHAR', 5920, NULL, 'babuli ram', NULL, 1, 1, 1, 1, NULL, 1, 1, 1, 1, 0, NULL, 11, NULL, '2024-08-12 15:48:14', '2024-08-12 15:48:14', NULL, '856546546251', 1),
(80, 'UMR24081280', '$2y$10$IfdzknruWiyWdJNX0Ew2pOhSkFa1hnkkA3S9sTLiYlDJT8mc/wQsS', '2024-08-12', 'SHABBIR ALI', 'SHABBIR ALI', '7492048473', '1977-08-12', '47 years, 0 months and 0 days', 'NASRIGANJ', NULL, NULL, 'ALI RAJ ANSARI', NULL, 1, 1, 1, 1, NULL, 1, 1, 1, 1, 0, NULL, 11, NULL, '2024-08-12 15:58:43', '2024-08-12 15:58:43', NULL, '95900900000', 1),
(81, 'UMR24081281', '$2y$10$TGKp6wOagb3Stku33HTnHOnXbpQsv11f.xGkZ8KnU9BMMsirrY4fa', '2024-08-12', 'SIMPI SINGH', 'SIMPI SINGH', '7050510736', '1996-08-12', '28 years, 0 months and 0 days', 'DEHRI ON SONE', NULL, NULL, 'A B SINGH', NULL, 1, 2, 2, 1, NULL, 1, 1, 1, 1, 0, NULL, 11, NULL, '2024-08-12 16:01:53', '2024-08-12 16:01:53', NULL, '988900400065', 1),
(82, 'UMR24081282', '$2y$10$jIXexK.uXUDEwPcn4eM.KOf4YQYCWo36o1UBEeWuK2u9F.XTQpEYW', '2024-08-12', 'RAJMATI DEVI', 'RAJMATI DEVI', NULL, '1984-08-12', '40 years, 0 months and 0 days', 'DEHRI ON SONE', NULL, NULL, 'SAROJ SINGH', NULL, 1, 2, 2, 1, NULL, 1, 1, 1, 1, 0, NULL, 11, NULL, '2024-08-12 16:03:24', '2024-08-12 16:03:24', NULL, '8478521112112', 1),
(83, 'UMR24081283', '$2y$10$XiIivZ3hxQvOynQpUim5xuxCIr1GGsQ37SSWItxoBuY2T3mRBChhS', '2024-08-12', 'SANJAY KUMAR', 'SANJAY KUMAR', '6204755680', '1975-08-12', '49 years, 0 months and 0 days', 'DEHRI ON SONE', NULL, NULL, 'RAMJI PRASAD', NULL, 1, 1, 1, 1, NULL, 1, 1, 1, 1, 0, NULL, 11, NULL, '2024-08-12 16:05:16', '2024-08-12 16:05:16', NULL, '845214589652', 1),
(84, 'UMR24081284', '$2y$10$t8Lnt8W.eRgWzT0yE/k4.OjCkrO8zXsm8dpjPB5tmapLlYZhMzdSa', '2024-08-12', 'RAJ KUMAR', 'RAJ KUMAR', '7050087429', '2024-08-08', '0 years, 0 months and 4 days', 'JAMUHAR, Block-DEHRI, District-ROHTAS ,BIHAR', 5947, NULL, 'SANDIP KUMAR SINGH', NULL, 1, 6, 1, 1, 2, 1, 1, 1, 1, 0, NULL, 11, NULL, '2024-08-12 16:11:02', '2024-08-12 16:11:02', NULL, '9854544084521', 1),
(85, 'UMR24081285', '$2y$10$arUy.f1zGBb/08K/8iY5OuwUI5ApR0s0p34CdhllkaD8C9LDXXTC6', '2024-08-12', 'SHUBHAM KUMAR', 'SHUBHAM KUMAR', '7368948942', '2008-08-12', '16 years, 0 months and 0 days', 'DEHRI ON SONE', NULL, NULL, 'BANARSI SINGH', NULL, 1, 1, 1, 1, NULL, 1, 1, 1, 1, 0, NULL, 11, NULL, '2024-08-12 16:14:02', '2024-08-12 16:14:02', NULL, '854754859652', 1),
(86, 'UMR24081386', '$2y$10$SRZ5doCQ70F5QhSManrBgO8.qhIRDuaXWJaKnRzcGKyRGNGow5VlO', '2024-08-13', 'SAKSHI SINGH', 'SAKSHI SINGH', '8245211221', '2005-08-13', '19 years, 0 months and 0 days', 'JAMUHAR, Block-DEHRI, District-ROHTAS ,BIHAR', 5947, NULL, 'DINANATH SINGH', NULL, 1, 1, 2, 1, NULL, 1, 1, 1, 1, 0, NULL, 11, NULL, '2024-08-13 14:56:24', '2024-08-13 14:56:24', NULL, '8454254125411', 1),
(87, 'UMR2408161', '$2y$10$yOoWBTSbQHRMJGgY2ww50eAcdKhDg5DmvnW0zkyccPhJrEMrz1cjy', '2024-08-16', 'Sahil', 'Sahil', '9878987898', '1992-08-16', '32 years, 0 months and 0 days', 'JAMUHAR, Block-DEHRI, District-ROHTAS ,BIHAR', 5947, NULL, 'Sohan', NULL, 1, 1, 2, 1, NULL, 1, 1, 1, 2, 0, 'New Patient', 1, NULL, '2024-08-16 21:50:47', '2024-08-16 21:50:47', NULL, '1234432143214321', 1),
(88, 'UMR2408201', '$2y$10$FsVLIGLSk5sjeLMui./Twu.OTCuyApPYxDwatMmY.htvt.45B2Aja', '2024-08-20', 'amrendra Mishra', NULL, '8578003031', '1989-08-20', '35 years, 0 months and 0 days', 'DEHRIA, Block-CHENARI, District-ROHTAS ,BIHAR', 5920, '821305', 'Mshra', NULL, 1, 1, 1, 2, NULL, 1, 1, 1, 4, 0, NULL, 1, NULL, '2024-08-20 13:38:49', '2024-08-20 13:38:49', NULL, '1564445454', 1),
(89, 'UMR2408211', '$2y$10$xEhmkC51a.WMJMA3vaY2Pux7vK0gnc.hngAXWluj186Lg.hQqqF4u', '2024-08-21', 'Nidhi kumari Singh', NULL, '9878987899', '1995-08-21', '30 years, 0 months and 0 days', 'DEHRIA, Block-CHENARI, District-ROHTAS ,BIHAR', 5920, '821307', 'Deepu', 'Kamla', 1, 1, 2, 2, NULL, 1, 1, 1, 3, 0, 'OPD ', 1, NULL, '2024-08-21 09:52:44', '2024-08-23 15:39:36', NULL, '1234567890', 1),
(90, 'UMR2408241', '$2y$10$zVi.lv4PRU/Ifqwp/77cG.oW4XUc5n7emxO4xFlbbeTBjJXd.BbT6', '2024-08-24', 'Haripriya', NULL, NULL, '2009-08-24', '15 years, 0 months and 0 days', 'SINGTHU, Block-BIHARSARIF, District-NALANDA ,BIHAR', 5010, NULL, 'Ajay', NULL, 1, 3, 2, 1, NULL, 1, 1, 1, 2, 0, NULL, 1, NULL, '2024-08-24 21:34:40', '2024-08-24 21:34:40', NULL, '111111111', 1),
(91, 'UMR2408311', '$2y$10$y.U/RlMpvotgkLpQYhDlquF3rRvkQLcCkcFRlIBoQriUEOKkJelDe', '2024-08-31', 'mohit', NULL, '8654654645', '1994-08-31', '30 years, 0 months and 0 days', 'DAHAUR, Block-DEHRI, District-ROHTAS ,BIHAR', 5944, '821305', 'Singh', NULL, 1, 1, 1, 1, 2, 1, 1, 1, 1, 0, NULL, 1, NULL, '2024-08-31 13:35:35', '2024-08-31 13:35:35', NULL, '4578485485', 1),
(92, 'UMR2409021', '$2y$10$0Wm/EZzIdgzgvRWLDjmGYuUD73rsqAFfnJwVzeiKAQoJfmy0Gzi8e', '2024-09-02', 'Ajay', NULL, NULL, '1984-09-02', '40 years, 0 months and 0 days', 'RAMNAGAR, Block-NABINAGAR, District-AURANGABAD ,BIHAR', 434, NULL, ' D P P', 'Usha Devi', 1, 1, 1, 2, 1, 1, 1, 1, 1, 0, 'Na', 1, NULL, '2024-09-02 08:35:10', '2024-09-02 08:35:10', NULL, '12121212', 1),
(93, 'UMR2503151', '$2y$10$yE2cdUh4KxiqpvexsZiGQOkKXHMYEww3PYBXjgiPWzhsSfm21KWt2', '2025-03-15', 'Rakesh', NULL, NULL, '1995-03-15', '30 years, 0 months and 0 days', 'JEVARI, Block-DURGAWATI, District-KAIMUR ,BIHAR', 3204, NULL, 'D P', 'Usha', 1, 1, 1, 1, 1, 1, 1, 1, 1, 0, 'test', 1, NULL, '2025-03-15 08:16:40', '2025-03-15 08:16:40', NULL, '1234567890', 1),
(94, 'UMR2504111', '$2y$10$RAI8A0ZOFNRUuA/WzrzvWulOBn9xpTBkVozqFvOyFiuLFvoJWkqMK', '2025-04-11', 'Jaypal Singh', 'jaypalvmhoster.com@gmail.com', '9058091863', '1999-05-05', '25 years, 11 months and 6 days', 'JAMUA, Block-ARARIA , District-ARARIA ,BIHAR', 16, '282006', 'Balmukand Singh', 'Sharan Devi', 3, 1, 1, 1, 3, 1, 1, 1, 1, 0, 'Test Remarks', 1, NULL, '2025-04-11 06:49:55', '2025-04-11 06:49:55', NULL, '38914154585', 1),
(95, 'UMR2504231', '$2y$10$mAPpdIuTE4jd6pNZFfhRNepRPnouE374XggGNy/Hs5nX5xPfbZ8E6', '2025-04-23', 'Corporate Employee', 'corporate@gmail.com', '9058091864', '1999-05-05', '25 years, 11 months and 18 days', 'BHARGAMA, Block-BHARGAMA , District-ARARIA ,BIHAR', 31, '282006', 'Corporate Father', 'House Wife', 3, 1, 1, 1, 3, 1, 2, 1, 1, 0, 'test', 1, NULL, '2025-04-23 11:37:13', '2025-04-23 11:37:13', NULL, '123456789', 1),
(96, 'UMR2505061', '$2y$10$QkU.tNopBDCNyaSxQKaZ6uINMEqiO3IhEv/myDeKyU03r0Rm4n5Ke', '2025-05-06', 'Ajay', 'ajay@gmail.com', '5896587458', '1999-05-06', '26 years, 0 months and 0 days', 'BASANTPUR, Block-ARARIA , District-ARARIA ,BIHAR', 4, '282006', 'Father', 'mother', 1, 1, 1, 1, 2, 1, 1, 1, 1, 0, NULL, 1, NULL, '2025-05-06 06:34:31', '2025-05-06 06:34:31', NULL, '12214554545', 1),
(97, 'UMR2505081', '$2y$10$Lv4Vw1v2zuFtM6yxBbYsH.hOo8D2c622a1lafNDbpknF7ux5qx8Cy', '2025-05-08', 'Raju', 'raju@gmail.com', '8569854745', '1999-05-08', '26 years, 0 months and 0 days', 'CHIKNI, Block-ARARIA , District-ARARIA ,BIHAR', 10, '282006', 'Om Prakash', 'Mother', 1, 1, 1, 1, 3, 1, 3, 1, 1, 0, NULL, 1, NULL, '2025-05-08 06:18:57', '2025-05-08 06:18:57', NULL, '586985475874', 1),
(98, 'UMR2505091', '$2y$10$E3KbwyXjh9dLyY7yLK/MauwrrtWnJXkpEyq.lu0SRyVyj9lgJ2sru', '2025-05-09', 'Tet', '', '', '1999-05-09', '26 years, 0 months and 0 days', 'GAIYARI, Block-ARARIA , District-ARARIA ,BIHAR', 13, '282006', 'test', NULL, 1, 1, 1, 1, 3, 1, 1, 1, 1, 0, NULL, 1, NULL, '2025-05-09 10:53:45', '2025-05-09 10:53:45', NULL, NULL, NULL),
(99, 'UMR2505092', '$2y$10$pHv3oY1pbni.GHNaALrFre8Hor4Ao0beUGn6brviPK2pFQ4N4QNiy', '2025-05-09', 'Test 2', NULL, NULL, '1999-05-09', '26 years, 0 months and 0 days', 'BOCHI, Block-ARARIA , District-ARARIA ,BIHAR', 7, NULL, 'Test', NULL, 1, 1, 1, 1, 3, 1, 2, 1, 1, 0, NULL, 1, NULL, '2025-05-09 10:57:12', '2025-05-09 10:57:12', NULL, NULL, NULL),
(100, 'UMR2505151', '$2y$10$E8VPhrPNZlB14cKqPRe7J.wmWiaLSO6bucfTUzOfC7wi8fnu7cuxO', '2025-05-15', 'Without Consultation', NULL, NULL, '2004-05-15', '21 years, 0 months and 0 days', 'ARARIA BASTI, Block-ARARIA , District-ARARIA ,BIHAR', 1, NULL, 'With', NULL, 1, 1, 1, 1, 3, 1, 1, 1, 1, 0, NULL, 1, NULL, '2025-05-15 10:16:37', '2025-05-15 10:16:37', NULL, '758375834753', 1);

-- --------------------------------------------------------

--
-- Table structure for table `patient_beds`
--

CREATE TABLE `patient_beds` (
  `id` bigint(20) UNSIGNED NOT NULL,
  `ipd_id` bigint(20) UNSIGNED NOT NULL,
  `ward_id` bigint(20) UNSIGNED NOT NULL,
  `room_id` bigint(20) UNSIGNED NOT NULL,
  `bed_id` bigint(20) UNSIGNED NOT NULL,
  `from` timestamp NULL DEFAULT NULL,
  `to` timestamp NULL DEFAULT NULL,
  `is_ipd_allocation` tinyint(1) NOT NULL DEFAULT 0,
  `is_transfer` tinyint(1) NOT NULL DEFAULT 0,
  `transfer_narration` varchar(255) DEFAULT NULL,
  `created_by_id` bigint(20) UNSIGNED DEFAULT NULL,
  `updated_by_id` bigint(20) UNSIGNED DEFAULT NULL,
  `created_at` timestamp NULL DEFAULT NULL,
  `updated_at` timestamp NULL DEFAULT NULL,
  `deleted_at` timestamp NULL DEFAULT NULL
) ENGINE=InnoDB DEFAULT CHARSET=utf8mb4 COLLATE=utf8mb4_unicode_ci;

--
-- Dumping data for table `patient_beds`
--

INSERT INTO `patient_beds` (`id`, `ipd_id`, `ward_id`, `room_id`, `bed_id`, `from`, `to`, `is_ipd_allocation`, `is_transfer`, `transfer_narration`, `created_by_id`, `updated_by_id`, `created_at`, `updated_at`, `deleted_at`) VALUES
(2, 10, 2, 1, 14, '2025-03-26 09:14:12', NULL, 1, 0, 'Allocated to UMR:UMR24071321 IPD:IP2503269', NULL, NULL, '2025-03-26 09:14:12', '2025-03-26 09:14:12', NULL),
(3, 11, 2, 1, 15, '2025-03-26 09:17:40', NULL, 1, 0, 'Allocated to UMR:UMR24080947 IPD:IP25032611', NULL, NULL, '2025-03-26 09:17:40', '2025-03-26 09:17:40', NULL),
(4, 12, 2, 1, 16, '2025-03-26 09:23:28', NULL, 1, 0, 'Allocated to UMR:UMR24051313 IPD:IP25032612', NULL, NULL, '2025-03-26 09:23:28', '2025-03-26 09:23:28', NULL),
(5, 13, 2, 1, 16, '2025-03-26 09:23:51', NULL, 1, 0, 'Allocated to UMR:UMR24051313 IPD:IP25032613', NULL, NULL, '2025-03-26 09:23:51', '2025-03-26 09:23:51', NULL),
(6, 14, 2, 1, 17, '2025-03-26 09:37:14', NULL, 1, 0, 'Allocated to UMR:UMR24081281 IPD:IP25032614', NULL, NULL, '2025-03-26 09:37:14', '2025-03-26 09:37:14', NULL),
(7, 15, 2, 1, 18, '2025-03-27 05:05:50', NULL, 1, 0, 'Allocated to UMR:UMR24081062 IPD:IP25032715', NULL, NULL, '2025-03-27 05:05:50', '2025-03-27 05:05:50', NULL),
(8, 16, 2, 1, 18, '2025-03-27 05:30:58', '2025-04-03 10:30:21', 1, 1, 'Allocated to UMR:UMR24080946 IPD:IP25032716', NULL, NULL, '2025-03-27 05:30:58', '2025-04-03 10:30:21', NULL),
(14, 16, 2, 1, 18, '2025-04-03 10:30:21', '2025-04-03 10:34:37', 0, 1, 'a', NULL, 1, '2025-04-03 10:30:21', '2025-04-03 10:34:37', NULL),
(15, 16, 2, 2, 19, '2025-04-03 10:34:37', '2025-04-03 11:48:18', 0, 1, 'test', NULL, 5, '2025-04-03 10:34:37', '2025-04-03 11:48:18', NULL),
(16, 16, 2, 2, 20, '2025-04-03 11:48:18', NULL, 0, 0, 'test', NULL, 4, '2025-04-03 11:48:18', '2025-04-03 11:48:18', NULL),
(18, 24, 2, 1, 18, '2025-04-11 07:48:37', '2025-04-17 05:58:41', 1, 1, 'Allocated to UMR:UMR2504111 IPD:IP25041117', NULL, NULL, '2025-04-11 07:48:37', '2025-04-17 05:58:41', NULL),
(19, 24, 1, 3, 21, '2025-04-17 05:58:41', NULL, 0, 0, 'test', NULL, 1, '2025-04-17 05:58:41', '2025-04-17 05:58:41', NULL),
(20, 25, 1, 3, 22, '2025-04-25 06:02:26', NULL, 1, 0, 'Allocated to UMR:UMR2504231 IPD:IP25042525', NULL, NULL, '2025-04-25 06:02:26', '2025-04-25 06:02:26', NULL),
(21, 26, 2, 1, 18, '2025-05-05 07:16:39', NULL, 1, 0, 'Allocated to UMR:UMR2504231 IPD:IP25050525', NULL, NULL, '2025-05-05 07:16:39', '2025-05-05 07:16:39', NULL),
(22, 27, 1, 4, 41, '2025-05-06 06:36:16', '2025-05-06 06:47:27', 1, 1, 'Allocated to UMR:UMR2505061 IPD:IP25050627', NULL, NULL, '2025-05-06 06:36:16', '2025-05-06 06:47:27', NULL),
(23, 27, 1, 4, 42, '2025-05-06 06:47:27', NULL, 0, 0, 'test', NULL, 2, '2025-05-06 06:47:27', '2025-05-06 06:47:27', NULL),
(24, 28, 1, 5, 61, '2025-05-23 06:20:35', NULL, 1, 0, 'Allocated to UMR:UMR2505081 IPD:IP25052328', NULL, NULL, '2025-05-23 06:20:35', '2025-05-23 06:20:35', NULL),
(25, 29, 1, 4, 43, '2025-05-23 06:39:10', NULL, 1, 0, 'Allocated to UMR:UMR24052616 IPD:IP25052329', NULL, NULL, '2025-05-23 06:39:10', '2025-05-23 06:39:10', NULL);

-- --------------------------------------------------------

--
-- Table structure for table `patient_credit_limits`
--

CREATE TABLE `patient_credit_limits` (
  `id` bigint(20) UNSIGNED NOT NULL,
  `patient_id` bigint(20) UNSIGNED NOT NULL,
  `ipd_id` bigint(20) UNSIGNED NOT NULL,
  `credit_limit` decimal(10,2) NOT NULL DEFAULT 0.00,
  `authrization_by` bigint(20) UNSIGNED DEFAULT NULL,
  `remarks` text DEFAULT NULL,
  `created_by_id` bigint(20) UNSIGNED DEFAULT NULL,
  `created_at` timestamp NULL DEFAULT NULL,
  `updated_at` timestamp NULL DEFAULT NULL,
  `deleted_at` timestamp NULL DEFAULT NULL
) ENGINE=InnoDB DEFAULT CHARSET=utf8mb4 COLLATE=utf8mb4_unicode_ci;

--
-- Dumping data for table `patient_credit_limits`
--

INSERT INTO `patient_credit_limits` (`id`, `patient_id`, `ipd_id`, `credit_limit`, `authrization_by`, `remarks`, `created_by_id`, `created_at`, `updated_at`, `deleted_at`) VALUES
(1, 94, 24, 1000.00, 1, NULL, 11, '2025-04-23 09:21:15', '2025-04-23 09:21:15', NULL),
(2, 94, 24, 2000.00, 1, NULL, 11, '2025-04-23 09:21:37', '2025-04-23 09:21:37', NULL);

-- --------------------------------------------------------

--
-- Table structure for table `patient_discharges`
--

CREATE TABLE `patient_discharges` (
  `id` bigint(20) UNSIGNED NOT NULL,
  `ipd_id` bigint(20) UNSIGNED NOT NULL,
  `patient_id` bigint(20) UNSIGNED NOT NULL,
  `code` varchar(255) NOT NULL,
  `doctor_id` bigint(20) UNSIGNED NOT NULL,
  `discharge_date_time` timestamp NULL DEFAULT NULL,
  `review_date` date DEFAULT NULL,
  `remarks` longtext DEFAULT NULL,
  `nurse_station_id` bigint(20) UNSIGNED NOT NULL,
  `created_by_id` bigint(20) UNSIGNED NOT NULL,
  `created_at` timestamp NULL DEFAULT NULL,
  `updated_at` timestamp NULL DEFAULT NULL,
  `deleted_at` timestamp NULL DEFAULT NULL
) ENGINE=InnoDB DEFAULT CHARSET=utf8mb4 COLLATE=utf8mb4_unicode_ci;

-- --------------------------------------------------------

--
-- Table structure for table `patient_discharge_process_statuses`
--

CREATE TABLE `patient_discharge_process_statuses` (
  `id` bigint(20) UNSIGNED NOT NULL,
  `ipd_id` bigint(20) UNSIGNED NOT NULL,
  `patient_id` bigint(20) UNSIGNED NOT NULL,
  `doctor_id` bigint(20) UNSIGNED NOT NULL,
  `place` varchar(255) DEFAULT NULL,
  `time` time DEFAULT NULL,
  `is_return_pharmacy` enum('0','1') NOT NULL DEFAULT '0',
  `is_amubulance` enum('0','1') NOT NULL DEFAULT '0',
  `notes` longtext DEFAULT NULL,
  `remarks` longtext DEFAULT NULL,
  `nurse_station_id` bigint(20) UNSIGNED NOT NULL,
  `created_by_id` bigint(20) UNSIGNED NOT NULL,
  `created_at` timestamp NULL DEFAULT NULL,
  `updated_at` timestamp NULL DEFAULT NULL,
  `deleted_at` timestamp NULL DEFAULT NULL
) ENGINE=InnoDB DEFAULT CHARSET=utf8mb4 COLLATE=utf8mb4_unicode_ci;

--
-- Dumping data for table `patient_discharge_process_statuses`
--

INSERT INTO `patient_discharge_process_statuses` (`id`, `ipd_id`, `patient_id`, `doctor_id`, `place`, `time`, `is_return_pharmacy`, `is_amubulance`, `notes`, `remarks`, `nurse_station_id`, `created_by_id`, `created_at`, `updated_at`, `deleted_at`) VALUES
(1, 16, 46, 6, 'Noida', '12:35:00', '0', '1', '', '', 1, 14, '2025-04-09 06:59:00', '2025-04-09 07:06:06', NULL);

-- --------------------------------------------------------

--
-- Table structure for table `patient_types`
--

CREATE TABLE `patient_types` (
  `id` bigint(20) UNSIGNED NOT NULL,
  `name` varchar(100) NOT NULL,
  `created_at` timestamp NULL DEFAULT NULL,
  `updated_at` timestamp NULL DEFAULT NULL,
  `deleted_at` timestamp NULL DEFAULT NULL
) ENGINE=InnoDB DEFAULT CHARSET=utf8mb4 COLLATE=utf8mb4_unicode_ci;

--
-- Dumping data for table `patient_types`
--

INSERT INTO `patient_types` (`id`, `name`, `created_at`, `updated_at`, `deleted_at`) VALUES
(1, 'General', NULL, NULL, NULL),
(2, 'Package', NULL, NULL, NULL),
(3, 'Insurance', NULL, NULL, NULL);

-- --------------------------------------------------------

--
-- Table structure for table `patient_visits`
--

CREATE TABLE `patient_visits` (
  `id` bigint(20) UNSIGNED NOT NULL,
  `visit_no` varchar(255) DEFAULT NULL,
  `visit_type` varchar(255) DEFAULT NULL,
  `fee` decimal(6,2) NOT NULL,
  `foc` tinyint(1) DEFAULT 0,
  `visit_date` date DEFAULT NULL,
  `visit_status` tinyint(4) NOT NULL DEFAULT 0 COMMENT 'when complete the status will change',
  `description` text DEFAULT NULL,
  `patient_id` bigint(20) UNSIGNED DEFAULT NULL,
  `doctor_id` bigint(20) UNSIGNED DEFAULT NULL,
  `visit_type_id` bigint(20) DEFAULT NULL,
  `unit_id` bigint(20) UNSIGNED NOT NULL,
  `department_id` bigint(20) UNSIGNED NOT NULL,
  `created_by_id` bigint(20) UNSIGNED DEFAULT NULL,
  `updated_by_id` bigint(20) UNSIGNED DEFAULT NULL,
  `cancelled_reason` text DEFAULT NULL,
  `cancelled_approve_by_id` bigint(20) UNSIGNED DEFAULT NULL,
  `cancelled_by_id` bigint(20) UNSIGNED DEFAULT NULL,
  `created_at` timestamp NULL DEFAULT NULL,
  `updated_at` timestamp NULL DEFAULT NULL,
  `deleted_at` timestamp NULL DEFAULT NULL
) ENGINE=InnoDB DEFAULT CHARSET=utf8mb4 COLLATE=utf8mb4_unicode_ci;

--
-- Dumping data for table `patient_visits`
--

INSERT INTO `patient_visits` (`id`, `visit_no`, `visit_type`, `fee`, `foc`, `visit_date`, `visit_status`, `description`, `patient_id`, `doctor_id`, `visit_type_id`, `unit_id`, `department_id`, `created_by_id`, `updated_by_id`, `cancelled_reason`, `cancelled_approve_by_id`, `cancelled_by_id`, `created_at`, `updated_at`, `deleted_at`) VALUES
(1, 'OPD24031', '1', 50.00, 0, '2024-03-07', 0, 'Description', 1, 1, NULL, 2, 1, 1, NULL, NULL, NULL, 0, '2024-03-06 22:48:01', '2024-03-06 22:48:30', NULL),
(2, 'OPD24032', '1', 50.00, 0, '2024-03-08', 0, 'Description', 2, 2, NULL, 2, 1, 1, NULL, NULL, NULL, 0, '2024-03-08 17:08:38', '2024-03-15 10:55:43', NULL),
(3, 'OPD24033', '1', 50.00, 0, '2024-03-15', 0, 'Description', 3, 2, NULL, 2, 1, 1, NULL, NULL, NULL, 0, '2024-03-15 10:58:54', '2024-03-15 11:00:38', NULL),
(4, 'OPD24034', '1', 50.00, 0, '2024-03-15', 0, 'Description', 4, 5, NULL, 2, 1, 1, NULL, NULL, NULL, 0, '2024-03-15 12:21:25', '2024-03-15 12:23:49', NULL),
(5, 'OPD24035', '1', 50.00, 0, '2024-03-15', 0, 'Description', 5, 2, NULL, 3, 2, 1, NULL, NULL, NULL, 0, '2024-03-15 17:41:26', '2024-05-10 07:52:37', NULL),
(6, 'OPD24046', '1', 0.00, 0, '2024-04-06', 0, 'Description', 8, 1, 1, 2, 1, 1, NULL, NULL, NULL, 0, '2024-04-06 10:05:29', '2024-04-06 10:13:36', NULL),
(7, 'OPD24047', '1', 0.00, 0, '2024-04-11', 0, 'Description', 9, 1, 1, 2, 1, 1, NULL, NULL, NULL, 0, '2024-04-11 21:42:24', '2024-04-11 21:43:04', NULL),
(8, 'OPD24048', '1', 0.00, 0, '2024-04-12', 0, 'Description', 10, 1, 1, 2, 1, 1, NULL, NULL, NULL, 0, '2024-04-12 10:00:33', '2024-04-12 10:21:36', NULL),
(9, 'OPD24049', '1', 0.00, 0, '2024-04-27', 0, 'Description', 11, 1, 1, 2, 1, 1, NULL, NULL, NULL, 0, '2024-04-27 09:31:09', '2024-04-27 09:31:58', NULL),
(10, 'OPD240510', '1', 0.00, 0, '2024-05-13', 0, 'Description', 12, 3, 1, 1, 1, 1, NULL, NULL, NULL, 0, '2024-05-13 20:48:11', '2024-05-13 20:49:40', NULL),
(11, 'OPD240511', '1', 0.00, 0, '2024-05-13', 0, 'Description', 13, 5, NULL, 1, 1, 1, NULL, NULL, NULL, 0, '2024-05-13 20:57:50', '2024-05-13 20:58:40', NULL),
(12, 'OPD240512', '1', 0.00, 0, '2024-05-13', 0, 'Description', 14, 1, 1, 2, 1, 1, NULL, NULL, NULL, 0, '2024-05-13 21:58:16', '2024-05-13 21:59:03', NULL),
(13, 'OPD240513', '1', 0.00, 0, '2024-05-23', 0, 'Description', 15, 6, 1, 2, 1, 1, NULL, NULL, NULL, 0, '2024-05-23 22:51:46', '2024-08-09 13:27:21', NULL),
(14, 'OPD240514', '1', 0.00, 0, '2024-05-26', 0, 'Description', 16, 1, 1, 4, 2, 1, NULL, NULL, NULL, 0, '2024-05-26 17:17:26', '2024-05-26 17:18:33', NULL),
(15, 'OPD240515', '1', 50.00, 0, '2024-05-30', 0, 'Description', 17, 1, 1, 1, 1, 1, NULL, NULL, NULL, 0, '2024-05-30 18:12:25', '2024-05-30 18:14:43', NULL),
(16, 'OPD240616', '1', 0.00, 0, '2024-06-26', 0, 'Description', 18, 7, 1, 1, 1, 1, NULL, NULL, NULL, 0, '2024-06-26 11:36:19', '2024-06-26 11:40:21', NULL),
(17, 'OPD240717', '1', 0.00, 0, '2024-07-09', 0, 'Description', 19, 4, 1, 2, 1, 1, NULL, NULL, NULL, 0, '2024-07-09 15:54:48', '2024-07-09 15:58:02', NULL),
(18, 'OPD240718', '1', 0.00, 0, '2024-07-12', 0, 'Description', 20, 1, 1, 2, 1, 1, NULL, NULL, NULL, 0, '2024-07-12 09:28:20', '2024-07-12 09:30:32', NULL),
(19, 'OPD240719', '1', 0.00, 0, '2024-07-13', 0, 'Description', 21, 5, 1, 2, 1, 1, NULL, NULL, NULL, 0, '2024-07-13 08:44:25', '2024-07-13 08:56:22', NULL),
(20, 'OPD240720', '1', 0.00, 0, '2024-07-15', 0, 'Description', 22, 4, 1, 21, 19, 1, NULL, NULL, NULL, 0, '2024-07-15 11:55:38', '2024-07-15 12:08:11', NULL),
(21, 'OPD240721', '1', 0.00, 0, '2024-07-15', 0, 'Description', 23, 5, 1, 42, 4, 1, NULL, NULL, NULL, 0, '2024-07-15 12:06:39', '2024-07-15 12:08:17', NULL),
(22, 'OPD240722', '1', 0.00, 0, '2024-07-16', 0, 'Description', 25, 6, 1, 38, 4, 1, NULL, NULL, NULL, 0, '2024-07-16 09:23:30', '2024-07-16 09:25:36', NULL),
(23, 'OPD240723', '1', 50.00, 0, '2024-07-16', 0, 'Description', 16, 6, 1, 49, 8, 1, NULL, NULL, NULL, 0, '2024-07-16 12:02:46', '2024-08-09 13:27:14', NULL),
(24, 'OPD240724', '1', 0.00, 0, '2024-07-19', 0, 'Description', 26, 3, 1, 3, 2, 1, NULL, NULL, NULL, 0, '2024-07-19 03:25:40', '2024-07-29 04:17:22', NULL),
(25, 'OPD240725', '1', 0.00, 0, '2024-07-19', 0, 'Description', 27, 6, 1, 3, 2, 1, NULL, NULL, NULL, 0, '2024-07-19 11:39:48', '2024-08-09 13:27:08', NULL),
(26, 'OPD240726', '1', 0.00, 0, '2024-07-21', 0, 'Description', 28, 9, 1, 23, 12, 1, NULL, NULL, NULL, 0, '2024-07-21 05:37:46', '2024-07-28 20:37:12', NULL),
(27, 'OPD240727', '1', 0.00, 0, '2024-07-21', 0, 'Description', 29, 6, NULL, 2, 1, 1, NULL, NULL, NULL, 0, '2024-07-21 12:11:28', '2024-08-09 13:27:02', NULL),
(28, 'OPD240728', '1', 50.00, 0, '2024-07-21', 0, 'Description', 30, 6, 1, 4, 2, 1, NULL, NULL, NULL, 0, '2024-07-21 12:35:42', '2024-08-09 13:26:55', NULL),
(29, 'OPD240729', '1', 0.00, 0, '2024-07-26', 0, 'Description', 31, 6, 1, 42, 4, 1, NULL, NULL, NULL, 0, '2024-07-26 06:08:36', '2024-08-09 13:26:49', NULL),
(30, 'OPD240730', '1', 0.00, 0, '2024-07-26', 0, 'Description', 33, 2, 1, 1, 1, 1, NULL, NULL, NULL, 0, '2024-07-26 16:37:57', '2024-07-28 19:16:03', NULL),
(31, 'OPD240731', '1', 0.00, 0, '2024-07-26', 0, 'Description', 24, 7, 1, 2, 1, 1, NULL, NULL, NULL, 0, '2024-07-26 17:16:00', '2024-08-09 13:26:44', NULL),
(32, 'OPD240732', '1', 0.00, 1, '2024-07-26', 0, 'Description', 25, 5, 1, 2, 2, 1, NULL, NULL, NULL, 0, '2024-07-26 17:20:25', '2024-07-29 04:08:04', NULL),
(33, 'OPD240733', '1', 0.00, 1, '2024-07-26', 0, 'Description', 34, 2, 1, 1, 1, 1, NULL, NULL, NULL, 0, '2024-07-26 18:23:37', '2024-07-28 22:13:27', NULL),
(34, 'OPD240734', '1', 0.00, 1, '2024-07-26', 0, 'Description', 35, 2, 1, 1, 1, 1, NULL, NULL, NULL, 0, '2024-07-26 18:29:11', '2024-07-28 21:09:58', NULL),
(35, 'OPD240735', '1', 0.00, 1, '2024-07-27', 0, 'Description', 36, 6, 1, 1, 1, 1, NULL, NULL, NULL, 0, '2024-07-26 18:38:35', '2024-07-28 19:17:46', NULL),
(37, 'OPD240736', '0', 0.00, NULL, '2024-07-29', 0, 'Description', 22, 2, 3, 2, 1, 1, NULL, NULL, NULL, 0, '2024-07-29 12:23:45', '2024-07-30 17:21:15', NULL),
(38, 'OPD240738', '0', 0.00, NULL, '2024-07-30', 0, 'Description', 36, 6, 1, 2, 1, 1, NULL, NULL, NULL, 0, '2024-07-29 18:41:23', '2024-08-09 13:26:35', NULL),
(39, 'OPD240739', '0', 0.00, NULL, '2024-07-30', 0, 'Description', 35, 6, NULL, 4, 2, 1, NULL, NULL, NULL, 0, '2024-07-29 18:48:56', '2024-08-09 13:26:30', NULL),
(40, 'OPD240740', '1', 550.00, NULL, '2024-07-30', 0, 'Description', 21, 3, NULL, 2, 1, 1, NULL, NULL, NULL, 0, '2024-07-29 18:53:52', '2024-08-09 13:26:19', NULL),
(41, 'OPD240741', '1', 550.00, NULL, '2024-07-30', 0, 'Description', 38, 7, 1, 1, 1, 1, NULL, NULL, NULL, 0, '2024-07-30 06:32:12', '2024-08-09 13:26:10', NULL),
(42, 'OPD240742', '1', 50.00, NULL, '2024-07-30', 0, 'Description', 22, 4, NULL, 4, 2, 1, NULL, NULL, NULL, 0, '2024-07-30 07:53:04', '2024-07-30 17:21:30', NULL),
(43, 'OPD240743', '0', 0.00, NULL, '2024-07-30', 0, 'Description', 26, 5, NULL, 1, 1, 1, NULL, NULL, NULL, 0, '2024-07-30 08:06:51', '2024-08-09 13:26:04', NULL),
(44, 'OPD240744', '0', 0.00, NULL, '2024-07-30', 0, 'Description', 24, 8, 3, 2, 1, 1, NULL, NULL, NULL, 0, '2024-07-30 08:09:32', '2024-08-09 13:25:59', NULL),
(45, 'OPD240845', '0', 0.00, NULL, '2024-08-02', 0, 'Description', 22, 6, 3, 4, 2, 1, NULL, NULL, NULL, 0, '2024-08-02 10:08:16', '2024-08-09 13:25:51', NULL),
(46, 'OPD240846', '1', 50.00, NULL, '2024-08-06', 0, 'Description', 39, 6, 1, 43, 4, 1, NULL, NULL, NULL, 0, '2024-08-06 10:49:14', '2024-08-06 10:49:47', NULL),
(47, 'OPD240847', '1', 50.00, NULL, '2024-08-07', 0, 'Description', 40, 1, 1, 32, 5, 11, NULL, NULL, NULL, 0, '2024-08-07 11:14:24', '2024-08-07 11:26:15', NULL),
(48, 'OPD240848', '1', 50.00, NULL, '2024-08-09', 0, 'Description', 41, 3, 1, 42, 4, 1, NULL, NULL, NULL, 0, '2024-08-09 12:31:03', '2024-08-09 13:25:45', NULL),
(49, 'OPD240849', '1', 50.00, NULL, '2024-08-09', 0, 'Description', 42, 6, 1, 34, 5, 1, NULL, NULL, NULL, 0, '2024-08-09 12:32:10', '2024-08-09 13:25:37', NULL),
(50, 'OPD240850', '1', 50.00, NULL, '2024-08-09', 0, 'Description', 43, 6, 1, 34, 5, 1, NULL, NULL, NULL, 0, '2024-08-09 12:33:50', '2024-08-09 13:25:31', NULL),
(51, 'OPD240851', '1', 50.00, NULL, '2024-08-09', 0, 'Description', 44, 7, 1, 4, 2, 1, NULL, NULL, NULL, 0, '2024-08-09 13:18:30', '2024-08-09 13:25:26', NULL),
(52, 'OPD240852', '1', 50.00, NULL, '2024-08-09', 0, 'Description', 45, 7, 1, 28, 7, 1, NULL, NULL, NULL, 0, '2024-08-09 13:20:07', '2024-08-09 13:25:20', NULL),
(53, 'OPD240853', '1', 50.00, NULL, '2024-08-09', 0, 'Description', 46, 6, 1, 34, 5, 1, NULL, NULL, NULL, 0, '2024-08-09 13:23:30', '2024-08-09 13:25:13', NULL),
(54, 'OPD240854', '1', 50.00, NULL, '2024-08-09', 0, 'Description', 47, 6, 1, 37, 5, 1, NULL, NULL, NULL, 0, '2024-08-09 13:31:09', '2024-08-09 13:37:16', NULL),
(55, 'OPD240855', '1', 50.00, NULL, '2024-08-09', 0, 'Description', 48, 6, 1, 35, 5, 1, NULL, NULL, NULL, 0, '2024-08-09 13:32:28', '2024-08-09 13:36:57', NULL),
(56, 'OPD240856', '1', 50.00, NULL, '2024-08-09', 0, 'Description', 49, 6, 1, 33, 5, 1, NULL, NULL, NULL, 0, '2024-08-09 13:34:04', '2024-08-09 13:37:10', NULL),
(57, 'OPD240857', '1', 50.00, NULL, '2024-08-09', 0, 'Description', 50, 5, 1, 4, 2, 1, NULL, NULL, NULL, 0, '2024-08-09 13:36:20', '2024-08-09 13:37:03', NULL),
(58, 'OPD240858', '1', 550.00, NULL, '2024-08-09', 0, 'Description', 51, 5, 1, 2, 1, 1, NULL, NULL, NULL, 0, '2024-08-09 14:42:11', '2024-08-09 14:44:00', NULL),
(59, 'OPD240859', '1', 50.00, NULL, '2024-08-10', 0, 'Description', 52, 6, 1, 42, 4, 1, NULL, NULL, NULL, 0, '2024-08-10 12:03:14', '2024-08-10 12:40:10', NULL),
(60, 'OPD240860', '1', 50.00, NULL, '2024-08-10', 0, 'Description', 53, 6, 1, 35, 5, 1, NULL, NULL, NULL, 0, '2024-08-10 12:05:16', '2024-08-10 12:40:01', NULL),
(61, 'OPD240861', '1', 50.00, NULL, '2024-08-10', 0, 'Description', 54, 6, 1, 34, 5, 1, NULL, NULL, NULL, 0, '2024-08-10 12:07:13', '2024-08-10 12:39:52', NULL),
(62, 'OPD240862', '1', 50.00, NULL, '2024-08-10', 0, 'Description', 55, 7, 1, 35, 5, 1, NULL, NULL, NULL, 0, '2024-08-10 12:09:00', '2024-08-10 12:39:45', NULL),
(63, 'OPD240863', '1', 50.00, NULL, '2024-08-10', 0, 'Description', 56, 7, 1, 6, 6, 1, NULL, NULL, NULL, 0, '2024-08-10 12:10:23', '2024-08-10 12:39:38', NULL),
(64, 'OPD240864', '1', 50.00, NULL, '2024-08-10', 0, 'Description', 57, 6, 1, 34, 5, 1, NULL, NULL, NULL, 0, '2024-08-10 12:12:23', '2024-08-10 12:38:14', NULL),
(65, 'OPD240865', '1', 50.00, NULL, '2024-08-10', 0, 'Description', 58, 6, 1, 28, 7, 1, NULL, NULL, NULL, 0, '2024-08-10 12:14:40', '2024-08-10 12:39:28', NULL),
(66, 'OPD240866', '1', 50.00, NULL, '2024-08-10', 0, 'Description', 59, 5, 1, 28, 7, 1, NULL, NULL, NULL, 0, '2024-08-10 12:16:12', '2024-08-10 12:39:21', NULL),
(67, 'OPD240867', '1', 50.00, NULL, '2024-08-10', 0, 'Description', 60, 5, 1, 6, 6, 1, NULL, NULL, NULL, 0, '2024-08-10 12:18:12', '2024-08-10 12:39:14', NULL),
(68, 'OPD240868', '1', 50.00, NULL, '2024-08-10', 0, 'Description', 61, 4, 1, 44, 4, 1, NULL, NULL, NULL, 0, '2024-08-10 12:23:03', '2024-08-10 12:39:05', NULL),
(69, 'OPD240869', '1', 50.00, NULL, '2024-08-10', 0, 'Description', 62, 7, 1, 6, 6, 1, NULL, NULL, NULL, 0, '2024-08-10 12:24:44', '2024-08-10 12:38:55', NULL),
(70, 'OPD240870', '1', 50.00, NULL, '2024-08-10', 0, 'Description', 63, 7, 1, 33, 5, 1, NULL, NULL, NULL, 0, '2024-08-10 12:26:25', '2024-08-10 12:38:46', NULL),
(71, 'OPD240871', '1', 50.00, NULL, '2024-08-10', 0, 'Description', 64, 6, 1, 34, 5, 1, NULL, NULL, NULL, 0, '2024-08-10 12:28:41', '2024-08-10 12:38:39', NULL),
(72, 'OPD240872', '1', 50.00, NULL, '2024-08-10', 0, 'Description', 65, 6, 1, 32, 5, 1, NULL, NULL, NULL, 0, '2024-08-10 12:31:03', '2024-08-10 12:38:32', NULL),
(73, 'OPD240873', '1', 50.00, NULL, '2024-08-10', 0, 'Description', 66, 7, 1, 28, 7, 1, NULL, NULL, NULL, 0, '2024-08-10 12:33:05', '2024-08-10 12:38:25', NULL),
(74, 'OPD240874', '1', 50.00, NULL, '2024-08-10', 0, 'Description', 67, NULL, 1, 34, 5, 11, NULL, NULL, NULL, 0, '2024-08-10 14:43:07', '2024-08-10 14:43:07', NULL),
(75, 'OPD240875', '1', 0.00, 1, '2024-08-10', 0, 'Description', 68, NULL, 1, 48, 8, 11, NULL, NULL, NULL, 0, '2024-08-10 14:43:11', '2024-08-10 14:43:11', NULL),
(76, 'OPD240876', '1', 50.00, NULL, '2024-08-12', 0, 'Description', 69, NULL, 1, 30, 5, 1, NULL, NULL, NULL, 0, '2024-08-12 08:41:00', '2024-08-12 08:41:00', NULL),
(77, 'OPD240877', '1', 50.00, NULL, '2024-08-12', 0, 'Description', 70, NULL, 1, 33, 5, 1, NULL, NULL, NULL, 0, '2024-08-12 08:42:22', '2024-08-12 08:42:22', NULL),
(78, 'OPD240878', '1', 50.00, NULL, '2024-08-12', 0, 'Description', 71, NULL, 1, 30, 5, 1, NULL, NULL, NULL, 0, '2024-08-12 08:43:37', '2024-08-12 08:43:37', NULL),
(79, 'OPD240879', '1', 50.00, NULL, '2024-08-12', 0, 'Description', 72, NULL, 1, 41, 4, 1, NULL, NULL, NULL, 0, '2024-08-12 08:44:46', '2024-08-12 08:44:46', NULL),
(80, 'OPD240880', '1', 50.00, NULL, '2024-08-12', 0, 'Description', 73, NULL, 1, 44, 4, 1, NULL, NULL, NULL, 0, '2024-08-12 08:46:26', '2024-08-12 08:46:26', NULL),
(81, 'OPD240881', '1', 50.00, NULL, '2024-08-12', 0, 'Description', 74, NULL, 1, 34, 5, 1, NULL, NULL, NULL, 0, '2024-08-12 08:47:37', '2024-08-12 08:47:37', NULL),
(82, 'OPD240882', '1', 50.00, NULL, '2024-08-12', 0, 'Description', 75, NULL, 1, 41, 4, 1, NULL, NULL, NULL, 0, '2024-08-12 08:49:00', '2024-08-12 08:49:00', NULL),
(83, 'OPD240883', '1', 50.00, NULL, '2024-08-12', 0, 'Description', 76, NULL, 1, 34, 5, 1, NULL, NULL, NULL, 0, '2024-08-12 08:50:10', '2024-08-12 08:50:10', NULL),
(84, 'OPD240884', '1', 50.00, NULL, '2024-08-12', 0, 'Description', 77, NULL, 1, 42, 4, 1, NULL, NULL, NULL, 0, '2024-08-12 08:51:29', '2024-08-12 08:51:29', NULL),
(85, 'OPD240885', '1', 50.00, NULL, '2024-08-12', 0, 'Description', 78, NULL, 1, 27, 7, 1, NULL, NULL, NULL, 0, '2024-08-12 08:52:34', '2024-08-12 08:52:34', NULL),
(86, 'OPD240886', '1', 0.00, 1, '2024-08-12', 0, 'Description', 79, NULL, 1, 6, 6, 11, NULL, NULL, NULL, 0, '2024-08-12 15:48:14', '2024-08-12 15:48:14', NULL),
(87, 'OPD240887', '1', 50.00, NULL, '2024-08-12', 0, 'Description', 80, NULL, 1, 19, 19, 11, NULL, NULL, NULL, 0, '2024-08-12 15:58:43', '2024-08-12 15:58:43', NULL),
(88, 'OPD240888', '1', 0.00, 1, '2024-08-12', 0, 'Description', 81, NULL, 1, 19, 19, 11, NULL, NULL, NULL, 0, '2024-08-12 16:01:53', '2024-08-12 16:01:53', NULL),
(89, 'OPD240889', '1', 0.00, 1, '2024-08-12', 0, 'Description', 82, 4, 1, 38, 4, 11, NULL, NULL, NULL, 0, '2024-08-12 16:03:24', '2024-08-12 16:03:24', NULL),
(90, 'OPD240890', '1', 0.00, 1, '2024-08-12', 0, 'Description', 83, NULL, 1, 38, 4, 11, NULL, NULL, NULL, 0, '2024-08-12 16:05:16', '2024-08-12 16:05:16', NULL),
(91, 'OPD240891', '1', 0.00, 1, '2024-08-12', 0, 'Description', 84, NULL, 1, 11, 18, 11, NULL, NULL, NULL, 0, '2024-08-12 16:11:02', '2024-08-12 16:11:02', NULL),
(92, 'OPD240892', '1', 0.00, 1, '2024-08-12', 0, 'Description', 85, NULL, 1, 1, 6, 11, NULL, NULL, NULL, 0, '2024-08-12 16:14:02', '2024-08-12 16:14:02', NULL),
(93, 'OPD240893', '1', 0.00, 1, '2024-08-13', 0, 'Description', 86, NULL, 1, 39, 4, 11, NULL, NULL, NULL, 0, '2024-08-13 14:56:24', '2024-08-13 14:56:24', NULL),
(94, 'OPD240894', '1', 50.00, NULL, '2024-08-16', 0, 'Paid', 87, NULL, 1, 39, 4, 1, NULL, NULL, NULL, 0, '2024-08-16 21:50:47', '2024-08-16 21:50:47', NULL),
(95, 'OPD240895', '0', 0.00, NULL, '2024-08-16', 0, 'Description', 57, NULL, 3, 40, 4, 1, NULL, NULL, NULL, 0, '2024-08-16 21:54:56', '2024-08-16 21:54:56', NULL),
(96, 'OPD240896', '1', 50.00, NULL, '2024-08-16', 0, NULL, 1, NULL, 1, 41, 4, 1, NULL, NULL, NULL, 0, '2024-08-16 21:56:38', '2024-08-16 21:56:38', NULL),
(97, 'OPD240897', '1', 50.00, NULL, '2024-08-16', 0, NULL, 87, NULL, 1, 39, 5, 1, NULL, NULL, NULL, 0, '2024-08-16 21:58:12', '2024-08-16 21:58:12', NULL),
(98, 'OPD240898', '1', 50.00, NULL, '2024-08-20', 0, NULL, 88, NULL, 1, 39, 4, 1, NULL, NULL, NULL, 0, '2024-08-20 13:38:49', '2024-08-20 13:38:49', NULL),
(99, 'OPD240899', '1', 50.00, NULL, '2024-08-20', 0, NULL, 88, NULL, NULL, 39, 5, 1, NULL, NULL, NULL, 0, '2024-08-20 13:46:17', '2024-08-20 13:46:17', NULL),
(100, 'OPD2408100', '1', 50.00, NULL, '2024-08-21', 0, 'Paid', 89, NULL, 1, 41, 4, 1, NULL, NULL, NULL, 0, '2024-08-21 09:52:44', '2024-08-21 09:52:44', NULL),
(101, 'OPD2408101', '1', 50.00, NULL, '2024-08-24', 0, 'test', 90, 4, 1, 4, 2, 1, NULL, NULL, NULL, 0, '2024-08-24 21:34:40', '2024-08-24 21:39:12', NULL),
(102, 'OPD2408102', '1', 50.00, NULL, '2024-08-31', 0, NULL, 91, NULL, 1, 31, 5, 1, NULL, NULL, NULL, 0, '2024-08-31 13:35:35', '2024-08-31 13:35:35', NULL),
(103, 'OPD2409103', '1', 50.00, NULL, '2024-09-02', 0, 'test', 92, NULL, 1, 4, 2, 1, NULL, NULL, NULL, 0, '2024-09-02 08:35:10', '2024-09-02 08:35:10', NULL),
(104, 'OPD2503104', '1', 50.00, NULL, '2025-03-15', 0, 'test', 93, 3, 1, 3, 2, 1, NULL, NULL, NULL, 0, '2025-03-15 08:16:40', '2025-03-15 08:17:50', NULL),
(105, 'OPD2504105', '1', 50.00, NULL, '2025-04-11', 0, 'Test Remarks 2', 94, 10, 1, 1, 1, 1, NULL, NULL, NULL, 0, '2025-04-11 06:49:55', '2025-04-11 07:12:36', NULL),
(106, 'OPD2504106', '1', 50.00, NULL, '2025-04-24', 0, NULL, 95, 10, 1, 1, 1, 1, NULL, NULL, NULL, 0, '2025-04-24 10:53:00', '2025-04-25 05:11:39', NULL),
(107, 'OPD2505107', '1', 50.00, NULL, '2025-05-06', 0, NULL, 96, 10, 1, 1, 1, 1, NULL, NULL, NULL, 0, '2025-05-06 06:34:31', '2025-05-06 06:38:12', NULL),
(108, 'OPD2505108', '1', 50.00, NULL, '2025-05-08', 0, NULL, 97, NULL, 1, 1, 1, 1, NULL, NULL, NULL, 0, '2025-05-08 06:18:57', '2025-05-08 06:18:57', NULL),
(109, 'OPD2505109', '1', 50.00, NULL, '2025-05-08', 0, NULL, 97, NULL, 1, 4, 2, 1, NULL, NULL, NULL, 0, '2025-05-08 08:46:07', '2025-05-08 08:46:07', NULL),
(110, 'OPD2505110', '1', 50.00, NULL, '2025-05-09', 0, NULL, 99, NULL, 1, 1, 1, 1, NULL, 'Test consultation cancel', 1, 1, '2025-05-09 10:57:12', '2025-05-16 10:29:58', '2025-05-16 10:29:58'),
(111, 'OPD2505110', '1', 50.00, NULL, '2025-05-15', 0, NULL, 99, NULL, 1, 1, 1, 1, NULL, NULL, NULL, 0, '2025-05-15 11:19:15', '2025-05-15 11:20:12', '2025-05-15 11:20:12');

-- --------------------------------------------------------

--
-- Table structure for table `payment_types`
--

CREATE TABLE `payment_types` (
  `id` bigint(20) UNSIGNED NOT NULL,
  `name` varchar(100) NOT NULL,
  `created_at` timestamp NULL DEFAULT NULL,
  `updated_at` timestamp NULL DEFAULT NULL,
  `deleted_at` timestamp NULL DEFAULT NULL
) ENGINE=InnoDB DEFAULT CHARSET=utf8mb4 COLLATE=utf8mb4_unicode_ci;

--
-- Dumping data for table `payment_types`
--

INSERT INTO `payment_types` (`id`, `name`, `created_at`, `updated_at`, `deleted_at`) VALUES
(1, 'Salaried', NULL, NULL, NULL),
(2, 'Honorary', NULL, NULL, NULL),
(3, 'Both', NULL, NULL, NULL);

-- --------------------------------------------------------

--
-- Table structure for table `permissions`
--

CREATE TABLE `permissions` (
  `id` bigint(20) UNSIGNED NOT NULL,
  `name` varchar(255) NOT NULL,
  `guard_name` varchar(255) NOT NULL,
  `created_at` timestamp NULL DEFAULT NULL,
  `updated_at` timestamp NULL DEFAULT NULL,
  `deleted_at` timestamp NULL DEFAULT NULL
) ENGINE=InnoDB DEFAULT CHARSET=utf8mb4 COLLATE=utf8mb4_unicode_ci;

--
-- Dumping data for table `permissions`
--

INSERT INTO `permissions` (`id`, `name`, `guard_name`, `created_at`, `updated_at`, `deleted_at`) VALUES
(1, 'role_menu', 'web', '2025-03-24 12:22:29', '2025-03-24 12:22:29', NULL),
(2, 'role_create_menu', 'web', '2025-03-24 12:23:07', '2025-03-24 12:39:22', NULL),
(3, 'permission_menu', 'web', '2025-03-24 12:23:24', '2025-03-24 12:23:24', NULL),
(4, 'permission_create_menu', 'web', '2025-03-24 12:23:36', '2025-03-24 12:39:54', NULL),
(5, 'user_menu', 'web', '2025-03-24 12:23:53', '2025-03-24 12:23:53', NULL),
(6, 'master_menu', 'web', '2025-03-24 12:24:54', '2025-03-24 12:24:54', NULL),
(7, 'title_menu', 'web', '2025-03-24 12:25:18', '2025-03-24 12:25:18', NULL),
(8, 'gender_menu', 'web', '2025-03-24 12:25:29', '2025-03-24 12:25:29', NULL),
(9, 'relation_menu', 'web', '2025-03-24 12:26:02', '2025-03-24 12:26:02', NULL),
(10, 'marital_menu', 'web', '2025-03-24 12:26:20', '2025-03-24 12:26:20', NULL),
(11, 'bloodgroup_menu', 'web', '2025-03-24 12:26:44', '2025-03-24 12:26:44', NULL),
(12, 'religion_menu', 'web', '2025-03-24 12:27:06', '2025-03-24 12:27:06', NULL),
(13, 'occupation_menu', 'web', '2025-03-24 12:27:44', '2025-03-24 12:27:44', NULL),
(14, 'department_menu', 'web', '2025-03-24 12:28:03', '2025-03-24 12:28:03', NULL),
(15, 'unit_menu', 'web', '2025-03-24 12:28:17', '2025-03-24 12:28:17', NULL),
(16, 'doctor_specialization_menu', 'web', '2025-03-24 12:28:47', '2025-03-24 12:28:47', NULL),
(17, 'referral_other_menu', 'web', '2025-03-24 12:29:18', '2025-03-24 12:30:02', NULL),
(18, 'health_coordinator_menu', 'web', '2025-03-24 12:30:30', '2025-03-24 12:30:30', NULL),
(19, 'country_menu', 'web', '2025-03-24 12:30:46', '2025-03-24 12:30:46', NULL),
(20, 'state_menu', 'web', '2025-03-24 12:31:02', '2025-03-24 12:31:02', NULL),
(21, 'district_menu', 'web', '2025-03-24 12:31:44', '2025-03-24 12:31:44', NULL),
(22, 'block_menu', 'web', '2025-03-24 12:32:03', '2025-03-24 12:32:03', NULL),
(23, 'village_menu', 'web', '2025-03-24 12:32:16', '2025-03-24 12:32:16', NULL),
(24, 'consultation_charge_menu', 'web', '2025-03-24 12:33:09', '2025-03-24 12:33:09', NULL),
(25, 'department_fee_menu', 'web', '2025-03-24 12:33:26', '2025-03-24 12:33:26', NULL),
(26, 'doctor_fee_menu', 'web', '2025-03-24 12:33:40', '2025-03-24 12:33:40', NULL),
(27, 'change_consultation_fee_menu', 'web', '2025-03-24 12:34:06', '2025-03-24 12:34:06', NULL),
(28, 'service_charge_menu', 'web', '2025-03-24 12:34:23', '2025-03-24 12:34:23', NULL),
(29, 'billing_head_master_menu', 'web', '2025-03-24 12:35:23', '2025-03-24 12:35:23', NULL),
(30, 'location_master_menu', 'web', '2025-03-24 12:35:45', '2025-03-24 12:35:45', NULL),
(31, 'tariff_master_menu', 'web', '2025-03-24 12:36:36', '2025-03-24 12:36:36', NULL),
(32, 'service_group_master_menu', 'web', '2025-03-24 12:37:10', '2025-03-24 12:37:10', NULL),
(33, 'service_master_menu', 'web', '2025-03-24 12:37:25', '2025-03-24 12:37:25', NULL),
(34, 'package_master_menu', 'web', '2025-03-24 12:37:54', '2025-03-24 12:37:54', NULL),
(35, 'opd_patient_menu', 'web', '2025-03-24 12:41:30', '2025-03-24 12:41:30', NULL),
(36, 'new_patient_registration_menu', 'web', '2025-03-24 12:42:21', '2025-03-24 12:42:21', NULL),
(37, 'registration_with_consultation_menu', 'web', '2025-03-25 04:05:03', '2025-03-25 04:05:03', NULL),
(38, 'all_patient_menu', 'web', '2025-03-25 04:05:45', '2025-03-25 04:06:12', NULL),
(39, 'all_consultation_menu', 'web', '2025-03-25 04:06:35', '2025-03-25 04:06:35', NULL),
(40, 'new_consultation_menu', 'web', '2025-03-25 04:07:01', '2025-03-25 04:07:01', NULL),
(41, 'old_consultation_menu', 'web', '2025-03-25 04:07:23', '2025-03-25 04:07:23', NULL),
(42, 'opd_billing_menu', 'web', '2025-03-25 04:07:43', '2025-03-25 04:07:43', NULL),
(43, 'cancel_bill_menu', 'web', '2025-03-25 04:08:01', '2025-03-25 04:08:01', NULL),
(44, 'all_opd_billing_menu', 'web', '2025-03-25 04:08:18', '2025-03-25 04:08:18', NULL),
(45, 'today_cash_collection_menu', 'web', '2025-03-25 04:08:44', '2025-03-25 04:08:44', NULL),
(46, 'cash_collection_menu', 'web', '2025-03-25 04:09:02', '2025-03-25 04:09:02', NULL),
(47, 'ipd_menu', 'web', '2025-03-25 04:09:11', '2025-03-25 04:09:11', NULL),
(48, 'nurse_station_master_menu', 'web', '2025-03-25 04:09:33', '2025-03-25 04:09:33', NULL),
(49, 'ward_teriff_master_menu', 'web', '2025-03-25 04:14:42', '2025-03-25 04:14:42', NULL),
(50, 'ward_group_master_menu', 'web', '2025-03-25 04:15:11', '2025-03-25 04:15:11', NULL),
(51, 'ward_master_menu', 'web', '2025-03-25 04:15:27', '2025-03-25 04:15:27', NULL),
(52, 'room_master_menu', 'web', '2025-03-25 04:15:43', '2025-03-25 04:15:43', NULL),
(53, 'ipd_registration_menu', 'web', '2025-03-25 04:16:09', '2025-03-25 04:16:09', NULL),
(54, 'doctor_menu', 'web', '2025-03-25 04:16:28', '2025-03-25 04:16:28', NULL),
(55, 'doctor_registration_menu', 'web', '2025-03-25 04:16:50', '2025-03-25 04:16:50', NULL),
(56, 'pharmacy_master_menu', 'web', '2025-03-25 04:17:24', '2025-03-25 04:17:24', NULL),
(57, 'type_master_menu', 'web', '2025-03-25 04:17:36', '2025-03-25 04:17:36', NULL),
(58, 'stock_point_master_menu', 'web', '2025-03-25 04:17:54', '2025-03-25 04:17:54', NULL),
(59, 'item_group_master_menu', 'web', '2025-03-25 04:18:09', '2025-03-25 04:18:09', NULL),
(60, 'generic_master_menu', 'web', '2025-03-25 04:18:24', '2025-03-25 04:18:24', NULL),
(61, 'form_uom_master_menu', 'web', '2025-03-25 04:18:48', '2025-03-25 04:18:48', NULL),
(62, 'category_master_menu', 'web', '2025-03-25 04:19:03', '2025-03-25 04:19:03', NULL),
(63, 'specialization_menu', 'web', '2025-03-25 04:19:18', '2025-03-25 04:19:18', NULL),
(64, 'manufacturer_menu', 'web', '2025-03-25 04:19:41', '2025-03-25 04:19:41', NULL),
(65, 'add_item_menu', 'web', '2025-03-25 04:19:56', '2025-03-25 04:19:56', NULL),
(66, 'bin_menu', 'web', '2025-03-25 04:20:16', '2025-03-25 04:20:16', NULL),
(67, 'bin_group_menu', 'web', '2025-03-25 04:20:34', '2025-03-25 04:20:34', NULL),
(68, 'bin_list_menu', 'web', '2025-03-25 04:21:01', '2025-03-25 04:21:01', NULL),
(69, 'add_item_to_bin_menu', 'web', '2025-03-25 04:21:21', '2025-03-25 04:21:21', NULL),
(70, 'purchase_menu', 'web', '2025-03-25 04:21:38', '2025-03-25 04:21:38', NULL),
(71, 'add_vendor_menu', 'web', '2025-03-25 04:21:52', '2025-03-25 04:21:52', NULL),
(72, 'purchase_indent_menu', 'web', '2025-03-25 04:22:09', '2025-03-25 04:22:09', NULL),
(73, 'purchase_order_menu', 'web', '2025-03-25 04:22:26', '2025-03-25 04:22:26', NULL),
(74, 'goods_receipt_note_menu', 'web', '2025-03-25 04:22:53', '2025-03-25 04:22:53', NULL),
(75, 'all_mrq_menu', 'web', '2025-03-25 04:23:07', '2025-03-25 04:23:07', NULL),
(76, 'gin_menu', 'web', '2025-03-25 04:23:20', '2025-03-25 04:23:20', NULL),
(77, 'medicine_sale_menu', 'web', '2025-03-25 04:23:52', '2025-03-25 04:23:52', NULL),
(78, 'inventory_menu', 'web', '2025-03-25 04:24:12', '2025-03-25 04:24:12', NULL),
(79, 'sales_store_menu', 'web', '2025-03-25 04:24:31', '2025-03-25 04:24:31', NULL),
(80, 'purchase_report_menu', 'web', '2025-03-25 04:24:50', '2025-03-25 04:24:50', NULL),
(81, 'all_cancel_receipt_menu', 'web', '2025-03-25 04:26:15', '2025-03-25 04:26:15', NULL),
(82, 'central_lab_menu', 'web', '2025-03-25 04:26:44', '2025-03-25 04:26:44', NULL),
(83, 'parameter_master_menu', 'web', '2025-03-25 04:27:14', '2025-03-25 04:27:14', NULL),
(84, 'test_format_setup_menu', 'web', '2025-03-25 04:27:35', '2025-03-25 04:27:35', NULL),
(85, 'template_setup_menu', 'web', '2025-03-25 04:27:55', '2025-03-25 04:27:55', NULL),
(86, 'antibiotic_master_menu', 'web', '2025-03-25 04:28:40', '2025-03-25 04:28:40', NULL),
(87, 'organism_master_menu', 'web', '2025-03-25 04:29:00', '2025-03-25 04:29:00', NULL),
(88, 'specimen_master_menu', 'web', '2025-03-25 04:29:31', '2025-03-25 04:29:31', NULL),
(89, 'vacutaine_master_menu', 'web', '2025-03-25 04:30:02', '2025-03-25 04:30:02', NULL),
(90, 'specimen_setup_menu', 'web', '2025-03-25 04:30:49', '2025-03-25 04:30:49', NULL),
(91, 'sample_collection_menu', 'web', '2025-03-25 04:31:06', '2025-03-25 04:31:06', NULL),
(92, 'diagnostic_result_entry_menu', 'web', '2025-03-25 04:31:35', '2025-03-25 04:31:35', NULL),
(93, 'diagnostic_result_list_menu', 'web', '2025-03-25 04:32:05', '2025-03-25 04:32:05', NULL),
(94, 'nurse_patient_menu', 'web', '2025-04-01 10:05:53', '2025-04-01 10:05:53', NULL),
(95, 'nurse_patient_list_menu', 'web', '2025-04-01 10:06:12', '2025-04-01 10:06:12', NULL),
(96, 'drug_management_menu', 'web', '2025-04-01 10:06:55', '2025-04-01 10:06:55', NULL),
(97, 'drug_indent_menu', 'web', '2025-04-01 10:07:41', '2025-04-01 10:07:41', NULL),
(98, 'issue_menu', 'web', '2025-04-01 10:08:02', '2025-04-01 10:08:02', NULL),
(99, 'ip_pharmacy_billing_menu', 'web', '2025-04-01 10:08:32', '2025-04-01 10:08:32', NULL),
(100, 'all_ip_pharmacy_billing_menu', 'web', '2025-04-01 10:08:42', '2025-04-01 10:08:42', NULL),
(101, 'service_lab_indent_menu', 'web', '2025-04-02 06:23:08', '2025-04-02 06:23:08', NULL),
(102, 'lab_indent_menu', 'web', '2025-04-02 06:23:14', '2025-04-02 06:23:14', NULL),
(103, 'adt_menu', 'web', '2025-04-02 08:27:53', '2025-04-02 08:27:53', NULL),
(104, 'ip_service_menu', 'web', '2025-04-02 08:30:05', '2025-04-02 08:30:05', NULL),
(105, 'ip_service_create_menu', 'web', '2025-04-02 08:57:14', '2025-04-02 08:57:14', NULL),
(106, 'abnormal_menu', 'web', '2025-04-17 09:50:42', '2025-04-17 09:50:42', NULL),
(107, 'equipment_group_menu', 'web', '2025-04-17 11:56:44', '2025-04-17 11:56:44', NULL),
(108, 'equipment_menu', 'web', '2025-04-17 11:56:52', '2025-04-17 11:56:52', NULL),
(109, 'ipd_list_menu', 'web', '2025-04-22 05:56:11', '2025-04-22 05:56:11', NULL),
(110, 'corporate_menu', 'web', '2025-04-22 06:05:45', '2025-04-22 06:05:45', NULL),
(111, 'corporate_registration_menu', 'web', '2025-04-22 06:06:02', '2025-04-22 06:06:02', NULL),
(112, 'corporate_consultation_menu', 'web', '2025-04-22 06:06:11', '2025-04-22 06:06:11', NULL),
(113, 'patient_wise_credit_limit', 'web', '2025-04-23 04:27:04', '2025-04-23 04:27:04', NULL);

-- --------------------------------------------------------

--
-- Table structure for table `personal_access_tokens`
--

CREATE TABLE `personal_access_tokens` (
  `id` bigint(20) UNSIGNED NOT NULL,
  `tokenable_type` varchar(255) NOT NULL,
  `tokenable_id` bigint(20) UNSIGNED NOT NULL,
  `name` varchar(255) NOT NULL,
  `token` varchar(64) NOT NULL,
  `abilities` text DEFAULT NULL,
  `last_used_at` timestamp NULL DEFAULT NULL,
  `expires_at` timestamp NULL DEFAULT NULL,
  `created_at` timestamp NULL DEFAULT NULL,
  `updated_at` timestamp NULL DEFAULT NULL,
  `deleted_at` timestamp NULL DEFAULT NULL
) ENGINE=InnoDB DEFAULT CHARSET=utf8mb4 COLLATE=utf8mb4_unicode_ci;

-- --------------------------------------------------------

--
-- Table structure for table `pharmacy_dues`
--

CREATE TABLE `pharmacy_dues` (
  `id` bigint(20) UNSIGNED NOT NULL,
  `stock_point_id` bigint(20) UNSIGNED NOT NULL,
  `patient_id` bigint(20) UNSIGNED NOT NULL,
  `patient_visit_id` bigint(20) UNSIGNED NOT NULL,
  `opd_medicine_receipt_id` bigint(20) UNSIGNED NOT NULL,
  `due_amount` decimal(8,2) NOT NULL,
  `is_due_cleared` tinyint(1) NOT NULL DEFAULT 0,
  `due_clrarance_date` date DEFAULT NULL,
  `approved_by_id` bigint(20) UNSIGNED DEFAULT NULL,
  `created_at` timestamp NULL DEFAULT NULL,
  `updated_at` timestamp NULL DEFAULT NULL,
  `deleted_at` timestamp NULL DEFAULT NULL,
  `total_amount` decimal(8,2) DEFAULT NULL,
  `paid_amount` decimal(8,2) DEFAULT NULL
) ENGINE=InnoDB DEFAULT CHARSET=utf8mb4 COLLATE=utf8mb4_unicode_ci;

-- --------------------------------------------------------

--
-- Table structure for table `pharmacy_returns`
--

CREATE TABLE `pharmacy_returns` (
  `id` bigint(20) UNSIGNED NOT NULL,
  `stock_point_id` bigint(20) UNSIGNED NOT NULL,
  `patient_id` bigint(20) UNSIGNED NOT NULL,
  `opd_medicine_receipt_id` bigint(20) UNSIGNED NOT NULL,
  `code` varchar(15) DEFAULT NULL,
  `return_date` date DEFAULT NULL,
  `patient_type` enum('op','ip') NOT NULL DEFAULT 'op',
  `cause` varchar(255) DEFAULT NULL,
  `remarks` varchar(255) DEFAULT NULL,
  `created_by_id` bigint(20) UNSIGNED DEFAULT NULL,
  `approved_by_id` bigint(20) UNSIGNED DEFAULT NULL,
  `deleted_at` timestamp NULL DEFAULT NULL,
  `created_at` timestamp NULL DEFAULT NULL,
  `updated_at` timestamp NULL DEFAULT NULL
) ENGINE=InnoDB DEFAULT CHARSET=utf8mb4 COLLATE=utf8mb4_unicode_ci;

--
-- Dumping data for table `pharmacy_returns`
--

INSERT INTO `pharmacy_returns` (`id`, `stock_point_id`, `patient_id`, `opd_medicine_receipt_id`, `code`, `return_date`, `patient_type`, `cause`, `remarks`, `created_by_id`, `approved_by_id`, `deleted_at`, `created_at`, `updated_at`) VALUES
(1, 2, 39, 3, 'PRD1', '2024-08-06', 'op', 'Some cause from front', 'Remarks Goes Here', 3, 4, NULL, '2024-08-06 10:52:38', '2024-08-06 10:52:38'),
(2, 2, 39, 3, 'PRD2', '2024-08-06', 'op', 'Some cause from front', 'Remarks Goes Here', 3, 4, NULL, '2024-08-06 10:52:46', '2024-08-06 10:52:46'),
(3, 2, 39, 4, 'PRD3', '2024-08-06', 'op', 'Some cause from front', 'Remarks Goes Here', 3, 4, NULL, '2024-08-06 10:55:10', '2024-08-06 10:55:10'),
(4, 2, 39, 4, 'PRD4', '2024-08-09', 'op', 'Some cause from front', 'Remarks Goes Here', 3, 4, NULL, '2024-08-09 14:57:45', '2024-08-09 14:57:45');

-- --------------------------------------------------------

--
-- Table structure for table `pharmacy_return_items`
--

CREATE TABLE `pharmacy_return_items` (
  `id` bigint(20) UNSIGNED NOT NULL,
  `opd_medicine_receipt_id` bigint(20) UNSIGNED NOT NULL,
  `pharmacy_return_id` bigint(20) UNSIGNED NOT NULL,
  `item_id` bigint(20) UNSIGNED NOT NULL,
  `stock_point_id` bigint(20) UNSIGNED NOT NULL,
  `batch_no` varchar(15) DEFAULT NULL,
  `exd` varchar(20) DEFAULT NULL,
  `quantity` smallint(6) DEFAULT NULL,
  `unit_sale_price` decimal(8,2) NOT NULL,
  `amount` decimal(8,2) NOT NULL,
  `discount` decimal(8,2) NOT NULL,
  `taxable_amount` decimal(8,2) NOT NULL,
  `cgst` decimal(8,2) NOT NULL,
  `sgst` decimal(8,2) NOT NULL,
  `total` decimal(8,2) NOT NULL,
  `created_by_id` bigint(20) UNSIGNED DEFAULT NULL,
  `approved_by_id` bigint(20) UNSIGNED DEFAULT NULL,
  `deleted_at` timestamp NULL DEFAULT NULL,
  `created_at` timestamp NULL DEFAULT NULL,
  `updated_at` timestamp NULL DEFAULT NULL
) ENGINE=InnoDB DEFAULT CHARSET=utf8mb4 COLLATE=utf8mb4_unicode_ci;

--
-- Dumping data for table `pharmacy_return_items`
--

INSERT INTO `pharmacy_return_items` (`id`, `opd_medicine_receipt_id`, `pharmacy_return_id`, `item_id`, `stock_point_id`, `batch_no`, `exd`, `quantity`, `unit_sale_price`, `amount`, `discount`, `taxable_amount`, `cgst`, `sgst`, `total`, `created_by_id`, `approved_by_id`, `deleted_at`, `created_at`, `updated_at`) VALUES
(1, 3, 1, 1, 2, 'batch-ocid-1', '03-Oct-2024', 10, 50.00, 500.00, 0.00, 500.00, 6.00, 6.00, 560.00, 4, 4, NULL, NULL, NULL),
(2, 3, 1, 2, 2, 'batch-cal-01', '03-Oct-2024', 10, 20.00, 200.00, 0.00, 200.00, 6.00, 6.00, 224.00, 4, 4, NULL, NULL, NULL),
(3, 3, 2, 1, 2, 'batch-ocid-1', '03-Oct-2024', 10, 50.00, 500.00, 0.00, 500.00, 6.00, 6.00, 560.00, 4, 4, NULL, NULL, NULL),
(4, 3, 2, 2, 2, 'batch-cal-01', '03-Oct-2024', 10, 20.00, 200.00, 0.00, 200.00, 6.00, 6.00, 224.00, 4, 4, NULL, NULL, NULL),
(5, 4, 3, 1, 2, 'batch-ocid-1', '03-Oct-2024', 20, 50.00, 1000.00, 0.00, 1000.00, 6.00, 6.00, 1120.00, 4, 4, NULL, NULL, NULL),
(6, 4, 4, 1, 2, 'batch-ocid-1', '03-Oct-2024', 15, 50.00, 750.00, 0.00, 750.00, 6.00, 6.00, 840.00, 4, 4, NULL, NULL, NULL);

-- --------------------------------------------------------

--
-- Table structure for table `purchase_indents`
--

CREATE TABLE `purchase_indents` (
  `id` bigint(20) UNSIGNED NOT NULL,
  `stock_point_id` bigint(20) UNSIGNED NOT NULL,
  `vendor_id` bigint(20) UNSIGNED NOT NULL,
  `type_id` bigint(20) UNSIGNED NOT NULL,
  `code` varchar(15) DEFAULT NULL,
  `date` varchar(20) DEFAULT NULL,
  `request_date` varchar(15) DEFAULT NULL,
  `status` tinyint(1) NOT NULL DEFAULT 0,
  `remarks` varchar(255) DEFAULT NULL,
  `created_by_id` bigint(20) UNSIGNED DEFAULT NULL,
  `created_at` timestamp NULL DEFAULT NULL,
  `updated_at` timestamp NULL DEFAULT NULL,
  `deleted_at` timestamp NULL DEFAULT NULL
) ENGINE=InnoDB DEFAULT CHARSET=utf8mb4 COLLATE=utf8mb4_unicode_ci;

--
-- Dumping data for table `purchase_indents`
--

INSERT INTO `purchase_indents` (`id`, `stock_point_id`, `vendor_id`, `type_id`, `code`, `date`, `request_date`, `status`, `remarks`, `created_by_id`, `created_at`, `updated_at`, `deleted_at`) VALUES
(1, 1, 2, 1, 'PI00', '2024-08-03 09:01:33', '2024-08-03', 1, 'test', NULL, '2024-08-03 03:31:33', '2024-08-03 03:33:34', NULL),
(2, 1, 14, 1, 'PI001', '2024-08-07 10:54:33', '2024-08-07', 1, 'ABC', NULL, '2024-08-07 10:54:33', '2024-08-07 10:58:06', NULL),
(3, 1, 15, 1, 'PI002', '2024-08-09 13:47:22', '2024-08-09', 1, 'REQUIRED MEDICINE ', NULL, '2024-08-09 13:47:22', '2024-08-09 14:00:20', NULL),
(4, 1, 16, 1, 'PI003', '2024-08-09 14:33:28', '2024-08-09', 1, 'Medicine Required', NULL, '2024-08-09 14:33:28', '2024-08-20 16:00:51', NULL),
(5, 1, 16, 1, 'PI004', '2024-08-09 21:20:30', '2024-08-09', 1, 'Medicine Required', NULL, '2024-08-09 21:20:30', '2024-08-09 21:21:50', NULL),
(6, 1, 15, 1, 'PI005', '2024-08-14 13:59:27', '2024-08-14', 0, 'medicine required', NULL, '2024-08-14 13:59:27', '2024-08-14 13:59:27', NULL),
(7, 1, 2, 1, 'PI006', '2024-08-14 18:31:34', NULL, 0, 'test', NULL, '2024-08-14 18:31:34', '2024-08-14 18:31:34', NULL),
(8, 1, 15, 1, 'PI007', '2024-08-21 14:56:06', '2024-08-21', 1, 'For Drug', NULL, '2024-08-21 14:56:06', '2024-08-21 14:59:10', NULL),
(9, 1, 17, 1, 'PI008', '2024-08-24 16:01:27', '2024-08-24', 1, 'Medicine', NULL, '2024-08-24 16:01:27', '2024-08-24 16:05:09', NULL),
(10, 1, 15, 1, 'PI009', '2024-09-05 21:26:56', '2024-09-05', 1, 'medicine new', NULL, '2024-09-05 21:26:56', '2024-09-05 21:39:47', NULL),
(11, 1, 15, 1, 'PI010', '2024-09-06 11:53:24', '2024-09-06', 0, 'medicine calpol', NULL, '2024-09-06 11:53:24', '2024-09-06 11:53:24', NULL),
(12, 1, 2, 1, 'PI011', '2025-05-06 13:08:11', '2025-05-06', 0, 'test', NULL, '2025-05-06 07:38:11', '2025-05-06 07:38:11', NULL);

-- --------------------------------------------------------

--
-- Table structure for table `purchase_orders`
--

CREATE TABLE `purchase_orders` (
  `id` bigint(20) UNSIGNED NOT NULL,
  `vendor_id` bigint(20) UNSIGNED NOT NULL,
  `stock_point_id` bigint(20) UNSIGNED NOT NULL,
  `purchase_term_id` bigint(20) UNSIGNED NOT NULL,
  `purchase_indent_id` bigint(20) UNSIGNED NOT NULL,
  `code` varchar(15) NOT NULL,
  `status` tinyint(1) NOT NULL DEFAULT 0,
  `remarks` varchar(255) DEFAULT NULL,
  `created_by_id` bigint(20) UNSIGNED DEFAULT NULL,
  `created_at` timestamp NULL DEFAULT NULL,
  `updated_at` timestamp NULL DEFAULT NULL,
  `deleted_at` timestamp NULL DEFAULT NULL
) ENGINE=InnoDB DEFAULT CHARSET=utf8mb4 COLLATE=utf8mb4_unicode_ci;

--
-- Dumping data for table `purchase_orders`
--

INSERT INTO `purchase_orders` (`id`, `vendor_id`, `stock_point_id`, `purchase_term_id`, `purchase_indent_id`, `code`, `status`, `remarks`, `created_by_id`, `created_at`, `updated_at`, `deleted_at`) VALUES
(1, 2, 1, 1, 1, 'PO001', 1, 'test', 3, '2024-08-03 03:33:34', '2024-09-05 21:42:58', NULL),
(2, 14, 1, 1, 2, 'PO002', 0, 'ABC', 1, '2024-08-07 10:58:06', '2024-08-07 10:58:06', NULL),
(3, 15, 1, 1, 3, 'PO003', 0, 'REQUIRED MEDICINE', 3, '2024-08-09 13:52:09', '2024-08-09 13:52:09', NULL),
(4, 15, 1, 1, 3, 'PO004', 0, 'Medicine Required', 3, '2024-08-09 14:00:20', '2024-08-09 14:00:20', NULL),
(5, 15, 1, 1, 5, 'PO005', 0, 'Medicine Required', 3, '2024-08-09 21:21:50', '2024-08-09 21:21:50', NULL),
(6, 16, 1, 1, 4, 'PO006', 0, 'Bill Entry Done', 3, '2024-08-20 16:00:51', '2024-08-20 16:00:51', NULL),
(7, 15, 1, 1, 8, 'PO007', 0, 'Purchase order', 3, '2024-08-21 14:59:10', '2024-08-21 14:59:10', NULL),
(8, 17, 1, 1, 9, 'PO008', 0, 'Medical Received', 3, '2024-08-24 16:05:09', '2024-08-24 16:05:09', NULL),
(9, 15, 1, 1, 10, 'PO009', 0, 'medicine required', 3, '2024-09-05 21:28:22', '2024-09-05 21:28:22', NULL),
(10, 15, 1, 1, 10, 'PO010', 0, 'medicine', 3, '2024-09-05 21:29:04', '2024-09-05 21:29:04', NULL),
(11, 15, 1, 1, 10, 'PO011', 0, 'remarks', 3, '2024-09-05 21:39:47', '2024-09-05 21:39:47', NULL),
(12, 15, 1, 1, 11, 'PO012', 0, 'Medicine Calpol', 3, '2024-09-06 11:59:20', '2024-09-06 11:59:20', NULL),
(13, 15, 1, 1, 11, 'PO013', 0, 'test', 3, '2025-04-01 09:40:17', '2025-04-01 09:40:17', NULL),
(14, 15, 1, 1, 11, 'PO013', 0, 'test', 3, '2025-04-01 09:44:50', '2025-04-01 09:44:50', NULL),
(15, 15, 1, 1, 11, 'PO013', 0, 'test', 3, '2025-04-01 09:45:51', '2025-04-01 09:45:51', NULL),
(16, 15, 1, 1, 11, 'PO013', 0, 'test', 3, '2025-04-01 09:47:23', '2025-04-01 09:47:23', NULL),
(17, 15, 1, 1, 11, 'PO017', 0, 'test', 3, '2025-04-01 09:48:16', '2025-04-01 09:48:16', NULL),
(18, 15, 1, 1, 11, 'PO018', 0, 'test', 3, '2025-04-01 09:51:34', '2025-04-01 09:51:34', NULL),
(19, 15, 1, 1, 11, 'PO019', 0, 'tes', 3, '2025-04-01 09:52:25', '2025-04-01 09:52:25', NULL),
(20, 15, 1, 2, 11, 'PO020', 0, 'rttt', 3, '2025-04-01 09:53:50', '2025-04-01 09:53:50', NULL),
(21, 2, 1, 1, 12, 'PO021', 1, 'test', 3, '2025-05-06 07:41:09', '2025-05-06 08:20:08', NULL);

-- --------------------------------------------------------

--
-- Table structure for table `purchase_order_items`
--

CREATE TABLE `purchase_order_items` (
  `id` bigint(20) UNSIGNED NOT NULL,
  `purchase_order_id` bigint(20) UNSIGNED NOT NULL,
  `item_id` bigint(20) UNSIGNED NOT NULL,
  `quantity` smallint(6) NOT NULL DEFAULT 0,
  `unitrate` decimal(8,2) NOT NULL,
  `unitsalerate` decimal(8,2) NOT NULL,
  `bonus` tinyint(4) NOT NULL DEFAULT 0,
  `discount_percent` decimal(5,2) DEFAULT NULL,
  `created_at` timestamp NULL DEFAULT NULL,
  `updated_at` timestamp NULL DEFAULT NULL,
  `deleted_at` timestamp NULL DEFAULT NULL
) ENGINE=InnoDB DEFAULT CHARSET=utf8mb4 COLLATE=utf8mb4_unicode_ci;

--
-- Dumping data for table `purchase_order_items`
--

INSERT INTO `purchase_order_items` (`id`, `purchase_order_id`, `item_id`, `quantity`, `unitrate`, `unitsalerate`, `bonus`, `discount_percent`, `created_at`, `updated_at`, `deleted_at`) VALUES
(1, 1, 1, 100, 20.00, 25.00, 0, 0.00, '2024-08-03 03:33:34', '2024-08-03 03:33:34', NULL),
(2, 1, 2, 50, 10.00, 15.00, 0, 0.00, '2024-08-03 03:33:34', '2024-08-03 03:33:34', NULL),
(3, 1, 4, 10, 25.00, 30.00, 0, 0.00, '2024-08-03 03:33:34', '2024-08-03 03:33:34', NULL),
(4, 2, 2, 100, 1.29, 1.35, 0, 0.00, '2024-08-07 10:58:06', '2024-08-07 10:58:06', NULL),
(5, 4, 1, 200, 10.00, 19.00, 20, 0.00, '2024-08-09 14:00:20', '2024-08-09 14:00:20', NULL),
(6, 4, 13, 500, 9.00, 15.00, 50, 0.00, '2024-08-09 14:00:20', '2024-08-09 14:00:20', NULL),
(7, 4, 7, 500, 40.00, 60.00, 100, 0.00, '2024-08-09 14:00:20', '2024-08-09 14:00:20', NULL),
(8, 4, 2, 400, 9.00, 12.00, 30, 0.00, '2024-08-09 14:00:20', '2024-08-09 14:00:20', NULL),
(9, 4, 14, 500, 10.00, 15.00, 50, 0.00, '2024-08-09 14:00:20', '2024-08-09 14:00:20', NULL),
(10, 5, 1, 20, 20.00, 25.00, 0, 0.00, '2024-08-09 21:21:50', '2024-08-09 21:21:50', NULL),
(11, 5, 13, 50, 20.00, 30.00, 0, 0.00, '2024-08-09 21:21:50', '2024-08-09 21:21:50', NULL),
(12, 5, 7, 50, 30.00, 40.00, 0, 0.00, '2024-08-09 21:21:50', '2024-08-09 21:21:50', NULL),
(13, 6, 15, 34, 233.53, 322.72, 0, 5.00, '2024-08-20 16:00:51', '2024-08-20 16:00:51', NULL),
(14, 6, 16, 2, 3000.00, 4659.00, 0, 0.00, '2024-08-20 16:00:51', '2024-08-20 16:00:51', NULL),
(15, 6, 17, 300, 16.98, 19.96, 0, 0.00, '2024-08-20 16:00:51', '2024-08-20 16:00:51', NULL),
(16, 7, 15, 34, 233.53, 322.72, 0, 5.00, '2024-08-21 14:59:10', '2024-08-21 14:59:10', NULL),
(17, 7, 16, 2, 3000.00, 4659.00, 0, 0.00, '2024-08-21 14:59:10', '2024-08-21 14:59:10', NULL),
(18, 7, 17, 300, 16.98, 19.96, 0, 0.00, '2024-08-21 14:59:10', '2024-08-21 14:59:10', NULL),
(19, 8, 18, 300, 69.00, 300.00, 0, 4.00, '2024-08-24 16:05:09', '2024-08-24 16:05:09', NULL),
(20, 8, 18, 35, 69.00, 300.00, 0, 4.00, '2024-08-24 16:05:09', '2024-08-24 16:05:09', NULL),
(21, 8, 19, 200, 63.50, 255.00, 0, 4.00, '2024-08-24 16:05:09', '2024-08-24 16:05:09', NULL),
(22, 8, 20, 800, 10.50, 56.00, 0, 4.00, '2024-08-24 16:05:09', '2024-08-24 16:05:09', NULL),
(23, 11, 3, 150, 20.00, 35.00, 0, 0.00, '2024-09-05 21:39:47', '2024-09-05 21:39:47', NULL),
(24, 16, 2, 10, 10.00, 11.00, 0, 0.00, '2025-04-01 09:47:23', '2025-04-01 09:47:23', NULL),
(25, 17, 1, 1, 10.00, 11.00, 0, 0.00, '2025-04-01 09:48:16', '2025-04-01 09:48:16', NULL),
(26, 18, 1, 1, 10.00, 11.00, 0, 0.00, '2025-04-01 09:51:34', '2025-04-01 09:51:34', NULL),
(27, 19, 2, 1, 10.00, 11.00, 0, 0.00, '2025-04-01 09:52:25', '2025-04-01 09:52:25', NULL),
(28, 20, 1, 1, 10.00, 11.00, 0, 0.00, '2025-04-01 09:53:50', '2025-04-01 09:53:50', NULL),
(29, 21, 2, 50, 20.00, 25.00, 0, 0.00, '2025-05-06 07:41:09', '2025-05-06 07:41:09', NULL),
(30, 21, 7, 20, 10.00, 15.00, 0, 0.00, '2025-05-06 07:41:09', '2025-05-06 07:41:09', NULL);

-- --------------------------------------------------------

--
-- Table structure for table `purchase_terms`
--

CREATE TABLE `purchase_terms` (
  `id` bigint(20) UNSIGNED NOT NULL,
  `code` varchar(10) NOT NULL,
  `name` varchar(255) NOT NULL,
  `details` text NOT NULL,
  `created_at` timestamp NULL DEFAULT NULL,
  `updated_at` timestamp NULL DEFAULT NULL,
  `deleted_at` timestamp NULL DEFAULT NULL
) ENGINE=InnoDB DEFAULT CHARSET=utf8mb4 COLLATE=utf8mb4_unicode_ci;

--
-- Dumping data for table `purchase_terms`
--

INSERT INTO `purchase_terms` (`id`, `code`, `name`, `details`, `created_at`, `updated_at`, `deleted_at`) VALUES
(1, 'POT1', 'Swami Stor', 'ITEM DELIVERY TIME WITHIN ONE WEEK', NULL, NULL, NULL),
(2, 'POT2', 'SAKASH ENTE', 'WARRANTY_TWO YEARS', NULL, NULL, NULL);

-- --------------------------------------------------------

--
-- Table structure for table `rates`
--

CREATE TABLE `rates` (
  `id` bigint(20) UNSIGNED NOT NULL,
  `item_id` bigint(20) UNSIGNED NOT NULL,
  `batch_no` varchar(15) NOT NULL,
  `current_purchase_rate` decimal(8,2) NOT NULL,
  `current_sale_rate` decimal(8,2) NOT NULL,
  `new_purchase_rate` decimal(8,2) NOT NULL,
  `new_sale_rate` decimal(8,2) NOT NULL,
  `doc` varchar(255) DEFAULT NULL,
  `status` tinyint(1) NOT NULL DEFAULT 0,
  `approved_by_id` bigint(20) UNSIGNED DEFAULT NULL,
  `remarks` varchar(255) DEFAULT NULL,
  `deleted_at` timestamp NULL DEFAULT NULL,
  `created_at` timestamp NULL DEFAULT NULL,
  `updated_at` timestamp NULL DEFAULT NULL
) ENGINE=InnoDB DEFAULT CHARSET=utf8mb4 COLLATE=utf8mb4_unicode_ci;

--
-- Dumping data for table `rates`
--

INSERT INTO `rates` (`id`, `item_id`, `batch_no`, `current_purchase_rate`, `current_sale_rate`, `new_purchase_rate`, `new_sale_rate`, `doc`, `status`, `approved_by_id`, `remarks`, `deleted_at`, `created_at`, `updated_at`) VALUES
(1, 1, 'ocid-bt-01', 40.00, 50.00, 0.00, 0.00, '2024-03-08 04:38:47', 0, 3, 'Inital Entry', NULL, '2024-03-07 23:08:47', '2024-03-07 23:08:47'),
(2, 2, 'cal-bt-01', 10.00, 20.00, 0.00, 0.00, '2024-03-08 04:42:05', 0, 3, 'Inital Entry', NULL, '2024-03-07 23:12:05', '2024-03-07 23:12:05'),
(3, 7, '34RTYY', 40.00, 50.00, 0.00, 0.00, '2024-04-05 17:03:14', 0, 3, 'Inital Entry', NULL, '2024-04-05 17:03:14', '2024-04-05 17:03:14'),
(4, 12, 'dgrtyyj', 40.00, 70.00, 0.00, 0.00, '2024-04-06 09:36:55', 0, 3, 'Inital Entry', NULL, '2024-04-06 09:36:55', '2024-04-06 09:36:55'),
(5, 3, '123456', 20.00, 40.00, 0.00, 0.00, '2024-04-06 09:39:39', 0, 3, 'Inital Entry', NULL, '2024-04-06 09:39:39', '2024-04-06 09:39:39'),
(6, 2, 'CAL12564', 0.75, 1.50, 0.00, 0.00, '2024-04-12 11:45:21', 0, 3, 'Inital Entry', NULL, '2024-04-12 11:45:21', '2024-04-12 11:45:21'),
(7, 7, 'AGFR34542134', 50.00, 70.00, 0.00, 0.00, '2024-05-26 18:20:17', 0, 3, 'Inital Entry', NULL, '2024-05-26 18:20:17', '2024-05-26 18:20:17'),
(8, 7, 'qwert2345', 50.00, 70.00, 0.00, 0.00, '2024-05-26 18:43:17', 0, 3, 'Inital Entry', NULL, '2024-05-26 18:43:17', '2024-05-26 18:43:17'),
(9, 1, 'btocid001', 50.00, 60.00, 0.00, 0.00, '2024-05-30 11:14:20', 0, 3, 'Inital Entry', NULL, '2024-05-30 11:14:20', '2024-05-30 11:14:20'),
(10, 9, 'amp004', 60.00, 70.00, 0.00, 0.00, '2024-05-30 11:16:24', 0, 3, 'Inital Entry', NULL, '2024-05-30 11:16:24', '2024-05-30 11:16:24'),
(11, 1, 'ocid20bt12', 20.00, 5.00, 0.00, 0.00, '2024-07-26 09:57:14', 0, 3, 'Inital Entry', NULL, '2024-07-26 04:27:14', '2024-07-26 04:27:14'),
(12, 1, '1234ocid', 20.00, 30.00, 0.00, 0.00, '2024-07-26 10:07:36', 0, 3, 'Inital Entry', NULL, '2024-07-26 04:37:36', '2024-07-26 04:37:36'),
(13, 7, 'apx9023', 30.00, 40.00, 0.00, 0.00, '2024-07-26 10:09:32', 0, 3, 'Inital Entry', NULL, '2024-07-26 04:39:32', '2024-07-26 04:39:32'),
(14, 1, 'batch-ocid-1', 20.00, 25.00, 0.00, 0.00, '2024-08-03 09:06:28', 0, 3, 'Inital Entry', NULL, '2024-08-03 03:36:28', '2024-08-03 03:36:28'),
(15, 2, 'batch-cal-01', 10.00, 15.00, 0.00, 0.00, '2024-08-03 09:07:34', 0, 3, 'Inital Entry', NULL, '2024-08-03 03:37:34', '2024-08-03 03:37:34'),
(16, 4, 'batch-ant-01', 25.00, 30.00, 0.00, 0.00, '2024-08-03 09:09:02', 0, 3, 'Inital Entry', NULL, '2024-08-03 03:39:02', '2024-08-03 03:39:02'),
(17, 2, 'Cal01214', 1.28, 1.35, 0.00, 0.00, '2024-08-07 11:01:24', 0, 1, 'Inital Entry', NULL, '2024-08-07 11:01:24', '2024-08-07 11:01:24'),
(18, 1, 'asdfrewq', 10.00, 15.00, 0.00, 0.00, '2024-08-09 14:03:22', 0, 3, 'Inital Entry', NULL, '2024-08-09 14:03:22', '2024-08-09 14:03:22'),
(19, 13, 'qwerty', 9.00, 15.00, 0.00, 0.00, '2024-08-09 14:04:31', 0, 3, 'Inital Entry', NULL, '2024-08-09 14:04:31', '2024-08-09 14:04:31'),
(20, 7, 'asdertyui', 40.00, 60.00, 0.00, 0.00, '2024-08-09 14:05:27', 0, 3, 'Inital Entry', NULL, '2024-08-09 14:05:27', '2024-08-09 14:05:27'),
(21, 2, 'frtewr234', 9.00, 19.00, 0.00, 0.00, '2024-08-09 14:06:15', 0, 3, 'Inital Entry', NULL, '2024-08-09 14:06:15', '2024-08-09 14:06:15'),
(22, 14, 'trewqyu', 10.00, 20.00, 0.00, 0.00, '2024-08-09 14:07:11', 0, 3, 'Inital Entry', NULL, '2024-08-09 14:07:11', '2024-08-09 14:07:11'),
(23, 15, 'CIL1233', 233.53, 322.72, 0.00, 0.00, '2024-08-20 16:16:16', 0, 3, 'Inital Entry', NULL, '2024-08-20 16:16:16', '2024-08-20 16:16:16'),
(24, 16, 'SM123', 3000.00, 4659.00, 0.00, 0.00, '2024-08-20 16:18:19', 0, 3, 'Inital Entry', NULL, '2024-08-20 16:18:19', '2024-08-20 16:18:19'),
(25, 15, 'CILAR0201', 233.53, 322.72, 0.00, 0.00, '2024-08-21 15:13:50', 0, 3, 'Inital Entry', NULL, '2024-08-21 15:13:50', '2024-08-21 15:13:50'),
(26, 16, 'SMOF123', 3000.00, 4659.00, 0.00, 0.00, '2024-08-21 15:15:01', 0, 3, 'Inital Entry', NULL, '2024-08-21 15:15:01', '2024-08-21 15:15:01'),
(27, 17, 'SYN123', 16.98, 19.96, 0.00, 0.00, '2024-08-21 15:15:43', 0, 3, 'Inital Entry', NULL, '2024-08-21 15:15:43', '2024-08-21 15:15:43'),
(28, 18, 'V189277', 69.00, 300.00, 0.00, 0.00, '2024-08-24 16:09:59', 0, 3, 'Inital Entry', NULL, '2024-08-24 16:09:59', '2024-08-24 16:09:59'),
(29, 18, 'V189281', 69.00, 300.00, 0.00, 0.00, '2024-08-24 16:10:50', 0, 3, 'Inital Entry', NULL, '2024-08-24 16:10:50', '2024-08-24 16:10:50'),
(30, 19, '1352020', 63.50, 255.00, 0.00, 0.00, '2024-08-24 16:11:37', 0, 3, 'Inital Entry', NULL, '2024-08-24 16:11:37', '2024-08-24 16:11:37'),
(31, 20, '1537373', 10.50, 56.00, 0.00, 0.00, '2024-08-24 16:12:19', 0, 3, 'Inital Entry', NULL, '2024-08-24 16:12:19', '2024-08-24 16:12:19'),
(32, 15, 'asdg', 40.00, 65.00, 0.00, 0.00, '2024-08-27 12:56:31', 0, 3, 'Inital Entry', NULL, '2024-08-27 12:56:31', '2024-08-27 12:56:31'),
(33, 7, 'btqwert', 10.00, 15.00, 0.00, 0.00, '2025-05-06 14:00:17', 0, 3, 'Inital Entry', NULL, '2025-05-06 08:30:17', '2025-05-06 08:30:17'),
(34, 2, 'retretyeyt', 20.00, 25.00, 0.00, 0.00, '2025-05-06 14:00:17', 0, 3, 'Inital Entry', NULL, '2025-05-06 08:30:17', '2025-05-06 08:30:17');

-- --------------------------------------------------------

--
-- Table structure for table `referrals`
--

CREATE TABLE `referrals` (
  `id` bigint(20) UNSIGNED NOT NULL,
  `name` varchar(100) NOT NULL,
  `referrable_type` varchar(255) NOT NULL,
  `referrable_id` bigint(20) UNSIGNED NOT NULL,
  `patient_id` bigint(20) UNSIGNED NOT NULL,
  `created_at` timestamp NULL DEFAULT NULL,
  `updated_at` timestamp NULL DEFAULT NULL,
  `deleted_at` timestamp NULL DEFAULT NULL
) ENGINE=InnoDB DEFAULT CHARSET=utf8mb4 COLLATE=utf8mb4_unicode_ci;

--
-- Dumping data for table `referrals`
--

INSERT INTO `referrals` (`id`, `name`, `referrable_type`, `referrable_id`, `patient_id`, `created_at`, `updated_at`, `deleted_at`) VALUES
(1, 'Self', '\\App\\Models\\ReferralSelf', 1, 1, '2024-03-06 22:47:46', '2024-03-06 22:47:46', NULL),
(2, 'Self', '\\App\\Models\\ReferralSelf', 1, 2, '2024-03-08 17:08:13', '2024-03-08 17:08:13', NULL),
(3, 'Self', '\\App\\Models\\ReferralSelf', 1, 3, '2024-03-15 10:53:17', '2024-03-15 10:53:17', NULL),
(4, 'Self', '\\App\\Models\\ReferralSelf', 1, 4, '2024-03-15 12:20:59', '2024-03-15 12:20:59', NULL),
(5, 'Self', '\\App\\Models\\ReferralSelf', 1, 5, '2024-03-15 17:41:10', '2024-03-15 17:41:10', NULL),
(6, 'Self', '\\App\\Models\\ReferralSelf', 1, 6, '2024-03-16 10:46:30', '2024-03-16 10:46:30', NULL),
(7, 'Self', '\\App\\Models\\ReferralSelf', 1, 7, '2024-03-19 11:22:46', '2024-03-19 11:22:46', NULL),
(8, 'Self', '\\App\\Models\\ReferralSelf', 1, 8, '2024-04-06 10:05:29', '2024-04-06 10:05:29', NULL),
(9, 'Self', '\\App\\Models\\ReferralSelf', 1, 9, '2024-04-11 21:42:24', '2024-04-11 21:42:24', NULL),
(10, 'Self', '\\App\\Models\\ReferralSelf', 1, 10, '2024-04-12 10:00:33', '2024-04-12 10:00:33', NULL),
(11, 'Self', '\\App\\Models\\ReferralSelf', 1, 11, '2024-04-27 09:31:09', '2024-04-27 09:31:09', NULL),
(12, 'Self', '\\App\\Models\\ReferralSelf', 1, 12, '2024-05-13 20:48:11', '2024-05-13 20:48:11', NULL),
(13, 'Self', '\\App\\Models\\ReferralSelf', 1, 13, '2024-05-13 20:57:50', '2024-05-13 20:57:50', NULL),
(14, 'Self', '\\App\\Models\\ReferralSelf', 1, 14, '2024-05-13 21:58:16', '2024-05-13 21:58:16', NULL),
(15, 'Self', '\\App\\Models\\ReferralSelf', 1, 15, '2024-05-23 22:51:46', '2024-05-23 22:51:46', NULL),
(16, 'Self', '\\App\\Models\\ReferralSelf', 1, 16, '2024-05-26 17:17:26', '2024-05-26 17:17:26', NULL),
(17, 'Self', '\\App\\Models\\ReferralSelf', 1, 17, '2024-05-30 18:03:36', '2024-05-30 18:03:36', NULL),
(18, 'Self', '\\App\\Models\\ReferralSelf', 1, 18, '2024-06-26 11:36:19', '2024-06-26 11:36:19', NULL),
(19, 'Self', '\\App\\Models\\ReferralSelf', 1, 19, '2024-07-09 15:54:48', '2024-07-09 15:54:48', NULL),
(20, 'Self', '\\App\\Models\\ReferralSelf', 1, 20, '2024-07-12 09:28:20', '2024-07-12 09:28:20', NULL),
(21, 'Self', '\\App\\Models\\ReferralSelf', 1, 21, '2024-07-13 08:44:25', '2024-07-13 08:44:25', NULL),
(22, 'Self', '\\App\\Models\\ReferralSelf', 1, 22, '2024-07-15 11:55:38', '2024-07-15 11:55:38', NULL),
(23, 'Self', '\\App\\Models\\ReferralSelf', 1, 23, '2024-07-15 12:06:39', '2024-07-15 12:06:39', NULL),
(24, 'Self', '\\App\\Models\\ReferralSelf', 1, 24, '2024-07-15 14:55:41', '2024-07-15 14:55:41', NULL),
(25, 'Self', '\\App\\Models\\ReferralSelf', 1, 25, '2024-07-16 09:23:30', '2024-07-16 09:23:30', NULL),
(26, 'Self', '\\App\\Models\\ReferralSelf', 1, 26, '2024-07-19 03:25:40', '2024-07-19 03:25:40', NULL),
(27, 'Self', '\\App\\Models\\ReferralSelf', 1, 27, '2024-07-19 11:39:48', '2024-07-19 11:39:48', NULL),
(28, 'Self', '\\App\\Models\\ReferralSelf', 1, 28, '2024-07-21 05:37:46', '2024-07-21 05:37:46', NULL),
(29, 'Self', '\\App\\Models\\ReferralSelf', 1, 29, '2024-07-21 12:11:28', '2024-07-21 12:11:28', NULL),
(30, 'Self', '\\App\\Models\\ReferralSelf', 1, 30, '2024-07-21 12:28:56', '2024-07-21 12:28:56', NULL),
(31, 'Doctor', '\\App\\Models\\Doctor', 2, 31, '2024-07-26 06:08:36', '2024-07-26 06:08:36', NULL),
(32, 'Self', '\\App\\Models\\ReferralSelf', 1, 32, '2024-07-26 15:23:23', '2024-07-26 15:23:23', NULL),
(33, 'Self', '\\App\\Models\\ReferralSelf', 1, 33, '2024-07-26 16:37:57', '2024-07-26 16:37:57', NULL),
(34, 'Self', '\\App\\Models\\ReferralSelf', 1, 34, '2024-07-26 18:23:37', '2024-07-26 18:23:37', NULL),
(35, 'Self', '\\App\\Models\\ReferralSelf', 1, 35, '2024-07-26 18:29:11', '2024-07-26 18:29:11', NULL),
(36, 'Doctor', '\\App\\Models\\Doctor', 1, 36, '2024-07-26 18:38:35', '2024-07-26 18:38:35', NULL),
(37, 'Self', '\\App\\Models\\ReferralSelf', 1, 37, '2024-07-30 06:30:15', '2024-07-30 06:30:15', NULL),
(38, 'Walking', '\\App\\Models\\ReferralWalking', 5, 38, '2024-07-30 06:32:12', '2024-07-30 06:32:12', NULL),
(39, 'Self', '\\App\\Models\\ReferralSelf', 1, 39, '2024-08-06 10:49:14', '2024-08-06 10:49:14', NULL),
(40, 'Self', '\\App\\Models\\ReferralSelf', 1, 40, '2024-08-07 11:14:24', '2024-08-07 11:14:24', NULL),
(41, 'Self', '\\App\\Models\\ReferralSelf', 1, 41, '2024-08-09 12:31:03', '2024-08-09 12:31:03', NULL),
(42, 'Self', '\\App\\Models\\ReferralSelf', 1, 42, '2024-08-09 12:32:10', '2024-08-09 12:32:10', NULL),
(43, 'Self', '\\App\\Models\\ReferralSelf', 1, 43, '2024-08-09 12:33:50', '2024-08-09 12:33:50', NULL),
(44, 'Self', '\\App\\Models\\ReferralSelf', 1, 44, '2024-08-09 13:18:30', '2024-08-09 13:18:30', NULL),
(45, 'Self', '\\App\\Models\\ReferralSelf', 1, 45, '2024-08-09 13:20:07', '2024-08-09 13:20:07', NULL),
(46, 'Self', '\\App\\Models\\ReferralSelf', 1, 46, '2024-08-09 13:23:30', '2024-08-09 13:23:30', NULL),
(47, 'Self', '\\App\\Models\\ReferralSelf', 1, 47, '2024-08-09 13:31:09', '2024-08-09 13:31:09', NULL),
(48, 'Self', '\\App\\Models\\ReferralSelf', 1, 48, '2024-08-09 13:32:28', '2024-08-09 13:32:28', NULL),
(49, 'Self', '\\App\\Models\\ReferralSelf', 1, 49, '2024-08-09 13:34:04', '2024-08-09 13:34:04', NULL),
(50, 'Self', '\\App\\Models\\ReferralSelf', 1, 50, '2024-08-09 13:36:20', '2024-08-09 13:36:20', NULL),
(51, 'Self', '\\App\\Models\\ReferralSelf', 1, 51, '2024-08-09 14:42:11', '2024-08-09 14:42:11', NULL),
(52, 'Self', '\\App\\Models\\ReferralSelf', 1, 52, '2024-08-10 12:03:14', '2024-08-10 12:03:14', NULL),
(53, 'Self', '\\App\\Models\\ReferralSelf', 1, 53, '2024-08-10 12:05:16', '2024-08-10 12:05:16', NULL),
(54, 'Self', '\\App\\Models\\ReferralSelf', 1, 54, '2024-08-10 12:07:13', '2024-08-10 12:07:13', NULL),
(55, 'Self', '\\App\\Models\\ReferralSelf', 1, 55, '2024-08-10 12:09:00', '2024-08-10 12:09:00', NULL),
(56, 'Self', '\\App\\Models\\ReferralSelf', 1, 56, '2024-08-10 12:10:23', '2024-08-10 12:10:23', NULL),
(57, 'Self', '\\App\\Models\\ReferralSelf', 1, 57, '2024-08-10 12:12:23', '2024-08-10 12:12:23', NULL),
(58, 'Self', '\\App\\Models\\ReferralSelf', 1, 58, '2024-08-10 12:14:40', '2024-08-10 12:14:40', NULL),
(59, 'Self', '\\App\\Models\\ReferralSelf', 1, 59, '2024-08-10 12:16:12', '2024-08-10 12:16:12', NULL),
(60, 'Self', '\\App\\Models\\ReferralSelf', 1, 60, '2024-08-10 12:18:12', '2024-08-10 12:18:12', NULL),
(61, 'Self', '\\App\\Models\\ReferralSelf', 1, 61, '2024-08-10 12:23:03', '2024-08-10 12:23:03', NULL),
(62, 'Self', '\\App\\Models\\ReferralSelf', 1, 62, '2024-08-10 12:24:44', '2024-08-10 12:24:44', NULL),
(63, 'Self', '\\App\\Models\\ReferralSelf', 1, 63, '2024-08-10 12:26:25', '2024-08-10 12:26:25', NULL),
(64, 'Self', '\\App\\Models\\ReferralSelf', 1, 64, '2024-08-10 12:28:41', '2024-08-10 12:28:41', NULL),
(65, 'Self', '\\App\\Models\\ReferralSelf', 1, 65, '2024-08-10 12:31:03', '2024-08-10 12:31:03', NULL),
(66, 'Self', '\\App\\Models\\ReferralSelf', 1, 66, '2024-08-10 12:33:05', '2024-08-10 12:33:05', NULL),
(67, 'Self', '\\App\\Models\\ReferralSelf', 1, 67, '2024-08-10 14:43:07', '2024-08-10 14:43:07', NULL),
(68, 'Self', '\\App\\Models\\ReferralSelf', 1, 68, '2024-08-10 14:43:11', '2024-08-10 14:43:11', NULL),
(69, 'Self', '\\App\\Models\\ReferralSelf', 1, 69, '2024-08-12 08:41:00', '2024-08-12 08:41:00', NULL),
(70, 'Self', '\\App\\Models\\ReferralSelf', 1, 70, '2024-08-12 08:42:22', '2024-08-12 08:42:22', NULL),
(71, 'Self', '\\App\\Models\\ReferralSelf', 1, 71, '2024-08-12 08:43:37', '2024-08-12 08:43:37', NULL),
(72, 'Self', '\\App\\Models\\ReferralSelf', 1, 72, '2024-08-12 08:44:46', '2024-08-12 08:44:46', NULL),
(73, 'Self', '\\App\\Models\\ReferralSelf', 1, 73, '2024-08-12 08:46:26', '2024-08-12 08:46:26', NULL),
(74, 'Self', '\\App\\Models\\ReferralSelf', 1, 74, '2024-08-12 08:47:37', '2024-08-12 08:47:37', NULL),
(75, 'Self', '\\App\\Models\\ReferralSelf', 1, 75, '2024-08-12 08:49:00', '2024-08-12 08:49:00', NULL),
(76, 'Self', '\\App\\Models\\ReferralSelf', 1, 76, '2024-08-12 08:50:10', '2024-08-12 08:50:10', NULL),
(77, 'Self', '\\App\\Models\\ReferralSelf', 1, 77, '2024-08-12 08:51:29', '2024-08-12 08:51:29', NULL),
(78, 'Self', '\\App\\Models\\ReferralSelf', 1, 78, '2024-08-12 08:52:34', '2024-08-12 08:52:34', NULL),
(79, 'Self', '\\App\\Models\\ReferralSelf', 1, 79, '2024-08-12 15:48:14', '2024-08-12 15:48:14', NULL),
(80, 'Self', '\\App\\Models\\ReferralSelf', 1, 80, '2024-08-12 15:58:43', '2024-08-12 15:58:43', NULL),
(81, 'Self', '\\App\\Models\\ReferralSelf', 1, 81, '2024-08-12 16:01:53', '2024-08-12 16:01:53', NULL),
(82, 'Self', '\\App\\Models\\ReferralSelf', 1, 82, '2024-08-12 16:03:24', '2024-08-12 16:03:24', NULL),
(83, 'Self', '\\App\\Models\\ReferralSelf', 1, 83, '2024-08-12 16:05:16', '2024-08-12 16:05:16', NULL),
(84, 'Self', '\\App\\Models\\ReferralSelf', 1, 84, '2024-08-12 16:11:02', '2024-08-12 16:11:02', NULL),
(85, 'Self', '\\App\\Models\\ReferralSelf', 1, 85, '2024-08-12 16:14:02', '2024-08-12 16:14:02', NULL),
(86, 'Self', '\\App\\Models\\ReferralSelf', 1, 86, '2024-08-13 14:56:24', '2024-08-13 14:56:24', NULL),
(87, 'Self', '\\App\\Models\\ReferralSelf', 1, 87, '2024-08-16 21:50:47', '2024-08-16 21:50:47', NULL),
(88, 'Self', '\\App\\Models\\ReferralSelf', 1, 88, '2024-08-20 13:38:49', '2024-08-20 13:38:49', NULL),
(89, 'Self', '\\App\\Models\\ReferralSelf', 1, 89, '2024-08-21 09:52:44', '2024-08-21 09:52:44', NULL),
(90, 'Self', '\\App\\Models\\ReferralSelf', 1, 90, '2024-08-24 21:34:40', '2024-08-24 21:34:40', NULL),
(91, 'Self', '\\App\\Models\\ReferralSelf', 1, 91, '2024-08-31 13:35:35', '2024-08-31 13:35:35', NULL),
(92, 'Self', '\\App\\Models\\ReferralSelf', 1, 92, '2024-09-02 08:35:10', '2024-09-02 08:35:10', NULL),
(93, 'Self', '\\App\\Models\\ReferralSelf', 1, 93, '2025-03-15 08:16:40', '2025-03-15 08:16:40', NULL),
(94, 'Self', '\\App\\Models\\ReferralSelf', 1, 94, '2025-04-11 06:49:55', '2025-04-11 06:49:55', NULL),
(95, 'Self', '\\App\\Models\\ReferralSelf', 1, 95, '2025-04-23 11:37:13', '2025-04-23 11:37:13', NULL),
(96, 'Self', '\\App\\Models\\ReferralSelf', 1, 96, '2025-05-06 06:34:31', '2025-05-06 06:34:31', NULL),
(97, 'Self', '\\App\\Models\\ReferralSelf', 1, 97, '2025-05-08 06:18:57', '2025-05-08 06:18:57', NULL),
(98, 'Self', '\\App\\Models\\ReferralSelf', 1, 98, '2025-05-09 10:53:45', '2025-05-09 10:53:45', NULL),
(99, 'Self', '\\App\\Models\\ReferralSelf', 1, 99, '2025-05-09 10:57:12', '2025-05-09 10:57:12', NULL),
(100, 'Self', '\\App\\Models\\ReferralSelf', 1, 100, '2025-05-15 10:16:37', '2025-05-15 10:16:37', NULL);

-- --------------------------------------------------------

--
-- Table structure for table `referral_selves`
--

CREATE TABLE `referral_selves` (
  `id` bigint(20) UNSIGNED NOT NULL,
  `name` varchar(255) NOT NULL,
  `created_at` timestamp NULL DEFAULT NULL,
  `updated_at` timestamp NULL DEFAULT NULL,
  `deleted_at` timestamp NULL DEFAULT NULL
) ENGINE=InnoDB DEFAULT CHARSET=utf8mb4 COLLATE=utf8mb4_unicode_ci;

--
-- Dumping data for table `referral_selves`
--

INSERT INTO `referral_selves` (`id`, `name`, `created_at`, `updated_at`, `deleted_at`) VALUES
(1, 'Self', NULL, NULL, NULL);

-- --------------------------------------------------------

--
-- Table structure for table `referral_walkings`
--

CREATE TABLE `referral_walkings` (
  `id` bigint(20) UNSIGNED NOT NULL,
  `name` varchar(255) NOT NULL,
  `created_at` timestamp NULL DEFAULT NULL,
  `updated_at` timestamp NULL DEFAULT NULL
) ENGINE=InnoDB DEFAULT CHARSET=utf8mb4 COLLATE=utf8mb4_unicode_ci;

--
-- Dumping data for table `referral_walkings`
--

INSERT INTO `referral_walkings` (`id`, `name`, `created_at`, `updated_at`) VALUES
(1, 'Walking', NULL, NULL);

-- --------------------------------------------------------

--
-- Table structure for table `refers`
--

CREATE TABLE `refers` (
  `id` bigint(20) UNSIGNED NOT NULL,
  `patient_id` bigint(20) UNSIGNED NOT NULL,
  `patient_visit_id` bigint(20) UNSIGNED NOT NULL,
  `department_id_from` bigint(20) UNSIGNED DEFAULT NULL,
  `unit_id_from` bigint(20) UNSIGNED DEFAULT NULL,
  `doctor_id_from` bigint(20) UNSIGNED DEFAULT NULL,
  `department_id_to` bigint(20) UNSIGNED DEFAULT NULL,
  `unit_id_to` bigint(20) UNSIGNED DEFAULT NULL,
  `doctor_id_to` bigint(20) UNSIGNED DEFAULT NULL,
  `refer_at` datetime NOT NULL,
  `remarks` text DEFAULT NULL,
  `created_by_id` bigint(20) UNSIGNED DEFAULT NULL,
  `created_at` timestamp NULL DEFAULT NULL,
  `updated_at` timestamp NULL DEFAULT NULL,
  `deleted_at` timestamp NULL DEFAULT NULL
) ENGINE=InnoDB DEFAULT CHARSET=utf8mb4 COLLATE=utf8mb4_unicode_ci;

--
-- Dumping data for table `refers`
--

INSERT INTO `refers` (`id`, `patient_id`, `patient_visit_id`, `department_id_from`, `unit_id_from`, `doctor_id_from`, `department_id_to`, `unit_id_to`, `doctor_id_to`, `refer_at`, `remarks`, `created_by_id`, `created_at`, `updated_at`, `deleted_at`) VALUES
(6, 1, 1, 1, 2, 1, 2, 4, 2, '2024-03-08 03:42:51', 'Refers from Dr.Sanjeev To Parmatma', 1, '2024-03-07 22:12:51', '2024-03-07 22:12:51', NULL),
(7, 1, 1, 1, 2, 1, 1, 2, 4, '2024-03-08 03:49:32', 'refers from Dr. Parmatma to Mq Khan', 1, '2024-03-07 22:19:32', '2024-03-07 22:19:32', NULL),
(8, 1, 1, 1, 2, 1, 1, 2, 5, '2024-03-08 21:46:04', 'Refer to alok Gupta', 7, '2024-03-08 16:16:04', '2024-03-08 16:16:04', NULL),
(9, 4, 4, 1, 2, 5, 2, 4, 2, '2024-03-15 12:24:39', 'test', 7, '2024-03-15 12:24:39', '2024-03-15 12:24:39', NULL),
(10, 4, 4, 1, 2, 5, 1, 2, 4, '2024-03-15 17:39:17', 'test', 7, '2024-03-15 17:39:17', '2024-03-15 17:39:17', NULL),
(11, 14, 12, 1, 2, 1, 2, 4, 2, '2024-05-13 22:00:11', 'Test  Refer', 7, '2024-05-13 22:00:11', '2024-05-13 22:00:11', NULL),
(12, 28, 26, 12, 23, 9, 1, 2, 4, '2024-07-29 10:50:02', 'test', 7, '2024-07-29 05:20:02', '2024-07-29 05:20:02', NULL);

-- --------------------------------------------------------

--
-- Table structure for table `relations`
--

CREATE TABLE `relations` (
  `id` bigint(20) UNSIGNED NOT NULL,
  `name` varchar(20) NOT NULL,
  `created_at` timestamp NULL DEFAULT NULL,
  `updated_at` timestamp NULL DEFAULT NULL,
  `deleted_at` timestamp NULL DEFAULT NULL
) ENGINE=InnoDB DEFAULT CHARSET=utf8mb4 COLLATE=utf8mb4_unicode_ci;

--
-- Dumping data for table `relations`
--

INSERT INTO `relations` (`id`, `name`, `created_at`, `updated_at`, `deleted_at`) VALUES
(1, 'S/O', NULL, NULL, NULL),
(2, 'D/O', NULL, NULL, NULL),
(3, 'W/O', '2024-08-10 11:59:37', '2024-08-10 11:59:37', NULL),
(4, 'C/O', '2024-08-10 11:59:45', '2024-08-10 11:59:45', NULL),
(5, 'F/O', '2024-08-10 11:59:51', '2024-08-10 11:59:51', NULL),
(6, 'M/O', '2024-08-10 11:59:59', '2024-08-10 11:59:59', NULL),
(7, 'H/O', '2024-08-10 12:00:05', '2024-08-10 12:00:05', NULL),
(8, 'dfdsfsdfsd', '2025-04-15 04:47:25', '2025-04-15 04:49:37', '2025-04-15 04:49:37');

-- --------------------------------------------------------

--
-- Table structure for table `religions`
--

CREATE TABLE `religions` (
  `id` bigint(20) UNSIGNED NOT NULL,
  `name` varchar(20) NOT NULL,
  `created_at` timestamp NULL DEFAULT NULL,
  `updated_at` timestamp NULL DEFAULT NULL,
  `deleted_at` timestamp NULL DEFAULT NULL
) ENGINE=InnoDB DEFAULT CHARSET=utf8mb4 COLLATE=utf8mb4_unicode_ci;

--
-- Dumping data for table `religions`
--

INSERT INTO `religions` (`id`, `name`, `created_at`, `updated_at`, `deleted_at`) VALUES
(1, 'Hindu', NULL, NULL, NULL),
(2, 'Muslim', NULL, NULL, NULL),
(3, 'Sikh', NULL, NULL, NULL),
(4, 'Christian', NULL, NULL, NULL),
(5, 'Jain', NULL, NULL, NULL);

-- --------------------------------------------------------

--
-- Table structure for table `roles`
--

CREATE TABLE `roles` (
  `id` bigint(20) UNSIGNED NOT NULL,
  `name` varchar(255) NOT NULL,
  `guard_name` varchar(255) NOT NULL,
  `created_at` timestamp NULL DEFAULT NULL,
  `updated_at` timestamp NULL DEFAULT NULL,
  `deleted_at` timestamp NULL DEFAULT NULL
) ENGINE=InnoDB DEFAULT CHARSET=utf8mb4 COLLATE=utf8mb4_unicode_ci;

--
-- Dumping data for table `roles`
--

INSERT INTO `roles` (`id`, `name`, `guard_name`, `created_at`, `updated_at`, `deleted_at`) VALUES
(1, 'admin', 'web', '2024-03-05 21:52:03', '2024-03-05 21:52:03', NULL),
(2, 'superadmin', 'web', '2024-03-05 21:52:03', '2024-03-05 21:52:03', NULL),
(3, 'pharmacy', 'web', '2024-03-05 21:52:03', '2024-03-05 21:52:03', NULL),
(4, 'op-pharmacy', 'web', '2024-03-05 21:52:03', '2024-03-05 21:52:03', NULL),
(5, 'ot-pharmacy', 'web', '2024-03-05 21:52:03', '2024-03-05 21:52:03', NULL),
(6, 'emg-pharmacy', 'web', '2024-03-05 21:52:03', '2024-03-05 21:52:03', NULL),
(7, 'opd-coordinator', 'web', '2024-03-05 21:52:03', '2024-03-05 21:52:03', NULL),
(8, 'front-desk', 'web', '2024-03-22 12:35:59', '2024-07-21 19:56:22', NULL),
(10, 'lab', 'web', '2024-07-15 11:17:47', '2024-07-21 19:58:36', NULL),
(11, 'SANJEEV SINGH', 'web', '2024-07-16 10:45:19', '2024-07-16 10:46:23', NULL),
(12, 'nurse', 'web', '2025-03-27 06:58:27', '2025-03-27 09:28:10', NULL),
(13, 'operation-theatre', 'web', '2025-05-12 07:24:57', '2025-05-12 07:24:57', NULL),
(14, 'blood-bank', 'web', '2025-05-30 04:30:20', '2025-05-30 04:30:20', NULL);

-- --------------------------------------------------------

--
-- Table structure for table `role_has_permissions`
--

CREATE TABLE `role_has_permissions` (
  `permission_id` bigint(20) UNSIGNED NOT NULL,
  `role_id` bigint(20) UNSIGNED NOT NULL
) ENGINE=InnoDB DEFAULT CHARSET=utf8mb4 COLLATE=utf8mb4_unicode_ci;

--
-- Dumping data for table `role_has_permissions`
--

INSERT INTO `role_has_permissions` (`permission_id`, `role_id`) VALUES
(1, 2),
(2, 2),
(3, 2),
(4, 2),
(5, 2),
(6, 2),
(7, 2),
(14, 2),
(16, 2),
(17, 2),
(35, 2),
(36, 2),
(38, 2),
(39, 2),
(47, 8),
(53, 8),
(54, 2),
(55, 2),
(56, 2),
(57, 2),
(58, 2),
(59, 2),
(60, 2),
(61, 2),
(62, 2),
(63, 2),
(64, 2),
(65, 2),
(70, 2),
(71, 2),
(72, 2),
(73, 2),
(74, 2),
(94, 12),
(95, 12),
(96, 12),
(97, 12),
(98, 4),
(99, 4),
(100, 4),
(101, 12),
(102, 12),
(103, 8),
(104, 8),
(105, 8),
(109, 8),
(110, 8),
(111, 8),
(112, 8),
(113, 8);

-- --------------------------------------------------------

--
-- Table structure for table `role_stock_points`
--

CREATE TABLE `role_stock_points` (
  `id` bigint(20) UNSIGNED NOT NULL,
  `name` varchar(255) NOT NULL,
  `role_id` bigint(20) UNSIGNED NOT NULL,
  `stock_point_id` bigint(20) UNSIGNED NOT NULL,
  `created_at` timestamp NULL DEFAULT NULL,
  `updated_at` timestamp NULL DEFAULT NULL,
  `deleted_at` timestamp NULL DEFAULT NULL
) ENGINE=InnoDB DEFAULT CHARSET=utf8mb4 COLLATE=utf8mb4_unicode_ci;

--
-- Dumping data for table `role_stock_points`
--

INSERT INTO `role_stock_points` (`id`, `name`, `role_id`, `stock_point_id`, `created_at`, `updated_at`, `deleted_at`) VALUES
(1, 'Central Pharmacy', 3, 1, NULL, NULL, NULL),
(2, 'OP Pharmacy', 4, 2, NULL, NULL, NULL),
(3, 'OT Pharmacy', 5, 3, NULL, NULL, NULL),
(4, 'EMG Pharmacy', 6, 4, NULL, NULL, NULL);

-- --------------------------------------------------------

--
-- Table structure for table `rooms`
--

CREATE TABLE `rooms` (
  `id` bigint(20) UNSIGNED NOT NULL,
  `ward_id` bigint(20) UNSIGNED NOT NULL,
  `nurse_station_id` bigint(20) UNSIGNED NOT NULL,
  `cost_center_id` bigint(20) UNSIGNED NOT NULL,
  `name` varchar(255) NOT NULL,
  `code` varchar(255) NOT NULL,
  `display_name` varchar(255) DEFAULT NULL,
  `block` varchar(255) DEFAULT NULL,
  `wing` varchar(255) DEFAULT NULL,
  `beds` tinyint(4) NOT NULL DEFAULT 0,
  `status` tinyint(1) NOT NULL DEFAULT 1,
  `created_by_id` bigint(20) UNSIGNED DEFAULT NULL,
  `updated_by_id` bigint(20) UNSIGNED DEFAULT NULL,
  `deleted_at` timestamp NULL DEFAULT NULL,
  `created_at` timestamp NULL DEFAULT NULL,
  `updated_at` timestamp NULL DEFAULT NULL
) ENGINE=InnoDB DEFAULT CHARSET=utf8mb4 COLLATE=utf8mb4_unicode_ci;

--
-- Dumping data for table `rooms`
--

INSERT INTO `rooms` (`id`, `ward_id`, `nurse_station_id`, `cost_center_id`, `name`, `code`, `display_name`, `block`, `wing`, `beds`, `status`, `created_by_id`, `updated_by_id`, `deleted_at`, `created_at`, `updated_at`) VALUES
(1, 2, 1, 1, 'Room-1', 'Room-1', 'Room-1', NULL, NULL, 10, 1, 1, 1, NULL, '2024-09-29 10:03:14', '2024-09-29 10:03:14'),
(2, 2, 1, 1, 'Room-2', 'Room-2', 'Room-2', NULL, NULL, 20, 1, 1, 1, NULL, '2024-11-06 17:39:38', '2024-11-06 17:39:38'),
(3, 1, 1, 1, 'Dialysis', 'DLS', 'Dialysis', NULL, NULL, 20, 1, 1, 1, NULL, '2025-04-16 11:37:18', '2025-04-16 11:37:18'),
(4, 1, 1, 1, 'Dialysis 2', 'DLS', 'Dialysis 2', NULL, NULL, 20, 1, 1, 1, NULL, '2025-05-06 04:55:14', '2025-05-06 04:56:39'),
(5, 1, 1, 1, 'Dialysis 3', 'DLS', 'Dialysis 3', NULL, NULL, 20, 1, 1, 1, NULL, '2025-05-06 04:55:38', '2025-05-06 04:56:29'),
(6, 2, 1, 1, 'Pathology', 'PATH', 'Pathology', NULL, NULL, 10, 1, 1, 1, NULL, '2025-05-06 04:57:12', '2025-05-06 04:57:12');

-- --------------------------------------------------------

--
-- Table structure for table `sale_stores`
--

CREATE TABLE `sale_stores` (
  `id` bigint(20) UNSIGNED NOT NULL,
  `stock_point_id` bigint(20) UNSIGNED NOT NULL,
  `gin_id` bigint(20) UNSIGNED NOT NULL,
  `gin_item_id` bigint(20) UNSIGNED NOT NULL,
  `item_id` bigint(20) UNSIGNED NOT NULL,
  `batch_no` varchar(15) DEFAULT NULL,
  `mfd` varchar(20) DEFAULT NULL,
  `exd` varchar(20) DEFAULT NULL,
  `quantity` smallint(6) DEFAULT NULL,
  `received` tinyint(1) NOT NULL DEFAULT 0,
  `deleted_at` timestamp NULL DEFAULT NULL,
  `created_at` timestamp NULL DEFAULT NULL,
  `updated_at` timestamp NULL DEFAULT NULL,
  `stock_point_from_id` bigint(20) UNSIGNED DEFAULT NULL
) ENGINE=InnoDB DEFAULT CHARSET=utf8mb4 COLLATE=utf8mb4_unicode_ci;

--
-- Dumping data for table `sale_stores`
--

INSERT INTO `sale_stores` (`id`, `stock_point_id`, `gin_id`, `gin_item_id`, `item_id`, `batch_no`, `mfd`, `exd`, `quantity`, `received`, `deleted_at`, `created_at`, `updated_at`, `stock_point_from_id`) VALUES
(1, 2, 1, 1, 1, 'batch-ocid-1', '04-Apr-2024', '03-Oct-2024', 20, 1, NULL, '2024-08-03 03:43:21', '2024-08-03 04:02:06', 1),
(2, 2, 1, 2, 2, 'batch-cal-01', '02-May-2024', '03-Oct-2024', 20, 1, NULL, '2024-08-03 03:45:49', '2024-08-03 04:02:04', 1),
(3, 3, 2, 3, 1, 'batch-ocid-1', '04-Apr-2024', '03-Oct-2024', 5, 0, NULL, '2024-08-04 11:31:45', '2024-08-04 11:31:45', 2),
(4, 3, 2, 4, 2, 'batch-cal-01', '02-May-2024', '03-Oct-2024', 5, 0, NULL, '2024-08-04 11:45:44', '2024-08-04 11:45:44', 2),
(5, 2, 5, 5, 1, 'asdfrewq', '18-Dec-2023', '30-Dec-2026', 200, 1, NULL, '2024-08-09 14:09:16', '2024-08-09 14:11:30', 1),
(6, 2, 5, 6, 13, 'qwerty', '31-Oct-2023', '30-Nov-2026', 500, 1, NULL, '2024-08-09 14:09:33', '2024-08-09 14:11:27', 1),
(7, 2, 5, 7, 7, 'asdertyui', '30-Nov-2023', '31-Dec-2026', 500, 1, NULL, '2024-08-09 14:09:47', '2024-08-09 14:11:25', 1),
(8, 2, 5, 8, 2, 'frtewr234', '20-Dec-2023', '30-Jul-2026', 400, 1, NULL, '2024-08-09 14:10:04', '2024-08-09 14:11:24', 1),
(9, 2, 5, 9, 14, 'trewqyu', '30-Sep-2023', '30-Jun-2026', 500, 1, NULL, '2024-08-09 14:10:16', '2024-08-09 14:11:20', 1),
(10, 2, 6, 10, 1, 'batch-ocid-1', '04-Apr-2024', '03-Oct-2024', 15, 1, NULL, '2024-08-09 15:02:58', '2024-08-09 15:04:45', 1),
(11, 2, 6, 11, 2, 'Cal01214', '30-Jul-2024', '08-Aug-2024', 25, 1, NULL, '2024-08-09 15:03:31', '2024-08-09 15:04:44', 1),
(12, 2, 8, 12, 15, 'CIL1233', '20-Aug-2024', '20-Aug-2026', 30, 1, NULL, '2024-08-21 15:32:22', '2024-08-21 15:34:15', 1),
(13, 2, 8, 13, 16, 'SM123', '20-Aug-2024', '20-Aug-2026', 1, 1, NULL, '2024-08-21 15:32:54', '2024-08-21 15:34:13', 1),
(14, 2, 8, 14, 17, 'SYN123', '21-Aug-2024', '21-Aug-2026', 200, 1, NULL, '2024-08-21 15:33:23', '2024-08-21 15:34:12', 1),
(15, 2, 9, 15, 18, 'V189277', '24-Aug-2024', '04-Apr-2026', 200, 1, NULL, '2024-08-24 16:20:38', '2024-08-24 16:22:15', 1),
(16, 2, 9, 16, 19, '1352020', '24-Aug-2024', '03-Mar-2026', 30, 1, NULL, '2024-08-24 16:20:54', '2024-08-24 16:22:12', 1),
(17, 2, 9, 17, 19, '1352020', '24-Aug-2024', '03-Mar-2026', 70, 1, NULL, '2024-08-24 16:21:12', '2024-08-24 16:22:11', 1),
(18, 2, 9, 18, 20, '1537373', '24-Aug-2024', '03-Mar-2026', 500, 1, NULL, '2024-08-24 16:21:30', '2024-08-24 16:22:09', 1),
(19, 2, 12, 19, 2, 'retretyeyt', '06-Jan-2023', '06-Aug-2028', 49, 1, NULL, '2025-05-06 08:35:11', '2025-05-06 08:36:11', 1),
(20, 2, 12, 20, 7, 'btqwert', '06-Jan-2023', '28-Dec-2027', 19, 1, NULL, '2025-05-06 08:35:42', '2025-05-06 08:36:08', 1);

-- --------------------------------------------------------

--
-- Table structure for table `sample_collections`
--

CREATE TABLE `sample_collections` (
  `id` bigint(20) UNSIGNED NOT NULL,
  `opd_billing_id` bigint(20) UNSIGNED NOT NULL,
  `code` varchar(20) DEFAULT NULL,
  `lab_no` varchar(12) DEFAULT NULL,
  `sample_entry_date` varchar(30) DEFAULT NULL,
  `created_by_id` bigint(20) UNSIGNED DEFAULT NULL,
  `updated_by_id` bigint(20) UNSIGNED DEFAULT NULL,
  `approved_by_id` bigint(20) UNSIGNED DEFAULT NULL,
  `created_at` timestamp NULL DEFAULT NULL,
  `updated_at` timestamp NULL DEFAULT NULL,
  `deleted_at` timestamp NULL DEFAULT NULL
) ENGINE=InnoDB DEFAULT CHARSET=utf8mb4 COLLATE=utf8mb4_unicode_ci;

-- --------------------------------------------------------

--
-- Table structure for table `sample_collection_items`
--

CREATE TABLE `sample_collection_items` (
  `id` bigint(20) UNSIGNED NOT NULL,
  `sample_collection_id` bigint(20) UNSIGNED NOT NULL,
  `opd_billing_items_id` bigint(20) UNSIGNED NOT NULL,
  `sample_done` tinyint(1) NOT NULL DEFAULT 0,
  `created_at` timestamp NULL DEFAULT NULL,
  `updated_at` timestamp NULL DEFAULT NULL,
  `deleted_at` timestamp NULL DEFAULT NULL
) ENGINE=InnoDB DEFAULT CHARSET=utf8mb4 COLLATE=utf8mb4_unicode_ci;

-- --------------------------------------------------------

--
-- Table structure for table `scraps`
--

CREATE TABLE `scraps` (
  `id` bigint(20) UNSIGNED NOT NULL,
  `stock_point_from_id` bigint(20) UNSIGNED DEFAULT NULL,
  `stock_point_to_id` bigint(20) UNSIGNED DEFAULT NULL,
  `code` varchar(20) DEFAULT NULL,
  `remarks` text DEFAULT NULL,
  `scrap_transfer_date` datetime DEFAULT NULL,
  `status` tinyint(1) NOT NULL DEFAULT 0,
  `created_by_id` bigint(20) UNSIGNED DEFAULT NULL,
  `updated_by_id` bigint(20) UNSIGNED DEFAULT NULL,
  `approved_by_id` bigint(20) UNSIGNED DEFAULT NULL,
  `created_at` timestamp NULL DEFAULT NULL,
  `updated_at` timestamp NULL DEFAULT NULL,
  `deleted_at` timestamp NULL DEFAULT NULL
) ENGINE=InnoDB DEFAULT CHARSET=utf8mb4 COLLATE=utf8mb4_unicode_ci;

--
-- Dumping data for table `scraps`
--

INSERT INTO `scraps` (`id`, `stock_point_from_id`, `stock_point_to_id`, `code`, `remarks`, `scrap_transfer_date`, `status`, `created_by_id`, `updated_by_id`, `approved_by_id`, `created_at`, `updated_at`, `deleted_at`) VALUES
(1, 2, NULL, 'SCN1', 'damage', '2024-08-08 14:22:06', 0, 4, 4, NULL, '2024-08-08 14:22:06', '2024-08-08 14:22:06', NULL),
(2, 2, NULL, 'SCN2', 'scrab transfer', '2024-08-09 21:29:14', 0, 4, 4, NULL, '2024-08-09 21:29:14', '2024-08-09 21:29:14', NULL);

-- --------------------------------------------------------

--
-- Table structure for table `scrap_items`
--

CREATE TABLE `scrap_items` (
  `id` bigint(20) UNSIGNED NOT NULL,
  `scrap_id` bigint(20) UNSIGNED NOT NULL,
  `item_id` bigint(20) UNSIGNED NOT NULL,
  `grn_id` bigint(20) UNSIGNED NOT NULL,
  `scrap_type_id` bigint(20) UNSIGNED NOT NULL,
  `quantity` int(11) NOT NULL DEFAULT 0,
  `unit_sale_price` decimal(8,2) NOT NULL,
  `unit_purchase_price` decimal(8,2) NOT NULL,
  `batch_no` varchar(20) DEFAULT NULL,
  `remarks` text DEFAULT NULL,
  `created_by_id` bigint(20) UNSIGNED DEFAULT NULL,
  `updated_by_id` bigint(20) UNSIGNED DEFAULT NULL,
  `created_at` timestamp NULL DEFAULT NULL,
  `updated_at` timestamp NULL DEFAULT NULL,
  `deleted_at` timestamp NULL DEFAULT NULL
) ENGINE=InnoDB DEFAULT CHARSET=utf8mb4 COLLATE=utf8mb4_unicode_ci;

--
-- Dumping data for table `scrap_items`
--

INSERT INTO `scrap_items` (`id`, `scrap_id`, `item_id`, `grn_id`, `scrap_type_id`, `quantity`, `unit_sale_price`, `unit_purchase_price`, `batch_no`, `remarks`, `created_by_id`, `updated_by_id`, `created_at`, `updated_at`, `deleted_at`) VALUES
(1, 1, 1, 1, 1, 34, 50.00, 40.00, 'batch-ocid-1', NULL, NULL, NULL, NULL, NULL, NULL),
(2, 2, 14, 3, 1, 5, 20.00, 10.00, 'trewqyu', 'Broken tablet', NULL, NULL, NULL, NULL, NULL);

-- --------------------------------------------------------

--
-- Table structure for table `scrap_types`
--

CREATE TABLE `scrap_types` (
  `id` bigint(20) UNSIGNED NOT NULL,
  `name` varchar(255) DEFAULT NULL,
  `created_at` timestamp NULL DEFAULT NULL,
  `updated_at` timestamp NULL DEFAULT NULL,
  `deleted_at` timestamp NULL DEFAULT NULL
) ENGINE=InnoDB DEFAULT CHARSET=utf8mb4 COLLATE=utf8mb4_unicode_ci;

--
-- Dumping data for table `scrap_types`
--

INSERT INTO `scrap_types` (`id`, `name`, `created_at`, `updated_at`, `deleted_at`) VALUES
(1, 'Scrap Type 1', NULL, NULL, NULL),
(2, 'Scrap Type 2', NULL, NULL, NULL);

-- --------------------------------------------------------

--
-- Table structure for table `services`
--

CREATE TABLE `services` (
  `id` bigint(20) UNSIGNED NOT NULL,
  `teriff_id` bigint(20) UNSIGNED NOT NULL,
  `service_group_id` bigint(20) UNSIGNED NOT NULL,
  `billing_head_id` bigint(20) UNSIGNED NOT NULL,
  `cost_center_id` bigint(20) UNSIGNED NOT NULL,
  `location_id` bigint(20) UNSIGNED NOT NULL,
  `code` varchar(30) NOT NULL,
  `name` varchar(150) NOT NULL,
  `charge` decimal(8,2) NOT NULL,
  `emergency_charge` decimal(8,2) NOT NULL,
  `type` enum('S','I','M') NOT NULL,
  `isactive` tinyint(1) NOT NULL DEFAULT 0,
  `hospital_percent` decimal(5,2) DEFAULT 0.00,
  `doctor_percent` decimal(5,2) DEFAULT 0.00,
  `hospital_amount` decimal(6,2) DEFAULT 0.00,
  `doctor_amount` decimal(6,2) DEFAULT 0.00,
  `ispackage` tinyint(1) NOT NULL DEFAULT 0,
  `isprocedure` tinyint(1) NOT NULL DEFAULT 0,
  `isoutside` tinyint(1) NOT NULL DEFAULT 0,
  `issampleneeded` tinyint(1) NOT NULL DEFAULT 0,
  `isdiet` tinyint(1) NOT NULL DEFAULT 0,
  `created_by_id` bigint(20) UNSIGNED DEFAULT NULL,
  `modified_by_id` bigint(20) UNSIGNED DEFAULT NULL,
  `deleted_at` timestamp NULL DEFAULT NULL,
  `created_at` timestamp NULL DEFAULT NULL,
  `updated_at` timestamp NULL DEFAULT NULL
) ENGINE=InnoDB DEFAULT CHARSET=utf8mb4 COLLATE=utf8mb4_unicode_ci;

--
-- Dumping data for table `services`
--

INSERT INTO `services` (`id`, `teriff_id`, `service_group_id`, `billing_head_id`, `cost_center_id`, `location_id`, `code`, `name`, `charge`, `emergency_charge`, `type`, `isactive`, `hospital_percent`, `doctor_percent`, `hospital_amount`, `doctor_amount`, `ispackage`, `isprocedure`, `isoutside`, `issampleneeded`, `isdiet`, `created_by_id`, `modified_by_id`, `deleted_at`, `created_at`, `updated_at`) VALUES
(1, 3, 1, 2, 1, 1, 'SC0', 'CBC (COMPLITE BLOOD COUNT)', 300.00, 350.00, 'I', 1, 100.00, 0.00, 300.00, 0.00, 0, 0, 0, 1, 0, 1, 1, NULL, NULL, '2024-07-16 09:38:48'),
(2, 3, 2, 4, 1, 1, 'SC01', 'X-RAY CHEST PA', 150.00, 150.00, 'S', 1, 100.00, 0.00, 150.00, 0.00, 0, 0, 0, 0, 0, 1, 1, NULL, NULL, NULL),
(3, 3, 5, 2, 1, 1, 'Ultra03', 'Ultrasound Normal', 1000.00, 1500.00, 'I', 1, 100.00, 0.00, 1000.00, 0.00, 0, 0, 0, 0, 0, 1, 1, NULL, NULL, NULL),
(4, 3, 6, 8, 1, 1, 'PAC04', 'Health Package', 3000.00, 3000.00, 'S', 1, 100.00, 0.00, 3000.00, 0.00, 1, 0, 0, 0, 0, 1, 1, NULL, NULL, '2025-04-09 11:32:05'),
(5, 7, 24, 2, 1, 1, 'BIO05', 'Urine Pottasium', 95.00, 95.00, 'I', 1, 100.00, 0.00, 95.00, 0.00, 0, 0, 0, 1, 0, 1, 1, NULL, NULL, '2024-07-06 16:03:31'),
(6, 7, 24, 2, 1, 1, 'BIO06', 'Urine Sodium', 95.00, 95.00, 'I', 1, 100.00, 0.00, 95.00, 0.00, 0, 0, 0, 1, 0, 1, 1, NULL, NULL, '2024-06-17 11:10:13'),
(7, 7, 7, 2, 1, 1, 'MIC07', 'COVID-19 IgG', 750.00, 750.00, 'I', 1, 100.00, 0.00, 750.00, 0.00, 0, 0, 0, 1, 0, 1, 1, NULL, NULL, '2024-06-17 11:09:54'),
(8, 7, 17, 2, 1, 1, 'GNM08', 'Annual Medical Check up for Contract Labour', 975.00, 975.00, 'I', 1, 100.00, 0.00, 975.00, 0.00, 0, 0, 0, 1, 0, 1, 1, NULL, NULL, NULL),
(9, 7, 7, 2, 1, 1, 'MIC09', 'DENGUE PCR', 1430.00, 1430.00, 'I', 1, 100.00, 0.00, 1430.00, 0.00, 0, 0, 0, 1, 0, 1, 1, NULL, NULL, NULL),
(10, 7, 2, 2, 1, 1, 'XRA010', 'X-RAY ABDOMEN SUPINE', 165.00, 165.00, 'I', 1, 100.00, 0.00, 165.00, 0.00, 0, 1, 0, 0, 0, 1, 1, NULL, NULL, NULL),
(11, 7, 19, 2, 1, 1, 'CTS11', 'C.T. Scan Urography', 4500.00, 4500.00, 'I', 1, 100.00, 0.00, 4500.00, 0.00, 0, 0, 0, 1, 0, 1, 1, NULL, NULL, NULL),
(12, 7, 3, 2, 1, 1, 'MRI12', 'MRI MRCP', 4500.00, 4500.00, 'I', 1, 100.00, 0.00, 4500.00, 0.00, 0, 1, 0, 0, 0, 1, 1, NULL, NULL, NULL),
(13, 7, 24, 2, 1, 1, 'BIO13', 'URIC ACID', 100.00, 100.00, 'I', 1, 100.00, 0.00, 100.00, 0.00, 0, 0, 0, 1, 0, 1, 1, NULL, NULL, NULL),
(14, 7, 5, 2, 1, 1, 'Ultra14', 'ULTRASOUND CHEST', 460.00, 460.00, 'I', 1, 100.00, 0.00, 460.00, 0.00, 0, 1, 0, 0, 0, 1, 1, NULL, NULL, NULL),
(15, 6, 13, 2, 1, 1, 'PAT15', 'COMPLETE HEAMOGRAM', 122.00, 122.00, 'I', 1, 100.00, 0.00, 122.00, 0.00, 0, 0, 0, 1, 0, 1, 1, NULL, NULL, NULL),
(16, 8, 5, 2, 1, 1, 'Ultra16', 'Pelvic USG ( prostate, gynae, infertility etc)', 255.00, 255.00, 'I', 1, 100.00, 0.00, 255.00, 0.00, 0, 1, 0, 0, 0, 1, 1, NULL, NULL, NULL),
(17, 8, 24, 2, 1, 1, 'BIO17', 'Serum Cholesterol', 62.00, 62.00, 'I', 1, 100.00, 0.00, 62.00, 0.00, 0, 0, 0, 1, 0, 1, 1, NULL, NULL, NULL),
(18, 8, 24, 2, 1, 1, 'BIO18', 'T3, T4, TSH', 200.00, 200.00, 'I', 1, 100.00, 0.00, 200.00, 0.00, 0, 0, 0, 1, 0, 1, 1, NULL, NULL, NULL),
(19, 9, 24, 2, 1, 1, 'BIO19', 'Toxoplasma IgG & IgM', 600.00, 600.00, 'I', 1, 100.00, 0.00, 600.00, 0.00, 0, 0, 0, 1, 0, 1, 1, NULL, NULL, NULL),
(20, 10, 24, 2, 1, 1, 'BIO20', 'Iron & TIBC', 475.00, 365.00, 'I', 1, 100.00, 0.00, 365.00, 0.00, 0, 0, 0, 1, 0, 1, 1, NULL, NULL, NULL),
(21, 11, 13, 2, 1, 1, 'PAT21', 'HB + TLC + DLC', 135.00, 135.00, 'I', 1, 100.00, 0.00, 135.00, 0.00, 0, 0, 0, 1, 0, 1, 1, NULL, NULL, '2024-06-18 16:05:01'),
(22, 3, 1, 1, 1, 1, 'CYT22', 'Summer Health Checkup', 2000.00, 2500.00, 'S', 1, 100.00, 0.00, 2000.00, 0.00, 1, 0, 0, 0, 0, 1, NULL, NULL, '2024-06-20 21:37:01', '2024-06-20 21:37:01'),
(23, 3, 13, 2, 1, 1, 'PAT23', 'MCHC', 60.00, 60.00, 'I', 1, 100.00, 0.00, 60.00, 0.00, 0, 0, 0, 1, 0, 1, 1, NULL, NULL, NULL),
(24, 3, 13, 2, 1, 1, 'PAT24', 'RBC INDICES (MCV MCH MCHC)', 201.00, 201.00, 'I', 1, 1.00, 0.00, 201.00, 0.00, 0, 1, 0, 0, 0, 1, 1, NULL, NULL, NULL),
(25, 3, 13, 2, 1, 1, 'PAT25', 'Total Red Cell count with MCV,MCH,MCHC,DRW', 32.00, 32.00, 'I', 1, 100.00, 0.00, 32.00, 0.00, 0, 1, 0, 0, 0, 1, 1, NULL, NULL, NULL),
(26, 3, 13, 2, 1, 1, 'PAT26', 'RBC INDICES (MCV MCH MCHC)', 110.00, 110.00, 'I', 1, 100.00, 0.00, 110.00, 0.00, 0, 1, 0, 0, 0, 1, 1, NULL, NULL, NULL),
(27, 3, 13, 2, 1, 1, 'PAT27', 'RBC INDICES (MCV MCH MCHC)', 155.00, 155.00, 'I', 1, 100.00, 0.00, 155.00, 0.00, 0, 1, 0, 0, 0, 1, 1, NULL, NULL, NULL),
(28, 3, 13, 2, 1, 1, 'PAT28', 'RBC COUNT', 145.00, 145.00, 'I', 1, 100.00, 100.00, 145.00, 0.00, 0, 1, 0, 0, 0, 1, 1, NULL, NULL, NULL),
(29, 3, 13, 2, 1, 1, 'PAT29', 'RBC FOLATE', 2080.00, 2080.00, 'I', 1, 100.00, 0.00, 2080.00, 0.00, 0, 1, 0, 0, 0, 1, 1, NULL, NULL, NULL),
(30, 3, 13, 2, 1, 1, 'PAT30', 'TRBC', 65.00, 65.00, 'I', 1, 100.00, 0.00, 65.00, 0.00, 0, 1, 0, 0, 0, 1, 1, NULL, NULL, NULL),
(31, 3, 24, 2, 1, 1, 'PAT31', 'Urine Reducing Sugar', 20.00, 20.00, 'I', 1, 100.00, 0.00, 20.00, 0.00, 0, 1, 0, 0, 0, 1, 1, NULL, NULL, '2024-07-06 13:02:19'),
(32, 3, 13, 2, 1, 1, 'PAT32', 'Cytology & Biochemistry of any body fluid.(Pleural fluid Ascitic fluid)', 501.00, 501.00, 'I', 1, 100.00, 0.00, 501.00, 0.00, 0, 1, 0, 0, 0, 1, 1, NULL, NULL, NULL),
(33, 3, 13, 2, 1, 1, 'PAT33', 'SICKLING TEST', 97.00, 97.00, 'I', 1, 100.00, 0.00, 97.00, 0.00, 0, 1, 0, 0, 0, 1, 1, NULL, NULL, NULL),
(34, 3, 24, 2, 1, 1, 'PAT34', '25 Hydroxy Vitamin D', 3575.00, 3575.00, 'I', 1, 100.00, 0.00, 3575.00, 0.00, 0, 1, 0, 0, 0, 1, 1, NULL, NULL, '2024-07-06 13:01:27'),
(35, 3, 24, 2, 1, 1, 'PAT35', 'Gama GT', 150.00, 150.00, 'I', 1, 0.00, 0.00, 150.00, 0.00, 0, 1, 0, 0, 0, 1, 1, NULL, NULL, '2024-07-06 13:01:11'),
(36, 3, 24, 2, 1, 1, 'PAT36', 'Beta HCG', 410.00, 410.00, 'I', 1, 100.00, 0.00, 410.00, 0.00, 0, 1, 0, 0, 0, 1, 1, NULL, NULL, '2024-07-06 12:59:53'),
(37, 3, 24, 2, 1, 1, 'PAT37', 'Testosterone', 410.00, 410.00, 'I', 1, 100.00, 0.00, 410.00, 0.00, 0, 1, 0, 0, 0, 1, 1, NULL, NULL, '2024-07-06 12:58:55'),
(38, 3, 7, 2, 1, 1, 'MIC38', 'TISSUE FOR ZN STAIN', 117.00, 117.00, 'I', 1, 100.00, 0.00, 117.00, 0.00, 0, 1, 0, 0, 0, 1, 1, NULL, NULL, NULL),
(39, 3, 7, 2, 1, 1, 'MIC39', 'TISSUE FOR AFB STAIN', 117.00, 117.00, 'I', 1, 100.00, 0.00, 117.00, 0.00, 0, 1, 0, 0, 0, 1, 1, NULL, NULL, NULL),
(40, 3, 7, 2, 1, 1, 'MIC40', 'Scraping for Scabies', 130.00, 130.00, 'I', 1, 100.00, 0.00, 130.00, 0.00, 0, 1, 0, 0, 0, 1, 1, NULL, NULL, NULL),
(41, 3, 7, 2, 1, 1, 'MIC41', 'Conjunctival Swab', 299.00, 299.00, 'I', 1, 100.00, 0.00, 299.00, 0.00, 0, 1, 0, 0, 0, 1, 1, NULL, NULL, NULL),
(42, 3, 7, 2, 1, 1, 'MIC42', 'NASAL SWAB / ASPIRATE FOR CYTOLOGY', 310.00, 310.00, 'I', 1, 100.00, 0.00, 310.00, 0.00, 0, 1, 0, 0, 0, 1, 1, NULL, NULL, NULL),
(43, 3, 7, 2, 1, 1, 'MIC43', 'NASAL SWAB / ASPIRATE FOR FUNGAL CULTURE', 220.00, 220.00, 'I', 1, 100.00, 0.00, 220.00, 0.00, 0, 1, 0, 0, 0, 1, 1, NULL, NULL, NULL),
(44, 3, 7, 2, 1, 1, 'MIC44', 'NASAL SWAB FOR KOH (ASPIRATE)', 110.00, 110.00, 'I', 1, 100.00, 0.00, 110.00, 0.00, 0, 1, 0, 0, 0, 1, 1, NULL, NULL, NULL),
(45, 3, 7, 2, 1, 1, 'MIC45', 'TISSUE FOR MTB CULTURE', 900.00, 900.00, 'I', 1, 100.00, 0.00, 900.00, 0.00, 0, 1, 0, 0, 0, 1, 1, NULL, NULL, NULL),
(46, 3, 7, 2, 1, 1, 'MIC46', 'TISSUE FOR MTBPCR', 1100.00, 1100.00, 'I', 1, 100.00, 0.00, 1100.00, 0.00, 0, 1, 0, 0, 0, 1, 1, NULL, NULL, NULL),
(47, 3, 7, 2, 1, 1, 'MIC47', 'TISSUE FOR ZN STAIN', 90.00, 90.00, 'I', 1, 100.00, 0.00, 90.00, 0.00, 0, 1, 0, 0, 0, 1, 1, NULL, NULL, NULL),
(48, 3, 7, 2, 1, 1, 'MIC48', 'TISSUE FOR AFB STAIN', 90.00, 90.00, 'I', 1, 100.00, 0.00, 90.00, 0.00, 0, 1, 0, 0, 0, 1, 1, NULL, NULL, NULL),
(49, 3, 7, 2, 1, 1, 'MIC49', 'D-DIMER', 1400.00, 1400.00, 'I', 1, 100.00, 0.00, 1400.00, 0.00, 0, 1, 0, 0, 0, 1, 1, NULL, NULL, NULL),
(50, 3, 7, 2, 1, 1, 'MIC50', 'RA (Quantitative)', 220.00, 220.00, 'I', 1, 100.00, 0.00, 220.00, 0.00, 0, 1, 0, 0, 0, 1, 1, NULL, NULL, NULL),
(51, 3, 7, 2, 1, 1, 'MIC51', 'Aural Swab C/S', 160.00, 160.00, 'I', 1, 100.00, 0.00, 160.00, 0.00, 0, 1, 0, 0, 0, 1, 1, NULL, NULL, NULL),
(52, 3, 7, 2, 1, 1, 'MIC52', 'Swab C/S', 200.00, 200.00, 'I', 1, 100.00, 0.00, 200.00, 0.00, 0, 1, 0, 0, 0, 1, 1, NULL, NULL, NULL),
(53, 3, 24, 2, 1, 1, 'BIO53', 'CPK-MB', 1045.00, 1045.00, 'I', 1, 100.00, 0.00, 1045.00, 0.00, 0, 1, 0, 0, 0, 1, 1, NULL, NULL, NULL),
(54, 3, 24, 2, 1, 1, 'BIO54', 'PROCALCITONIN', 1200.00, 1200.00, 'I', 1, 100.00, 0.00, 1200.00, 0.00, 0, 1, 0, 0, 0, 1, 1, NULL, NULL, NULL),
(55, 3, 24, 2, 1, 1, 'BIO55', 'STOOL FOR OCCULT BLOOD', 65.00, 65.00, 'I', 1, 100.00, 0.00, 65.00, 0.00, 0, 1, 0, 0, 0, 1, 1, NULL, NULL, NULL),
(56, 3, 1, 2, 1, 1, 'BIO56', 'FNAC (FINE NEEDLE ASPIRATION CYTOLOGY)', 260.00, 260.00, 'I', 1, 100.00, 0.00, 260.00, 0.00, 0, 1, 0, 0, 0, 1, 1, NULL, NULL, '2024-07-06 14:13:51'),
(57, 3, 24, 2, 1, 1, 'BIO57', 'Beta HCG', 410.00, 410.00, 'I', 1, 100.00, 0.00, 410.00, 0.00, 0, 1, 0, 0, 0, 1, 1, NULL, NULL, NULL),
(58, 3, 24, 2, 1, 1, 'BIO58', 'CA-125', 895.00, 895.00, 'I', 1, 100.00, 0.00, 895.00, 0.00, 0, 1, 0, 0, 0, 1, 1, NULL, NULL, NULL),
(59, 3, 24, 2, 1, 1, 'BIO59', 'PROLACTIN', 631.00, 631.00, 'I', 1, 100.00, 0.00, 631.00, 0.00, 0, 1, 0, 0, 0, 1, 1, NULL, NULL, NULL),
(60, 3, 24, 2, 1, 1, 'BIO60', 'FSH', 150.00, 150.00, 'I', 1, 100.00, 0.00, 150.00, 0.00, 0, 1, 0, 0, 0, 1, 1, NULL, NULL, NULL),
(61, 3, 24, 2, 1, 1, 'BIO61', 'LH', 631.00, 631.00, 'I', 1, 100.00, 0.00, 631.00, 0.00, 0, 1, 0, 0, 0, 1, 1, NULL, NULL, NULL),
(62, 3, 24, 2, 1, 1, 'BIO62', 'LH', 150.00, 150.00, 'I', 1, 100.00, 0.00, 150.00, 0.00, 0, 1, 0, 0, 0, 1, 1, NULL, NULL, NULL),
(63, 3, 24, 2, 1, 1, 'BIO63', 'LH', 330.00, 330.00, 'I', 1, 100.00, 0.00, 330.00, 0.00, 0, 1, 0, 0, 0, 1, 1, NULL, NULL, NULL),
(64, 3, 24, 2, 1, 1, 'BIO64', 'LH', 485.00, 485.00, 'I', 1, 100.00, 0.00, 485.00, 0.00, 0, 1, 0, 0, 0, 1, 1, NULL, NULL, NULL),
(65, 3, 24, 2, 1, 1, 'BIO65', 'Testosterone', 572.00, 572.00, 'I', 1, 100.00, 0.00, 572.00, 0.00, 0, 1, 0, 0, 0, 1, 1, NULL, NULL, NULL),
(66, 3, 24, 2, 1, 1, 'BIO66', 'Testosterone', 440.00, 440.00, 'I', 1, 100.00, 0.00, 440.00, 0.00, 0, 1, 0, 0, 0, 1, 1, NULL, NULL, NULL),
(67, 3, 24, 2, 1, 1, 'BIO67', 'TESTOSTERONE (FREE)', 1720.00, 1720.00, 'I', 1, 100.00, 0.00, 1720.00, 0.00, 0, 1, 0, 0, 0, 1, 1, NULL, NULL, NULL),
(68, 3, 24, 2, 1, 1, 'BIO68', 'TESTOSTERONE (TOTAL)', 1140.00, 1140.00, 'I', 1, 100.00, 0.00, 1140.00, 0.00, 0, 1, 0, 0, 0, 1, 1, NULL, NULL, NULL),
(69, 3, 24, 2, 1, 1, 'BIO69', 'Testosterone', 410.00, 410.00, 'I', 1, 100.00, 0.00, 410.00, 0.00, 0, 1, 0, 0, 0, 1, 1, NULL, NULL, NULL),
(70, 3, 1, 2, 1, 1, 'CYT70', 'MALIGNENT CELL (AF/PF/SV/PERI)', 190.00, 190.00, 'I', 1, 100.00, 0.00, 190.00, 0.00, 0, 1, 0, 0, 0, 1, 1, NULL, NULL, NULL),
(71, 3, 24, 2, 1, 1, 'BIO71', 'FREE T4', 385.00, 385.00, 'I', 1, 100.00, 0.00, 385.00, 0.00, 0, 1, 0, 0, 0, 1, 1, NULL, NULL, NULL),
(72, 3, 24, 2, 1, 1, 'BIO72', 'FREE T3', 385.00, 385.00, 'I', 1, 100.00, 0.00, 385.00, 0.00, 0, 1, 0, 0, 0, 1, 1, NULL, NULL, NULL),
(73, 3, 24, 2, 1, 1, 'BIO73', 'ADA', 360.00, 360.00, 'I', 1, 100.00, 0.00, 360.00, 0.00, 0, 1, 0, 0, 0, 1, 1, NULL, NULL, NULL),
(74, 3, 24, 2, 1, 1, 'BIO74', 'LFT (LIVER FUNCTION TEST WITH PROTEINS)', 360.00, 360.00, 'I', 1, 100.00, 0.00, 360.00, 0.00, 0, 1, 0, 1, 0, 1, 1, NULL, NULL, NULL),
(75, 3, 24, 2, 1, 1, 'BIO75', 'LFT (LIVER FUNCTION TEST WITH PROTEINS)', 700.00, 700.00, 'I', 1, 100.00, 0.00, 700.00, 0.00, 0, 1, 0, 1, 0, 1, 1, NULL, NULL, NULL),
(76, 3, 13, 2, 1, 1, 'PAT76', 'URINE BILE SALTS & BILE PIGMENTS', 85.00, 85.00, 'I', 1, 100.00, 0.00, 85.00, 0.00, 0, 1, 0, 0, 0, 1, 1, NULL, NULL, NULL),
(77, 3, 7, 2, 1, 1, 'MIC77', 'URINE PREGNENCY', 104.00, 104.00, 'I', 1, 100.00, 0.00, 104.00, 0.00, 0, 1, 0, 0, 0, 1, 1, NULL, NULL, NULL),
(78, 3, 13, 2, 1, 1, 'PAT78', 'URINE MYOGLOBIN', 265.00, 265.00, 'I', 1, 100.00, 0.00, 265.00, 0.00, 0, 1, 0, 0, 0, 1, 1, NULL, NULL, NULL),
(79, 3, 24, 2, 1, 1, 'BIO79', 'FLUID AMALYSE', 480.00, 480.00, 'I', 1, 100.00, 0.00, 480.00, 0.00, 0, 1, 0, 0, 0, 1, 1, NULL, NULL, NULL),
(80, 3, 24, 2, 1, 1, 'BIO80', 'FLUID LDH', 208.00, 208.00, 'I', 1, 100.00, 0.00, 208.00, 0.00, 0, 1, 0, 0, 0, 1, 1, NULL, NULL, NULL),
(81, 3, 7, 2, 1, 1, 'MIC81', 'HIV I & II ANTIBODY', 840.00, 840.00, 'I', 1, 100.00, 0.00, 840.00, 0.00, 0, 1, 0, 0, 0, 1, 1, NULL, NULL, NULL),
(82, 3, 7, 2, 1, 1, 'MIC82', 'JAPANESE ENCEPHALITIS', 4400.00, 4400.00, 'I', 1, 100.00, 0.00, 4400.00, 0.00, 0, 1, 0, 0, 0, 1, 1, NULL, NULL, NULL),
(83, 3, 7, 2, 1, 1, 'MIC83', 'URINE CULTURE & SENSITIVITY (CLEAN CATCH)', 130.00, 130.00, 'I', 1, 100.00, 0.00, 130.00, 0.00, 0, 1, 0, 0, 0, 1, 1, NULL, NULL, NULL),
(84, 3, 24, 2, 1, 1, 'BIO84', '24 HRS URINE CREATININE', 150.00, 150.00, 'I', 1, 100.00, 0.00, 150.00, 0.00, 0, 1, 0, 0, 0, 1, 1, NULL, NULL, NULL),
(85, 3, 24, 2, 1, 1, 'BIO85', '24 HRS URINE C24 HRS URINE CALCIUM', 150.00, 150.00, 'I', 1, 100.00, 0.00, 150.00, 0.00, 0, 1, 0, 0, 0, 1, 1, NULL, NULL, NULL),
(86, 3, 24, 2, 1, 1, 'BIO86', '24 HRS URINE COPPER', 1500.00, 1500.00, 'I', 1, 100.00, 0.00, 1500.00, 0.00, 0, 1, 0, 0, 0, 1, 1, NULL, NULL, NULL),
(87, 3, 24, 2, 1, 1, 'BIO87', '24 HOURS URINE CORTISOL', 1620.00, 1620.00, 'I', 1, 100.00, 0.00, 1620.00, 0.00, 0, 1, 0, 0, 0, 1, 1, NULL, NULL, NULL),
(88, 3, 24, 2, 1, 1, 'BIO88', '24 HRS URINE SODIUM', 250.00, 250.00, 'I', 1, 100.00, 0.00, 250.00, 0.00, 0, 1, 0, 0, 0, 1, 1, NULL, NULL, NULL),
(89, 3, 24, 2, 1, 1, 'BIO89', 'HOMOCYSTEINE', 1620.00, 1620.00, 'I', 1, 100.00, 0.00, 1620.00, 0.00, 0, 0, 0, 1, 0, 1, 1, NULL, NULL, NULL),
(90, 3, 24, 2, 1, 1, 'BIO90', 'HS - CRP', 1080.00, 1080.00, 'I', 1, 100.00, 0.00, 1080.00, 0.00, 0, 0, 0, 1, 0, 1, 1, NULL, NULL, NULL),
(91, 3, 24, 2, 1, 1, 'BIO91', 'IGF -1', 4400.00, 4400.00, 'I', 1, 100.00, 0.00, 4400.00, 0.00, 0, 1, 0, 0, 0, 1, 1, NULL, NULL, NULL),
(92, 3, 24, 2, 1, 1, 'BIO92', 'IFE SERUM (IMMUNO FIXATION ELECTROPHORESIS)', 8000.00, 8000.00, 'I', 1, 100.00, 0.00, 8000.00, 0.00, 0, 1, 0, 0, 0, 1, 1, NULL, NULL, NULL),
(93, 3, 24, 2, 1, 1, 'BIO93', 'IMMUNOGLOBULIN IGG IGM IGA', 2300.00, 2300.00, 'I', 1, 100.00, 0.00, 2300.00, 0.00, 0, 0, 0, 1, 0, 1, 1, NULL, NULL, NULL),
(94, 3, 24, 2, 1, 1, 'BIO94', 'INSULIN', 1200.00, 1200.00, 'I', 1, 100.00, 0.00, 1200.00, 0.00, 0, 0, 0, 1, 0, 1, 1, NULL, NULL, NULL),
(95, 3, 24, 2, 1, 1, 'BIO95', 'IRON', 234.00, 234.00, 'I', 1, 100.00, 0.00, 234.00, 0.00, 0, 0, 0, 1, 0, 1, 1, NULL, NULL, NULL),
(96, 3, 23, 2, 1, 1, 'BLD96', 'LACTATE', 1260.00, 1260.00, 'I', 1, 100.00, 0.00, 1260.00, 0.00, 0, 1, 0, 0, 0, 1, 1, NULL, NULL, NULL),
(97, 3, 24, 2, 1, 1, 'BIO97', 'LDH', 208.00, 208.00, 'I', 1, 100.00, 0.00, 208.00, 0.00, 0, 1, 0, 0, 0, 1, 1, NULL, NULL, NULL),
(98, 3, 24, 2, 1, 1, 'BIO98', 'LIPASE', 340.00, 340.00, 'I', 1, 100.00, 0.00, 340.00, 0.00, 0, 1, 0, 0, 0, 1, 1, NULL, NULL, NULL),
(99, 3, 24, 2, 1, 1, 'BIO99', 'LIPID PROFILE', 410.00, 410.00, 'I', 1, 100.00, 0.00, 410.00, 0.00, 0, 1, 0, 0, 0, 1, 1, NULL, NULL, NULL),
(100, 3, 24, 2, 1, 1, 'BIO100', 'LIPOPROTEIN - A', 1200.00, 1200.00, 'I', 1, 100.00, 0.00, 1200.00, 0.00, 0, 1, 0, 0, 0, 1, 1, NULL, NULL, NULL),
(101, 3, 24, 2, 1, 1, 'BIO101', 'LITHIUM', 1200.00, 1200.00, 'I', 1, 100.00, 0.00, 1200.00, 0.00, 0, 1, 0, 0, 0, 1, 1, NULL, NULL, NULL),
(102, 3, 24, 2, 1, 1, 'BIO102', 'LFT (LIVER FUNCTION TEST WITHOUT PROTEINS)', 840.00, 840.00, 'I', 1, 100.00, 0.00, 840.00, 0.00, 0, 1, 0, 1, 0, 1, 1, NULL, NULL, NULL),
(103, 3, 24, 2, 1, 1, 'BIO103', 'LFT (LIVER FUNCTION TEST WITH PROTEINS)', 945.00, 945.00, 'I', 1, 100.00, 0.00, 945.00, 0.00, 0, 1, 0, 1, 0, 1, 1, NULL, NULL, NULL),
(104, 3, 24, 2, 1, 1, 'BIO104', 'URINE SODIUM', 240.00, 240.00, 'I', 1, 100.00, 0.00, 240.00, 0.00, 0, 1, 0, 0, 0, 1, 1, NULL, NULL, NULL),
(105, 3, 24, 2, 1, 1, 'BIO105', 'URINE FOR V.M.A', 480.00, 480.00, 'I', 1, 100.00, 0.00, 480.00, 0.00, 0, 1, 0, 0, 0, 1, 1, NULL, NULL, NULL),
(106, 3, 24, 2, 1, 1, 'BIO106', 'T3', 300.00, 300.00, 'I', 1, 100.00, 0.00, 300.00, 0.00, 0, 1, 0, 0, 0, 1, 1, NULL, NULL, NULL),
(107, 3, 24, 2, 1, 1, 'BIO107', 'T4', 300.00, 300.00, 'I', 1, 100.00, 0.00, 300.00, 0.00, 0, 1, 0, 0, 0, 1, 1, NULL, NULL, NULL),
(108, 3, 24, 2, 1, 1, 'BIO108', 'Anti Thyroglobulin Antibody', 1716.00, 1716.00, 'I', 1, 100.00, 0.00, 1716.00, 0.00, 0, 1, 0, 0, 0, 1, 1, NULL, NULL, NULL),
(109, 3, 24, 2, 1, 1, 'BIO109', 'THYROID PROFILE', 430.00, 430.00, 'I', 1, 100.00, 0.00, 430.00, 0.00, 0, 1, 0, 0, 0, 1, 1, NULL, NULL, NULL),
(110, 3, 23, 2, 1, 1, 'BLD110', 'TOTAL CHOLESTEROL', 130.00, 130.00, 'I', 1, 100.00, 0.00, 130.00, 0.00, 0, 1, 0, 0, 0, 1, 1, NULL, NULL, NULL),
(111, 3, 7, 2, 1, 1, 'MIC111', 'ANTI ENDOMYSIAL ANTIBODY IGG', 2080.00, 2080.00, 'I', 1, 100.00, 0.00, 2080.00, 0.00, 0, 1, 0, 0, 0, 1, 1, NULL, NULL, NULL),
(112, 3, 24, 2, 1, 1, 'BIO112', 'URINE PROTEIN', 20.00, 20.00, 'I', 1, 100.00, 0.00, 20.00, 0.00, 0, 1, 0, 0, 0, 1, 1, NULL, NULL, NULL),
(113, 3, 7, 2, 1, 1, 'MIC113', 'MYOSITIS PROFILE', 7150.00, 7150.00, 'I', 1, 100.00, 0.00, 7150.00, 0.00, 0, 1, 0, 1, 0, 1, 1, NULL, NULL, NULL),
(114, 3, 24, 2, 1, 1, 'BIO114', 'CPK-MB', 1359.00, 1359.00, 'I', 1, 100.00, 0.00, 1359.00, 0.00, 0, 1, 0, 1, 0, 1, 1, NULL, NULL, NULL),
(115, 3, 13, 2, 1, 1, 'PAT115', 'HB + Bloog Group(ABO&RH) Typing', 91.00, 91.00, 'I', 1, 100.00, 0.00, 91.00, 0.00, 0, 1, 0, 1, 0, 1, 1, NULL, NULL, NULL),
(116, 3, 24, 2, 1, 1, 'BIO116', 'SGOT', 130.00, 200.00, 'I', 1, 100.00, 0.00, 130.00, 0.00, 0, 0, 0, 1, 0, 1, 1, NULL, NULL, NULL),
(117, 3, 24, 2, 1, 1, 'BIO117', 'ALKALINE PHOSPHATASE', 124.00, 124.00, 'I', 1, 100.00, 0.00, 124.00, 0.00, 0, 1, 0, 1, 0, 1, 1, NULL, NULL, NULL),
(118, 3, 24, 2, 1, 1, 'BIO118', 'SGPT', 130.00, 130.00, 'I', 1, 100.00, 0.00, 130.00, 0.00, 0, 1, 0, 1, 0, 1, 1, NULL, NULL, NULL),
(119, 3, 24, 2, 1, 1, 'BIO119', 'SGOT', 130.00, 130.00, 'I', 1, 100.00, 0.00, 130.00, 0.00, 0, 1, 0, 1, 0, 1, 1, NULL, NULL, NULL),
(120, 3, 24, 2, 1, 1, 'BIO120', 'TOTAL PROTEINS A/G RATIO', 75.00, 75.00, 'I', 1, 100.00, 0.00, 75.00, 0.00, 0, 1, 0, 1, 0, 1, 1, NULL, NULL, NULL),
(121, 3, 24, 2, 1, 1, 'BIO121', 'ALBUMIN', 95.00, 95.00, 'I', 1, 100.00, 0.00, 95.00, 0.00, 0, 1, 0, 1, 0, 1, 1, NULL, NULL, NULL),
(122, 3, 24, 2, 1, 1, 'BIO122', 'Globulin', 149.00, 149.00, 'I', 1, 100.00, 0.00, 149.00, 0.00, 0, 1, 0, 1, 0, 1, 1, NULL, NULL, NULL),
(123, 3, 24, 2, 1, 1, 'BIO123', 'A/G RATIO', 97.00, 97.00, 'I', 1, 100.00, 0.00, 97.00, 0.00, 0, 1, 0, 1, 0, 1, 1, NULL, NULL, NULL),
(124, 3, 13, 2, 1, 1, 'PAT124', 'CBC ( COMPLET BLOOD COUNT )', 400.00, 400.00, 'I', 1, 100.00, 0.00, 400.00, 0.00, 0, 1, 0, 1, 0, 1, 1, NULL, NULL, NULL),
(125, 4, 13, 2, 1, 1, 'PAT125', 'CBC', 450.00, 450.00, 'I', 1, 100.00, 0.00, 450.00, 0.00, 0, 1, 0, 1, 0, 1, 1, NULL, NULL, '2024-07-16 09:39:25'),
(126, 3, 24, 2, 1, 1, 'BIO126', 'KFT INCLUDING PHOSPHORUS', 770.00, 770.00, 'I', 1, 100.00, 0.00, 770.00, 0.00, 0, 1, 0, 1, 0, 1, 1, NULL, NULL, NULL),
(127, 3, 7, 2, 1, 1, 'MIC127', 'Emergency Operative Test HIV,HbsAg,HCV) ICT', 550.00, 550.00, 'I', 1, 100.00, 0.00, 550.00, 0.00, 0, 1, 0, 1, 0, 1, 1, NULL, NULL, NULL),
(128, 3, 24, 2, 1, 1, 'BIO128', 'TEST NEW FINAL', 300.00, 350.00, 'I', 1, 100.00, 0.00, 300.00, 0.00, 0, 1, 0, 1, 0, 1, 1, '2024-07-16 11:52:26', NULL, '2024-07-16 11:52:26'),
(129, 7, 13, 2, 1, 1, 'PAT128', 'JULY HEALTH PACHAGE', 1700.00, 1900.00, 'I', 1, 100.00, 0.00, 1700.00, 0.00, 1, 1, 0, 1, 0, 1, NULL, '2024-07-16 11:58:18', '2024-07-16 11:56:55', '2024-07-16 11:58:18'),
(130, 3, 28, 5, 1, 1, 'Hospital128', 'General Ward Charge', 50.00, 50.00, 'S', 1, 100.00, 0.00, 50.00, 0.00, 0, 0, 0, 0, 0, 1, 1, NULL, NULL, NULL),
(131, 4, 8, 2, 1, 1, 'BIO131', 'CBC', 200.00, 200.00, 'I', 1, 100.00, 0.00, 200.00, 0.00, 0, 0, 0, 1, 0, 1, 1, NULL, NULL, NULL),
(132, 3, 1, 1, 1, 1, 'CYT132', 'Check del', 100.00, 10.00, 'S', 1, 1.00, 1.00, 10.00, 10.00, 1, 1, 0, 0, 0, 1, NULL, '2025-04-09 11:41:26', '2025-04-09 11:40:22', '2025-04-09 11:41:26'),
(133, 3, 1, 1, 1, 1, 'CYT132', 'del', 10.00, 10.00, 'S', 1, 10.00, 10.00, 10.00, 10.00, 1, 0, 0, 0, 0, 1, NULL, '2025-04-09 11:43:40', '2025-04-09 11:43:13', '2025-04-09 11:43:40'),
(134, 3, 1, 1, 1, 1, 'CYT132', 'del', 10.00, 10.00, 'S', 1, 10.00, 10.00, 10.00, 10.00, 1, 0, 0, 0, 0, 1, NULL, '2025-04-09 11:44:30', '2025-04-09 11:44:23', '2025-04-09 11:44:30');

-- --------------------------------------------------------

--
-- Table structure for table `service_dues`
--

CREATE TABLE `service_dues` (
  `id` bigint(20) UNSIGNED NOT NULL,
  `patient_id` bigint(20) UNSIGNED NOT NULL,
  `patient_visit_id` bigint(20) UNSIGNED NOT NULL,
  `opd_billing_id` bigint(20) UNSIGNED NOT NULL,
  `total_amount` decimal(8,2) NOT NULL,
  `paid_amount` decimal(8,2) NOT NULL,
  `due_amount` decimal(8,2) NOT NULL,
  `is_due_cleared` tinyint(1) NOT NULL DEFAULT 0,
  `due_clrarance_date` date DEFAULT NULL,
  `approved_by_id` bigint(20) UNSIGNED DEFAULT NULL,
  `created_at` timestamp NULL DEFAULT NULL,
  `updated_at` timestamp NULL DEFAULT NULL,
  `deleted_at` timestamp NULL DEFAULT NULL
) ENGINE=InnoDB DEFAULT CHARSET=utf8mb4 COLLATE=utf8mb4_unicode_ci;

--
-- Dumping data for table `service_dues`
--

INSERT INTO `service_dues` (`id`, `patient_id`, `patient_visit_id`, `opd_billing_id`, `total_amount`, `paid_amount`, `due_amount`, `is_due_cleared`, `due_clrarance_date`, `approved_by_id`, `created_at`, `updated_at`, `deleted_at`) VALUES
(1, 17, 15, 3, 395.00, 300.00, 95.00, 1, NULL, 2, NULL, '2024-07-07 22:07:32', NULL),
(2, 40, 47, 25, 665.00, 1000.00, -335.00, 0, NULL, NULL, NULL, NULL, NULL),
(3, 48, 55, 31, 200.00, 150.00, 50.00, 1, NULL, 1, NULL, '2024-09-10 00:34:59', NULL),
(4, 48, 55, 36, 150.00, 130.00, 20.00, 1, NULL, 1, NULL, '2024-09-10 01:26:56', NULL),
(5, 48, 55, 38, 350.00, 300.00, 50.00, 1, NULL, 5, NULL, '2024-09-10 02:31:21', NULL);

-- --------------------------------------------------------

--
-- Table structure for table `service_groups`
--

CREATE TABLE `service_groups` (
  `id` bigint(20) UNSIGNED NOT NULL,
  `department_id` bigint(20) UNSIGNED NOT NULL,
  `code` varchar(30) NOT NULL,
  `name` varchar(255) NOT NULL,
  `deleted_at` timestamp NULL DEFAULT NULL,
  `created_at` timestamp NULL DEFAULT NULL,
  `updated_at` timestamp NULL DEFAULT NULL
) ENGINE=InnoDB DEFAULT CHARSET=utf8mb4 COLLATE=utf8mb4_unicode_ci;

--
-- Dumping data for table `service_groups`
--

INSERT INTO `service_groups` (`id`, `department_id`, `code`, `name`, `deleted_at`, `created_at`, `updated_at`) VALUES
(1, 13, 'CYT', 'CYTOLOGY', NULL, '2024-03-22 12:27:16', '2024-03-22 12:27:16'),
(2, 14, 'XRA', 'X-RAY', NULL, '2024-03-22 13:02:05', '2024-03-22 13:02:05'),
(3, 14, 'MRI', 'MRI', NULL, '2024-03-22 13:02:46', '2024-03-22 13:02:46'),
(4, 14, 'CTS', 'CT SCAN', NULL, '2024-03-22 13:03:05', '2024-03-22 13:03:05'),
(5, 14, 'Ultra', 'Ultrasound', NULL, '2024-04-11 21:50:26', '2024-04-11 21:50:26'),
(6, 15, 'PAC', 'Package', NULL, '2024-05-30 11:51:59', '2024-05-30 11:51:59'),
(7, 16, 'MIC', 'Micro Biology', NULL, '2024-06-16 20:51:21', '2024-07-29 04:54:12'),
(8, 13, 'BIO', 'BIO', NULL, '2024-06-17 09:53:43', '2024-06-17 09:53:43'),
(9, 14, 'XRY', 'X-RAY ABDOMEN SUPINE', NULL, '2024-06-17 10:04:54', '2024-06-17 10:04:54'),
(10, 13, 'URO', 'UROLOGY', NULL, '2024-06-17 10:07:01', '2024-06-17 10:07:01'),
(11, 14, 'USN', 'ULTRA SONOGRAPHY', NULL, '2024-06-17 10:09:26', '2024-06-17 10:09:26'),
(12, 14, 'PXR', 'PLAIN XRAY', NULL, '2024-06-17 10:10:20', '2024-06-17 10:10:20'),
(13, 13, 'PAT', 'PATHOLOGY', NULL, '2024-06-17 10:11:24', '2024-06-17 10:11:24'),
(14, 14, 'MRI', 'MRI', NULL, '2024-06-17 10:12:06', '2024-06-17 10:12:06'),
(15, 13, 'MOB', 'MOLECULAR BIOLOGY', NULL, '2024-06-17 10:12:52', '2024-06-17 10:12:52'),
(16, 13, 'HPT', 'HISTO PATHOLOGY', NULL, '2024-06-17 10:14:13', '2024-06-17 10:14:13'),
(17, 13, 'GNM', 'GENERAL MEDICINE', NULL, '2024-06-17 10:15:09', '2024-06-17 10:15:09'),
(18, 14, 'DXR', 'DIGITAL XRAY', NULL, '2024-06-17 10:16:07', '2024-06-26 11:02:16'),
(19, 14, 'CTS', 'CT SCANNING', NULL, '2024-06-17 10:18:27', '2024-06-17 10:18:27'),
(20, 14, 'COS', 'CONTRAST STUDIES', NULL, '2024-06-17 10:20:52', '2024-06-26 11:04:41'),
(21, 13, 'COS', 'CONTRAST STUDIES', NULL, '2024-06-17 10:31:24', '2024-06-17 10:31:24'),
(22, 8, 'CAR', 'CARDIOLOGY', NULL, '2024-06-17 10:31:57', '2024-06-26 11:02:41'),
(23, 26, 'BLD', 'BLOOD BANK', NULL, '2024-06-17 10:33:33', '2024-06-17 10:33:33'),
(24, 27, 'BIO', 'BIOCHEMISTRY', NULL, '2024-06-17 10:34:05', '2024-06-26 11:01:35'),
(25, 13, 'BAS', 'BA STUDIES', NULL, '2024-06-17 10:34:36', '2024-06-17 10:34:36'),
(26, 29, 'CYT', 'CYTOLOGY', NULL, '2024-07-07 15:35:31', '2024-07-07 15:35:31'),
(27, 33, '012369', 'TEST NEW11', NULL, '2024-07-16 11:45:57', '2024-07-29 04:54:21'),
(28, 15, 'Hospital', 'Hospital Services', NULL, '2024-08-06 11:39:16', '2024-08-06 11:39:16');

-- --------------------------------------------------------

--
-- Table structure for table `specializations`
--

CREATE TABLE `specializations` (
  `id` bigint(20) UNSIGNED NOT NULL,
  `name` varchar(200) NOT NULL,
  `created_at` timestamp NULL DEFAULT NULL,
  `updated_at` timestamp NULL DEFAULT NULL,
  `deleted_at` timestamp NULL DEFAULT NULL
) ENGINE=InnoDB DEFAULT CHARSET=utf8mb4 COLLATE=utf8mb4_unicode_ci;

--
-- Dumping data for table `specializations`
--

INSERT INTO `specializations` (`id`, `name`, `created_at`, `updated_at`, `deleted_at`) VALUES
(1, 'Urology', NULL, NULL, NULL),
(2, 'Orthopedics', NULL, NULL, NULL),
(3, 'GENERAL SURGERY UNIT-I', NULL, '2024-07-13 10:31:09', NULL),
(4, 'Neurosurgery', NULL, NULL, NULL),
(5, 'GENERAL MEDICINE', '2024-03-16 10:49:54', '2024-03-16 10:49:54', NULL),
(6, 'GENERAL SURGERY UNIT-II', '2024-07-13 10:31:36', '2024-07-13 10:31:36', NULL),
(7, 'GENERAL SURGERY UNIT-III', '2024-07-13 10:31:53', '2024-07-13 10:31:53', NULL),
(10, 'Test', '2025-04-15 06:07:40', '2025-04-15 06:07:48', '2025-04-15 06:07:48'),
(11, 'test', '2025-04-16 06:48:22', '2025-04-16 06:48:28', '2025-04-16 06:48:28');

-- --------------------------------------------------------

--
-- Table structure for table `specimen_masters`
--

CREATE TABLE `specimen_masters` (
  `id` bigint(20) UNSIGNED NOT NULL,
  `code` varchar(255) NOT NULL,
  `name` varchar(255) NOT NULL,
  `s1_cd` varchar(255) DEFAULT NULL,
  `s2_cd` varchar(255) DEFAULT NULL,
  `is_active` tinyint(1) NOT NULL DEFAULT 1,
  `created_by_id` bigint(20) UNSIGNED DEFAULT NULL,
  `updated_by_id` bigint(20) UNSIGNED DEFAULT NULL,
  `created_at` timestamp NULL DEFAULT NULL,
  `updated_at` timestamp NULL DEFAULT NULL,
  `deleted_at` timestamp NULL DEFAULT NULL
) ENGINE=InnoDB DEFAULT CHARSET=utf8mb4 COLLATE=utf8mb4_unicode_ci;

-- --------------------------------------------------------

--
-- Table structure for table `specimen_setups`
--

CREATE TABLE `specimen_setups` (
  `id` bigint(20) UNSIGNED NOT NULL,
  `code` varchar(15) NOT NULL,
  `department_id` bigint(20) UNSIGNED NOT NULL,
  `service_group_id` bigint(20) UNSIGNED NOT NULL,
  `service_id` bigint(20) UNSIGNED NOT NULL,
  `specimen_master_id` bigint(20) UNSIGNED NOT NULL,
  `vacutainer_id` bigint(20) UNSIGNED NOT NULL,
  `test_type_id` bigint(20) UNSIGNED NOT NULL,
  `color_id` bigint(20) UNSIGNED DEFAULT NULL,
  `duration` varchar(10) DEFAULT NULL,
  `dosage_qty` tinyint(4) DEFAULT NULL,
  `no_of_barcode` tinyint(4) DEFAULT NULL,
  `short_name` varchar(255) DEFAULT NULL,
  `precaution` varchar(255) DEFAULT NULL,
  `clinical_history` varchar(255) DEFAULT NULL,
  `is_applicable_for_others_test` tinyint(1) NOT NULL DEFAULT 0,
  `is_required_precaution_on_bill` tinyint(1) NOT NULL DEFAULT 0,
  `is_infection_dieases` tinyint(1) NOT NULL DEFAULT 0,
  `is_curable` tinyint(1) NOT NULL DEFAULT 1,
  `s1_cd` varchar(255) DEFAULT NULL,
  `s2_cd` varchar(255) DEFAULT NULL,
  `is_active` tinyint(1) NOT NULL DEFAULT 1,
  `created_by_id` bigint(20) UNSIGNED DEFAULT NULL,
  `updated_by_id` bigint(20) UNSIGNED DEFAULT NULL,
  `created_at` timestamp NULL DEFAULT NULL,
  `updated_at` timestamp NULL DEFAULT NULL,
  `deleted_at` timestamp NULL DEFAULT NULL
) ENGINE=InnoDB DEFAULT CHARSET=utf8mb4 COLLATE=utf8mb4_unicode_ci;

-- --------------------------------------------------------

--
-- Table structure for table `staff`
--

CREATE TABLE `staff` (
  `id` bigint(20) UNSIGNED NOT NULL,
  `name` varchar(100) NOT NULL,
  `father_name` varchar(100) NOT NULL,
  `mobile` varchar(12) NOT NULL,
  `department_id` bigint(20) UNSIGNED NOT NULL,
  `created_at` timestamp NULL DEFAULT NULL,
  `updated_at` timestamp NULL DEFAULT NULL,
  `deleted_at` timestamp NULL DEFAULT NULL
) ENGINE=InnoDB DEFAULT CHARSET=utf8mb4 COLLATE=utf8mb4_unicode_ci;

--
-- Dumping data for table `staff`
--

INSERT INTO `staff` (`id`, `name`, `father_name`, `mobile`, `department_id`, `created_at`, `updated_at`, `deleted_at`) VALUES
(1, 'Ramesh', 'Shri Mukesh', '1234567890', 1, NULL, NULL, NULL);

-- --------------------------------------------------------

--
-- Table structure for table `states`
--

CREATE TABLE `states` (
  `id` bigint(20) UNSIGNED NOT NULL,
  `name` varchar(255) NOT NULL,
  `country_id` bigint(20) UNSIGNED NOT NULL,
  `created_at` timestamp NULL DEFAULT NULL,
  `updated_at` timestamp NULL DEFAULT NULL,
  `deleted_at` timestamp NULL DEFAULT NULL
) ENGINE=InnoDB DEFAULT CHARSET=utf8mb4 COLLATE=utf8mb4_unicode_ci;

--
-- Dumping data for table `states`
--

INSERT INTO `states` (`id`, `name`, `country_id`, `created_at`, `updated_at`, `deleted_at`) VALUES
(1, 'ANDHRA PRADESH', 1, NULL, NULL, NULL),
(2, 'ASSAM', 1, NULL, NULL, NULL),
(3, 'ARUNACHAL PRADESH', 1, NULL, NULL, NULL),
(4, 'BIHAR', 1, NULL, NULL, NULL),
(5, 'GUJRAT', 1, NULL, NULL, NULL),
(6, 'HARYANA', 1, NULL, NULL, NULL),
(7, 'HIMACHAL PRADESH', 1, NULL, NULL, NULL),
(8, 'JAMMU & KASHMIR', 1, NULL, NULL, NULL),
(9, 'KARNATAKA', 1, NULL, NULL, NULL),
(10, 'KERALA', 1, NULL, NULL, NULL),
(11, 'MADHYA PRADESH', 1, NULL, NULL, NULL),
(12, 'MAHARASHTRA', 1, NULL, NULL, NULL),
(13, 'MANIPUR', 1, NULL, NULL, NULL),
(14, 'MEGHALAYA', 1, NULL, NULL, NULL),
(15, 'MIZORAM', 1, NULL, NULL, NULL),
(16, 'NAGALAND', 1, NULL, NULL, NULL),
(17, 'ORISSA', 1, NULL, NULL, NULL),
(18, 'PUNJAB', 1, NULL, NULL, NULL),
(19, 'RAJASTHAN', 1, NULL, NULL, NULL),
(20, 'SIKKIM', 1, NULL, NULL, NULL),
(21, 'TAMIL NADU', 1, NULL, NULL, NULL),
(22, 'TRIPURA', 1, NULL, NULL, NULL),
(23, 'UTTAR PRADESH', 1, NULL, NULL, NULL),
(24, 'WEST BENGAL', 1, NULL, NULL, NULL),
(25, 'DELHI', 1, NULL, NULL, NULL),
(26, 'GOA', 1, NULL, NULL, NULL),
(27, 'PONDICHERY', 1, NULL, NULL, NULL),
(28, 'LAKSHDWEEP', 1, NULL, NULL, NULL),
(29, 'DAMAN & DIU', 1, NULL, NULL, NULL),
(30, 'DADRA & NAGAR', 1, NULL, NULL, NULL),
(31, 'CHANDIGARH', 1, NULL, NULL, NULL),
(32, 'ANDAMAN & NICOBAR', 1, NULL, '2024-08-21 19:16:00', NULL),
(33, 'UTTARANCHAL', 1, NULL, NULL, NULL),
(34, 'JHARKHAND', 1, NULL, NULL, NULL),
(35, 'CHATTISGARH', 1, NULL, NULL, NULL);

-- --------------------------------------------------------

--
-- Table structure for table `stock_points`
--

CREATE TABLE `stock_points` (
  `id` bigint(20) UNSIGNED NOT NULL,
  `name` varchar(100) NOT NULL,
  `code` varchar(20) NOT NULL,
  `type_id` bigint(20) UNSIGNED NOT NULL,
  `cost_center_id` bigint(20) UNSIGNED NOT NULL,
  `created_at` timestamp NULL DEFAULT NULL,
  `updated_at` timestamp NULL DEFAULT NULL,
  `deleted_at` timestamp NULL DEFAULT NULL
) ENGINE=InnoDB DEFAULT CHARSET=utf8mb4 COLLATE=utf8mb4_unicode_ci;

--
-- Dumping data for table `stock_points`
--

INSERT INTO `stock_points` (`id`, `name`, `code`, `type_id`, `cost_center_id`, `created_at`, `updated_at`, `deleted_at`) VALUES
(1, 'Central Pharmcy', 'CP', 1, 1, '2023-09-23 02:38:48', '2023-09-23 02:38:48', NULL),
(2, 'OP Pharmacy', 'OPH', 1, 1, '2023-09-23 02:40:38', '2023-09-23 02:40:38', NULL),
(3, 'OT Pharmacy', 'OT Ph', 1, 1, '2023-09-23 05:35:34', '2023-09-23 05:35:34', NULL),
(4, 'Emergency Pharmacy', 'OT Ph', 1, 1, '2023-09-23 05:36:15', '2023-09-23 05:36:15', NULL);

-- --------------------------------------------------------

--
-- Table structure for table `surgeries`
--

CREATE TABLE `surgeries` (
  `id` bigint(20) UNSIGNED NOT NULL,
  `teriff_id` bigint(20) UNSIGNED NOT NULL,
  `service_id` bigint(20) UNSIGNED NOT NULL,
  `service_group_id` bigint(20) UNSIGNED NOT NULL,
  `surgery_type_id` bigint(20) UNSIGNED NOT NULL,
  `department_id` bigint(20) UNSIGNED NOT NULL,
  `code` varchar(150) NOT NULL,
  `amount` decimal(10,2) NOT NULL DEFAULT 0.00,
  `duration` varchar(50) DEFAULT NULL,
  `effect_from` date DEFAULT NULL,
  `effect_to` date DEFAULT NULL,
  `description` longtext DEFAULT NULL,
  `s1` varchar(255) DEFAULT NULL,
  `s2` varchar(255) DEFAULT NULL,
  `payment_on` varchar(150) DEFAULT NULL,
  `general_ward_amount` decimal(10,2) DEFAULT NULL,
  `semi_private_amount` decimal(10,2) DEFAULT NULL,
  `private_amount` decimal(10,2) DEFAULT NULL,
  `delux_amount` decimal(10,2) DEFAULT NULL,
  `triplesharing_amount` decimal(10,2) DEFAULT NULL,
  `iccu_amount` decimal(10,2) DEFAULT NULL,
  `created_by_id` bigint(20) UNSIGNED DEFAULT NULL,
  `created_at` timestamp NULL DEFAULT NULL,
  `updated_at` timestamp NULL DEFAULT NULL,
  `deleted_at` timestamp NULL DEFAULT NULL
) ENGINE=InnoDB DEFAULT CHARSET=utf8mb4 COLLATE=utf8mb4_unicode_ci;

--
-- Dumping data for table `surgeries`
--

INSERT INTO `surgeries` (`id`, `teriff_id`, `service_id`, `service_group_id`, `surgery_type_id`, `department_id`, `code`, `amount`, `duration`, `effect_from`, `effect_to`, `description`, `s1`, `s2`, `payment_on`, `general_ward_amount`, `semi_private_amount`, `private_amount`, `delux_amount`, `triplesharing_amount`, `iccu_amount`, `created_by_id`, `created_at`, `updated_at`, `deleted_at`) VALUES
(1, 10, 10, 2, 1, 1, 'SRG1', 165.00, '50', '2025-05-12', '2025-05-13', 'Description', 'S1', 'S2', '', NULL, NULL, NULL, NULL, NULL, NULL, 1, '2025-05-12 07:02:34', '2025-05-12 07:20:00', NULL);

-- --------------------------------------------------------

--
-- Table structure for table `surgery_types`
--

CREATE TABLE `surgery_types` (
  `id` bigint(20) UNSIGNED NOT NULL,
  `name` varchar(150) NOT NULL,
  `code` varchar(100) NOT NULL,
  `is_active` enum('0','1') NOT NULL,
  `created_by_id` bigint(20) UNSIGNED DEFAULT NULL,
  `created_at` timestamp NULL DEFAULT NULL,
  `updated_at` timestamp NULL DEFAULT NULL,
  `deleted_at` timestamp NULL DEFAULT NULL
) ENGINE=InnoDB DEFAULT CHARSET=utf8mb4 COLLATE=utf8mb4_unicode_ci;

--
-- Dumping data for table `surgery_types`
--

INSERT INTO `surgery_types` (`id`, `name`, `code`, `is_active`, `created_by_id`, `created_at`, `updated_at`, `deleted_at`) VALUES
(1, 'MAJOR', 'SGT1', '1', 1, '2025-05-12 05:14:15', '2025-05-12 05:14:15', NULL),
(2, 'MINOR', 'SGT2', '1', 1, '2025-05-12 05:14:44', '2025-05-12 05:14:44', NULL),
(3, 'NORMAL', 'SGT3', '1', 1, '2025-05-12 05:14:53', '2025-05-12 05:33:00', NULL),
(4, 'NEUROLOGY', 'SGT4', '1', 1, '2025-05-12 05:15:13', '2025-05-12 05:15:13', NULL),
(5, 'UROLOGY', 'SGT5', '1', 1, '2025-05-12 05:15:23', '2025-05-12 05:34:03', NULL);

-- --------------------------------------------------------

--
-- Table structure for table `symbols`
--

CREATE TABLE `symbols` (
  `id` bigint(20) UNSIGNED NOT NULL,
  `name` varchar(50) NOT NULL,
  `created_at` timestamp NULL DEFAULT NULL,
  `updated_at` timestamp NULL DEFAULT NULL,
  `deleted_at` timestamp NULL DEFAULT NULL
) ENGINE=InnoDB DEFAULT CHARSET=utf8mb4 COLLATE=utf8mb4_unicode_ci;

--
-- Dumping data for table `symbols`
--

INSERT INTO `symbols` (`id`, `name`, `created_at`, `updated_at`, `deleted_at`) VALUES
(1, '>=', NULL, NULL, NULL),
(2, '=', NULL, NULL, NULL),
(3, '<=', NULL, NULL, NULL);

-- --------------------------------------------------------

--
-- Table structure for table `templates`
--

CREATE TABLE `templates` (
  `id` bigint(20) UNSIGNED NOT NULL,
  `code` varchar(15) NOT NULL,
  `department_id` bigint(20) UNSIGNED NOT NULL,
  `service_group_id` bigint(20) UNSIGNED NOT NULL,
  `service_id` bigint(20) UNSIGNED NOT NULL,
  `format_id` bigint(20) UNSIGNED NOT NULL,
  `s1_cd` varchar(255) DEFAULT NULL,
  `s2_cd` varchar(255) DEFAULT NULL,
  `is_active` tinyint(1) DEFAULT 1,
  `created_by_id` bigint(20) UNSIGNED DEFAULT NULL,
  `updated_by_id` bigint(20) UNSIGNED DEFAULT NULL,
  `created_at` timestamp NULL DEFAULT NULL,
  `updated_at` timestamp NULL DEFAULT NULL,
  `deleted_at` timestamp NULL DEFAULT NULL
) ENGINE=InnoDB DEFAULT CHARSET=utf8mb4 COLLATE=utf8mb4_unicode_ci;

-- --------------------------------------------------------

--
-- Table structure for table `teriffs`
--

CREATE TABLE `teriffs` (
  `id` bigint(20) UNSIGNED NOT NULL,
  `code` varchar(100) NOT NULL,
  `name` varchar(255) NOT NULL,
  `contact_person` varchar(255) NOT NULL,
  `from` date NOT NULL,
  `to` date DEFAULT NULL,
  `isneverexpired` tinyint(1) NOT NULL DEFAULT 0,
  `deleted_at` timestamp NULL DEFAULT NULL,
  `created_at` timestamp NULL DEFAULT NULL,
  `updated_at` timestamp NULL DEFAULT NULL
) ENGINE=InnoDB DEFAULT CHARSET=utf8mb4 COLLATE=utf8mb4_unicode_ci;

--
-- Dumping data for table `teriffs`
--

INSERT INTO `teriffs` (`id`, `code`, `name`, `contact_person`, `from`, `to`, `isneverexpired`, `deleted_at`, `created_at`, `updated_at`) VALUES
(1, 'TR1', 'CBC (COMPLETE BLOOD COUNT)', 'Sanjeev', '2024-03-22', '2032-03-22', 0, '2024-03-22 12:33:15', '2024-03-22 12:19:10', '2024-03-22 12:33:15'),
(2, 'TR2', 'CREATININE', 'Sanjeev', '2024-03-22', '3032-03-22', 0, '2024-03-22 12:33:11', '2024-03-22 12:22:11', '2024-03-22 12:33:11'),
(3, 'TR1', 'NMCH', 'Sanjeev', '2024-03-22', '3032-03-22', 0, NULL, '2024-03-22 12:33:36', '2024-03-22 12:33:36'),
(4, 'TR4', 'ESIC', 'Sanjeev', '2024-03-22', '3032-03-22', 0, NULL, '2024-03-22 13:00:39', '2024-03-22 13:00:39'),
(5, 'TR5', 'test', 'admin', '2024-06-17', '2024-06-29', 0, '2024-07-16 11:37:28', '2024-06-17 10:50:57', '2024-07-16 11:37:28'),
(6, 'TR6', 'TR2', 'admin', '2024-06-17', '2028-06-17', 0, NULL, '2024-06-17 10:52:58', '2024-06-17 10:52:58'),
(7, 'TR7', 'TR1', 'admin', '2024-06-17', '2028-10-17', 0, NULL, '2024-06-17 10:57:47', '2024-06-17 10:57:47'),
(8, 'TR8', 'TR3', 'admin', '2024-06-17', '2037-02-17', 0, NULL, '2024-06-17 10:58:42', '2024-06-17 10:58:42'),
(9, 'TR9', 'ECHS', 'admin', '2024-06-17', '2033-09-17', 0, NULL, '2024-06-17 10:59:36', '2024-08-27 14:48:57'),
(10, 'TR10', 'Ayushman Bharat', 'admin', '2024-06-17', '2028-03-17', 0, NULL, '2024-06-17 11:00:02', '2024-08-27 14:48:32'),
(11, 'TR11', 'TR611', 'admin', '2024-06-17', '2029-02-17', 0, '2024-07-18 11:30:44', '2024-06-17 11:00:52', '2024-07-18 11:30:44');

-- --------------------------------------------------------

--
-- Table structure for table `test_types`
--

CREATE TABLE `test_types` (
  `id` bigint(20) UNSIGNED NOT NULL,
  `name` varchar(255) DEFAULT NULL,
  `created_at` timestamp NULL DEFAULT NULL,
  `updated_at` timestamp NULL DEFAULT NULL,
  `deleted_at` timestamp NULL DEFAULT NULL
) ENGINE=InnoDB DEFAULT CHARSET=utf8mb4 COLLATE=utf8mb4_unicode_ci;

--
-- Dumping data for table `test_types`
--

INSERT INTO `test_types` (`id`, `name`, `created_at`, `updated_at`, `deleted_at`) VALUES
(1, 'Regular', NULL, NULL, NULL);

-- --------------------------------------------------------

--
-- Table structure for table `time_ins`
--

CREATE TABLE `time_ins` (
  `id` bigint(20) UNSIGNED NOT NULL,
  `name` varchar(20) NOT NULL,
  `created_at` timestamp NULL DEFAULT NULL,
  `updated_at` timestamp NULL DEFAULT NULL,
  `deleted_at` timestamp NULL DEFAULT NULL
) ENGINE=InnoDB DEFAULT CHARSET=utf8mb4 COLLATE=utf8mb4_unicode_ci;

--
-- Dumping data for table `time_ins`
--

INSERT INTO `time_ins` (`id`, `name`, `created_at`, `updated_at`, `deleted_at`) VALUES
(1, 'Minutes', NULL, NULL, NULL);

-- --------------------------------------------------------

--
-- Table structure for table `titles`
--

CREATE TABLE `titles` (
  `id` bigint(20) UNSIGNED NOT NULL,
  `name` varchar(20) DEFAULT NULL,
  `gender_id` bigint(20) DEFAULT NULL,
  `created_at` timestamp NULL DEFAULT NULL,
  `updated_at` timestamp NULL DEFAULT NULL,
  `deleted_at` timestamp NULL DEFAULT NULL
) ENGINE=InnoDB DEFAULT CHARSET=utf8mb4 COLLATE=utf8mb4_unicode_ci;

--
-- Dumping data for table `titles`
--

INSERT INTO `titles` (`id`, `name`, `gender_id`, `created_at`, `updated_at`, `deleted_at`) VALUES
(1, 'Mr.', 1, NULL, '2025-05-09 10:14:05', NULL),
(2, 'Miss.', 2, NULL, '2025-05-09 10:13:58', NULL),
(3, 'Mrs.', 2, NULL, '2025-05-09 10:14:22', NULL),
(4, 'Shri.', 1, NULL, '2025-05-09 10:13:42', NULL),
(5, 'Baby Girl', 2, '2024-03-18 15:58:51', '2025-05-09 10:13:35', NULL),
(6, 'Baby Boy', 1, '2024-03-18 15:58:59', '2025-05-09 10:13:30', NULL),
(7, 'Master', 1, '2024-03-18 15:59:09', '2025-05-09 10:13:25', NULL),
(12, 'Dr.', 1, '2024-08-09 15:00:15', '2025-05-09 10:12:34', NULL);

-- --------------------------------------------------------

--
-- Table structure for table `types`
--

CREATE TABLE `types` (
  `id` bigint(20) UNSIGNED NOT NULL,
  `name` varchar(255) NOT NULL,
  `cost_center_id` bigint(20) UNSIGNED NOT NULL,
  `created_at` timestamp NULL DEFAULT NULL,
  `updated_at` timestamp NULL DEFAULT NULL,
  `deleted_at` timestamp NULL DEFAULT NULL
) ENGINE=InnoDB DEFAULT CHARSET=utf8mb4 COLLATE=utf8mb4_unicode_ci;

--
-- Dumping data for table `types`
--

INSERT INTO `types` (`id`, `name`, `cost_center_id`, `created_at`, `updated_at`, `deleted_at`) VALUES
(1, 'Medical', 1, '2023-09-22 11:04:14', '2023-09-22 11:04:14', NULL),
(2, 'Non Medical', 1, '2023-09-22 11:04:27', '2024-05-30 18:16:57', NULL);

-- --------------------------------------------------------

--
-- Table structure for table `units`
--

CREATE TABLE `units` (
  `id` bigint(20) UNSIGNED NOT NULL,
  `name` varchar(100) NOT NULL,
  `department_id` bigint(20) UNSIGNED NOT NULL,
  `created_by_id` bigint(20) UNSIGNED DEFAULT NULL,
  `updated_by_id` bigint(20) UNSIGNED DEFAULT NULL,
  `created_at` timestamp NULL DEFAULT NULL,
  `updated_at` timestamp NULL DEFAULT NULL,
  `deleted_at` timestamp NULL DEFAULT NULL
) ENGINE=InnoDB DEFAULT CHARSET=utf8mb4 COLLATE=utf8mb4_unicode_ci;

--
-- Dumping data for table `units`
--

INSERT INTO `units` (`id`, `name`, `department_id`, `created_by_id`, `updated_by_id`, `created_at`, `updated_at`, `deleted_at`) VALUES
(1, 'Orthopaedic Unit -1', 1, 1, NULL, '2023-09-20 23:47:11', '2023-09-20 23:47:11', NULL),
(2, 'Orthopaedic Unit -2', 1, 1, NULL, '2023-09-20 23:47:51', '2023-09-20 23:47:51', NULL),
(3, 'Pediatric Unit -1', 2, 1, NULL, '2023-09-20 23:48:12', '2023-09-20 23:48:12', NULL),
(4, 'Pediatric Unit -2', 2, 1, NULL, '2023-09-20 23:48:37', '2023-09-20 23:48:37', NULL),
(5, 'I', 4, 1, NULL, '2024-03-19 10:39:51', '2024-03-19 10:40:09', NULL),
(6, 'I', 6, 1, NULL, '2024-03-19 16:57:25', '2024-03-19 16:57:25', NULL),
(7, 'II', 4, 1, NULL, '2024-03-20 11:12:50', '2024-03-20 11:12:50', NULL),
(8, 'UNIT-1', 17, 1, NULL, '2024-06-17 08:49:11', '2024-06-17 08:49:11', NULL),
(9, 'UNIT-2', 17, 1, NULL, '2024-06-17 08:50:04', '2024-06-17 08:50:04', NULL),
(10, 'UNIT-1', 25, 1, NULL, '2024-06-17 08:50:56', '2024-06-17 08:50:56', NULL),
(11, 'UNIT-1', 18, 1, NULL, '2024-06-17 08:52:00', '2024-06-17 08:52:00', NULL),
(12, 'UNIT-2', 18, 1, NULL, '2024-06-17 08:52:08', '2024-06-17 08:52:08', NULL),
(13, 'UNIT-3', 18, 1, NULL, '2024-06-17 08:52:17', '2024-06-17 08:52:17', NULL),
(14, 'UNIT-4', 18, 1, NULL, '2024-06-17 08:52:24', '2024-06-17 08:52:24', NULL),
(19, 'UNIT-1', 19, 1, NULL, '2024-06-17 08:55:16', '2024-06-17 08:55:16', NULL),
(20, 'UNIT-2', 19, 1, NULL, '2024-06-17 08:55:23', '2024-06-17 08:55:23', NULL),
(21, 'UNIT-3', 19, 1, NULL, '2024-06-17 08:55:28', '2024-06-17 08:55:28', NULL),
(22, 'UNIT-4', 19, 1, NULL, '2024-06-17 08:55:35', '2024-06-17 08:55:35', NULL),
(23, 'UNIT-1', 12, 1, NULL, '2024-06-17 08:56:17', '2024-06-17 08:56:17', NULL),
(24, 'UNIT-2', 12, 1, NULL, '2024-06-17 08:56:23', '2024-06-17 08:56:23', NULL),
(25, 'UNIT-1', 7, 1, NULL, '2024-06-17 08:57:22', '2024-06-17 08:57:22', NULL),
(26, 'UNIT-2', 7, 1, NULL, '2024-06-17 08:57:32', '2024-06-17 08:57:32', NULL),
(27, 'UNIT-3', 7, 1, NULL, '2024-06-17 08:57:39', '2024-06-17 08:57:39', NULL),
(28, 'UNIT-4', 7, 1, NULL, '2024-06-17 08:57:45', '2024-06-17 08:57:45', NULL),
(29, 'UNIT-5', 7, 1, NULL, '2024-06-17 08:57:54', '2024-06-17 08:57:54', NULL),
(30, 'UNIT-1', 5, 1, NULL, '2024-06-17 08:58:37', '2024-06-17 08:58:37', NULL),
(31, 'UNIT-2', 5, 1, NULL, '2024-06-17 08:58:44', '2024-06-17 08:58:44', NULL),
(32, 'UNIT-3', 5, 1, NULL, '2024-06-17 08:58:50', '2024-06-17 08:58:50', NULL),
(33, 'UNIT-4', 5, 1, NULL, '2024-06-17 08:58:56', '2024-06-17 08:58:56', NULL),
(34, 'UNIT-5', 5, 1, NULL, '2024-06-17 08:59:02', '2024-06-17 08:59:02', NULL),
(35, 'UNIT-6', 5, 1, NULL, '2024-06-17 08:59:08', '2024-06-17 08:59:08', NULL),
(36, 'UNIT-7', 5, 1, NULL, '2024-06-17 08:59:16', '2024-06-17 08:59:16', NULL),
(37, 'UNIT-8', 5, 1, NULL, '2024-06-17 08:59:27', '2024-06-17 08:59:27', NULL),
(38, 'UNIT-1', 4, 1, NULL, '2024-06-17 09:00:10', '2024-06-17 09:00:10', NULL),
(39, 'UNIT-2', 4, 1, NULL, '2024-06-17 09:00:16', '2024-06-17 09:00:16', NULL),
(40, 'UNIT-3', 4, 1, NULL, '2024-06-17 09:00:24', '2024-06-17 09:00:24', NULL),
(41, 'UNIT-4', 4, 1, NULL, '2024-06-17 09:00:30', '2024-06-17 09:00:30', NULL),
(42, 'UNIT-5', 4, 1, NULL, '2024-06-17 09:00:36', '2024-06-17 09:00:36', NULL),
(43, 'UNIT-6', 4, 1, NULL, '2024-06-17 09:00:46', '2024-06-17 09:00:46', NULL),
(44, 'UNIT-7', 4, 1, NULL, '2024-06-17 09:00:58', '2024-06-17 09:00:58', NULL),
(45, 'UNIT-8', 4, 1, NULL, '2024-06-17 09:01:09', '2024-06-17 09:01:09', NULL),
(46, 'UNIT-1', 11, 1, NULL, '2024-06-17 09:06:44', '2024-06-17 09:06:44', NULL),
(47, 'UNIT-1', 23, 1, NULL, '2024-06-17 09:07:17', '2024-06-17 09:07:17', NULL),
(48, 'UNIT-1', 8, 1, NULL, '2024-06-17 09:07:49', '2024-06-17 09:07:49', NULL),
(49, 'UNIT-2', 8, 1, NULL, '2024-06-17 09:07:55', '2024-06-17 09:07:55', NULL),
(50, 'UNIT-2', 23, 1, NULL, '2024-06-21 09:29:12', '2024-06-21 09:29:12', NULL);

-- --------------------------------------------------------

--
-- Table structure for table `uoms`
--

CREATE TABLE `uoms` (
  `id` bigint(20) UNSIGNED NOT NULL,
  `name` varchar(255) NOT NULL,
  `code` varchar(255) NOT NULL,
  `created_at` timestamp NULL DEFAULT NULL,
  `updated_at` timestamp NULL DEFAULT NULL,
  `deleted_at` timestamp NULL DEFAULT NULL
) ENGINE=InnoDB DEFAULT CHARSET=utf8mb4 COLLATE=utf8mb4_unicode_ci;

--
-- Dumping data for table `uoms`
--

INSERT INTO `uoms` (`id`, `name`, `code`, `created_at`, `updated_at`, `deleted_at`) VALUES
(1, 'PICES', 'PCS', NULL, NULL, NULL),
(2, 'NUMBER', 'NUMBER', NULL, NULL, NULL);

-- --------------------------------------------------------

--
-- Table structure for table `users`
--

CREATE TABLE `users` (
  `id` bigint(20) UNSIGNED NOT NULL,
  `name` varchar(255) NOT NULL,
  `email` varchar(255) NOT NULL,
  `email_verified_at` timestamp NULL DEFAULT NULL,
  `username` varchar(255) DEFAULT NULL,
  `password` varchar(255) NOT NULL,
  `remember_token` varchar(100) DEFAULT NULL,
  `created_at` timestamp NULL DEFAULT NULL,
  `updated_at` timestamp NULL DEFAULT NULL,
  `deleted_at` timestamp NULL DEFAULT NULL
) ENGINE=InnoDB DEFAULT CHARSET=utf8mb4 COLLATE=utf8mb4_unicode_ci;

--
-- Dumping data for table `users`
--

INSERT INTO `users` (`id`, `name`, `email`, `email_verified_at`, `username`, `password`, `remember_token`, `created_at`, `updated_at`, `deleted_at`) VALUES
(1, 'Admin', 'admin@gmail.com', '2024-03-05 21:52:03', 'admin', '$2y$10$YhnzpxQdZTcaEy20FW7iRuh7abt9QXUte12g5Hj5m9GA/mDErY8qm', NULL, '2024-03-05 21:52:04', '2024-03-05 21:52:04', NULL),
(2, 'superadmin', 'superadmin@gmail.com', '2024-03-05 21:52:04', 'superadmin', '$2y$10$P.iuTIzVb/lpe088uBiOwed8nybFg0Lg04J5yarb8Hnfjc2HhTcla', NULL, '2024-03-05 21:52:04', '2024-03-05 21:52:04', NULL),
(3, 'Central Pharmacy', 'centralpharmacy@gmail.com', '2024-03-05 21:52:04', 'cp', '$2y$10$Zl/oP2K7nTX7DOeGyCk1uuYL/sPl27wuVstnTNeui1t1TRXKGFcrO', NULL, '2024-03-05 21:52:04', '2024-03-05 21:52:04', NULL),
(4, 'OP Pharmacy', 'oppharmacy@gmail.com', '2024-03-05 21:52:04', 'opp', '$2y$10$f1.8QUhBTcT.OMcJXfq8xeZIpoHImlMt7zT4f8ePAXeuANWigT5MK', NULL, '2024-03-05 21:52:04', '2024-03-05 21:52:04', NULL),
(5, 'OT Pharmacy', 'otpharmacy@gmail.com', '2024-03-05 21:52:04', 'otp', '$2y$10$LYqa7BCjYEk4JR0ETqveHOYS964zyRE45BvcRDf2VITs/F8mJxyBq', NULL, '2024-03-05 21:52:04', '2024-03-05 21:52:04', NULL),
(6, 'Emergency Pharmacy', 'emgpharmacy@gmail.com', '2024-03-05 21:52:04', 'ep', '$2y$10$LL/PNMwlrwGRfSxCU9EfDuTcbTQYGEyM13pSbaCoR9eXf5tfGeRSG', NULL, '2024-03-05 21:52:04', '2024-03-05 21:52:04', NULL),
(7, 'OPD Coordinator', 'opdco@gmail.com', '2024-03-05 21:52:04', 'opc', '$2y$10$3pNDlpdpk0rBTuTsJ9ZMCeALMnP47LP6JZxCZsH5vlIi.fAtXJpJe', NULL, '2024-03-05 21:52:04', '2024-03-05 21:52:04', NULL),
(8, 'CENTRAL PATHOLOGY', 'path@gmail.com', NULL, 'path', '$2y$10$CzVIlvN2kzTNffs353AtVOqfJBO9N7o7DgsapTHGHtXNdeyen/jeC', NULL, '2024-03-22 12:37:09', '2024-03-22 12:37:09', NULL),
(9, 'Sanjeev', 'sanjeev@gmail.com', NULL, 'sanjeev', '$2y$10$ez95RoyCev9hOkJ3jUYY.u4cLPXYQotyUoSqGwq0xxsHMEr0AXDjy', NULL, '2024-04-12 13:52:07', '2024-04-12 13:52:07', NULL),
(10, 'SANJEEV SINGH', 'sanjeevsingh@gmail.com', NULL, 'sanjeevsingh', '$2y$10$qIsBACGF/IZ0q1Hb97sMru94m702hkyp44kHs75LIVEfIr2mr568m', NULL, '2024-07-16 10:48:19', '2024-07-16 10:48:19', NULL),
(11, 'Front Desk', 'frontdesk@gmail.com', NULL, 'frontdesk', '$2y$10$6LkGvGK40HHTQILXtfY7SOFhPe5JnPfieAAWTYkRv5WFJ0WMlrjou', NULL, '2024-07-21 19:59:45', '2024-07-21 19:59:45', NULL),
(12, 'Lab', 'lab@gmail.com', NULL, 'lab', '$2y$10$kNUAFKt8KjOkSBVmAOQBxukMvxzcj3RSpjbTchSA1MbENzG2iBYRC', NULL, '2024-07-21 20:00:16', '2024-07-21 20:00:16', NULL),
(13, 'Suraj', 'suraj@gmail.com', NULL, 'suraj', '$2y$10$A1nBz1RGug6jff.2xvh28OpDDAAwj9sylc/OBOfi1RB0vGHA1D5Um', NULL, '2025-01-15 06:19:11', '2025-01-15 06:19:11', NULL),
(14, 'Nursing staff', 'nursing@gmail.com', NULL, 'nursing', '$2y$10$JY4YeGCuTpIPaAD4dRz2HuL1UZQhEugNFoanska36HaCpW0MP7IHO', NULL, '2025-03-27 06:58:07', '2025-03-27 06:58:07', NULL),
(15, 'OT', 'ot@gmail.com', NULL, 'ot@gmail.com', '$2y$10$sj6chfDGbQeH3DHaHtHJNOd4R/Oq/hp4OzcpxDNrvjwttJ69OmK.y', NULL, '2025-05-12 07:26:28', '2025-05-12 07:26:28', NULL),
(16, 'Blood Bank', 'blood-bank@gmail.com', NULL, 'bbank@gmail.com', '$2y$10$j9QsU9JsojthsoS5r8c1LurtoUX9Dh2vvRoj9qNGltUdICV/cLkRS', NULL, '2025-05-30 04:32:22', '2025-05-30 04:32:22', NULL);

-- --------------------------------------------------------

--
-- Table structure for table `vacutainers`
--

CREATE TABLE `vacutainers` (
  `id` bigint(20) UNSIGNED NOT NULL,
  `name` varchar(255) NOT NULL,
  `created_at` timestamp NULL DEFAULT NULL,
  `updated_at` timestamp NULL DEFAULT NULL,
  `deleted_at` timestamp NULL DEFAULT NULL
) ENGINE=InnoDB DEFAULT CHARSET=utf8mb4 COLLATE=utf8mb4_unicode_ci;

-- --------------------------------------------------------

--
-- Table structure for table `vendors`
--

CREATE TABLE `vendors` (
  `id` bigint(20) UNSIGNED NOT NULL,
  `code` varchar(15) NOT NULL,
  `name` varchar(150) NOT NULL,
  `legal_name` varchar(150) DEFAULT NULL,
  `address` varchar(255) DEFAULT NULL,
  `phone` varchar(25) DEFAULT NULL,
  `cst_no` varchar(50) DEFAULT NULL,
  `drug_license_no` varchar(50) DEFAULT NULL,
  `drug_license_exp_date` varchar(50) DEFAULT NULL,
  `gst_no` varchar(50) NOT NULL,
  `pan_no` varchar(15) NOT NULL,
  `payment_days` int(11) DEFAULT NULL,
  `delivery_days` int(11) DEFAULT NULL,
  `type_id` bigint(20) UNSIGNED NOT NULL,
  `created_at` timestamp NULL DEFAULT NULL,
  `updated_at` timestamp NULL DEFAULT NULL,
  `deleted_at` timestamp NULL DEFAULT NULL
) ENGINE=InnoDB DEFAULT CHARSET=utf8mb4 COLLATE=utf8mb4_unicode_ci;

--
-- Dumping data for table `vendors`
--

INSERT INTO `vendors` (`id`, `code`, `name`, `legal_name`, `address`, `phone`, `cst_no`, `drug_license_no`, `drug_license_exp_date`, `gst_no`, `pan_no`, `payment_days`, `delivery_days`, `type_id`, `created_at`, `updated_at`, `deleted_at`) VALUES
(2, 'MAN2', '3M Private Limites', '3M Private Limites', NULL, NULL, '123456', '1234567', '2025-02-26', '1234567890', 'CDXXPPO667C', 10, 10, 1, '2024-02-25 19:09:33', '2024-02-25 19:09:33', NULL),
(3, 'MAN3', 'GLENMARK', 'GLENMARK', NULL, NULL, '1234567', 'DFGHJ8765', '2027-09-05', 'ASF2345', 'GFD45678', 21, 2, 1, '2024-04-05 16:09:16', '2024-04-05 16:09:16', NULL),
(4, 'MAN4', 'SANDOZ', 'SANDOZ', NULL, NULL, 'DFGH654', 'JHG5678', '2028-05-08', 'FGHJ6543', 'FDSDA2345', 21, 2, 1, '2024-04-05 16:10:17', '2024-04-05 16:10:17', NULL),
(5, 'MAN5', 'MACLEODS', 'MACLEODS', NULL, NULL, 'FGHJ543', 'FGHJD3456', '2028-05-01', 'FGHJ6543', 'SDFGHYTRE', 21, 2, 1, '2024-04-05 16:11:17', '2024-04-05 16:11:17', NULL),
(6, 'MAN6', 'CRITICARE', 'CRITICARE', NULL, NULL, 'DFGHJ7654', 'DFGH65432', '2028-05-08', 'DFG54321', 'FDSWE2345', 21, 2, 1, '2024-04-05 16:12:05', '2024-04-05 16:12:05', NULL),
(7, 'MAN7', 'ARISTO', 'ARISTO', NULL, NULL, 'FGHD34567', 'FDSWE34567', '2028-05-08', 'DSWER3456', 'FGHTR3456', 21, 2, 1, '2024-04-05 16:12:53', '2024-04-05 16:12:53', NULL),
(8, 'MAN8', 'AJANTA', 'AJANTA', NULL, NULL, 'DFGSE3456', 'FGDE34567', '2028-06-05', 'FDER3421', 'FGREW34567', 21, 2, 1, '2024-04-05 16:13:50', '2024-04-05 16:13:50', NULL),
(9, 'MAN9', 'LUPIN', 'LUPIN', NULL, NULL, 'FGRT456', '34455678', '2027-01-05', 'FGHLFGHJ', 'SDFGHJK', 21, 2, 1, '2024-04-05 16:14:46', '2024-04-05 16:14:46', NULL),
(10, 'MAN10', 'ALEMBIC', 'ALEMBIC', NULL, NULL, 'SDFGHJ', 'SDFGHJK', '2028-05-30', 'RTYU', 'WERTYU', 21, 2, 1, '2024-04-05 16:15:27', '2024-04-05 16:15:27', NULL),
(11, 'MAN11', 'UROCARE', 'UROCARE', NULL, NULL, 'ERTYUI', 'SDFGHJ', '2027-06-01', 'SFGHJ', 'ZXCVBN', 21, 2, 1, '2024-04-05 16:16:07', '2024-04-05 16:16:07', NULL),
(12, 'MAN12', 'FOURTS', 'FOURTS', NULL, NULL, 'XCVBN', 'DFGHJK', '2026-02-03', 'ZXCVBN', 'JKLLLLYU', 21, 2, 1, '2024-04-05 16:16:52', '2024-04-05 16:16:52', NULL),
(14, 'MAN13', 'NMCH', 'NMCH', NULL, NULL, '123', '123', '2035-12-01', 'GST123', 'JKAKSLKA2545', 30, 2, 1, '2024-08-07 10:47:46', '2024-08-07 10:47:46', NULL),
(15, 'MAN15', 'APLEXIA PHARMA PVT LTD', 'Aplexia Pharma Pvt Ltd', NULL, NULL, 'ASDERTY', 'ASD1234577', '2028-12-31', 'ASDFG2345FG', 'ASDFGRT12345', 21, 10, 1, '2024-08-09 13:43:51', '2024-08-09 13:43:51', NULL),
(16, 'MAN16', 'Keshar Vaccine Distributers', 'Keshar Vaccine Distributers', NULL, NULL, 'ANUPS286H', 'PAT-169/169A-2018', '2028-10-01', '10AASFK1016E12X', 'ANUPS286H', 21, 7, 1, '2024-08-09 14:17:35', '2024-08-09 14:17:35', NULL),
(17, 'MAN17', 'AJAY SURGICAL AND MEDICAL', 'AJAY SURGICAL AND MEDICAL', NULL, NULL, '10CHHPK5747A2ZS', 'BR-ROH-148190/148191', '2027-06-09', '10CHHPK5747A2ZS', '10CHHPK5747A2ZS', 21, 2, 1, '2024-08-24 15:49:01', '2024-08-24 15:49:01', NULL);

-- --------------------------------------------------------

--
-- Table structure for table `villages`
--

CREATE TABLE `villages` (
  `id` bigint(20) UNSIGNED NOT NULL,
  `name` varchar(100) NOT NULL,
  `country_id` bigint(20) UNSIGNED NOT NULL,
  `state_id` bigint(20) UNSIGNED NOT NULL,
  `district_id` bigint(20) UNSIGNED NOT NULL,
  `block_id` bigint(20) UNSIGNED NOT NULL,
  `created_at` timestamp NULL DEFAULT NULL,
  `updated_at` timestamp NULL DEFAULT NULL,
  `deleted_at` timestamp NULL DEFAULT NULL
) ENGINE=InnoDB DEFAULT CHARSET=utf8mb4 COLLATE=utf8mb4_unicode_ci;

--
-- Dumping data for table `villages`
--

INSERT INTO `villages` (`id`, `name`, `country_id`, `state_id`, `district_id`, `block_id`, `created_at`, `updated_at`, `deleted_at`) VALUES
(1, 'ARARIA BASTI', 1, 4, 1, 1, NULL, NULL, NULL),
(2, 'BANGAMA', 1, 4, 1, 1, NULL, NULL, NULL),
(3, 'BANSBARI', 1, 4, 1, 1, NULL, NULL, NULL),
(4, 'BASANTPUR', 1, 4, 1, 1, NULL, NULL, NULL),
(5, 'BATURBARI', 1, 4, 1, 1, NULL, NULL, NULL),
(6, 'BELWA', 1, 4, 1, 1, NULL, NULL, NULL),
(7, 'BOCHI', 1, 4, 1, 1, NULL, NULL, NULL),
(8, 'CHANDARDEI', 1, 4, 1, 1, NULL, NULL, NULL),
(9, 'CHATAR', 1, 4, 1, 1, NULL, NULL, NULL),
(10, 'CHIKNI', 1, 4, 1, 1, NULL, NULL, NULL),
(11, 'DIYARI', 1, 4, 1, 1, NULL, NULL, NULL),
(12, 'GAIRA', 1, 4, 1, 1, NULL, NULL, NULL),
(13, 'GAIYARI', 1, 4, 1, 1, NULL, NULL, NULL),
(14, 'HARIYA', 1, 4, 1, 1, NULL, NULL, NULL),
(15, 'HAYATPUR', 1, 4, 1, 1, NULL, NULL, NULL),
(16, 'JAMUA', 1, 4, 1, 1, NULL, NULL, NULL),
(17, 'JHAMTA', 1, 4, 1, 1, NULL, NULL, NULL),
(18, 'KAMALDAHA', 1, 4, 1, 1, NULL, NULL, NULL),
(19, 'KISMAT KHAWASPUR', 1, 4, 1, 1, NULL, NULL, NULL),
(20, 'KUSIYARGAON', 1, 4, 1, 1, NULL, NULL, NULL),
(21, 'MADANPUR (EAST)', 1, 4, 1, 1, NULL, NULL, NULL),
(22, 'MADANPUR (WEST)', 1, 4, 1, 1, NULL, NULL, NULL),
(23, 'PAIKTOLA', 1, 4, 1, 1, NULL, NULL, NULL),
(24, 'POKHARIYA', 1, 4, 1, 1, NULL, NULL, NULL),
(25, 'RAMPUR KODARKATTI', 1, 4, 1, 1, NULL, NULL, NULL),
(26, 'RAMPUR MOHANPUR (EAST)', 1, 4, 1, 1, NULL, NULL, NULL),
(27, 'RAMPUR MOHANPUR (WEST)', 1, 4, 1, 1, NULL, NULL, NULL),
(28, 'SAHASMAL', 1, 4, 1, 1, NULL, NULL, NULL),
(29, 'SHARANPUR', 1, 4, 1, 1, NULL, NULL, NULL),
(30, 'TATOUNA BHOJPUR', 1, 4, 1, 1, NULL, NULL, NULL),
(31, 'BHARGAMA', 1, 4, 1, 2, NULL, NULL, NULL),
(32, 'BIRNAGAR (EAST)', 1, 4, 1, 2, NULL, NULL, NULL),
(33, 'BIRNAGAR (WEST)', 1, 4, 1, 2, NULL, NULL, NULL),
(34, 'DHANESHWARI', 1, 4, 1, 2, NULL, NULL, NULL),
(35, 'HARIPUR KALA', 1, 4, 1, 2, NULL, NULL, NULL),
(36, 'JAINAGAR', 1, 4, 1, 2, NULL, NULL, NULL),
(37, 'KHAJURI', 1, 4, 1, 2, NULL, NULL, NULL),
(38, 'KHUTHA BAIJNATHPUR', 1, 4, 1, 2, NULL, NULL, NULL),
(39, 'KUSHMAUL', 1, 4, 1, 2, NULL, NULL, NULL),
(40, 'MANULLAHPATTI', 1, 4, 1, 2, NULL, NULL, NULL),
(41, 'NAYA BHARGAMA', 1, 4, 1, 2, NULL, NULL, NULL),
(42, 'PAIKPAR', 1, 4, 1, 2, NULL, NULL, NULL),
(43, 'RAGHUNATHPUR N', 1, 4, 1, 2, NULL, NULL, NULL),
(44, 'RAGHUNATHPUR S', 1, 4, 1, 2, NULL, NULL, NULL),
(45, 'RAMPUR AADI', 1, 4, 1, 2, NULL, NULL, NULL),
(46, 'SHANKARPUR', 1, 4, 1, 2, NULL, NULL, NULL),
(47, 'SIMARBANI', 1, 4, 1, 2, NULL, NULL, NULL),
(48, 'SIRSIYA HANUMANGANJ', 1, 4, 1, 2, NULL, NULL, NULL),
(49, 'SIRSIYA KALA', 1, 4, 1, 2, NULL, NULL, NULL),
(50, 'VISHAHARIA', 1, 4, 1, 2, NULL, NULL, NULL),
(51, 'AMHARA', 1, 4, 1, 3, NULL, NULL, NULL),
(52, 'AMOUNA', 1, 4, 1, 3, NULL, NULL, NULL),
(53, 'ARRAHA', 1, 4, 1, 3, NULL, NULL, NULL),
(54, 'AURAHI (EAST)', 1, 4, 1, 3, NULL, NULL, NULL),
(55, 'AURAHI (WEST)', 1, 4, 1, 3, NULL, NULL, NULL),
(56, 'BATHNAHA', 1, 4, 1, 3, NULL, NULL, NULL),
(57, 'BHAGKOHALIA', 1, 4, 1, 3, NULL, NULL, NULL),
(58, 'BOKRA', 1, 4, 1, 3, NULL, NULL, NULL),
(59, 'DHOLBAJJA', 1, 4, 1, 3, NULL, NULL, NULL),
(60, 'DORIA SONAPUR', 1, 4, 1, 3, NULL, NULL, NULL),
(61, 'HALHALIA', 1, 4, 1, 3, NULL, NULL, NULL),
(62, 'HARIPUR', 1, 4, 1, 3, NULL, NULL, NULL),
(63, 'JHIRWA PACHHIARI', 1, 4, 1, 3, NULL, NULL, NULL),
(64, 'JHIRWA PURWARI', 1, 4, 1, 3, NULL, NULL, NULL),
(65, 'KHAIRKHAN', 1, 4, 1, 3, NULL, NULL, NULL),
(66, 'KHAWASPUR', 1, 4, 1, 3, NULL, NULL, NULL),
(67, 'KIRKICHIA', 1, 4, 1, 3, NULL, NULL, NULL),
(68, 'KUSHMAHA', 1, 4, 1, 3, NULL, NULL, NULL),
(69, 'MAJHUA', 1, 4, 1, 3, NULL, NULL, NULL),
(70, 'MATIARI', 1, 4, 1, 3, NULL, NULL, NULL),
(71, 'MIRZAPUR', 1, 4, 1, 3, NULL, NULL, NULL),
(72, 'MUSAHARI', 1, 4, 1, 3, NULL, NULL, NULL),
(73, 'PARWAHA', 1, 4, 1, 3, NULL, NULL, NULL),
(74, 'PIPRA', 1, 4, 1, 3, NULL, NULL, NULL),
(75, 'POTHIA', 1, 4, 1, 3, NULL, NULL, NULL),
(76, 'RAHIKPUR THILA MOHAN', 1, 4, 1, 3, NULL, NULL, NULL),
(77, 'RAMAI', 1, 4, 1, 3, NULL, NULL, NULL),
(78, 'RAMPUR N', 1, 4, 1, 3, NULL, NULL, NULL),
(79, 'RAMPUR S', 1, 4, 1, 3, NULL, NULL, NULL),
(80, 'SAHBAZPUR', 1, 4, 1, 3, NULL, NULL, NULL),
(81, 'SAIFGANJ', 1, 4, 1, 3, NULL, NULL, NULL),
(82, 'TIRASKUND', 1, 4, 1, 3, NULL, NULL, NULL),
(83, 'BAGDAHRA', 1, 4, 1, 4, NULL, NULL, NULL),
(84, 'BAGNAGAR', 1, 4, 1, 4, NULL, NULL, NULL),
(85, 'BARA ISTAMBARAR', 1, 4, 1, 4, NULL, NULL, NULL),
(86, 'BHAGWANPUR', 1, 4, 1, 4, NULL, NULL, NULL),
(87, 'BHANSIYA', 1, 4, 1, 4, NULL, NULL, NULL),
(88, 'BHUNA MAJGAMA', 1, 4, 1, 4, NULL, NULL, NULL),
(89, 'CHAINPUR MASURIYA', 1, 4, 1, 4, NULL, NULL, NULL),
(90, 'CHAKAI', 1, 4, 1, 4, NULL, NULL, NULL),
(91, 'CHILHANIYAN', 1, 4, 1, 4, NULL, NULL, NULL),
(92, 'CHIRAH', 1, 4, 1, 4, NULL, NULL, NULL),
(93, 'CHOUKTA', 1, 4, 1, 4, NULL, NULL, NULL),
(94, 'DABHRA', 1, 4, 1, 4, NULL, NULL, NULL),
(95, 'DUBBA', 1, 4, 1, 4, NULL, NULL, NULL),
(96, 'GAIRKI MASIRIYA', 1, 4, 1, 4, NULL, NULL, NULL),
(97, 'GIRDA', 1, 4, 1, 4, NULL, NULL, NULL),
(98, 'HARDAR', 1, 4, 1, 4, NULL, NULL, NULL),
(99, 'KAKAN', 1, 4, 1, 4, NULL, NULL, NULL),
(100, 'KESARRA', 1, 4, 1, 4, NULL, NULL, NULL),
(101, 'KURSAIL', 1, 4, 1, 4, NULL, NULL, NULL),
(102, 'MAHALGAON', 1, 4, 1, 4, NULL, NULL, NULL),
(103, 'MATIYARI', 1, 4, 1, 4, NULL, NULL, NULL),
(104, 'PACHHIYARI PIPRA', 1, 4, 1, 4, NULL, NULL, NULL),
(105, 'PATHRABARI', 1, 4, 1, 4, NULL, NULL, NULL),
(106, 'PRASADPUR', 1, 4, 1, 4, NULL, NULL, NULL),
(107, 'SIMARIYA', 1, 4, 1, 4, NULL, NULL, NULL),
(108, 'SISOUNA', 1, 4, 1, 4, NULL, NULL, NULL),
(109, 'TARAN', 1, 4, 1, 4, NULL, NULL, NULL),
(110, 'DUMARIYA', 1, 4, 1, 5, NULL, NULL, NULL),
(111, 'HARIRA', 1, 4, 1, 5, NULL, NULL, NULL),
(112, 'JAGIR PARASI', 1, 4, 1, 5, NULL, NULL, NULL),
(113, 'KAMALDAHA', 1, 4, 1, 5, NULL, NULL, NULL),
(114, 'KUARI', 1, 4, 1, 5, NULL, NULL, NULL),
(115, 'KURSAKANTA', 1, 4, 1, 5, NULL, NULL, NULL),
(116, 'LAILOKHAR', 1, 4, 1, 5, NULL, NULL, NULL),
(117, 'LAXMIPUR', 1, 4, 1, 5, NULL, NULL, NULL),
(118, 'PAHUNSI', 1, 4, 1, 5, NULL, NULL, NULL),
(119, 'RAHATMINA', 1, 4, 1, 5, NULL, NULL, NULL),
(120, 'SHANKARPUR', 1, 4, 1, 5, NULL, NULL, NULL),
(121, 'SIKTIYA', 1, 4, 1, 5, NULL, NULL, NULL),
(122, 'SOURGAON', 1, 4, 1, 5, NULL, NULL, NULL),
(123, 'ANCHARA', 1, 4, 1, 6, NULL, NULL, NULL),
(124, 'BABUAAN', 1, 4, 1, 6, NULL, NULL, NULL),
(125, 'BARHARA', 1, 4, 1, 6, NULL, NULL, NULL),
(126, 'BARHEPARA', 1, 4, 1, 6, NULL, NULL, NULL),
(127, 'BASMATIYA', 1, 4, 1, 6, NULL, NULL, NULL),
(128, 'BELA', 1, 4, 1, 6, NULL, NULL, NULL),
(129, 'BHANGHI', 1, 4, 1, 6, NULL, NULL, NULL),
(130, 'DARGAHIGANJ', 1, 4, 1, 6, NULL, NULL, NULL),
(131, 'FATEHPUR', 1, 4, 1, 6, NULL, NULL, NULL),
(132, 'GOKHLAPUR', 1, 4, 1, 6, NULL, NULL, NULL),
(133, 'GORRAHA VISHANPUR', 1, 4, 1, 6, NULL, NULL, NULL),
(134, 'KHABDAH', 1, 4, 1, 6, NULL, NULL, NULL),
(135, 'KHAIRA', 1, 4, 1, 6, NULL, NULL, NULL),
(136, 'MADHURA N', 1, 4, 1, 6, NULL, NULL, NULL),
(137, 'MADHURA S', 1, 4, 1, 6, NULL, NULL, NULL),
(138, 'MADHURA (WEST)', 1, 4, 1, 6, NULL, NULL, NULL),
(139, 'MANIKPUR', 1, 4, 1, 6, NULL, NULL, NULL),
(140, 'MIRDAUL', 1, 4, 1, 6, NULL, NULL, NULL),
(141, 'NATHPUR', 1, 4, 1, 6, NULL, NULL, NULL),
(142, 'NAWABGANJ', 1, 4, 1, 6, NULL, NULL, NULL),
(143, 'PALASI', 1, 4, 1, 6, NULL, NULL, NULL),
(144, 'PATHRAHA', 1, 4, 1, 6, NULL, NULL, NULL),
(145, 'PHARHI', 1, 4, 1, 6, NULL, NULL, NULL),
(146, 'PITHOURA', 1, 4, 1, 6, NULL, NULL, NULL),
(147, 'POSDAHA', 1, 4, 1, 6, NULL, NULL, NULL),
(148, 'RAMGHAT KOSHKAPUR', 1, 4, 1, 6, NULL, NULL, NULL),
(149, 'REWAHI', 1, 4, 1, 6, NULL, NULL, NULL),
(150, 'SONAPUR', 1, 4, 1, 6, NULL, NULL, NULL),
(151, 'TAMGANJ', 1, 4, 1, 6, NULL, NULL, NULL),
(152, 'BALUA KALIYAGANJ', 1, 4, 1, 7, NULL, NULL, NULL),
(153, 'BARADBATTA', 1, 4, 1, 7, NULL, NULL, NULL),
(154, 'BARAHKUMBA', 1, 4, 1, 7, NULL, NULL, NULL),
(155, 'BHIKHA', 1, 4, 1, 7, NULL, NULL, NULL),
(156, 'CHAHATPUR', 1, 4, 1, 7, NULL, NULL, NULL),
(157, 'CHOURI', 1, 4, 1, 7, NULL, NULL, NULL),
(158, 'DEHTI N', 1, 4, 1, 7, NULL, NULL, NULL),
(159, 'DEHTI S', 1, 4, 1, 7, NULL, NULL, NULL),
(160, 'DHARAMGANJ', 1, 4, 1, 7, NULL, NULL, NULL),
(161, 'DIGHLI', 1, 4, 1, 7, NULL, NULL, NULL),
(162, 'KANKHUDIA', 1, 4, 1, 7, NULL, NULL, NULL),
(163, 'KUJRI', 1, 4, 1, 7, NULL, NULL, NULL),
(164, 'MAJLISPUR', 1, 4, 1, 7, NULL, NULL, NULL),
(165, 'MIYANPUR', 1, 4, 1, 7, NULL, NULL, NULL),
(166, 'NAKTA KHURD', 1, 4, 1, 7, NULL, NULL, NULL),
(167, 'PAKRI', 1, 4, 1, 7, NULL, NULL, NULL),
(168, 'PECHAILI', 1, 4, 1, 7, NULL, NULL, NULL),
(169, 'PIPRA BIJWAR', 1, 4, 1, 7, NULL, NULL, NULL),
(170, 'RAMNAGAR', 1, 4, 1, 7, NULL, NULL, NULL),
(171, 'SOHANDAR', 1, 4, 1, 7, NULL, NULL, NULL),
(172, 'SUKSAINA', 1, 4, 1, 7, NULL, NULL, NULL),
(173, 'BAGULAHA', 1, 4, 1, 8, NULL, NULL, NULL),
(174, 'BARBANNA', 1, 4, 1, 8, NULL, NULL, NULL),
(175, 'BASAITI', 1, 4, 1, 8, NULL, NULL, NULL),
(176, 'BELSARA', 1, 4, 1, 8, NULL, NULL, NULL),
(177, 'BHORHA', 1, 4, 1, 8, NULL, NULL, NULL),
(178, 'BOUNSI', 1, 4, 1, 8, NULL, NULL, NULL),
(179, 'CHHATIAOUNA', 1, 4, 1, 8, NULL, NULL, NULL),
(180, 'DHAMA', 1, 4, 1, 8, NULL, NULL, NULL),
(181, 'DHOBANIYA', 1, 4, 1, 8, NULL, NULL, NULL),
(182, 'FARKIYA', 1, 4, 1, 8, NULL, NULL, NULL),
(183, 'GHAGHRI', 1, 4, 1, 8, NULL, NULL, NULL),
(184, 'GUNWANTI', 1, 4, 1, 8, NULL, NULL, NULL),
(185, 'HANSA', 1, 4, 1, 8, NULL, NULL, NULL),
(186, 'HASANPUR', 1, 4, 1, 8, NULL, NULL, NULL),
(187, 'KALABALUA', 1, 4, 1, 8, NULL, NULL, NULL),
(188, 'KHARHAT', 1, 4, 1, 8, NULL, NULL, NULL),
(189, 'KHARSAHI', 1, 4, 1, 8, NULL, NULL, NULL),
(190, 'KOSHKAPUR N', 1, 4, 1, 8, NULL, NULL, NULL),
(191, 'KOSHKAPUR S', 1, 4, 1, 8, NULL, NULL, NULL),
(192, 'KUPARI', 1, 4, 1, 8, NULL, NULL, NULL),
(193, 'MAJHUA EAST', 1, 4, 1, 8, NULL, NULL, NULL),
(194, 'MAJHUA WEST', 1, 4, 1, 8, NULL, NULL, NULL),
(195, 'MIRZAPUR', 1, 4, 1, 8, NULL, NULL, NULL),
(196, 'MOHNI', 1, 4, 1, 8, NULL, NULL, NULL),
(197, 'NANDANPUR', 1, 4, 1, 8, NULL, NULL, NULL),
(198, 'PACHIRA', 1, 4, 1, 8, NULL, NULL, NULL),
(199, 'PAHUNSRA', 1, 4, 1, 8, NULL, NULL, NULL),
(200, 'PARIHARI', 1, 4, 1, 8, NULL, NULL, NULL),
(201, 'PARMANANDPUR', 1, 4, 1, 8, NULL, NULL, NULL),
(202, 'PARSAHAT', 1, 4, 1, 8, NULL, NULL, NULL),
(203, 'VISHANPUR', 1, 4, 1, 8, NULL, NULL, NULL),
(204, 'VISTORIA', 1, 4, 1, 8, NULL, NULL, NULL),
(205, 'AMGACHHI', 1, 4, 1, 9, NULL, NULL, NULL),
(206, 'BARDAHA', 1, 4, 1, 9, NULL, NULL, NULL),
(207, 'BENGA', 1, 4, 1, 9, NULL, NULL, NULL),
(208, 'BHIRBHIRI', 1, 4, 1, 9, NULL, NULL, NULL),
(209, 'BOKANTARI', 1, 4, 1, 9, NULL, NULL, NULL),
(210, 'DAHGAMA', 1, 4, 1, 9, NULL, NULL, NULL),
(211, 'DEDHUA', 1, 4, 1, 9, NULL, NULL, NULL),
(212, 'KAUAKOH', 1, 4, 1, 9, NULL, NULL, NULL),
(213, 'KHORAGACHH', 1, 4, 1, 9, NULL, NULL, NULL),
(214, 'KUCHAHA', 1, 4, 1, 9, NULL, NULL, NULL),
(215, 'MAJRAKH', 1, 4, 1, 9, NULL, NULL, NULL),
(216, 'MURARIPUR', 1, 4, 1, 9, NULL, NULL, NULL),
(217, 'PARARIA', 1, 4, 1, 9, NULL, NULL, NULL),
(218, 'THENGAPUR PIPRA', 1, 4, 1, 9, NULL, NULL, NULL),
(219, 'PARASI', 1, 4, 2, 10, NULL, NULL, NULL),
(220, 'ARWAL SIPAH', 1, 4, 2, 10, NULL, NULL, NULL),
(221, 'BASILPUR', 1, 4, 2, 10, NULL, NULL, NULL),
(222, ' BHADASI', 1, 4, 2, 10, NULL, NULL, NULL),
(223, ' FAKHARPUR', 1, 4, 2, 10, NULL, NULL, NULL),
(224, ' MAKHDUMPUR', 1, 4, 2, 10, NULL, NULL, NULL),
(225, ' PAYARECHAK', 1, 4, 2, 10, NULL, NULL, NULL),
(226, ' SAKRI', 1, 4, 2, 10, NULL, NULL, NULL),
(227, ' ABGILA', 1, 4, 2, 10, NULL, NULL, NULL),
(228, ' AMARA', 1, 4, 2, 10, NULL, NULL, NULL),
(229, ' KHAMAINI', 1, 4, 2, 10, NULL, NULL, NULL),
(230, ' MURADPUR HUJARA', 1, 4, 2, 10, NULL, NULL, NULL),
(231, ' RAMPUR BAINA', 1, 4, 2, 10, NULL, NULL, NULL),
(232, ' SAROUTI', 1, 4, 2, 10, NULL, NULL, NULL),
(233, 'SONWARSA', 1, 4, 2, 10, NULL, NULL, NULL),
(234, 'PAHLEJA', 1, 4, 2, 11, NULL, NULL, NULL),
(235, 'BALIDAD', 1, 4, 2, 11, NULL, NULL, NULL),
(236, 'BELAWAN', 1, 4, 2, 11, NULL, NULL, NULL),
(237, 'BELSAR', 1, 4, 2, 11, NULL, NULL, NULL),
(238, 'INJOR', 1, 4, 2, 11, NULL, NULL, NULL),
(239, 'ISMAILPUR KOYAL', 1, 4, 2, 11, NULL, NULL, NULL),
(240, 'KAMTA', 1, 4, 2, 11, NULL, NULL, NULL),
(241, 'SAKRI KHURD', 1, 4, 2, 11, NULL, NULL, NULL),
(242, 'SOHSA', 1, 4, 2, 11, NULL, NULL, NULL),
(243, 'SOUTH KALER', 1, 4, 2, 11, NULL, NULL, NULL),
(244, 'TERI', 1, 4, 2, 11, NULL, NULL, NULL),
(245, 'USARI', 1, 4, 2, 11, NULL, NULL, NULL),
(246, 'JAIPUR', 1, 4, 2, 11, NULL, NULL, NULL),
(247, ' MAINPURA', 1, 4, 2, 11, NULL, NULL, NULL),
(248, ' SOUTH KALER', 1, 4, 2, 11, NULL, NULL, NULL),
(249, '    PURAINIYA SHEKHA', 1, 4, 2, 12, NULL, NULL, NULL),
(250, '   ROHAI', 1, 4, 2, 12, NULL, NULL, NULL),
(251, '  CHAUHAR', 1, 4, 2, 12, NULL, NULL, NULL),
(252, '  KARPI', 1, 4, 2, 12, NULL, NULL, NULL),
(253, '  KEYAL', 1, 4, 2, 12, NULL, NULL, NULL),
(254, '  KHAJURI', 1, 4, 2, 12, NULL, NULL, NULL),
(255, '  KINJAR', 1, 4, 2, 12, NULL, NULL, NULL),
(256, '  MURARHI', 1, 4, 2, 12, NULL, NULL, NULL),
(257, '  NAGWAN', 1, 4, 2, 12, NULL, NULL, NULL),
(258, '  NARGA', 1, 4, 2, 12, NULL, NULL, NULL),
(259, '  PARIYARI', 1, 4, 2, 12, NULL, NULL, NULL),
(260, '  PURAN', 1, 4, 2, 12, NULL, NULL, NULL),
(261, '  RAMPUR CHAY', 1, 4, 2, 12, NULL, NULL, NULL),
(262, ' AIYARA', 1, 4, 2, 12, NULL, NULL, NULL),
(263, ' BAMBHI', 1, 4, 2, 12, NULL, NULL, NULL),
(264, ' BELKHARA', 1, 4, 2, 12, NULL, NULL, NULL),
(265, ' DORRA', 1, 4, 2, 12, NULL, NULL, NULL),
(266, ' KOCHAHASA', 1, 4, 2, 12, NULL, NULL, NULL),
(267, ' SHAHAR TELPA', 1, 4, 2, 12, NULL, NULL, NULL),
(268, '  BARA', 1, 4, 2, 13, NULL, NULL, NULL),
(269, '  DHAMAUL', 1, 4, 2, 13, NULL, NULL, NULL),
(270, '  EMBRAHIMPUR', 1, 4, 2, 13, NULL, NULL, NULL),
(271, '  KODMARAE', 1, 4, 2, 13, NULL, NULL, NULL),
(272, '  PINJRAWAN', 1, 4, 2, 13, NULL, NULL, NULL),
(273, '  SACHAE', 1, 4, 2, 13, NULL, NULL, NULL),
(274, ' AHAMADPUR HARNA', 1, 4, 2, 13, NULL, NULL, NULL),
(275, ' KHEMKARAN SARAY', 1, 4, 2, 13, NULL, NULL, NULL),
(276, ' MANIKPUR', 1, 4, 2, 13, NULL, NULL, NULL),
(277, ' NADAURA', 1, 4, 2, 13, NULL, NULL, NULL),
(278, ' NIDHWAN', 1, 4, 2, 13, NULL, NULL, NULL),
(279, 'CHAMANDIH', 1, 4, 2, 14, NULL, NULL, NULL),
(280, '   KHARASIN', 1, 4, 2, 14, NULL, NULL, NULL),
(281, '  ANUA', 1, 4, 2, 14, NULL, NULL, NULL),
(282, '  BELAURA', 1, 4, 2, 14, NULL, NULL, NULL),
(283, '  MALI', 1, 4, 2, 14, NULL, NULL, NULL),
(284, '  SHERPUR', 1, 4, 2, 14, NULL, NULL, NULL),
(285, '  SONBHDRA', 1, 4, 2, 14, NULL, NULL, NULL),
(286, ' KHATANGI', 1, 4, 2, 14, NULL, NULL, NULL),
(287, 'BHAWANI PUR', 1, 4, 3, 15, NULL, NULL, NULL),
(288, 'DEO', 1, 4, 3, 15, NULL, NULL, NULL),
(289, 'DULAREY', 1, 4, 3, 15, NULL, NULL, NULL),
(290, 'EAST KETAKI', 1, 4, 3, 15, NULL, NULL, NULL),
(291, 'ERAURA', 1, 4, 3, 15, NULL, NULL, NULL),
(292, 'WEST KETAKI', 1, 4, 3, 15, NULL, NULL, NULL),
(293, 'BEDHNI', 1, 4, 3, 15, NULL, NULL, NULL),
(294, 'BANUA', 1, 4, 3, 15, NULL, NULL, NULL),
(295, 'BARANDARAMPUR', 1, 4, 3, 15, NULL, NULL, NULL),
(296, 'BASDIHA', 1, 4, 3, 15, NULL, NULL, NULL),
(297, 'BEDHNA', 1, 4, 3, 15, NULL, NULL, NULL),
(298, 'HASAULI', 1, 4, 3, 15, NULL, NULL, NULL),
(299, 'ISRAUR', 1, 4, 3, 15, NULL, NULL, NULL),
(300, 'KHARKANI', 1, 4, 3, 15, NULL, NULL, NULL),
(301, 'PAWAI', 1, 4, 3, 15, NULL, NULL, NULL),
(302, 'SARGAWAN', 1, 4, 3, 15, NULL, NULL, NULL),
(303, 'BALIYA', 1, 4, 3, 16, NULL, NULL, NULL),
(304, 'BARMA', 1, 4, 3, 16, NULL, NULL, NULL),
(305, 'DUMRI', 1, 4, 3, 16, NULL, NULL, NULL),
(306, 'JAGDISHPUR', 1, 4, 3, 16, NULL, NULL, NULL),
(307, 'KUTUMBA', 1, 4, 3, 16, NULL, NULL, NULL),
(308, 'MAHARAJGANJ', 1, 4, 3, 16, NULL, NULL, NULL),
(309, 'MATPA', 1, 4, 3, 16, NULL, NULL, NULL),
(310, 'PARTA', 1, 4, 3, 16, NULL, NULL, NULL),
(311, 'PIPRA BAGAHI', 1, 4, 3, 16, NULL, NULL, NULL),
(312, 'SANDA', 1, 4, 3, 16, NULL, NULL, NULL),
(313, 'SUHI', 1, 4, 3, 16, NULL, NULL, NULL),
(314, 'AMBA', 1, 4, 3, 16, NULL, NULL, NULL),
(315, 'BAIRWAN', 1, 4, 3, 16, NULL, NULL, NULL),
(316, 'BHARONDHA', 1, 4, 3, 16, NULL, NULL, NULL),
(317, 'DADHPA', 1, 4, 3, 16, NULL, NULL, NULL),
(318, 'DUMARA', 1, 4, 3, 16, NULL, NULL, NULL),
(319, 'GHEURA', 1, 4, 3, 16, NULL, NULL, NULL),
(320, 'KARMABASANTPUR', 1, 4, 3, 16, NULL, NULL, NULL),
(321, 'RISIUP', 1, 4, 3, 16, NULL, NULL, NULL),
(322, 'TELHARA', 1, 4, 3, 16, NULL, NULL, NULL),
(323, 'RATANPUR', 1, 4, 3, 17, NULL, NULL, NULL),
(324, 'AMILAUNA', 1, 4, 3, 17, NULL, NULL, NULL),
(325, 'BEL', 1, 4, 3, 17, NULL, NULL, NULL),
(326, 'BHABHANDIHA', 1, 4, 3, 17, NULL, NULL, NULL),
(327, 'BHARUB', 1, 4, 3, 17, NULL, NULL, NULL),
(328, 'KARA', 1, 4, 3, 17, NULL, NULL, NULL),
(329, 'KARSAON', 1, 4, 3, 17, NULL, NULL, NULL),
(330, 'MAHUAON', 1, 4, 3, 17, NULL, NULL, NULL),
(331, 'MALWAN', 1, 4, 3, 17, NULL, NULL, NULL),
(332, 'OBRA', 1, 4, 3, 17, NULL, NULL, NULL),
(333, 'OOB', 1, 4, 3, 17, NULL, NULL, NULL),
(334, 'SARSAULI', 1, 4, 3, 17, NULL, NULL, NULL),
(335, 'SONAHULI', 1, 4, 3, 17, NULL, NULL, NULL),
(336, 'CHANDA', 1, 4, 3, 17, NULL, NULL, NULL),
(337, 'DIHRA', 1, 4, 3, 17, NULL, NULL, NULL),
(338, 'DIHRI', 1, 4, 3, 17, NULL, NULL, NULL),
(339, 'GAINI', 1, 4, 3, 17, NULL, NULL, NULL),
(340, 'KANCHANPUR', 1, 4, 3, 17, NULL, NULL, NULL),
(341, 'KHUDWAN', 1, 4, 3, 17, NULL, NULL, NULL),
(342, 'TEJPURA', 1, 4, 3, 17, NULL, NULL, NULL),
(343, 'BALIGAON', 1, 4, 3, 18, NULL, NULL, NULL),
(344, 'ARTHUA', 1, 4, 3, 18, NULL, NULL, NULL),
(345, 'BAGHAURA', 1, 4, 3, 18, NULL, NULL, NULL),
(346, 'BALAR', 1, 4, 3, 18, NULL, NULL, NULL),
(347, 'BHADUKIKALA', 1, 4, 3, 18, NULL, NULL, NULL),
(348, 'CHARKAWAN', 1, 4, 3, 18, NULL, NULL, NULL),
(349, 'CHAUBRA', 1, 4, 3, 18, NULL, NULL, NULL),
(350, 'DHOSILA', 1, 4, 3, 18, NULL, NULL, NULL),
(351, 'DUGUL', 1, 4, 3, 18, NULL, NULL, NULL),
(352, 'KERAP', 1, 4, 3, 18, NULL, NULL, NULL),
(353, 'LOHRA', 1, 4, 3, 18, NULL, NULL, NULL),
(354, 'SIHULI', 1, 4, 3, 18, NULL, NULL, NULL),
(355, 'CHEW', 1, 4, 3, 18, NULL, NULL, NULL),
(356, 'BAUR', 1, 4, 3, 18, NULL, NULL, NULL),
(357, 'BHADWA', 1, 4, 3, 18, NULL, NULL, NULL),
(358, 'BHETANIYA', 1, 4, 3, 18, NULL, NULL, NULL),
(359, 'GORDIHA', 1, 4, 3, 18, NULL, NULL, NULL),
(360, 'ITAR', 1, 4, 3, 18, NULL, NULL, NULL),
(361, 'KAJHAPA', 1, 4, 3, 18, NULL, NULL, NULL),
(362, 'KOTWARA', 1, 4, 3, 18, NULL, NULL, NULL),
(363, 'LATTA', 1, 4, 3, 18, NULL, NULL, NULL),
(364, 'PAUTHU', 1, 4, 3, 18, NULL, NULL, NULL),
(365, 'POGAR', 1, 4, 3, 18, NULL, NULL, NULL),
(366, 'RIUR', 1, 4, 3, 19, NULL, NULL, NULL),
(367, 'BARDI KHURD', 1, 4, 3, 19, NULL, NULL, NULL),
(368, 'BARUN', 1, 4, 3, 19, NULL, NULL, NULL),
(369, 'BHOPAT PUR', 1, 4, 3, 19, NULL, NULL, NULL),
(370, 'DHAMNI', 1, 4, 3, 19, NULL, NULL, NULL),
(371, 'DHANGAYEE', 1, 4, 3, 19, NULL, NULL, NULL),
(372, 'DUDHAR', 1, 4, 3, 19, NULL, NULL, NULL),
(373, 'GOTHOULI', 1, 4, 3, 19, NULL, NULL, NULL),
(374, 'JANKOP', 1, 4, 3, 19, NULL, NULL, NULL),
(375, 'KAJICHAK', 1, 4, 3, 19, NULL, NULL, NULL),
(376, 'KANCHAN PUR', 1, 4, 3, 19, NULL, NULL, NULL),
(377, 'KHAIRA', 1, 4, 3, 19, NULL, NULL, NULL),
(378, 'KOCHADH', 1, 4, 3, 19, NULL, NULL, NULL),
(379, 'MEH', 1, 4, 3, 19, NULL, NULL, NULL),
(380, 'PIPARA', 1, 4, 3, 19, NULL, NULL, NULL),
(381, 'POUTHU', 1, 4, 3, 19, NULL, NULL, NULL),
(382, 'TENGRA', 1, 4, 3, 19, NULL, NULL, NULL),
(383, 'AHIYAPUR', 1, 4, 3, 20, NULL, NULL, NULL),
(384, 'DHUSARI', 1, 4, 3, 20, NULL, NULL, NULL),
(385, 'JAITPUR', 1, 4, 3, 20, NULL, NULL, NULL),
(386, 'KOILWAN', 1, 4, 3, 20, NULL, NULL, NULL),
(387, 'SONHATHU', 1, 4, 3, 20, NULL, NULL, NULL),
(388, 'AMJHAR SHARIF', 1, 4, 3, 20, NULL, NULL, NULL),
(389, 'DINDIR', 1, 4, 3, 20, NULL, NULL, NULL),
(390, 'DUMRA', 1, 4, 3, 20, NULL, NULL, NULL),
(391, 'HASPURA', 1, 4, 3, 20, NULL, NULL, NULL),
(392, 'ITWAN', 1, 4, 3, 20, NULL, NULL, NULL),
(393, 'MALHARA', 1, 4, 3, 20, NULL, NULL, NULL),
(394, 'PIRU', 1, 4, 3, 20, NULL, NULL, NULL),
(395, 'PURHARA', 1, 4, 3, 20, NULL, NULL, NULL),
(396, 'TAL', 1, 4, 3, 20, NULL, NULL, NULL),
(397, 'BERKA', 1, 4, 3, 21, NULL, NULL, NULL),
(398, 'BERMA KHURD', 1, 4, 3, 21, NULL, NULL, NULL),
(399, 'BUXAR', 1, 4, 3, 21, NULL, NULL, NULL),
(400, 'CHAPUK', 1, 4, 3, 21, NULL, NULL, NULL),
(401, 'DADHPI', 1, 4, 3, 21, NULL, NULL, NULL),
(402, 'DIHURI', 1, 4, 3, 21, NULL, NULL, NULL),
(403, 'GOH', 1, 4, 3, 21, NULL, NULL, NULL),
(404, 'JHIKATIYA', 1, 4, 3, 21, NULL, NULL, NULL),
(405, 'MALHAD', 1, 4, 3, 21, NULL, NULL, NULL),
(406, 'PHAG', 1, 4, 3, 21, NULL, NULL, NULL),
(407, 'UPHARA', 1, 4, 3, 21, NULL, NULL, NULL),
(408, 'AMARI', 1, 4, 3, 21, NULL, NULL, NULL),
(409, 'BANTARA', 1, 4, 3, 21, NULL, NULL, NULL),
(410, 'BAZAR BARMA', 1, 4, 3, 21, NULL, NULL, NULL),
(411, 'BHURKUNDA', 1, 4, 3, 21, NULL, NULL, NULL),
(412, 'DEOHARA', 1, 4, 3, 21, NULL, NULL, NULL),
(413, 'HASAMPUR', 1, 4, 3, 21, NULL, NULL, NULL),
(414, 'HATHIYARA', 1, 4, 3, 21, NULL, NULL, NULL),
(415, 'MIRPUR', 1, 4, 3, 21, NULL, NULL, NULL),
(416, 'TEYAP', 1, 4, 3, 21, NULL, NULL, NULL),
(417, 'ANKORHA', 1, 4, 3, 22, NULL, NULL, NULL),
(418, 'BARIYA', 1, 4, 3, 22, NULL, NULL, NULL),
(419, 'BARIYAWAN', 1, 4, 3, 22, NULL, NULL, NULL),
(420, 'BASDIHA', 1, 4, 3, 22, NULL, NULL, NULL),
(421, 'BELAYEE', 1, 4, 3, 22, NULL, NULL, NULL),
(422, 'CHANDRGARH', 1, 4, 3, 22, NULL, NULL, NULL),
(423, 'HARIHAR URDANA', 1, 4, 3, 22, NULL, NULL, NULL),
(424, 'JAIHIND TENDUA', 1, 4, 3, 22, NULL, NULL, NULL),
(425, 'KANKER', 1, 4, 3, 22, NULL, NULL, NULL),
(426, 'KERKA', 1, 4, 3, 22, NULL, NULL, NULL),
(427, 'KHAJURI PANDOO', 1, 4, 3, 22, NULL, NULL, NULL),
(428, 'MAHUAON', 1, 4, 3, 22, NULL, NULL, NULL),
(429, 'MAJHIYAWAN', 1, 4, 3, 22, NULL, NULL, NULL),
(430, 'MUNGIYA', 1, 4, 3, 22, NULL, NULL, NULL),
(431, 'NAOOR PANCHYAT', 1, 4, 3, 22, NULL, NULL, NULL),
(432, 'PIPRA', 1, 4, 3, 22, NULL, NULL, NULL),
(433, 'RAJPUR', 1, 4, 3, 22, NULL, NULL, NULL),
(434, 'RAMNAGAR', 1, 4, 3, 22, NULL, NULL, NULL),
(435, 'RAMPUR', 1, 4, 3, 22, NULL, NULL, NULL),
(436, 'SIMRI DHAMNI', 1, 4, 3, 22, NULL, NULL, NULL),
(437, 'SONOURA', 1, 4, 3, 22, NULL, NULL, NULL),
(438, 'SORI', 1, 4, 3, 22, NULL, NULL, NULL),
(439, 'TANDWA', 1, 4, 3, 22, NULL, NULL, NULL),
(440, 'THENGO', 1, 4, 3, 22, NULL, NULL, NULL),
(441, 'TOL', 1, 4, 3, 22, NULL, NULL, NULL),
(442, 'ANCHHA', 1, 4, 3, 23, NULL, NULL, NULL),
(443, 'BELWAN', 1, 4, 3, 23, NULL, NULL, NULL),
(444, 'KARMA', 1, 4, 3, 23, NULL, NULL, NULL),
(445, 'MANAAR', 1, 4, 3, 23, NULL, NULL, NULL),
(446, 'SINDUAR', 1, 4, 3, 23, NULL, NULL, NULL),
(447, 'TARAR', 1, 4, 3, 23, NULL, NULL, NULL),
(448, 'ANKORHA', 1, 4, 3, 23, NULL, NULL, NULL),
(449, 'ARAI', 1, 4, 3, 23, NULL, NULL, NULL),
(450, 'CHAURI', 1, 4, 3, 23, NULL, NULL, NULL),
(451, 'GORDIHA', 1, 4, 3, 23, NULL, NULL, NULL),
(452, 'KANAP', 1, 4, 3, 23, NULL, NULL, NULL),
(453, 'MAHAWAR', 1, 4, 3, 23, NULL, NULL, NULL),
(454, 'SAMASHER NAGAR', 1, 4, 3, 23, NULL, NULL, NULL),
(455, 'SANSA', 1, 4, 3, 23, NULL, NULL, NULL),
(456, 'TARARI', 1, 4, 3, 23, NULL, NULL, NULL),
(457, 'BERI', 1, 4, 3, 24, NULL, NULL, NULL),
(458, 'MADANPUR', 1, 4, 3, 24, NULL, NULL, NULL),
(459, 'CHEI NAWADA', 1, 4, 3, 24, NULL, NULL, NULL),
(460, 'KHIRIYAWAN', 1, 4, 3, 24, NULL, NULL, NULL),
(461, 'NORTH UMGA', 1, 4, 3, 24, NULL, NULL, NULL),
(462, 'PIRTHU', 1, 4, 3, 24, NULL, NULL, NULL),
(463, 'PIRWAN', 1, 4, 3, 24, NULL, NULL, NULL),
(464, 'SALAIYA', 1, 4, 3, 24, NULL, NULL, NULL),
(465, 'SOUTH UMGA', 1, 4, 3, 24, NULL, NULL, NULL),
(466, 'BANIA', 1, 4, 3, 24, NULL, NULL, NULL),
(467, 'DADHPI', 1, 4, 3, 24, NULL, NULL, NULL),
(468, 'ERKI KALA', 1, 4, 3, 24, NULL, NULL, NULL),
(469, 'GHATRAIN', 1, 4, 3, 24, NULL, NULL, NULL),
(470, 'GHORA DIHRI', 1, 4, 3, 24, NULL, NULL, NULL),
(471, 'MAHUAWAN', 1, 4, 3, 24, NULL, NULL, NULL),
(472, 'MANIKA', 1, 4, 3, 24, NULL, NULL, NULL),
(473, 'NIMA AANJAN', 1, 4, 3, 24, NULL, NULL, NULL),
(474, 'PIPRAURA', 1, 4, 3, 24, NULL, NULL, NULL),
(475, 'WAR', 1, 4, 3, 24, NULL, NULL, NULL),
(476, 'BELA', 1, 4, 3, 25, NULL, NULL, NULL),
(477, 'KHAIRA MIRZA', 1, 4, 3, 25, NULL, NULL, NULL),
(478, 'NAUGARH', 1, 4, 3, 25, NULL, NULL, NULL),
(479, 'ORA', 1, 4, 3, 25, NULL, NULL, NULL),
(480, 'POIWAN', 1, 4, 3, 25, NULL, NULL, NULL),
(481, 'IBRAHIM PUR', 1, 4, 3, 25, NULL, NULL, NULL),
(482, 'KARMA BHAGWAN', 1, 4, 3, 25, NULL, NULL, NULL),
(483, 'KHAIRA BIND', 1, 4, 3, 25, NULL, NULL, NULL),
(484, 'KURMHA', 1, 4, 3, 25, NULL, NULL, NULL),
(485, 'MANJHAR', 1, 4, 3, 25, NULL, NULL, NULL),
(486, 'PADRAWAN', 1, 4, 3, 25, NULL, NULL, NULL),
(487, 'PARASDIH', 1, 4, 3, 25, NULL, NULL, NULL),
(488, 'PHESAR', 1, 4, 3, 25, NULL, NULL, NULL),
(489, 'POKHRAHAN', 1, 4, 3, 25, NULL, NULL, NULL),
(490, 'BALLIKITTA', 1, 4, 4, 26, NULL, NULL, NULL),
(491, 'BHARKO', 1, 4, 4, 26, NULL, NULL, NULL),
(492, 'BISHANPUR', 1, 4, 4, 26, NULL, NULL, NULL),
(493, 'FATEHPUR', 1, 4, 4, 26, NULL, NULL, NULL),
(494, 'GORGAMA', 1, 4, 4, 26, NULL, NULL, NULL),
(495, 'KOLBUZURANCHAYAT', 1, 4, 4, 26, NULL, NULL, NULL),
(496, 'MAHADEVPUR', 1, 4, 4, 26, NULL, NULL, NULL),
(497, 'RATANPUR MAKDUMA', 1, 4, 4, 26, NULL, NULL, NULL),
(498, 'SHOBHANPUR', 1, 4, 4, 26, NULL, NULL, NULL),
(499, 'TARDIH', 1, 4, 4, 26, NULL, NULL, NULL),
(500, 'BAIJUDIH', 1, 4, 4, 26, NULL, NULL, NULL),
(501, 'BHADARIYA', 1, 4, 4, 26, NULL, NULL, NULL),
(502, 'BHIKHANPUR', 1, 4, 4, 26, NULL, NULL, NULL),
(503, 'GARIBPUR', 1, 4, 4, 26, NULL, NULL, NULL),
(504, 'KUSHMAHA', 1, 4, 4, 26, NULL, NULL, NULL),
(505, 'LAXMIPUR CHIRAIYA', 1, 4, 4, 26, NULL, NULL, NULL),
(506, 'PAWAI', 1, 4, 4, 26, NULL, NULL, NULL),
(507, 'SALEMPUR', 1, 4, 4, 26, NULL, NULL, NULL),
(508, 'SULTANPUR', 1, 4, 4, 26, NULL, NULL, NULL),
(509, 'DOMOHAN', 1, 4, 4, 27, NULL, NULL, NULL),
(510, 'KAJHIA', 1, 4, 4, 27, NULL, NULL, NULL),
(511, 'KARMA', 1, 4, 4, 27, NULL, NULL, NULL),
(512, 'LAKHNAURI', 1, 4, 4, 27, NULL, NULL, NULL),
(513, 'LAKRIKOLA', 1, 4, 4, 27, NULL, NULL, NULL),
(514, 'RAINIA JOGDIHA', 1, 4, 4, 27, NULL, NULL, NULL),
(515, 'TELIA', 1, 4, 4, 27, NULL, NULL, NULL),
(516, 'BAHERA', 1, 4, 4, 27, NULL, NULL, NULL),
(517, 'CHHATARPAL', 1, 4, 4, 27, NULL, NULL, NULL),
(518, 'DANRA', 1, 4, 4, 27, NULL, NULL, NULL),
(519, 'DUDHARI', 1, 4, 4, 27, NULL, NULL, NULL),
(520, 'JAMUA', 1, 4, 4, 27, NULL, NULL, NULL),
(521, 'KAKWARA', 1, 4, 4, 27, NULL, NULL, NULL),
(522, 'LODHAM', 1, 4, 4, 27, NULL, NULL, NULL),
(523, 'SAMUKHIA', 1, 4, 4, 27, NULL, NULL, NULL),
(524, 'SOUTH KATAILI', 1, 4, 4, 27, NULL, NULL, NULL),
(525, 'AURIYA', 1, 4, 4, 28, NULL, NULL, NULL),
(526, 'LAUDHIYA KHURDA', 1, 4, 4, 28, NULL, NULL, NULL),
(527, 'MAHUA', 1, 4, 4, 28, NULL, NULL, NULL),
(528, 'PANJWARA', 1, 4, 4, 28, NULL, NULL, NULL),
(529, 'PATHRA', 1, 4, 4, 28, NULL, NULL, NULL),
(530, 'SABALPUR', 1, 4, 4, 28, NULL, NULL, NULL),
(531, 'BABHANGAMA', 1, 4, 4, 28, NULL, NULL, NULL),
(532, 'BHURNA', 1, 4, 4, 28, NULL, NULL, NULL),
(533, 'GORDHAWAR', 1, 4, 4, 28, NULL, NULL, NULL),
(534, 'KHARHARA', 1, 4, 4, 28, NULL, NULL, NULL),
(535, 'KHARIHARA', 1, 4, 4, 28, NULL, NULL, NULL),
(536, 'MIRZAPUR', 1, 4, 4, 28, NULL, NULL, NULL),
(537, 'NARAYANPUR', 1, 4, 4, 28, NULL, NULL, NULL),
(538, 'SONDIHA BARAHAT SOUTH', 1, 4, 4, 28, NULL, NULL, NULL),
(539, 'SONDIHA BARAHAT WEST', 1, 4, 4, 28, NULL, NULL, NULL),
(540, 'ANGARU JABDA', 1, 4, 4, 29, NULL, NULL, NULL),
(541, 'ASNHA', 1, 4, 4, 29, NULL, NULL, NULL),
(542, 'BAGDUMBA', 1, 4, 4, 29, NULL, NULL, NULL),
(543, 'BHABHANGAMA', 1, 4, 4, 29, NULL, NULL, NULL),
(544, 'CHILKARA', 1, 4, 4, 29, NULL, NULL, NULL),
(545, 'DAHUA', 1, 4, 4, 29, NULL, NULL, NULL),
(546, 'DALIA', 1, 4, 4, 29, NULL, NULL, NULL),
(547, 'FAGA', 1, 4, 4, 29, NULL, NULL, NULL),
(548, 'GOKULA', 1, 4, 4, 29, NULL, NULL, NULL),
(549, 'KAIRI', 1, 4, 4, 29, NULL, NULL, NULL),
(550, 'KASBA MALHAR', 1, 4, 4, 29, NULL, NULL, NULL),
(551, 'KUDRO', 1, 4, 4, 29, NULL, NULL, NULL),
(552, 'SANGA', 1, 4, 4, 29, NULL, NULL, NULL),
(553, 'SANP DAHAR', 1, 4, 4, 29, NULL, NULL, NULL),
(554, 'SARUA', 1, 4, 4, 29, NULL, NULL, NULL),
(555, 'SIKANDARPUR', 1, 4, 4, 29, NULL, NULL, NULL),
(556, 'BIRNIYA', 1, 4, 4, 30, NULL, NULL, NULL),
(557, 'CHANDAN', 1, 4, 4, 30, NULL, NULL, NULL),
(558, 'GOURIPUR', 1, 4, 4, 30, NULL, NULL, NULL),
(559, 'KORIYA', 1, 4, 4, 30, NULL, NULL, NULL),
(560, 'KUSUM JORI', 1, 4, 4, 30, NULL, NULL, NULL),
(561, 'NORTH BARNEY', 1, 4, 4, 30, NULL, NULL, NULL),
(562, 'SILJORI', 1, 4, 4, 30, NULL, NULL, NULL),
(563, 'SOUTH BARNEY', 1, 4, 4, 30, NULL, NULL, NULL),
(564, 'ASURA', 1, 4, 4, 30, NULL, NULL, NULL),
(565, 'BARFERA TETARIYA', 1, 4, 4, 30, NULL, NULL, NULL),
(566, 'BORA SUIYA', 1, 4, 4, 30, NULL, NULL, NULL),
(567, 'CHANDWARI', 1, 4, 4, 30, NULL, NULL, NULL),
(568, 'DHANUBSAR', 1, 4, 4, 30, NULL, NULL, NULL),
(569, 'EAST KATSAKRA', 1, 4, 4, 30, NULL, NULL, NULL),
(570, 'NORTH KASWA BASILA', 1, 4, 4, 30, NULL, NULL, NULL),
(571, 'SOUTH KASWA BASILA', 1, 4, 4, 30, NULL, NULL, NULL),
(572, 'WEST KATSAKRA', 1, 4, 4, 30, NULL, NULL, NULL),
(573, 'AHIRO', 1, 4, 4, 31, NULL, NULL, NULL),
(574, 'BATSAR', 1, 4, 4, 31, NULL, NULL, NULL),
(575, 'BHALAI', 1, 4, 4, 31, NULL, NULL, NULL),
(576, 'CHALNA', 1, 4, 4, 31, NULL, NULL, NULL),
(577, 'CHANDADIH', 1, 4, 4, 31, NULL, NULL, NULL),
(578, 'GACHIYA BASBITTA', 1, 4, 4, 31, NULL, NULL, NULL),
(579, 'JAIPUR', 1, 4, 4, 31, NULL, NULL, NULL),
(580, 'KARHARIYA', 1, 4, 4, 31, NULL, NULL, NULL),
(581, 'KAROUDHAJOTHA', 1, 4, 4, 31, NULL, NULL, NULL),
(582, 'KATHWANGAON BIRBALPUR', 1, 4, 4, 31, NULL, NULL, NULL),
(583, 'KURMA', 1, 4, 4, 31, NULL, NULL, NULL),
(584, 'LOGAIN', 1, 4, 4, 31, NULL, NULL, NULL),
(585, 'MAHILA BISHANPUR', 1, 4, 4, 31, NULL, NULL, NULL),
(586, 'MAKETA BABURA', 1, 4, 4, 31, NULL, NULL, NULL),
(587, 'PAIR', 1, 4, 4, 31, NULL, NULL, NULL),
(588, 'RANGAON', 1, 4, 4, 31, NULL, NULL, NULL),
(589, 'SAINCHAK', 1, 4, 4, 31, NULL, NULL, NULL),
(590, 'SIJHAT BALIYAS', 1, 4, 4, 31, NULL, NULL, NULL),
(591, 'TAHIRPUR GAURA', 1, 4, 4, 31, NULL, NULL, NULL),
(592, 'GHASYA', 1, 4, 4, 31, NULL, NULL, NULL),
(593, 'BHITIYA', 1, 4, 4, 32, NULL, NULL, NULL),
(594, 'SOUTH KOJHI', 1, 4, 4, 32, NULL, NULL, NULL),
(595, 'FULLIDUMER', 1, 4, 4, 32, NULL, NULL, NULL),
(596, 'KAITHA', 1, 4, 4, 32, NULL, NULL, NULL),
(597, 'KENDUAR', 1, 4, 4, 32, NULL, NULL, NULL),
(598, 'KHESAR', 1, 4, 4, 32, NULL, NULL, NULL),
(599, 'NORTH KOJHI', 1, 4, 4, 32, NULL, NULL, NULL),
(600, 'PATHADDA', 1, 4, 4, 32, NULL, NULL, NULL),
(601, 'RATA', 1, 4, 4, 32, NULL, NULL, NULL),
(602, 'SADPUR', 1, 4, 4, 32, NULL, NULL, NULL),
(603, 'TELIYA PAHAR', 1, 4, 4, 32, NULL, NULL, NULL),
(604, 'BASMATTA', 1, 4, 4, 33, NULL, NULL, NULL),
(605, 'JAIPUR', 1, 4, 4, 33, NULL, NULL, NULL),
(606, 'JAMDAHA', 1, 4, 4, 33, NULL, NULL, NULL),
(607, 'KATIYARI', 1, 4, 4, 33, NULL, NULL, NULL),
(608, 'KOLHASAR', 1, 4, 4, 33, NULL, NULL, NULL),
(609, 'LAKRAMA', 1, 4, 4, 33, NULL, NULL, NULL),
(610, 'MANIYA', 1, 4, 4, 33, NULL, NULL, NULL),
(611, 'BARWASNI', 1, 4, 4, 33, NULL, NULL, NULL),
(612, 'BHORSAR BHELWA', 1, 4, 4, 33, NULL, NULL, NULL),
(613, 'DAMODARA', 1, 4, 4, 33, NULL, NULL, NULL),
(614, 'DEWASI', 1, 4, 4, 33, NULL, NULL, NULL),
(615, 'GHORMARA', 1, 4, 4, 33, NULL, NULL, NULL),
(616, 'HADHAR', 1, 4, 4, 33, NULL, NULL, NULL),
(617, 'KATHOUN', 1, 4, 4, 33, NULL, NULL, NULL),
(618, 'KATORIYA', 1, 4, 4, 33, NULL, NULL, NULL),
(619, 'MOTHAWARI', 1, 4, 4, 33, NULL, NULL, NULL),
(620, 'DHAIHAMA MAHGAMA', 1, 4, 4, 34, NULL, NULL, NULL),
(621, 'DHAUNI BAMDEO', 1, 4, 4, 34, NULL, NULL, NULL),
(622, 'KATHCHATAR LILATARI', 1, 4, 4, 34, NULL, NULL, NULL),
(623, 'LAKRA PARGHARI', 1, 4, 4, 34, NULL, NULL, NULL),
(624, 'MORAMA BANGAON', 1, 4, 4, 34, NULL, NULL, NULL),
(625, 'NAWADA KHARAUNI', 1, 4, 4, 34, NULL, NULL, NULL),
(626, 'ORHARA', 1, 4, 4, 34, NULL, NULL, NULL),
(627, 'RAJAWAR', 1, 4, 4, 34, NULL, NULL, NULL),
(628, 'TILAKPUR', 1, 4, 4, 34, NULL, NULL, NULL),
(629, 'AMHARA HARCHANDI', 1, 4, 4, 34, NULL, NULL, NULL),
(630, 'BHAWANIPUR KATHAUN', 1, 4, 4, 34, NULL, NULL, NULL),
(631, 'CHILKAWAR ASAUTA', 1, 4, 4, 34, NULL, NULL, NULL),
(632, 'KHAIRA', 1, 4, 4, 34, NULL, NULL, NULL),
(633, 'MAJHAGAIN DARPA', 1, 4, 4, 34, NULL, NULL, NULL),
(634, 'RAJOUN', 1, 4, 4, 34, NULL, NULL, NULL),
(635, 'SAKHARA', 1, 4, 4, 34, NULL, NULL, NULL),
(636, 'SANJHA SHYAMPUR', 1, 4, 4, 34, NULL, NULL, NULL),
(637, 'SINGHNAN', 1, 4, 4, 34, NULL, NULL, NULL),
(638, 'BIRNAUDHA', 1, 4, 4, 35, NULL, NULL, NULL),
(639, 'CHUTIYA BELARI', 1, 4, 4, 35, NULL, NULL, NULL),
(640, 'JHAKHRA', 1, 4, 4, 35, NULL, NULL, NULL),
(641, 'KAMATPUR', 1, 4, 4, 35, NULL, NULL, NULL),
(642, 'KASWA', 1, 4, 4, 35, NULL, NULL, NULL),
(643, 'MALDIH', 1, 4, 4, 35, NULL, NULL, NULL),
(644, 'MIRZAPUR', 1, 4, 4, 35, NULL, NULL, NULL),
(645, 'PAKRIYA', 1, 4, 4, 35, NULL, NULL, NULL),
(646, 'PARARIYA', 1, 4, 4, 35, NULL, NULL, NULL),
(647, 'WARSABAD', 1, 4, 4, 35, NULL, NULL, NULL),
(648, 'BAIDPUR', 1, 4, 4, 35, NULL, NULL, NULL),
(649, 'BHATSHILA', 1, 4, 4, 35, NULL, NULL, NULL),
(650, 'CHATRAHAR', 1, 4, 4, 35, NULL, NULL, NULL),
(651, 'GULNI', 1, 4, 4, 35, NULL, NULL, NULL),
(652, 'KARSHOP', 1, 4, 4, 35, NULL, NULL, NULL),
(653, 'KURMA', 1, 4, 4, 35, NULL, NULL, NULL),
(654, 'PARMANANDPUR', 1, 4, 4, 35, NULL, NULL, NULL),
(655, 'PAUKETI', 1, 4, 4, 35, NULL, NULL, NULL),
(656, 'RAMCHUA', 1, 4, 4, 35, NULL, NULL, NULL),
(657, 'BAHORNA', 1, 4, 4, 36, NULL, NULL, NULL),
(658, 'BASMATTA', 1, 4, 4, 36, NULL, NULL, NULL),
(659, 'DUMARIYA', 1, 4, 4, 36, NULL, NULL, NULL),
(660, 'GHORBAHIYAR', 1, 4, 4, 36, NULL, NULL, NULL),
(661, 'LAURHIA', 1, 4, 4, 36, NULL, NULL, NULL),
(662, 'RAGHUNATHPUR', 1, 4, 4, 36, NULL, NULL, NULL),
(663, 'SAHABGANJ', 1, 4, 4, 36, NULL, NULL, NULL),
(664, 'SURYAKANA BELDIHA', 1, 4, 4, 36, NULL, NULL, NULL),
(665, 'TELIYA KUMRI', 1, 4, 4, 36, NULL, NULL, NULL),
(666, 'BELHAR', 1, 4, 4, 36, NULL, NULL, NULL),
(667, 'DHOURI', 1, 4, 4, 36, NULL, NULL, NULL),
(668, 'HATHIYA DARA', 1, 4, 4, 36, NULL, NULL, NULL),
(669, 'JHIKULIYA', 1, 4, 4, 36, NULL, NULL, NULL),
(670, 'NIMIYA', 1, 4, 4, 36, NULL, NULL, NULL),
(671, 'RAJPUR', 1, 4, 4, 36, NULL, NULL, NULL),
(672, 'RANGA', 1, 4, 4, 36, NULL, NULL, NULL),
(673, 'SRINAGAR', 1, 4, 4, 36, NULL, NULL, NULL),
(674, 'TARIYA', 1, 4, 4, 36, NULL, NULL, NULL),
(675, 'BAGBAN', 1, 4, 5, 37, NULL, NULL, NULL),
(676, 'BAHUWARA', 1, 4, 5, 37, NULL, NULL, NULL),
(677, 'BAKHRI (WEST)EST', 1, 4, 5, 37, NULL, NULL, NULL),
(678, 'CHAK HAMEED', 1, 4, 5, 37, NULL, NULL, NULL),
(679, 'GHAGHARA', 1, 4, 5, 37, NULL, NULL, NULL),
(680, 'MAKKHACHAK', 1, 4, 5, 37, NULL, NULL, NULL),
(681, 'MOHANPUR', 1, 4, 5, 37, NULL, NULL, NULL),
(682, 'PARIHARA', 1, 4, 5, 37, NULL, NULL, NULL),
(683, 'RATAN', 1, 4, 5, 37, NULL, NULL, NULL),
(684, 'SAKARPURA', 1, 4, 5, 37, NULL, NULL, NULL),
(685, 'SALAUNA', 1, 4, 5, 37, NULL, NULL, NULL),
(686, 'BAKHRI (EAST)', 1, 4, 5, 37, NULL, NULL, NULL),
(687, 'BALIA LAKHMINIA-', 1, 4, 5, 38, NULL, NULL, NULL),
(688, 'BALIA LAKHMINIA-', 1, 4, 5, 38, NULL, NULL, NULL),
(689, 'BALIA LAKHMINIA-', 1, 4, 5, 38, NULL, NULL, NULL),
(690, 'BARI BALIA (NORTH)', 1, 4, 5, 38, NULL, NULL, NULL),
(691, 'BARI BALIA (SOUTH)', 1, 4, 5, 38, NULL, NULL, NULL),
(692, 'BARIARPUR', 1, 4, 5, 38, NULL, NULL, NULL),
(693, 'BHAGATPUR', 1, 4, 5, 38, NULL, NULL, NULL),
(694, 'BHAWANANDPUR', 1, 4, 5, 38, NULL, NULL, NULL),
(695, 'FATEHPUR', 1, 4, 5, 38, NULL, NULL, NULL),
(696, 'MANSERPUR', 1, 4, 5, 38, NULL, NULL, NULL),
(697, 'NOORJAMAPUR', 1, 4, 5, 38, NULL, NULL, NULL),
(698, 'PARMANANDPUR', 1, 4, 5, 38, NULL, NULL, NULL),
(699, 'POKHARIA', 1, 4, 5, 38, NULL, NULL, NULL),
(700, 'RAHATPUR', 1, 4, 5, 38, NULL, NULL, NULL),
(701, 'SALEHCHAK', 1, 4, 5, 38, NULL, NULL, NULL),
(702, 'TAJPUR', 1, 4, 5, 38, NULL, NULL, NULL),
(703, 'BALIA LAKHMINIA-', 1, 4, 5, 38, NULL, NULL, NULL),
(704, 'PAHARPUR', 1, 4, 5, 38, NULL, NULL, NULL),
(705, 'BASAHI', 1, 4, 5, 39, NULL, NULL, NULL),
(706, 'BIKARAMPUR', 1, 4, 5, 39, NULL, NULL, NULL),
(707, 'CHERIA BARIARPUR', 1, 4, 5, 39, NULL, NULL, NULL),
(708, 'GOPALPUR', 1, 4, 5, 39, NULL, NULL, NULL),
(709, 'KHANJAHAPUR', 1, 4, 5, 39, NULL, NULL, NULL),
(710, 'KUMBHI', 1, 4, 5, 39, NULL, NULL, NULL),
(711, 'MANJHAUL-', 1, 4, 5, 39, NULL, NULL, NULL),
(712, 'MANJHAUL-', 1, 4, 5, 39, NULL, NULL, NULL),
(713, 'MANJHAUL-', 1, 4, 5, 39, NULL, NULL, NULL),
(714, 'MANJHAUL-', 1, 4, 5, 39, NULL, NULL, NULL),
(715, 'SAKARBASA', 1, 4, 5, 39, NULL, NULL, NULL),
(716, 'SHAHPUR', 1, 4, 5, 39, NULL, NULL, NULL),
(717, 'SRIPUR', 1, 4, 5, 39, NULL, NULL, NULL),
(718, 'PABRA', 1, 4, 5, 39, NULL, NULL, NULL),
(719, 'AMARI', 1, 4, 5, 40, NULL, NULL, NULL),
(720, 'EJANI', 1, 4, 5, 40, NULL, NULL, NULL),
(721, 'EKAMBA', 1, 4, 5, 40, NULL, NULL, NULL),
(722, 'MALPUR', 1, 4, 5, 40, NULL, NULL, NULL),
(723, 'NARAIN PIPAR', 1, 4, 5, 40, NULL, NULL, NULL),
(724, 'PARORA', 1, 4, 5, 40, NULL, NULL, NULL),
(725, 'SAHURI', 1, 4, 5, 40, NULL, NULL, NULL),
(726, 'SANWAT', 1, 4, 5, 40, NULL, NULL, NULL),
(727, 'SHAHPUR', 1, 4, 5, 40, NULL, NULL, NULL),
(728, 'SIHMA', 1, 4, 5, 40, NULL, NULL, NULL),
(729, 'BAUNK', 1, 4, 5, 41, NULL, NULL, NULL),
(730, 'DANDARI', 1, 4, 5, 41, NULL, NULL, NULL),
(731, 'KATAHARI', 1, 4, 5, 41, NULL, NULL, NULL),
(732, 'KATARMALA (SOUTH', 1, 4, 5, 41, NULL, NULL, NULL),
(733, 'MAHIPATOL', 1, 4, 5, 41, NULL, NULL, NULL),
(734, 'RAJOPUR', 1, 4, 5, 41, NULL, NULL, NULL),
(735, 'TETARI', 1, 4, 5, 41, NULL, NULL, NULL),
(736, 'KATARMALA (NORTH', 1, 4, 5, 41, NULL, NULL, NULL),
(737, 'DUNAHI', 1, 4, 5, 42, NULL, NULL, NULL),
(738, 'GARHPURA', 1, 4, 5, 42, NULL, NULL, NULL),
(739, 'KORAI', 1, 4, 5, 42, NULL, NULL, NULL),
(740, 'KORIAMA', 1, 4, 5, 42, NULL, NULL, NULL),
(741, 'KUMHARSO', 1, 4, 5, 42, NULL, NULL, NULL),
(742, 'MALIPUR', 1, 4, 5, 42, NULL, NULL, NULL),
(743, 'MAUJIHARISINGH', 1, 4, 5, 42, NULL, NULL, NULL),
(744, 'RAJAUR', 1, 4, 5, 42, NULL, NULL, NULL),
(745, 'SONAMA', 1, 4, 5, 42, NULL, NULL, NULL),
(746, 'BARA', 1, 4, 5, 43, NULL, NULL, NULL),
(747, 'BARIARPUR (EAST)', 1, 4, 5, 43, NULL, NULL, NULL),
(748, 'BARIARPUR (WEST)', 1, 4, 5, 43, NULL, NULL, NULL),
(749, 'DAULATPUR', 1, 4, 5, 43, NULL, NULL, NULL),
(750, 'FAFAUT', 1, 4, 5, 43, NULL, NULL, NULL),
(751, 'KHODABANDPUR', 1, 4, 5, 43, NULL, NULL, NULL),
(752, 'MEGHAUL', 1, 4, 5, 43, NULL, NULL, NULL),
(753, 'SAGI', 1, 4, 5, 43, NULL, NULL, NULL),
(754, 'DAFARPUR', 1, 4, 5, 44, NULL, NULL, NULL),
(755, 'HASANPUR BAGAR', 1, 4, 5, 44, NULL, NULL, NULL),
(756, 'MAHESHWARA', 1, 4, 5, 44, NULL, NULL, NULL),
(757, 'NAWKOTHI', 1, 4, 5, 44, NULL, NULL, NULL),
(758, 'PAHSARA (EAST)', 1, 4, 5, 44, NULL, NULL, NULL),
(759, 'PAHSARA (WEST)', 1, 4, 5, 44, NULL, NULL, NULL),
(760, 'RAJAKPUR', 1, 4, 5, 44, NULL, NULL, NULL),
(761, 'SAIDPUR BISHNUPUR', 1, 4, 5, 44, NULL, NULL, NULL),
(762, 'SAMSA', 1, 4, 5, 44, NULL, NULL, NULL),
(763, 'BISHANPUR AHOK', 1, 4, 5, 45, NULL, NULL, NULL),
(764, 'FULMALLICK', 1, 4, 5, 45, NULL, NULL, NULL),
(765, 'PACHBIR', 1, 4, 5, 45, NULL, NULL, NULL),
(766, 'RAGHUNANTHPUR KARARI', 1, 4, 5, 45, NULL, NULL, NULL),
(767, 'RAGHUNATHPUR BARARI', 1, 4, 5, 45, NULL, NULL, NULL),
(768, 'RAHUWA', 1, 4, 5, 45, NULL, NULL, NULL),
(769, 'SADPUR (EAST)', 1, 4, 5, 45, NULL, NULL, NULL),
(770, 'SADPUR (WEST)', 1, 4, 5, 45, NULL, NULL, NULL),
(771, 'SAHEBPUR KAMAL (EAST)', 1, 4, 5, 45, NULL, NULL, NULL),
(772, 'SAHEBPUR KAMAL (WEST)', 1, 4, 5, 45, NULL, NULL, NULL),
(773, 'SANDALPUR', 1, 4, 5, 45, NULL, NULL, NULL),
(774, 'SANHA (EAST)', 1, 4, 5, 45, NULL, NULL, NULL),
(775, 'SANHA (NORTH)', 1, 4, 5, 45, NULL, NULL, NULL),
(776, 'SANHA (WEST)', 1, 4, 5, 45, NULL, NULL, NULL),
(777, 'CHAUKI', 1, 4, 5, 45, NULL, NULL, NULL),
(778, 'SABDALPUR', 1, 4, 5, 45, NULL, NULL, NULL),
(779, 'SAMASTIPUR', 1, 4, 5, 45, NULL, NULL, NULL),
(780, 'ARABA', 1, 4, 5, 46, NULL, NULL, NULL),
(781, 'BACHHWARA', 1, 4, 5, 46, NULL, NULL, NULL),
(782, 'BHIKHAMCHAK', 1, 4, 5, 46, NULL, NULL, NULL),
(783, 'BISHANPUR', 1, 4, 5, 46, NULL, NULL, NULL),
(784, 'CHAMTHA -1', 1, 4, 5, 46, NULL, NULL, NULL),
(785, 'CHAMTHA -2', 1, 4, 5, 46, NULL, NULL, NULL),
(786, 'CHAMTHA -3', 1, 4, 5, 46, NULL, NULL, NULL),
(787, 'CHIRANJIVIPUR', 1, 4, 5, 46, NULL, NULL, NULL),
(788, 'DADUPUR', 1, 4, 5, 46, NULL, NULL, NULL),
(789, 'GODHNA', 1, 4, 5, 46, NULL, NULL, NULL),
(790, 'GOVINDPUR-', 1, 4, 5, 46, NULL, NULL, NULL),
(791, 'KADARABAD', 1, 4, 5, 46, NULL, NULL, NULL),
(792, 'RANI -1', 1, 4, 5, 46, NULL, NULL, NULL),
(793, 'RANI -2', 1, 4, 5, 46, NULL, NULL, NULL),
(794, 'RANI -3', 1, 4, 5, 46, NULL, NULL, NULL),
(795, 'RASHIDPUR', 1, 4, 5, 46, NULL, NULL, NULL),
(796, 'RUDAULI', 1, 4, 5, 46, NULL, NULL, NULL),
(797, 'FATEHA', 1, 4, 5, 46, NULL, NULL, NULL),
(798, 'BABHANGAMA', 1, 4, 5, 47, NULL, NULL, NULL),
(799, 'BATHAULI', 1, 4, 5, 47, NULL, NULL, NULL),
(800, 'BIHAT-1', 1, 4, 5, 47, NULL, NULL, NULL),
(801, 'BIHAT-2', 1, 4, 5, 47, NULL, NULL, NULL),
(802, 'BIHAT-3', 1, 4, 5, 47, NULL, NULL, NULL),
(803, 'GARAHARA-1', 1, 4, 5, 47, NULL, NULL, NULL),
(804, 'GARAHARA-2', 1, 4, 5, 47, NULL, NULL, NULL),
(805, 'HAJIPUR', 1, 4, 5, 47, NULL, NULL, NULL),
(806, 'KESHAWE', 1, 4, 5, 47, NULL, NULL, NULL),
(807, 'MAHNA', 1, 4, 5, 47, NULL, NULL, NULL),
(808, 'MAIDA BABHANGAMA', 1, 4, 5, 47, NULL, NULL, NULL),
(809, 'MALHIPUR (NORTH', 1, 4, 5, 47, NULL, NULL, NULL),
(810, 'MALHIPUR (SOUTH', 1, 4, 5, 47, NULL, NULL, NULL),
(811, 'MOSADPUR', 1, 4, 5, 47, NULL, NULL, NULL),
(812, 'NEENGA', 1, 4, 5, 47, NULL, NULL, NULL),
(813, 'NOORPUR', 1, 4, 5, 47, NULL, NULL, NULL),
(814, 'PAPRAUR', 1, 4, 5, 47, NULL, NULL, NULL),
(815, 'PEEPRA DEWAS', 1, 4, 5, 47, NULL, NULL, NULL),
(816, 'RAJWARA', 1, 4, 5, 47, NULL, NULL, NULL),
(817, 'SAHURI', 1, 4, 5, 47, NULL, NULL, NULL),
(818, 'SIMARIA-1', 1, 4, 5, 47, NULL, NULL, NULL),
(819, 'SIMARIA-2', 1, 4, 5, 47, NULL, NULL, NULL),
(820, 'AMARPUR', 1, 4, 5, 47, NULL, NULL, NULL),
(821, 'BIHAT-1', 1, 4, 5, 47, NULL, NULL, NULL),
(822, 'AJHAUR', 1, 4, 5, 48, NULL, NULL, NULL),
(823, 'AMRAUR KIRATPUR', 1, 4, 5, 48, NULL, NULL, NULL),
(824, 'BAHADARPUR', 1, 4, 5, 48, NULL, NULL, NULL),
(825, 'BANDWAR', 1, 4, 5, 48, NULL, NULL, NULL),
(826, 'BHAIRWAR', 1, 4, 5, 48, NULL, NULL, NULL),
(827, 'BISHANPUR', 1, 4, 5, 48, NULL, NULL, NULL),
(828, 'CHANDPURA', 1, 4, 5, 48, NULL, NULL, NULL),
(829, 'CHILMIL', 1, 4, 5, 48, NULL, NULL, NULL),
(830, 'DHABAULI', 1, 4, 5, 48, NULL, NULL, NULL),
(831, 'DUMRI', 1, 4, 5, 48, NULL, NULL, NULL),
(832, 'ETWA', 1, 4, 5, 48, NULL, NULL, NULL),
(833, 'HEBATPUR', 1, 4, 5, 48, NULL, NULL, NULL),
(834, 'JINEDPUR', 1, 4, 5, 48, NULL, NULL, NULL),
(835, 'KAITH', 1, 4, 5, 48, NULL, NULL, NULL),
(836, 'KAITHMA', 1, 4, 5, 48, NULL, NULL, NULL),
(837, 'KHAMHAR', 1, 4, 5, 48, NULL, NULL, NULL),
(838, 'KUSMAUT', 1, 4, 5, 48, NULL, NULL, NULL),
(839, 'LADUWARA', 1, 4, 5, 48, NULL, NULL, NULL),
(840, 'LAKHO', 1, 4, 5, 48, NULL, NULL, NULL),
(841, 'MAHMADPUR RAGHUNATHPUR', 1, 4, 5, 48, NULL, NULL, NULL),
(842, 'NEEMA', 1, 4, 5, 48, NULL, NULL, NULL),
(843, 'PACHMBA', 1, 4, 5, 48, NULL, NULL, NULL),
(844, 'PANHAS', 1, 4, 5, 48, NULL, NULL, NULL),
(845, 'PARNA', 1, 4, 5, 48, NULL, NULL, NULL),
(846, 'PUSPURA', 1, 4, 5, 48, NULL, NULL, NULL),
(847, 'RAJAURA', 1, 4, 5, 48, NULL, NULL, NULL),
(848, 'SANKAH', 1, 4, 5, 48, NULL, NULL, NULL),
(849, 'SHAHPUR', 1, 4, 5, 48, NULL, NULL, NULL),
(850, 'SIGHAUL', 1, 4, 5, 48, NULL, NULL, NULL),
(851, 'SUJA', 1, 4, 5, 48, NULL, NULL, NULL),
(852, 'ULAO', 1, 4, 5, 48, NULL, NULL, NULL),
(853, 'BINDPUR', 1, 4, 5, 48, NULL, NULL, NULL),
(854, 'MOHANAGHU', 1, 4, 5, 48, NULL, NULL, NULL),
(855, 'MOHANPUR', 1, 4, 5, 48, NULL, NULL, NULL),
(856, 'RACHIYAHI', 1, 4, 5, 48, NULL, NULL, NULL),
(857, 'BANWARIPUR', 1, 4, 5, 49, NULL, NULL, NULL),
(858, 'BHITSARI', 1, 4, 5, 49, NULL, NULL, NULL),
(859, 'CHANDAUR', 1, 4, 5, 49, NULL, NULL, NULL),
(860, 'DAMODARPUR', 1, 4, 5, 49, NULL, NULL, NULL),
(861, 'JOKIA', 1, 4, 5, 49, NULL, NULL, NULL),
(862, 'KAJI RASALPUR', 1, 4, 5, 49, NULL, NULL, NULL),
(863, 'KIRATPUR', 1, 4, 5, 49, NULL, NULL, NULL),
(864, 'MAHESHPUR', 1, 4, 5, 49, NULL, NULL, NULL),
(865, 'MEHDAULI', 1, 4, 5, 49, NULL, NULL, NULL),
(866, 'MOKHTIYARPUR', 1, 4, 5, 49, NULL, NULL, NULL),
(867, 'NARHARIPUR', 1, 4, 5, 49, NULL, NULL, NULL),
(868, 'RASALPUR', 1, 4, 5, 49, NULL, NULL, NULL),
(869, 'SANJAT', 1, 4, 5, 49, NULL, NULL, NULL),
(870, 'TAKIA', 1, 4, 5, 49, NULL, NULL, NULL),
(871, 'LAKHANPUR', 1, 4, 5, 49, NULL, NULL, NULL),
(872, 'BHAWANANDPUR', 1, 4, 5, 50, NULL, NULL, NULL),
(873, 'BIRPUR (WEST)', 1, 4, 5, 50, NULL, NULL, NULL),
(874, 'DEEHPAR', 1, 4, 5, 50, NULL, NULL, NULL),
(875, 'GENHARPUR', 1, 4, 5, 50, NULL, NULL, NULL),
(876, 'JAGDAR', 1, 4, 5, 50, NULL, NULL, NULL),
(877, 'NAULA', 1, 4, 5, 50, NULL, NULL, NULL),
(878, 'PARRA', 1, 4, 5, 50, NULL, NULL, NULL),
(879, 'BIRPUR (EAST)', 1, 4, 5, 50, NULL, NULL, NULL),
(880, 'BAHRAMPUR', 1, 4, 5, 51, NULL, NULL, NULL),
(881, 'GANPATAUL', 1, 4, 5, 51, NULL, NULL, NULL),
(882, 'GOVINDPUR-1', 1, 4, 5, 51, NULL, NULL, NULL),
(883, 'GOVINDPUR-2', 1, 4, 5, 51, NULL, NULL, NULL),
(884, 'MANSOORCHAK', 1, 4, 5, 51, NULL, NULL, NULL),
(885, 'SAMSA-1', 1, 4, 5, 51, NULL, NULL, NULL),
(886, 'SAMSA-2', 1, 4, 5, 51, NULL, NULL, NULL),
(887, 'SATHA', 1, 4, 5, 51, NULL, NULL, NULL),
(888, 'BALAHPUR-1', 1, 4, 5, 52, NULL, NULL, NULL),
(889, 'BALAHPUR-2', 1, 4, 5, 52, NULL, NULL, NULL),
(890, 'DARIAPUR', 1, 4, 5, 52, NULL, NULL, NULL),
(891, 'GORGAMA', 1, 4, 5, 52, NULL, NULL, NULL),
(892, 'KHORAMPUR', 1, 4, 5, 52, NULL, NULL, NULL),
(893, 'MANIAPPA', 1, 4, 5, 52, NULL, NULL, NULL),
(894, 'MATIHANI-1', 1, 4, 5, 52, NULL, NULL, NULL),
(895, 'MATIHANI-2', 1, 4, 5, 52, NULL, NULL, NULL),
(896, 'RAMDIRI-1', 1, 4, 5, 52, NULL, NULL, NULL),
(897, 'RAMDIRI-2', 1, 4, 5, 52, NULL, NULL, NULL),
(898, 'RAMDIRI-3', 1, 4, 5, 52, NULL, NULL, NULL),
(899, 'RAMDIRI-4', 1, 4, 5, 52, NULL, NULL, NULL),
(900, 'SAFAPUR', 1, 4, 5, 52, NULL, NULL, NULL),
(901, 'SAIDPUR EMA', 1, 4, 5, 52, NULL, NULL, NULL),
(902, 'SIHMA', 1, 4, 5, 52, NULL, NULL, NULL),
(903, 'SONAPUR', 1, 4, 5, 52, NULL, NULL, NULL),
(904, 'AKBARPUR BARARI', 1, 4, 5, 53, NULL, NULL, NULL),
(905, 'SAIDPUR SALHA BARARI-1', 1, 4, 5, 53, NULL, NULL, NULL),
(906, 'SAIDPUR SALHA BARARI-2', 1, 4, 5, 53, NULL, NULL, NULL),
(907, 'AADHARPUR', 1, 4, 5, 54, NULL, NULL, NULL),
(908, 'BARAUNI- 2MADHURAPUR', 1, 4, 5, 54, NULL, NULL, NULL),
(909, 'BARAUNI-1', 1, 4, 5, 54, NULL, NULL, NULL),
(910, 'BARAUNI-3', 1, 4, 5, 54, NULL, NULL, NULL),
(911, 'BARO (NORTH)', 1, 4, 5, 54, NULL, NULL, NULL),
(912, 'BARO (SOUTH)', 1, 4, 5, 54, NULL, NULL, NULL),
(913, 'CHAKDAD MADHURAPUR', 1, 4, 5, 54, NULL, NULL, NULL),
(914, 'CHILHAI', 1, 4, 5, 54, NULL, NULL, NULL),
(915, 'DHANKAUL', 1, 4, 5, 54, NULL, NULL, NULL),
(916, 'FULWARIA-1', 1, 4, 5, 54, NULL, NULL, NULL),
(917, 'FULWARIA-2', 1, 4, 5, 54, NULL, NULL, NULL),
(918, 'FULWARIA-3', 1, 4, 5, 54, NULL, NULL, NULL),
(919, 'GAURA-1', 1, 4, 5, 54, NULL, NULL, NULL),
(920, 'GAURA-2', 1, 4, 5, 54, NULL, NULL, NULL),
(921, 'GAURA-3', 1, 4, 5, 54, NULL, NULL, NULL),
(922, 'GAURA-5', 1, 4, 5, 54, NULL, NULL, NULL),
(923, 'GAURA-6', 1, 4, 5, 54, NULL, NULL, NULL),
(924, 'GAURA-7', 1, 4, 5, 54, NULL, NULL, NULL),
(925, 'NIPANIA MADHURAPUR', 1, 4, 5, 54, NULL, NULL, NULL),
(926, 'PAKTHAUL', 1, 4, 5, 54, NULL, NULL, NULL),
(927, 'PEEPARA DODRAJ', 1, 4, 5, 54, NULL, NULL, NULL),
(928, 'PIDHAULI', 1, 4, 5, 54, NULL, NULL, NULL),
(929, 'RAATGAON', 1, 4, 5, 54, NULL, NULL, NULL),
(930, 'SHOKAHARA-1', 1, 4, 5, 54, NULL, NULL, NULL),
(931, 'SHOKAHARA-2', 1, 4, 5, 54, NULL, NULL, NULL),
(932, 'BABHANGAMA', 1, 4, 6, 55, NULL, NULL, NULL),
(933, 'BIHPUR (EAST)', 1, 4, 6, 55, NULL, NULL, NULL),
(934, 'BIHPUR (SOUTH)', 1, 4, 6, 55, NULL, NULL, NULL),
(935, 'BIHPUR JAMALPUR', 1, 4, 6, 55, NULL, NULL, NULL),
(936, 'BIHPUR MIDDLE', 1, 4, 6, 55, NULL, NULL, NULL),
(937, 'DHARAMPUR RATTI', 1, 4, 6, 55, NULL, NULL, NULL),
(938, 'HARIO', 1, 4, 6, 55, NULL, NULL, NULL),
(939, 'JHANDAPUR (EAST)', 1, 4, 6, 55, NULL, NULL, NULL),
(940, 'JHANDAPUR (WEST)', 1, 4, 6, 55, NULL, NULL, NULL),
(941, 'LATTIPUR (NORTH)', 1, 4, 6, 55, NULL, NULL, NULL),
(942, 'LATTIPUR (SOUTH)', 1, 4, 6, 55, NULL, NULL, NULL),
(943, 'MARWA (EAST)', 1, 4, 6, 55, NULL, NULL, NULL),
(944, 'MARWA (WEST)', 1, 4, 6, 55, NULL, NULL, NULL),
(945, 'ABHIA PACHGACHHIA', 1, 4, 6, 56, NULL, NULL, NULL),
(946, 'BABU TOLA KAMLAKUND', 1, 4, 6, 56, NULL, NULL, NULL),
(947, 'DUMARIA CHAPARGHAT', 1, 4, 6, 56, NULL, NULL, NULL),
(948, 'GOPALPUR DIMAHA', 1, 4, 6, 56, NULL, NULL, NULL),
(949, 'GOSAI GAOWN', 1, 4, 6, 56, NULL, NULL, NULL),
(950, 'MAKANDPUR', 1, 4, 6, 56, NULL, NULL, NULL),
(951, 'SAIDPUR', 1, 4, 6, 56, NULL, NULL, NULL),
(952, 'SUKATIA BAZAR', 1, 4, 6, 56, NULL, NULL, NULL),
(953, 'TINTANGA KARARI', 1, 4, 6, 56, NULL, NULL, NULL),
(954, '5 MANCHHIPUR', 1, 4, 6, 57, NULL, NULL, NULL),
(955, 'AGARPUR', 1, 4, 6, 57, NULL, NULL, NULL),
(956, 'BISANPUR- JICHO', 1, 4, 6, 57, NULL, NULL, NULL),
(957, 'GORADIH', 1, 4, 6, 57, NULL, NULL, NULL),
(958, 'KASIMPUR', 1, 4, 6, 57, NULL, NULL, NULL),
(959, 'KHUTAHA', 1, 4, 6, 57, NULL, NULL, NULL),
(960, 'MOHANPUR', 1, 4, 6, 57, NULL, NULL, NULL),
(961, 'MURHANJAMIN', 1, 4, 6, 57, NULL, NULL, NULL),
(962, 'NDIYAMA', 1, 4, 6, 57, NULL, NULL, NULL),
(963, 'PITHANA', 1, 4, 6, 57, NULL, NULL, NULL),
(964, 'SALPUR', 1, 4, 6, 57, NULL, NULL, NULL),
(965, 'SARATHDAHARPUR', 1, 4, 6, 57, NULL, NULL, NULL),
(966, 'SONUDIH -SATJORI', 1, 4, 6, 57, NULL, NULL, NULL),
(967, 'TARCHA DAMUCHAK', 1, 4, 6, 57, NULL, NULL, NULL),
(968, 'USTU', 1, 4, 6, 57, NULL, NULL, NULL),
(969, 'ISHMAILPUR (EAST) BHITHA', 1, 4, 6, 58, NULL, NULL, NULL),
(970, 'ISHMAILPUR (WEST) BHITHA', 1, 4, 6, 58, NULL, NULL, NULL),
(971, 'KAMLAKUND', 1, 4, 6, 58, NULL, NULL, NULL),
(972, 'NARAINPUR LAXMIPUR', 1, 4, 6, 58, NULL, NULL, NULL),
(973, 'PARVATTA', 1, 4, 6, 58, NULL, NULL, NULL),
(974, 'BAIJANI', 1, 4, 6, 59, NULL, NULL, NULL),
(975, 'BALUACHAK PURAINI', 1, 4, 6, 59, NULL, NULL, NULL),
(976, 'BHAWANIPUR DESRI', 1, 4, 6, 59, NULL, NULL, NULL),
(977, 'CHANDPUR', 1, 4, 6, 59, NULL, NULL, NULL),
(978, 'HABIBIPUR', 1, 4, 6, 59, NULL, NULL, NULL),
(979, 'IMAMPUR', 1, 4, 6, 59, NULL, NULL, NULL),
(980, 'JAGDISHPUR', 1, 4, 6, 59, NULL, NULL, NULL),
(981, 'JAMANI', 1, 4, 6, 59, NULL, NULL, NULL),
(982, 'KHIRIBANDH', 1, 4, 6, 59, NULL, NULL, NULL),
(983, 'PURANI (NORTH)', 1, 4, 6, 59, NULL, NULL, NULL),
(984, 'PURANI (SOUTH)', 1, 4, 6, 59, NULL, NULL, NULL),
(985, 'SAINO', 1, 4, 6, 59, NULL, NULL, NULL),
(986, 'SANHOLI', 1, 4, 6, 59, NULL, NULL, NULL),
(987, 'SHAJANGI', 1, 4, 6, 59, NULL, NULL, NULL),
(988, 'SONUCHAK-PURAINI', 1, 4, 6, 59, NULL, NULL, NULL),
(989, 'ANTICHUCK', 1, 4, 6, 60, NULL, NULL, NULL),
(990, 'BANSIPUR', 1, 4, 6, 60, NULL, NULL, NULL),
(991, 'BHOLSAR', 1, 4, 6, 60, NULL, NULL, NULL),
(992, 'BIRBANNA', 1, 4, 6, 60, NULL, NULL, NULL),
(993, 'DHANORA', 1, 4, 6, 60, NULL, NULL, NULL),
(994, 'EKCHARI', 1, 4, 6, 60, NULL, NULL, NULL),
(995, 'EKDARA', 1, 4, 6, 60, NULL, NULL, NULL),
(996, 'GHOGHA', 1, 4, 6, 60, NULL, NULL, NULL),
(997, 'JANIDIH', 1, 4, 6, 60, NULL, NULL, NULL),
(998, 'KAIRIA', 1, 4, 6, 60, NULL, NULL, NULL),
(999, 'KODWAR', 1, 4, 6, 60, NULL, NULL, NULL),
(1000, 'KRISNDASPUR', 1, 4, 6, 60, NULL, NULL, NULL),
(1001, 'KURMA', 1, 4, 6, 60, NULL, NULL, NULL),
(1002, 'LAGMA', 1, 4, 6, 60, NULL, NULL, NULL),
(1003, 'MAISHAMUNDA', 1, 4, 6, 60, NULL, NULL, NULL),
(1004, 'MATHURAPUR', 1, 4, 6, 60, NULL, NULL, NULL),
(1005, 'MOHANPUR GOGATTA', 1, 4, 6, 60, NULL, NULL, NULL),
(1006, 'NANDLALPUR', 1, 4, 6, 60, NULL, NULL, NULL),
(1007, 'OGREE', 1, 4, 6, 60, NULL, NULL, NULL),
(1008, 'ORIAP', 1, 4, 6, 60, NULL, NULL, NULL),
(1009, 'PAKKISARAI', 1, 4, 6, 60, NULL, NULL, NULL),
(1010, 'PARASHATHDIH (SHANKARPUR KHAWAS)', 1, 4, 6, 60, NULL, NULL, NULL),
(1011, 'RAMJANIPUR', 1, 4, 6, 60, NULL, NULL, NULL),
(1012, 'RAMPUR', 1, 4, 6, 60, NULL, NULL, NULL),
(1013, 'SADANANDPUR BAISA', 1, 4, 6, 60, NULL, NULL, NULL),
(1014, 'SALEMPUR SAINI', 1, 4, 6, 60, NULL, NULL, NULL),
(1015, 'SHYAMPUR', 1, 4, 6, 60, NULL, NULL, NULL),
(1016, 'SIYA', 1, 4, 6, 60, NULL, NULL, NULL),
(1017, 'AKIDATPUR', 1, 4, 6, 61, NULL, NULL, NULL),
(1018, 'BHAVANPURA', 1, 4, 6, 61, NULL, NULL, NULL),
(1019, 'CHORHAR', 1, 4, 6, 61, NULL, NULL, NULL),
(1020, 'DHORIA-DADPUR', 1, 4, 6, 61, NULL, NULL, NULL),
(1021, 'DHRUVGANJ', 1, 4, 6, 61, NULL, NULL, NULL),
(1022, 'GOTKHARIK', 1, 4, 6, 61, NULL, NULL, NULL),
(1023, 'KHAIRPUR', 1, 4, 6, 61, NULL, NULL, NULL),
(1024, 'KHARIK BAZAR', 1, 4, 6, 61, NULL, NULL, NULL),
(1025, 'LOKMANPUR', 1, 4, 6, 61, NULL, NULL, NULL),
(1026, 'RAGHOPUR', 1, 4, 6, 61, NULL, NULL, NULL),
(1027, 'TELGHI', 1, 4, 6, 61, NULL, NULL, NULL);
INSERT INTO `villages` (`id`, `name`, `country_id`, `state_id`, `district_id`, `block_id`, `created_at`, `updated_at`, `deleted_at`) VALUES
(1028, 'TULSIPUR', 1, 4, 6, 61, NULL, NULL, NULL),
(1029, 'USHMANPUR', 1, 4, 6, 61, NULL, NULL, NULL),
(1030, 'JAIPURCHUHAR (WEST)', 1, 4, 6, 62, NULL, NULL, NULL),
(1031, 'BAIKATHPUR DUDHAAILA', 1, 4, 6, 62, NULL, NULL, NULL),
(1032, 'BHAWANIPUR', 1, 4, 6, 62, NULL, NULL, NULL),
(1033, 'JAIPURCHUHAR (EAST)', 1, 4, 6, 62, NULL, NULL, NULL),
(1034, 'NAGARPARA (EAST)', 1, 4, 6, 62, NULL, NULL, NULL),
(1035, 'NAGARPARA (NORTH)', 1, 4, 6, 62, NULL, NULL, NULL),
(1036, 'NAGARPARA (SOUTH)', 1, 4, 6, 62, NULL, NULL, NULL),
(1037, 'RAIPUR', 1, 4, 6, 62, NULL, NULL, NULL),
(1038, 'SHAHJADPUR', 1, 4, 6, 62, NULL, NULL, NULL),
(1039, 'SINGHPUR (EAST)', 1, 4, 6, 62, NULL, NULL, NULL),
(1040, 'SINGHPUR (WEST)', 1, 4, 6, 62, NULL, NULL, NULL),
(1041, 'BELKHORIA', 1, 4, 6, 63, NULL, NULL, NULL),
(1042, 'BHATAURIA', 1, 4, 6, 63, NULL, NULL, NULL),
(1043, 'BHUWALPUR', 1, 4, 6, 63, NULL, NULL, NULL),
(1044, 'BISHANRAMPUR', 1, 4, 6, 63, NULL, NULL, NULL),
(1045, 'GOSAIDASPUR', 1, 4, 6, 63, NULL, NULL, NULL),
(1046, 'GOURACHOWKI', 1, 4, 6, 63, NULL, NULL, NULL),
(1047, 'KAJRELI', 1, 4, 6, 63, NULL, NULL, NULL),
(1048, 'NISF AMBE', 1, 4, 6, 63, NULL, NULL, NULL),
(1049, 'NURPUR', 1, 4, 6, 63, NULL, NULL, NULL),
(1050, 'RAGHOPUR', 1, 4, 6, 63, NULL, NULL, NULL),
(1051, 'RAMPUR KHURD', 1, 4, 6, 63, NULL, NULL, NULL),
(1052, 'RANNUCHAK - MAKANDPUR', 1, 4, 6, 63, NULL, NULL, NULL),
(1053, 'RATTIPUR BARIA', 1, 4, 6, 63, NULL, NULL, NULL),
(1054, 'SHANKARPUR', 1, 4, 6, 63, NULL, NULL, NULL),
(1055, 'DHOLBAJJA', 1, 4, 6, 64, NULL, NULL, NULL),
(1056, 'JAGATPUR', 1, 4, 6, 64, NULL, NULL, NULL),
(1057, 'KADWA DIARA', 1, 4, 6, 64, NULL, NULL, NULL),
(1058, 'KHAGRA', 1, 4, 6, 64, NULL, NULL, NULL),
(1059, 'KHAIRPUR KADWA', 1, 4, 6, 64, NULL, NULL, NULL),
(1060, 'NAGRAH', 1, 4, 6, 64, NULL, NULL, NULL),
(1061, 'PAKRA', 1, 4, 6, 64, NULL, NULL, NULL),
(1062, 'PUNAMA PRATAPNAGAR', 1, 4, 6, 64, NULL, NULL, NULL),
(1063, 'TETRI', 1, 4, 6, 64, NULL, NULL, NULL),
(1064, 'YAMUNIA', 1, 4, 6, 64, NULL, NULL, NULL),
(1065, 'BABUPUR', 1, 4, 6, 65, NULL, NULL, NULL),
(1066, 'BAKHARPUR (EAST)', 1, 4, 6, 65, NULL, NULL, NULL),
(1067, 'BAKHARPUR (WEST)', 1, 4, 6, 65, NULL, NULL, NULL),
(1068, 'BANDUJAIRAM', 1, 4, 6, 65, NULL, NULL, NULL),
(1069, 'BARA HAT', 1, 4, 6, 65, NULL, NULL, NULL),
(1070, 'EKCHARI', 1, 4, 6, 65, NULL, NULL, NULL),
(1071, 'GOVINDPUR', 1, 4, 6, 65, NULL, NULL, NULL),
(1072, 'HARDEOCHAK', 1, 4, 6, 65, NULL, NULL, NULL),
(1073, 'HARIN KOL', 1, 4, 6, 65, NULL, NULL, NULL),
(1074, 'KHAWASPUR', 1, 4, 6, 65, NULL, NULL, NULL),
(1075, 'KIRTANIA', 1, 4, 6, 65, NULL, NULL, NULL),
(1076, 'MAHESH RAM', 1, 4, 6, 65, NULL, NULL, NULL),
(1077, 'MANIKPUR', 1, 4, 6, 65, NULL, NULL, NULL),
(1078, 'MOHANPUR', 1, 4, 6, 65, NULL, NULL, NULL),
(1079, 'MOHANPUR MADHUBAN', 1, 4, 6, 65, NULL, NULL, NULL),
(1080, 'OLAPUR', 1, 4, 6, 65, NULL, NULL, NULL),
(1081, 'PARAS BANNA', 1, 4, 6, 65, NULL, NULL, NULL),
(1082, 'PIRPAINTI', 1, 4, 6, 65, NULL, NULL, NULL),
(1083, 'PRASURAMPUR', 1, 4, 6, 65, NULL, NULL, NULL),
(1084, 'PYALAPUR', 1, 4, 6, 65, NULL, NULL, NULL),
(1085, 'RAJGAON', 1, 4, 6, 65, NULL, NULL, NULL),
(1086, 'RAJGAONARAJI', 1, 4, 6, 65, NULL, NULL, NULL),
(1087, 'RANIDIYARA', 1, 4, 6, 65, NULL, NULL, NULL),
(1088, 'RIFADPUR', 1, 4, 6, 65, NULL, NULL, NULL),
(1089, 'RIFADPUR SIMANPUR', 1, 4, 6, 65, NULL, NULL, NULL),
(1090, 'ROSHANPUR', 1, 4, 6, 65, NULL, NULL, NULL),
(1091, 'SALEMPUR', 1, 4, 6, 65, NULL, NULL, NULL),
(1092, 'SRI MATPUR HAJUR NAGAR', 1, 4, 6, 65, NULL, NULL, NULL),
(1093, 'SRIMATPUR GOPALICHAK', 1, 4, 6, 65, NULL, NULL, NULL),
(1094, 'BAISI JAHAGIRPUR', 1, 4, 6, 66, NULL, NULL, NULL),
(1095, 'BANIA BAISI', 1, 4, 6, 66, NULL, NULL, NULL),
(1096, 'BHAWANIPUR', 1, 4, 6, 66, NULL, NULL, NULL),
(1097, 'KOSKIPUR SAHORA', 1, 4, 6, 66, NULL, NULL, NULL),
(1098, 'MADRAUNI', 1, 4, 6, 66, NULL, NULL, NULL),
(1099, 'MURLI', 1, 4, 6, 66, NULL, NULL, NULL),
(1100, 'RANGRA', 1, 4, 6, 66, NULL, NULL, NULL),
(1101, 'SADHUA CHAPAR', 1, 4, 6, 66, NULL, NULL, NULL),
(1102, 'TINTANGA DIARA ((NORTH))', 1, 4, 6, 66, NULL, NULL, NULL),
(1103, 'TINTANGA DIARA ((SOUTH))', 1, 4, 6, 66, NULL, NULL, NULL),
(1104, 'BAIJALPUR', 1, 4, 6, 67, NULL, NULL, NULL),
(1105, 'Barari', 1, 4, 6, 67, NULL, NULL, NULL),
(1106, 'CHANDHERI', 1, 4, 6, 67, NULL, NULL, NULL),
(1107, 'FARKA', 1, 4, 6, 67, NULL, NULL, NULL),
(1108, 'FATEHPUR', 1, 4, 6, 67, NULL, NULL, NULL),
(1109, 'KHANKITA', 1, 4, 6, 67, NULL, NULL, NULL),
(1110, 'LAILAKH', 1, 4, 6, 67, NULL, NULL, NULL),
(1111, 'LODIPUR', 1, 4, 6, 67, NULL, NULL, NULL),
(1112, 'MAMALKHA', 1, 4, 6, 67, NULL, NULL, NULL),
(1113, 'PARGHARI', 1, 4, 6, 67, NULL, NULL, NULL),
(1114, 'RAJANDIPUR', 1, 4, 6, 67, NULL, NULL, NULL),
(1115, 'SABOUR', 1, 4, 6, 67, NULL, NULL, NULL),
(1116, 'SARDHO', 1, 4, 6, 67, NULL, NULL, NULL),
(1117, 'SHANKARPUR-DIYARA', 1, 4, 6, 67, NULL, NULL, NULL),
(1118, 'AMDANDA', 1, 4, 6, 68, NULL, NULL, NULL),
(1119, 'AMDIHA', 1, 4, 6, 68, NULL, NULL, NULL),
(1120, 'ARAR', 1, 4, 6, 68, NULL, NULL, NULL),
(1121, 'BARINAKI', 1, 4, 6, 68, NULL, NULL, NULL),
(1122, 'BHURIA MAHIYAMA', 1, 4, 6, 68, NULL, NULL, NULL),
(1123, 'BORA PATHAKDIH', 1, 4, 6, 68, NULL, NULL, NULL),
(1124, 'DHOWABE', 1, 4, 6, 68, NULL, NULL, NULL),
(1125, 'FAZILPUR SAKRAMA', 1, 4, 6, 68, NULL, NULL, NULL),
(1126, 'KAMALPUR SRICHAK', 1, 4, 6, 68, NULL, NULL, NULL),
(1127, 'MADARGANJ', 1, 4, 6, 68, NULL, NULL, NULL),
(1128, 'MADHOPUR BATHANI', 1, 4, 6, 68, NULL, NULL, NULL),
(1129, 'MAHESHPUR GHANSHYAMACHAK', 1, 4, 6, 68, NULL, NULL, NULL),
(1130, 'POTHIA', 1, 4, 6, 68, NULL, NULL, NULL),
(1131, 'SANHOULA', 1, 4, 6, 68, NULL, NULL, NULL),
(1132, 'SANOKHAR', 1, 4, 6, 68, NULL, NULL, NULL),
(1133, 'SILHAN KHAJURIA', 1, 4, 6, 68, NULL, NULL, NULL),
(1134, 'TADAR', 1, 4, 6, 68, NULL, NULL, NULL),
(1135, 'TELONDHA', 1, 4, 6, 68, NULL, NULL, NULL),
(1136, 'AMBA', 1, 4, 6, 69, NULL, NULL, NULL),
(1137, 'BASODEOPUR', 1, 4, 6, 69, NULL, NULL, NULL),
(1138, 'BELTHU', 1, 4, 6, 69, NULL, NULL, NULL),
(1139, 'BHOLNI', 1, 4, 6, 69, NULL, NULL, NULL),
(1140, 'DARIYAPUR', 1, 4, 6, 69, NULL, NULL, NULL),
(1141, 'DASPUR', 1, 4, 6, 69, NULL, NULL, NULL),
(1142, 'DINDAYALPUR', 1, 4, 6, 69, NULL, NULL, NULL),
(1143, 'GOBARAY', 1, 4, 6, 69, NULL, NULL, NULL),
(1144, 'HAJIPUR', 1, 4, 6, 69, NULL, NULL, NULL),
(1145, 'HARNADH', 1, 4, 6, 69, NULL, NULL, NULL),
(1146, 'JAGARLYA', 1, 4, 6, 69, NULL, NULL, NULL),
(1147, 'KASWAKHERHI', 1, 4, 6, 69, NULL, NULL, NULL),
(1148, 'KHAIRA', 1, 4, 6, 69, NULL, NULL, NULL),
(1149, 'KHULNI', 1, 4, 6, 69, NULL, NULL, NULL),
(1150, 'KISANMKHORIYA', 1, 4, 6, 69, NULL, NULL, NULL),
(1151, 'MAKANDPUR', 1, 4, 6, 69, NULL, NULL, NULL),
(1152, 'PAIRDOMANIYAHAL', 1, 4, 6, 69, NULL, NULL, NULL),
(1153, 'SAJOR', 1, 4, 6, 69, NULL, NULL, NULL),
(1154, 'SARONI', 1, 4, 6, 69, NULL, NULL, NULL),
(1155, '8KISANPUR', 1, 4, 6, 70, NULL, NULL, NULL),
(1156, 'ABZUGANJ', 1, 4, 6, 70, NULL, NULL, NULL),
(1157, 'AKBARNAGAR', 1, 4, 6, 70, NULL, NULL, NULL),
(1158, 'ASIYACHAK', 1, 4, 6, 70, NULL, NULL, NULL),
(1159, 'BHIRKHURD', 1, 4, 6, 70, NULL, NULL, NULL),
(1160, 'DHANDHI -BELARI', 1, 4, 6, 70, NULL, NULL, NULL),
(1161, 'ENGLISH-CHICH RON(AKWARNIGAR)', 1, 4, 6, 70, NULL, NULL, NULL),
(1162, 'GANGANIYA', 1, 4, 6, 70, NULL, NULL, NULL),
(1163, 'KAMARGANJ', 1, 4, 6, 70, NULL, NULL, NULL),
(1164, 'KARHARIYA', 1, 4, 6, 70, NULL, NULL, NULL),
(1165, 'KATHARA', 1, 4, 6, 70, NULL, NULL, NULL),
(1166, 'KHANPUR', 1, 4, 6, 70, NULL, NULL, NULL),
(1167, 'KHERIAHIYA', 1, 4, 6, 70, NULL, NULL, NULL),
(1168, 'KUMAITHA', 1, 4, 6, 70, NULL, NULL, NULL),
(1169, 'MAHESI', 1, 4, 6, 70, NULL, NULL, NULL),
(1170, 'MASADI', 1, 4, 6, 70, NULL, NULL, NULL),
(1171, 'MIRHATTI', 1, 4, 6, 70, NULL, NULL, NULL),
(1172, 'NAYAGAON', 1, 4, 6, 70, NULL, NULL, NULL),
(1173, 'TILAKPUR', 1, 4, 6, 70, NULL, NULL, NULL),
(1174, 'RANISAGAR', 1, 4, 7, 71, NULL, NULL, NULL),
(1175, 'SHIVPUR', 1, 4, 7, 71, NULL, NULL, NULL),
(1176, 'TIYAR', 1, 4, 7, 71, NULL, NULL, NULL),
(1177, 'KAMRIYAON', 1, 4, 7, 71, NULL, NULL, NULL),
(1178, 'GAUDARH RUDRANAGAR', 1, 4, 7, 71, NULL, NULL, NULL),
(1179, 'OSAI', 1, 4, 7, 71, NULL, NULL, NULL),
(1180, 'CHAKWATH', 1, 4, 7, 71, NULL, NULL, NULL),
(1181, 'MAJHAULI', 1, 4, 7, 71, NULL, NULL, NULL),
(1182, 'FHINAGI', 1, 4, 7, 71, NULL, NULL, NULL),
(1183, 'PIPARA JAGADISH', 1, 4, 7, 71, NULL, NULL, NULL),
(1184, 'DOGHARA', 1, 4, 7, 71, NULL, NULL, NULL),
(1185, 'KALYANPUR', 1, 4, 7, 71, NULL, NULL, NULL),
(1186, 'KTEYA', 1, 4, 7, 71, NULL, NULL, NULL),
(1187, 'GHAGHA', 1, 4, 7, 71, NULL, NULL, NULL),
(1188, 'THAKURG', 1, 4, 7, 72, NULL, NULL, NULL),
(1189, 'PASAUR', 1, 4, 7, 72, NULL, NULL, NULL),
(1190, 'MUKUNDPUR', 1, 4, 7, 72, NULL, NULL, NULL),
(1191, 'MALLAUR', 1, 4, 7, 72, NULL, NULL, NULL),
(1192, 'NAGARI', 1, 4, 7, 72, NULL, NULL, NULL),
(1193, 'KOYAL', 1, 4, 7, 72, NULL, NULL, NULL),
(1194, 'SIYADIH', 1, 4, 7, 72, NULL, NULL, NULL),
(1195, 'SEMRAON', 1, 4, 7, 72, NULL, NULL, NULL),
(1196, 'BABUBANDH', 1, 4, 7, 72, NULL, NULL, NULL),
(1197, 'MAJHIAON', 1, 4, 7, 72, NULL, NULL, NULL),
(1198, 'SONEVARSHA', 1, 4, 7, 72, NULL, NULL, NULL),
(1199, 'UTTARDAHAN', 1, 4, 7, 73, NULL, NULL, NULL),
(1200, 'HETAMPUR', 1, 4, 7, 73, NULL, NULL, NULL),
(1201, 'SHIVPUR', 1, 4, 7, 73, NULL, NULL, NULL),
(1202, 'BASAUNA', 1, 4, 7, 73, NULL, NULL, NULL),
(1203, 'DALITPUR', 1, 4, 7, 73, NULL, NULL, NULL),
(1204, 'BICHALA JANGAL MAHAL JAGADISHPUR', 1, 4, 7, 73, NULL, NULL, NULL),
(1205, 'KAKILA', 1, 4, 7, 73, NULL, NULL, NULL),
(1206, 'SIYARUAAN', 1, 4, 7, 73, NULL, NULL, NULL),
(1207, 'UTTARWALI JAGAL MAHAL', 1, 4, 7, 73, NULL, NULL, NULL),
(1208, 'CHAKWA', 1, 4, 7, 73, NULL, NULL, NULL),
(1209, 'DAWAN', 1, 4, 7, 73, NULL, NULL, NULL),
(1210, 'HARDIYAN', 1, 4, 7, 73, NULL, NULL, NULL),
(1211, 'VABHNIYAON', 1, 4, 7, 73, NULL, NULL, NULL),
(1212, 'PARSIYA', 1, 4, 7, 73, NULL, NULL, NULL),
(1213, 'WEST AAYAR', 1, 4, 7, 73, NULL, NULL, NULL),
(1214, 'EAST AAYAR', 1, 4, 7, 73, NULL, NULL, NULL),
(1215, 'BARNAOV', 1, 4, 7, 73, NULL, NULL, NULL),
(1216, 'VIMANWAN', 1, 4, 7, 73, NULL, NULL, NULL),
(1217, 'HARIGAON', 1, 4, 7, 73, NULL, NULL, NULL),
(1218, 'KAURA', 1, 4, 7, 73, NULL, NULL, NULL),
(1219, 'LALU KE DERA', 1, 4, 7, 74, NULL, NULL, NULL),
(1220, 'ISHWARPURA', 1, 4, 7, 74, NULL, NULL, NULL),
(1221, 'KHUTHAN', 1, 4, 7, 74, NULL, NULL, NULL),
(1222, 'PARSAURA', 1, 4, 7, 74, NULL, NULL, NULL),
(1223, 'DEVMALPUR BAHUDARI', 1, 4, 7, 74, NULL, NULL, NULL),
(1224, 'SARNA', 1, 4, 7, 74, NULL, NULL, NULL),
(1225, 'BHARAULI', 1, 4, 7, 74, NULL, NULL, NULL),
(1226, 'SAHAJAULI', 1, 4, 7, 74, NULL, NULL, NULL),
(1227, 'SUHIYAN', 1, 4, 7, 74, NULL, NULL, NULL),
(1228, 'DAMODARPUR', 1, 4, 7, 74, NULL, NULL, NULL),
(1229, 'BAHORNPUR', 1, 4, 7, 74, NULL, NULL, NULL),
(1230, 'BARISWAN', 1, 4, 7, 74, NULL, NULL, NULL),
(1231, 'SEMARIYA', 1, 4, 7, 74, NULL, NULL, NULL),
(1232, 'KINORA', 1, 4, 7, 74, NULL, NULL, NULL),
(1233, 'HARIHARPUR', 1, 4, 7, 74, NULL, NULL, NULL),
(1234, 'KARAJA', 1, 4, 7, 74, NULL, NULL, NULL),
(1235, 'GAURA', 1, 4, 7, 74, NULL, NULL, NULL),
(1236, 'LACHUTOLA BARSINGHA', 1, 4, 7, 74, NULL, NULL, NULL),
(1237, 'JHAUWA BELINIYAN', 1, 4, 7, 74, NULL, NULL, NULL),
(1238, 'DUMARIYAN', 1, 4, 7, 74, NULL, NULL, NULL),
(1239, 'RATNARH', 1, 4, 7, 75, NULL, NULL, NULL),
(1240, 'AGIOAN', 1, 4, 7, 75, NULL, NULL, NULL),
(1241, 'POSAWAN', 1, 4, 7, 75, NULL, NULL, NULL),
(1242, 'BARGOAN', 1, 4, 7, 75, NULL, NULL, NULL),
(1243, 'KIRKIRI', 1, 4, 7, 75, NULL, NULL, NULL),
(1244, 'KARWASIN', 1, 4, 7, 75, NULL, NULL, NULL),
(1245, 'NONUR', 1, 4, 7, 75, NULL, NULL, NULL),
(1246, 'SEWATHA', 1, 4, 7, 75, NULL, NULL, NULL),
(1247, 'NARAYANPUR', 1, 4, 7, 75, NULL, NULL, NULL),
(1248, 'BARUNA', 1, 4, 7, 75, NULL, NULL, NULL),
(1249, 'CHASI', 1, 4, 7, 75, NULL, NULL, NULL),
(1250, 'DILIYAN', 1, 4, 7, 75, NULL, NULL, NULL),
(1251, 'PAWANA', 1, 4, 7, 75, NULL, NULL, NULL),
(1252, 'KHOPIRA', 1, 4, 7, 75, NULL, NULL, NULL),
(1253, 'PAWAR', 1, 4, 7, 75, NULL, NULL, NULL),
(1254, 'IJARI', 1, 4, 7, 76, NULL, NULL, NULL),
(1255, 'SUNDARPUR BARJA', 1, 4, 7, 76, NULL, NULL, NULL),
(1256, 'AGARSANDA', 1, 4, 7, 76, NULL, NULL, NULL),
(1257, 'DHAMAR', 1, 4, 7, 76, NULL, NULL, NULL),
(1258, 'KHJURIYAN', 1, 4, 7, 76, NULL, NULL, NULL),
(1259, 'BAGHI PAKAR', 1, 4, 7, 76, NULL, NULL, NULL),
(1260, 'GANGAHAR', 1, 4, 7, 76, NULL, NULL, NULL),
(1261, 'KRARI', 1, 4, 7, 76, NULL, NULL, NULL),
(1262, 'BASANTPUR', 1, 4, 7, 76, NULL, NULL, NULL),
(1263, 'MAHULI', 1, 4, 7, 76, NULL, NULL, NULL),
(1264, 'RAMAPUR SANDIYAN', 1, 4, 7, 76, NULL, NULL, NULL),
(1265, 'SANDIYAN', 1, 4, 7, 76, NULL, NULL, NULL),
(1266, 'MAKHDUMPUR DUMARA', 1, 4, 7, 76, NULL, NULL, NULL),
(1267, 'PIRAUTA', 1, 4, 7, 76, NULL, NULL, NULL),
(1268, 'DAULATPUR', 1, 4, 7, 76, NULL, NULL, NULL),
(1269, 'BHAKURA', 1, 4, 7, 76, NULL, NULL, NULL),
(1270, 'JAMIRA', 1, 4, 7, 76, NULL, NULL, NULL),
(1271, 'HASANPURA', 1, 4, 7, 76, NULL, NULL, NULL),
(1272, 'GOTHHULA', 1, 4, 7, 76, NULL, NULL, NULL),
(1273, 'KHWASPUR', 1, 4, 7, 77, NULL, NULL, NULL),
(1274, 'SOHARA', 1, 4, 7, 77, NULL, NULL, NULL),
(1275, 'BALUAN', 1, 4, 7, 77, NULL, NULL, NULL),
(1276, 'NARGADA', 1, 4, 7, 77, NULL, NULL, NULL),
(1277, 'PAKARI', 1, 4, 7, 77, NULL, NULL, NULL),
(1278, 'SINHA', 1, 4, 7, 77, NULL, NULL, NULL),
(1279, 'SARAIYA', 1, 4, 7, 77, NULL, NULL, NULL),
(1280, 'GAJIYARPUR PHARHADA', 1, 4, 7, 77, NULL, NULL, NULL),
(1281, 'NADHMALPUR', 1, 4, 7, 77, NULL, NULL, NULL),
(1282, 'PURVI GUNDI', 1, 4, 7, 77, NULL, NULL, NULL),
(1283, 'PASHCHMI GUNDI', 1, 4, 7, 77, NULL, NULL, NULL),
(1284, 'BAKHORAPUR', 1, 4, 7, 77, NULL, NULL, NULL),
(1285, 'NEKNAM TOLA', 1, 4, 7, 77, NULL, NULL, NULL),
(1286, 'PHARNA', 1, 4, 7, 77, NULL, NULL, NULL),
(1287, 'SEMARIYA PARARIYAN', 1, 4, 7, 77, NULL, NULL, NULL),
(1288, 'BARHARA', 1, 4, 7, 77, NULL, NULL, NULL),
(1289, 'MATUKPUR', 1, 4, 7, 77, NULL, NULL, NULL),
(1290, 'YEKAUNA', 1, 4, 7, 77, NULL, NULL, NULL),
(1291, 'BABHANGOAN', 1, 4, 7, 77, NULL, NULL, NULL),
(1292, 'PASHCHAMI BABURA', 1, 4, 7, 77, NULL, NULL, NULL),
(1293, 'PURVI BABURA', 1, 4, 7, 77, NULL, NULL, NULL),
(1294, 'VISHUNPUR', 1, 4, 7, 77, NULL, NULL, NULL),
(1295, 'BAGAVAN', 1, 4, 7, 78, NULL, NULL, NULL),
(1296, 'KURMURI', 1, 4, 7, 78, NULL, NULL, NULL),
(1297, 'BARAURA', 1, 4, 7, 78, NULL, NULL, NULL),
(1298, 'IJARI', 1, 4, 7, 78, NULL, NULL, NULL),
(1299, 'BALIGAON', 1, 4, 7, 78, NULL, NULL, NULL),
(1300, 'GARHANI KHAS', 1, 4, 7, 78, NULL, NULL, NULL),
(1301, 'KAOOP', 1, 4, 7, 78, NULL, NULL, NULL),
(1302, 'HARPUR', 1, 4, 7, 78, NULL, NULL, NULL),
(1303, 'VRAP', 1, 4, 7, 78, NULL, NULL, NULL),
(1304, 'KHESARHIYAN', 1, 4, 7, 79, NULL, NULL, NULL),
(1305, 'MATHURAPUR', 1, 4, 7, 79, NULL, NULL, NULL),
(1306, 'RAJAPUR', 1, 4, 7, 79, NULL, NULL, NULL),
(1307, 'DAULATPUR', 1, 4, 7, 79, NULL, NULL, NULL),
(1308, 'CHANDA', 1, 4, 7, 79, NULL, NULL, NULL),
(1309, 'GHIDHA', 1, 4, 7, 79, NULL, NULL, NULL),
(1310, 'VIRMPUR', 1, 4, 7, 79, NULL, NULL, NULL),
(1311, 'KAYAMNAGAR', 1, 4, 7, 79, NULL, NULL, NULL),
(1312, 'SAKDDI', 1, 4, 7, 79, NULL, NULL, NULL),
(1313, 'KULHARIYA', 1, 4, 7, 79, NULL, NULL, NULL),
(1314, 'DHANDIHAN', 1, 4, 7, 79, NULL, NULL, NULL),
(1315, 'BHADWAR', 1, 4, 7, 79, NULL, NULL, NULL),
(1316, 'NARVIRPUR', 1, 4, 7, 79, NULL, NULL, NULL),
(1317, 'KHANGAON', 1, 4, 7, 79, NULL, NULL, NULL),
(1318, 'GOPALPUR', 1, 4, 7, 79, NULL, NULL, NULL),
(1319, 'JALPURA', 1, 4, 7, 79, NULL, NULL, NULL),
(1320, 'JOGATA', 1, 4, 7, 79, NULL, NULL, NULL),
(1321, 'YEYAR', 1, 4, 7, 80, NULL, NULL, NULL),
(1322, 'TAR', 1, 4, 7, 80, NULL, NULL, NULL),
(1323, 'CHAWARHI JANGAL MAHAL', 1, 4, 7, 80, NULL, NULL, NULL),
(1324, 'AKRUAN', 1, 4, 7, 80, NULL, NULL, NULL),
(1325, 'JAMUAON', 1, 4, 7, 80, NULL, NULL, NULL),
(1326, 'KOTHUANW', 1, 4, 7, 80, NULL, NULL, NULL),
(1327, 'JITAURA JANGAL MAHAL', 1, 4, 7, 80, NULL, NULL, NULL),
(1328, 'BRAON', 1, 4, 7, 80, NULL, NULL, NULL),
(1329, 'TILATH', 1, 4, 7, 80, NULL, NULL, NULL),
(1330, 'KHANNIKALA', 1, 4, 7, 80, NULL, NULL, NULL),
(1331, 'RAJAIYA', 1, 4, 7, 80, NULL, NULL, NULL),
(1332, 'AMEHATA', 1, 4, 7, 80, NULL, NULL, NULL),
(1333, 'KATARIYAN', 1, 4, 7, 80, NULL, NULL, NULL),
(1334, 'LAHTHAN', 1, 4, 7, 80, NULL, NULL, NULL),
(1335, 'AGIOAN', 1, 4, 7, 80, NULL, NULL, NULL),
(1336, 'NAYAK TOLA JANGAL MAHAL', 1, 4, 7, 80, NULL, NULL, NULL),
(1337, 'AMAI', 1, 4, 7, 80, NULL, NULL, NULL),
(1338, 'SUKHRAULI', 1, 4, 7, 80, NULL, NULL, NULL),
(1339, 'BACHARI', 1, 4, 7, 80, NULL, NULL, NULL),
(1340, 'BHARSAR', 1, 4, 7, 80, NULL, NULL, NULL),
(1341, 'NONAR', 1, 4, 7, 80, NULL, NULL, NULL),
(1342, 'KATAR', 1, 4, 7, 80, NULL, NULL, NULL),
(1343, 'NARAYANPUR', 1, 4, 7, 80, NULL, NULL, NULL),
(1344, 'CHAURI', 1, 4, 7, 81, NULL, NULL, NULL),
(1345, 'AMRUHA', 1, 4, 7, 81, NULL, NULL, NULL),
(1346, 'EKAWARI', 1, 4, 7, 81, NULL, NULL, NULL),
(1347, 'GULJARPUR', 1, 4, 7, 81, NULL, NULL, NULL),
(1348, 'BARUHI', 1, 4, 7, 81, NULL, NULL, NULL),
(1349, 'KORANDIHARI', 1, 4, 7, 81, NULL, NULL, NULL),
(1350, 'KOLODIHARI', 1, 4, 7, 81, NULL, NULL, NULL),
(1351, 'ANDHARI', 1, 4, 7, 81, NULL, NULL, NULL),
(1352, 'DHAYCHUAON', 1, 4, 7, 81, NULL, NULL, NULL),
(1353, 'KHARAW CHTURBHUJ', 1, 4, 7, 81, NULL, NULL, NULL),
(1354, 'PERHAP', 1, 4, 7, 81, NULL, NULL, NULL),
(1355, 'SAHAR', 1, 4, 7, 81, NULL, NULL, NULL),
(1356, 'DIHARA', 1, 4, 7, 82, NULL, NULL, NULL),
(1357, 'JAMUAON', 1, 4, 7, 82, NULL, NULL, NULL),
(1358, 'PANDURA', 1, 4, 7, 82, NULL, NULL, NULL),
(1359, 'KORI', 1, 4, 7, 82, NULL, NULL, NULL),
(1360, 'AKHGAON', 1, 4, 7, 82, NULL, NULL, NULL),
(1361, 'CHILLAUK', 1, 4, 7, 82, NULL, NULL, NULL),
(1362, 'SANDESH', 1, 4, 7, 82, NULL, NULL, NULL),
(1363, 'AHPURA', 1, 4, 7, 82, NULL, NULL, NULL),
(1364, 'KHANDAUL', 1, 4, 7, 82, NULL, NULL, NULL),
(1365, 'BAGA', 1, 4, 7, 82, NULL, NULL, NULL),
(1366, 'RAMASARH', 1, 4, 7, 82, NULL, NULL, NULL),
(1367, 'SEDHAN', 1, 4, 7, 83, NULL, NULL, NULL),
(1368, 'JETHWAR', 1, 4, 7, 83, NULL, NULL, NULL),
(1369, 'SHAKARDIH', 1, 4, 7, 83, NULL, NULL, NULL),
(1370, 'BHAKURA', 1, 4, 7, 83, NULL, NULL, NULL),
(1371, 'KARATH', 1, 4, 7, 83, NULL, NULL, NULL),
(1372, 'TARARI', 1, 4, 7, 83, NULL, NULL, NULL),
(1373, 'BIHATA', 1, 4, 7, 83, NULL, NULL, NULL),
(1374, 'BARKA GAON', 1, 4, 7, 83, NULL, NULL, NULL),
(1375, 'DUMARIYAN', 1, 4, 7, 83, NULL, NULL, NULL),
(1376, 'BASAURI', 1, 4, 7, 83, NULL, NULL, NULL),
(1377, 'CHAKIYA', 1, 4, 7, 83, NULL, NULL, NULL),
(1378, 'SIKRHATTA', 1, 4, 7, 83, NULL, NULL, NULL),
(1379, 'IMADPUR', 1, 4, 7, 83, NULL, NULL, NULL),
(1380, 'MOAAP KHURD', 1, 4, 7, 83, NULL, NULL, NULL),
(1381, 'MOAAP KALA', 1, 4, 7, 83, NULL, NULL, NULL),
(1382, 'DEV', 1, 4, 7, 83, NULL, NULL, NULL),
(1383, 'KURMURI', 1, 4, 7, 83, NULL, NULL, NULL),
(1384, 'BAGAR', 1, 4, 7, 83, NULL, NULL, NULL),
(1385, 'PANWARI', 1, 4, 7, 83, NULL, NULL, NULL),
(1386, 'CHOTA SASARAM', 1, 4, 7, 84, NULL, NULL, NULL),
(1387, 'KARISATH', 1, 4, 7, 84, NULL, NULL, NULL),
(1388, 'NAWADABEN', 1, 4, 7, 84, NULL, NULL, NULL),
(1389, 'MASARH', 1, 4, 7, 84, NULL, NULL, NULL),
(1390, 'WAMPALI', 1, 4, 7, 84, NULL, NULL, NULL),
(1391, 'ASANI', 1, 4, 7, 84, NULL, NULL, NULL),
(1392, 'EKAWANA', 1, 4, 7, 84, NULL, NULL, NULL),
(1393, 'SONPURA', 1, 4, 7, 84, NULL, NULL, NULL),
(1394, 'UDWANTNAGAR', 1, 4, 7, 84, NULL, NULL, NULL),
(1395, 'BAKARI', 1, 4, 7, 84, NULL, NULL, NULL),
(1396, 'PIYANIYAN', 1, 4, 7, 84, NULL, NULL, NULL),
(1397, 'SARTHUAAN', 1, 4, 7, 84, NULL, NULL, NULL),
(1398, 'KASAP', 1, 4, 7, 84, NULL, NULL, NULL),
(1399, 'ARAURA', 1, 4, 7, 84, NULL, NULL, NULL),
(1400, 'KUSUMHAN', 1, 4, 7, 84, NULL, NULL, NULL),
(1401, 'BELAUR', 1, 4, 7, 84, NULL, NULL, NULL),
(1402, 'BAIRIA', 1, 4, 8, 85, NULL, NULL, NULL),
(1403, 'BRAHMPUR', 1, 4, 8, 85, NULL, NULL, NULL),
(1404, 'GAHAUNA', 1, 4, 8, 85, NULL, NULL, NULL),
(1405, 'GAYAGHAT', 1, 4, 8, 85, NULL, NULL, NULL),
(1406, 'HARNATHPUR', 1, 4, 8, 85, NULL, NULL, NULL),
(1407, 'MAHUAR', 1, 4, 8, 85, NULL, NULL, NULL),
(1408, 'NIMEZ', 1, 4, 8, 85, NULL, NULL, NULL),
(1409, 'NORTH NAINIJOR', 1, 4, 8, 85, NULL, NULL, NULL),
(1410, 'SOUTH NAINIJOR', 1, 4, 8, 85, NULL, NULL, NULL),
(1411, 'YOGIA', 1, 4, 8, 85, NULL, NULL, NULL),
(1412, 'BAGEN', 1, 4, 8, 85, NULL, NULL, NULL),
(1413, 'BARARHI', 1, 4, 8, 85, NULL, NULL, NULL),
(1414, 'BHADWAR', 1, 4, 8, 85, NULL, NULL, NULL),
(1415, 'EKRASI', 1, 4, 8, 85, NULL, NULL, NULL),
(1416, 'KAITHI', 1, 4, 8, 85, NULL, NULL, NULL),
(1417, 'KANT', 1, 4, 8, 85, NULL, NULL, NULL),
(1418, 'POKHRAHA', 1, 4, 8, 85, NULL, NULL, NULL),
(1419, 'RAGHUNATHPUR', 1, 4, 8, 85, NULL, NULL, NULL),
(1420, 'ARAK', 1, 4, 8, 86, NULL, NULL, NULL),
(1421, 'CHAKKI', 1, 4, 8, 86, NULL, NULL, NULL),
(1422, 'CHANDA', 1, 4, 8, 86, NULL, NULL, NULL),
(1423, 'JAWAHI DIAR', 1, 4, 8, 86, NULL, NULL, NULL),
(1424, 'AHIRAULI', 1, 4, 8, 87, NULL, NULL, NULL),
(1425, 'BARUNA', 1, 4, 8, 87, NULL, NULL, NULL),
(1426, 'CHURAMANPUR', 1, 4, 8, 87, NULL, NULL, NULL),
(1427, 'DALSAGAR', 1, 4, 8, 87, NULL, NULL, NULL),
(1428, 'KHUTAHAN', 1, 4, 8, 87, NULL, NULL, NULL),
(1429, 'SONBARSA', 1, 4, 8, 87, NULL, NULL, NULL),
(1430, 'UMARPUR', 1, 4, 8, 87, NULL, NULL, NULL),
(1431, 'BOKSA', 1, 4, 8, 87, NULL, NULL, NULL),
(1432, 'CHHOTKA NUAON', 1, 4, 8, 87, NULL, NULL, NULL),
(1433, 'JAGDISHPUR', 1, 4, 8, 87, NULL, NULL, NULL),
(1434, 'JASO', 1, 4, 8, 87, NULL, NULL, NULL),
(1435, 'KAMARPUR', 1, 4, 8, 87, NULL, NULL, NULL),
(1436, 'KARAHANSI', 1, 4, 8, 87, NULL, NULL, NULL),
(1437, 'MAHADAH', 1, 4, 8, 87, NULL, NULL, NULL),
(1438, 'NADAON', 1, 4, 8, 87, NULL, NULL, NULL),
(1439, 'PANDEYPATTI', 1, 4, 8, 87, NULL, NULL, NULL),
(1440, 'CHAUGAIN', 1, 4, 8, 88, NULL, NULL, NULL),
(1441, 'KHEWALI PACHAYAT', 1, 4, 8, 88, NULL, NULL, NULL),
(1442, 'MASAHARIYA', 1, 4, 8, 88, NULL, NULL, NULL),
(1443, 'MURAR', 1, 4, 8, 88, NULL, NULL, NULL),
(1444, 'NACHAP', 1, 4, 8, 88, NULL, NULL, NULL),
(1445, 'CHUNNI', 1, 4, 8, 88, NULL, NULL, NULL),
(1446, 'BANARPUR', 1, 4, 8, 88, NULL, NULL, NULL),
(1447, 'CHAUSHA', 1, 4, 8, 88, NULL, NULL, NULL),
(1448, 'DEHARI', 1, 4, 8, 88, NULL, NULL, NULL),
(1449, 'JALILPUR', 1, 4, 8, 88, NULL, NULL, NULL),
(1450, 'PALIYA', 1, 4, 8, 88, NULL, NULL, NULL),
(1451, 'PAWANI', 1, 4, 8, 88, NULL, NULL, NULL),
(1452, 'RAMPURKALA', 1, 4, 8, 88, NULL, NULL, NULL),
(1453, 'SARENJA', 1, 4, 8, 88, NULL, NULL, NULL),
(1454, 'SIKROUL', 1, 4, 8, 88, NULL, NULL, NULL),
(1455, 'ARIAON', 1, 4, 8, 89, NULL, NULL, NULL),
(1456, 'BHOJPUR JADID', 1, 4, 8, 89, NULL, NULL, NULL),
(1457, 'CHHATANWAR', 1, 4, 8, 89, NULL, NULL, NULL),
(1458, 'KORANSARAI', 1, 4, 8, 89, NULL, NULL, NULL),
(1459, 'LAKHAN DIHRA', 1, 4, 8, 89, NULL, NULL, NULL),
(1460, 'NANDAN', 1, 4, 8, 89, NULL, NULL, NULL),
(1461, 'NUAON', 1, 4, 8, 89, NULL, NULL, NULL),
(1462, 'SOWAN', 1, 4, 8, 89, NULL, NULL, NULL),
(1463, 'ATAON', 1, 4, 8, 89, NULL, NULL, NULL),
(1464, 'BHOJPUR KADIM', 1, 4, 8, 89, NULL, NULL, NULL),
(1465, 'CHILHARI', 1, 4, 8, 89, NULL, NULL, NULL),
(1466, 'KANJHARUA', 1, 4, 8, 89, NULL, NULL, NULL),
(1467, 'KASIAN', 1, 4, 8, 89, NULL, NULL, NULL),
(1468, 'KUSHALPUR', 1, 4, 8, 89, NULL, NULL, NULL),
(1469, 'MATHILA', 1, 4, 8, 89, NULL, NULL, NULL),
(1470, 'MUGAON', 1, 4, 8, 89, NULL, NULL, NULL),
(1471, 'BARKAGAON', 1, 4, 8, 90, NULL, NULL, NULL),
(1472, 'BASAO KALA', 1, 4, 8, 90, NULL, NULL, NULL),
(1473, 'HARPUR (JAIPUR)', 1, 4, 8, 90, NULL, NULL, NULL),
(1474, 'NARAYAN PUR', 1, 4, 8, 90, NULL, NULL, NULL),
(1475, 'UNWAS', 1, 4, 8, 90, NULL, NULL, NULL),
(1476, 'ATRAUNA', 1, 4, 8, 90, NULL, NULL, NULL),
(1477, 'BASUDHAR', 1, 4, 8, 90, NULL, NULL, NULL),
(1478, 'BIJHAURA', 1, 4, 8, 90, NULL, NULL, NULL),
(1479, 'BIKRAM ENGLISH', 1, 4, 8, 90, NULL, NULL, NULL),
(1480, 'CHILHAR', 1, 4, 8, 90, NULL, NULL, NULL),
(1481, 'HAKIMPUR', 1, 4, 8, 90, NULL, NULL, NULL),
(1482, 'HARPUR', 1, 4, 8, 90, NULL, NULL, NULL),
(1483, 'INDAUR', 1, 4, 8, 90, NULL, NULL, NULL),
(1484, 'ITARHI', 1, 4, 8, 90, NULL, NULL, NULL),
(1485, 'KUKUDHA', 1, 4, 8, 90, NULL, NULL, NULL),
(1486, 'KATIKNAR', 1, 4, 8, 91, NULL, NULL, NULL),
(1487, 'KESATH', 1, 4, 8, 91, NULL, NULL, NULL),
(1488, 'RAMPUR', 1, 4, 8, 91, NULL, NULL, NULL),
(1489, 'BARAON', 1, 4, 8, 92, NULL, NULL, NULL),
(1490, 'KARSAR', 1, 4, 8, 92, NULL, NULL, NULL),
(1491, 'MARIYAN', 1, 4, 8, 92, NULL, NULL, NULL),
(1492, 'PARMANPUR', 1, 4, 8, 92, NULL, NULL, NULL),
(1493, 'RUPSAGAR', 1, 4, 8, 92, NULL, NULL, NULL),
(1494, 'SONBARSHA', 1, 4, 8, 92, NULL, NULL, NULL),
(1495, 'WAINA', 1, 4, 8, 92, NULL, NULL, NULL),
(1496, 'ATHAR', 1, 4, 8, 92, NULL, NULL, NULL),
(1497, 'ATIMI', 1, 4, 8, 92, NULL, NULL, NULL),
(1498, 'BABU GANJ ENGLISH', 1, 4, 8, 92, NULL, NULL, NULL),
(1499, 'BELAON', 1, 4, 8, 92, NULL, NULL, NULL),
(1500, 'BELHARI', 1, 4, 8, 92, NULL, NULL, NULL),
(1501, 'BHADAR', 1, 4, 8, 92, NULL, NULL, NULL),
(1502, 'BHATAULI', 1, 4, 8, 92, NULL, NULL, NULL),
(1503, 'NAWANAGAR', 1, 4, 8, 92, NULL, NULL, NULL),
(1504, 'SIKRAUL', 1, 4, 8, 92, NULL, NULL, NULL),
(1505, 'BANNI', 1, 4, 8, 93, NULL, NULL, NULL),
(1506, 'DHANASOI', 1, 4, 8, 93, NULL, NULL, NULL),
(1507, 'DULFA', 1, 4, 8, 93, NULL, NULL, NULL),
(1508, 'HARPUR', 1, 4, 8, 93, NULL, NULL, NULL),
(1509, 'KAITHHARKALA', 1, 4, 8, 93, NULL, NULL, NULL),
(1510, 'KHARAHANA', 1, 4, 8, 93, NULL, NULL, NULL),
(1511, 'MATUKIPUR', 1, 4, 8, 93, NULL, NULL, NULL),
(1512, 'RSENKALA', 1, 4, 8, 93, NULL, NULL, NULL),
(1513, 'SAMAHUTA', 1, 4, 8, 93, NULL, NULL, NULL),
(1514, 'SIKATHI', 1, 4, 8, 93, NULL, NULL, NULL),
(1515, 'AKBARPUR', 1, 4, 8, 93, NULL, NULL, NULL),
(1516, 'BARUPUR', 1, 4, 8, 93, NULL, NULL, NULL),
(1517, 'DEWARIHYA', 1, 4, 8, 93, NULL, NULL, NULL),
(1518, 'HETHUAN', 1, 4, 8, 93, NULL, NULL, NULL),
(1519, 'KHIRI', 1, 4, 8, 93, NULL, NULL, NULL),
(1520, 'MANGRAON', 1, 4, 8, 93, NULL, NULL, NULL),
(1521, 'NAGPUR', 1, 4, 8, 93, NULL, NULL, NULL),
(1522, 'RAJPUR', 1, 4, 8, 93, NULL, NULL, NULL),
(1523, 'TIYARA', 1, 4, 8, 93, NULL, NULL, NULL),
(1524, 'DHAKAICH', 1, 4, 8, 94, NULL, NULL, NULL),
(1525, 'DUMRI', 1, 4, 8, 94, NULL, NULL, NULL),
(1526, 'EKAUNA', 1, 4, 8, 94, NULL, NULL, NULL),
(1527, 'GANGAULI', 1, 4, 8, 94, NULL, NULL, NULL),
(1528, 'KATHAR', 1, 4, 8, 94, NULL, NULL, NULL),
(1529, 'KAZIPUR', 1, 4, 8, 94, NULL, NULL, NULL),
(1530, 'KHARHATANR', 1, 4, 8, 94, NULL, NULL, NULL),
(1531, 'NIYAZIPUR', 1, 4, 8, 94, NULL, NULL, NULL),
(1532, 'PAIGAMBARPUR', 1, 4, 8, 94, NULL, NULL, NULL),
(1533, 'RAJAPUR', 1, 4, 8, 94, NULL, NULL, NULL),
(1534, 'SAHIYAR', 1, 4, 8, 94, NULL, NULL, NULL),
(1535, 'BALIHAR', 1, 4, 8, 94, NULL, NULL, NULL),
(1536, 'DULLAHPUR', 1, 4, 8, 94, NULL, NULL, NULL),
(1537, 'GAYGHAT', 1, 4, 8, 94, NULL, NULL, NULL),
(1538, 'KESHOPUR', 1, 4, 8, 94, NULL, NULL, NULL),
(1539, 'MAJHWARI', 1, 4, 8, 94, NULL, NULL, NULL),
(1540, 'PARARI', 1, 4, 8, 94, NULL, NULL, NULL),
(1541, 'RAJPUR KALAN (PARSANPAH)', 1, 4, 8, 94, NULL, NULL, NULL),
(1542, 'RAJPUR KALAN PANACHAYAT', 1, 4, 8, 94, NULL, NULL, NULL),
(1543, 'SIMRI', 1, 4, 8, 94, NULL, NULL, NULL),
(1544, 'AURAHI', 1, 4, 9, 95, NULL, NULL, NULL),
(1545, 'BERI', 1, 4, 9, 95, NULL, NULL, NULL),
(1546, 'BHADAHAR', 1, 4, 9, 95, NULL, NULL, NULL),
(1547, 'BISHAHARIA MOHIM BUJURG', 1, 4, 9, 95, NULL, NULL, NULL),
(1548, 'CHIGRI SIMRAHA', 1, 4, 9, 95, NULL, NULL, NULL),
(1549, 'DINMO', 1, 4, 9, 95, NULL, NULL, NULL),
(1550, 'GOTHANI', 1, 4, 9, 95, NULL, NULL, NULL),
(1551, 'HARAULI', 1, 4, 9, 95, NULL, NULL, NULL),
(1552, 'HARINAGAR', 1, 4, 9, 95, NULL, NULL, NULL),
(1553, 'HIRNI', 1, 4, 9, 95, NULL, NULL, NULL),
(1554, 'MASANKHON', 1, 4, 9, 95, NULL, NULL, NULL),
(1555, 'BARANA', 1, 4, 9, 95, NULL, NULL, NULL),
(1556, 'BARGOWN', 1, 4, 9, 95, NULL, NULL, NULL),
(1557, 'PAKAHI JHAJHRA', 1, 4, 9, 95, NULL, NULL, NULL),
(1558, 'NARMA NAVANAGAR', 1, 4, 9, 96, NULL, NULL, NULL),
(1559, 'ADHLOAM', 1, 4, 9, 96, NULL, NULL, NULL),
(1560, 'ALINAGAR', 1, 4, 9, 96, NULL, NULL, NULL),
(1561, 'DHAMUARA DHAMSAIN', 1, 4, 9, 96, NULL, NULL, NULL),
(1562, 'GARAUL', 1, 4, 9, 96, NULL, NULL, NULL),
(1563, 'HANUMAN NAGAR', 1, 4, 9, 96, NULL, NULL, NULL),
(1564, 'HARIYATH', 1, 4, 9, 96, NULL, NULL, NULL),
(1565, 'HARSINGHPUR', 1, 4, 9, 96, NULL, NULL, NULL),
(1566, 'MOHIUDDINPUR PAKRI', 1, 4, 9, 96, NULL, NULL, NULL),
(1567, 'MOTIPUR', 1, 4, 9, 96, NULL, NULL, NULL),
(1568, 'TUMAUL SUHATH LAHTA', 1, 4, 9, 96, NULL, NULL, NULL),
(1569, 'BAJIDPUR', 1, 4, 9, 97, NULL, NULL, NULL),
(1570, 'BARUARA', 1, 4, 9, 97, NULL, NULL, NULL),
(1571, 'BASATPUT', 1, 4, 9, 97, NULL, NULL, NULL),
(1572, 'BIUNI ANDAMA', 1, 4, 9, 97, NULL, NULL, NULL),
(1573, 'DARHAR', 1, 4, 9, 97, NULL, NULL, NULL),
(1574, 'HARIPATTI', 1, 4, 9, 97, NULL, NULL, NULL),
(1575, 'JALWARA', 1, 4, 9, 97, NULL, NULL, NULL),
(1576, 'TIKAPATTI', 1, 4, 9, 97, NULL, NULL, NULL),
(1577, 'KHAIRA', 1, 4, 9, 97, NULL, NULL, NULL),
(1578, 'KHERAJPUR', 1, 4, 9, 97, NULL, NULL, NULL),
(1579, 'KUSHOTHAR', 1, 4, 9, 97, NULL, NULL, NULL),
(1580, 'MANIYARI', 1, 4, 9, 97, NULL, NULL, NULL),
(1581, 'MEKNA BAIDA', 1, 4, 9, 97, NULL, NULL, NULL),
(1582, 'PIRRI', 1, 4, 9, 97, NULL, NULL, NULL),
(1583, 'RAMBHADRAPUR', 1, 4, 9, 97, NULL, NULL, NULL),
(1584, 'SIMRA NEHALPUR', 1, 4, 9, 97, NULL, NULL, NULL),
(1585, 'TARALAHI', 1, 4, 9, 97, NULL, NULL, NULL),
(1586, 'UGHARA', 1, 4, 9, 97, NULL, NULL, NULL),
(1587, 'UGHARA MAHPARA', 1, 4, 9, 97, NULL, NULL, NULL),
(1588, 'BAHADURPUR DEKULI', 1, 4, 9, 97, NULL, NULL, NULL),
(1589, 'DILAWARPUR', 1, 4, 9, 97, NULL, NULL, NULL),
(1590, 'OJHAUL', 1, 4, 9, 97, NULL, NULL, NULL),
(1591, 'PREMJIWAR', 1, 4, 9, 97, NULL, NULL, NULL),
(1592, 'GUJRAULI RAMAULI', 1, 4, 9, 98, NULL, NULL, NULL),
(1593, 'HARHACHA', 1, 4, 9, 98, NULL, NULL, NULL),
(1594, 'HATHAURI NORTH', 1, 4, 9, 98, NULL, NULL, NULL),
(1595, 'HATHAURI SOUTH', 1, 4, 9, 98, NULL, NULL, NULL),
(1596, 'HAWIDIH MIDDLE', 1, 4, 9, 98, NULL, NULL, NULL),
(1597, 'HAWIDIH SOUTH', 1, 4, 9, 98, NULL, NULL, NULL),
(1598, 'THATHOPUR', 1, 4, 9, 98, NULL, NULL, NULL),
(1599, 'ATHAR NORTH', 1, 4, 9, 98, NULL, NULL, NULL),
(1600, 'ATHAR SOUTH', 1, 4, 9, 98, NULL, NULL, NULL),
(1601, 'BAGHAUNI', 1, 4, 9, 98, NULL, NULL, NULL),
(1602, 'BAHERI EAST', 1, 4, 9, 98, NULL, NULL, NULL),
(1603, 'BAHERI WEST', 1, 4, 9, 98, NULL, NULL, NULL),
(1604, 'BALIGAON', 1, 4, 9, 98, NULL, NULL, NULL),
(1605, 'DOHAT NARAYAN', 1, 4, 9, 98, NULL, NULL, NULL),
(1606, 'GANGDAH SHIVRAM', 1, 4, 9, 98, NULL, NULL, NULL),
(1607, 'HAWIDIH NORTH', 1, 4, 9, 98, NULL, NULL, NULL),
(1608, 'INAI', 1, 4, 9, 98, NULL, NULL, NULL),
(1609, 'JORJA', 1, 4, 9, 98, NULL, NULL, NULL),
(1610, 'MITHUNIA', 1, 4, 9, 98, NULL, NULL, NULL),
(1611, 'NIMAITHI', 1, 4, 9, 98, NULL, NULL, NULL),
(1612, 'PAGHARI', 1, 4, 9, 98, NULL, NULL, NULL),
(1613, 'SAMADHPURA', 1, 4, 9, 98, NULL, NULL, NULL),
(1614, 'SUSARI TURKI', 1, 4, 9, 98, NULL, NULL, NULL),
(1615, 'BHACHHI', 1, 4, 9, 98, NULL, NULL, NULL),
(1616, 'BITHAULI', 1, 4, 9, 98, NULL, NULL, NULL),
(1617, 'CHAKWA BHARWARI', 1, 4, 9, 98, NULL, NULL, NULL),
(1618, 'DHANAULI', 1, 4, 9, 98, NULL, NULL, NULL),
(1619, 'POHADDI WEST', 1, 4, 9, 99, NULL, NULL, NULL),
(1620, 'SAJJANPURA', 1, 4, 9, 99, NULL, NULL, NULL),
(1621, 'BAHERA', 1, 4, 9, 99, NULL, NULL, NULL),
(1622, 'BASUHAM', 1, 4, 9, 99, NULL, NULL, NULL),
(1623, 'BATHO RADHIYAM', 1, 4, 9, 99, NULL, NULL, NULL),
(1624, 'BENIPUR', 1, 4, 9, 99, NULL, NULL, NULL),
(1625, 'DAKHARAM', 1, 4, 9, 99, NULL, NULL, NULL),
(1626, 'DEVRAM AMAITHI', 1, 4, 9, 99, NULL, NULL, NULL),
(1627, 'DHERUKH POHADDI EAST', 1, 4, 9, 99, NULL, NULL, NULL),
(1628, 'GANESH BANAUL BALNI', 1, 4, 9, 99, NULL, NULL, NULL),
(1629, 'HABI BHAUAR', 1, 4, 9, 99, NULL, NULL, NULL),
(1630, 'HARIPUR', 1, 4, 9, 99, NULL, NULL, NULL),
(1631, 'JARISON', 1, 4, 9, 99, NULL, NULL, NULL),
(1632, 'MADHOPUR MAHAMADPUR', 1, 4, 9, 99, NULL, NULL, NULL),
(1633, 'MAHINAM', 1, 4, 9, 99, NULL, NULL, NULL),
(1634, 'MAJHAURA', 1, 4, 9, 99, NULL, NULL, NULL),
(1635, 'NAWADA', 1, 4, 9, 99, NULL, NULL, NULL),
(1636, 'SAJHUAR', 1, 4, 9, 99, NULL, NULL, NULL),
(1637, 'MAKARAMPUR', 1, 4, 9, 99, NULL, NULL, NULL),
(1638, 'RAMAULI', 1, 4, 9, 99, NULL, NULL, NULL),
(1639, 'SHIVRAM', 1, 4, 9, 99, NULL, NULL, NULL),
(1640, 'TARAUNI', 1, 4, 9, 99, NULL, NULL, NULL),
(1641, 'ARGA USRI', 1, 4, 9, 100, NULL, NULL, NULL),
(1642, 'LADAHO', 1, 4, 9, 100, NULL, NULL, NULL),
(1643, 'PATANIA', 1, 4, 9, 100, NULL, NULL, NULL),
(1644, 'BAIRAMPUR', 1, 4, 9, 100, NULL, NULL, NULL),
(1645, 'DEKULI JAGARNATHPUR', 1, 4, 9, 100, NULL, NULL, NULL),
(1646, 'GANAURA TARWARA', 1, 4, 9, 100, NULL, NULL, NULL),
(1647, 'ITWA SHIVNAGAR', 1, 4, 9, 100, NULL, NULL, NULL),
(1648, 'KAMARKALA', 1, 4, 9, 100, NULL, NULL, NULL),
(1649, 'MANAUR BHAURAM', 1, 4, 9, 100, NULL, NULL, NULL),
(1650, 'PARRI', 1, 4, 9, 100, NULL, NULL, NULL),
(1651, 'POKHRAM SOUTH', 1, 4, 9, 100, NULL, NULL, NULL),
(1652, 'POKRAM NORTH', 1, 4, 9, 100, NULL, NULL, NULL),
(1653, 'RAMNAGAR', 1, 4, 9, 100, NULL, NULL, NULL),
(1654, 'ROHAR MAHMUDA', 1, 4, 9, 100, NULL, NULL, NULL),
(1655, 'SAHO', 1, 4, 9, 100, NULL, NULL, NULL),
(1656, 'SAHSARAM', 1, 4, 9, 100, NULL, NULL, NULL),
(1657, 'SONPUR PAGHARI', 1, 4, 9, 100, NULL, NULL, NULL),
(1658, 'AFZALA', 1, 4, 9, 100, NULL, NULL, NULL),
(1659, 'AKBARPUR BAINK', 1, 4, 9, 100, NULL, NULL, NULL),
(1660, 'BHAWANIPUR', 1, 4, 9, 100, NULL, NULL, NULL),
(1661, 'BIRAUL', 1, 4, 9, 100, NULL, NULL, NULL),
(1662, 'DUMRI', 1, 4, 9, 100, NULL, NULL, NULL),
(1663, 'KAHUA', 1, 4, 9, 100, NULL, NULL, NULL),
(1664, 'NEURI', 1, 4, 9, 100, NULL, NULL, NULL),
(1665, 'SUPAUL', 1, 4, 9, 100, NULL, NULL, NULL),
(1666, 'CHHTI', 1, 4, 9, 100, NULL, NULL, NULL),
(1667, 'ANANDPUR SAHORA', 1, 4, 9, 101, NULL, NULL, NULL),
(1668, 'CHANDANPATTI', 1, 4, 9, 101, NULL, NULL, NULL),
(1669, 'GHOSRAMA', 1, 4, 9, 101, NULL, NULL, NULL),
(1670, 'MAJHAULIA', 1, 4, 9, 101, NULL, NULL, NULL),
(1671, 'MALHIPATTI NORTH', 1, 4, 9, 101, NULL, NULL, NULL),
(1672, 'RASULPUR', 1, 4, 9, 101, NULL, NULL, NULL),
(1673, 'SIDHAULI', 1, 4, 9, 101, NULL, NULL, NULL),
(1674, 'SIRNIA EAST RUSTAMPUR', 1, 4, 9, 101, NULL, NULL, NULL),
(1675, 'SIRNIA WEST BILASPUR', 1, 4, 9, 101, NULL, NULL, NULL),
(1676, 'MALHIPATTI SOUTH', 1, 4, 9, 101, NULL, NULL, NULL),
(1677, 'MIRZAPUR', 1, 4, 9, 101, NULL, NULL, NULL),
(1678, 'PATOR', 1, 4, 9, 101, NULL, NULL, NULL),
(1679, 'PAURAM', 1, 4, 9, 101, NULL, NULL, NULL),
(1680, 'SRIRAMPUR', 1, 4, 9, 101, NULL, NULL, NULL),
(1681, 'AHIYARI NORTH', 1, 4, 9, 102, NULL, NULL, NULL),
(1682, 'AHIYARI SOUTH', 1, 4, 9, 102, NULL, NULL, NULL),
(1683, 'BANDHAULI', 1, 4, 9, 102, NULL, NULL, NULL),
(1684, 'KACHHUA', 1, 4, 9, 102, NULL, NULL, NULL),
(1685, 'KARWA TARIYANI', 1, 4, 9, 102, NULL, NULL, NULL),
(1686, 'KATRAUL BASANT', 1, 4, 9, 102, NULL, NULL, NULL),
(1687, 'MASSA', 1, 4, 9, 102, NULL, NULL, NULL),
(1688, 'MURAITHA', 1, 4, 9, 102, NULL, NULL, NULL),
(1689, 'RADHI NORTH', 1, 4, 9, 102, NULL, NULL, NULL),
(1690, 'RADHI WEST', 1, 4, 9, 102, NULL, NULL, NULL),
(1691, 'RATANPUR', 1, 4, 9, 102, NULL, NULL, NULL),
(1692, 'REORHA', 1, 4, 9, 102, NULL, NULL, NULL),
(1693, 'SAHASPUR', 1, 4, 9, 102, NULL, NULL, NULL),
(1694, 'BRAHMAPUR EAST', 1, 4, 9, 102, NULL, NULL, NULL),
(1695, 'BRAHMAPUR WEST', 1, 4, 9, 102, NULL, NULL, NULL),
(1696, 'DHADHIA', 1, 4, 9, 102, NULL, NULL, NULL),
(1697, 'JALE EAST', 1, 4, 9, 102, NULL, NULL, NULL),
(1698, 'JALE NORTH', 1, 4, 9, 102, NULL, NULL, NULL),
(1699, 'JALE SOUTH', 1, 4, 9, 102, NULL, NULL, NULL),
(1700, 'JALE WEST', 1, 4, 9, 102, NULL, NULL, NULL),
(1701, 'JOGIYARA', 1, 4, 9, 102, NULL, NULL, NULL),
(1702, 'KAJI BAHERA', 1, 4, 9, 102, NULL, NULL, NULL),
(1703, 'KAMTAUL', 1, 4, 9, 102, NULL, NULL, NULL),
(1704, 'RADHI EAST', 1, 4, 9, 102, NULL, NULL, NULL),
(1705, 'RADHI SOUTH', 1, 4, 9, 102, NULL, NULL, NULL),
(1706, 'DOGHRA', 1, 4, 9, 102, NULL, NULL, NULL),
(1707, 'JAMALPUR', 1, 4, 9, 103, NULL, NULL, NULL),
(1708, 'JHAGARUA', 1, 4, 9, 103, NULL, NULL, NULL),
(1709, 'JHAGARUA TARWARA', 1, 4, 9, 103, NULL, NULL, NULL),
(1710, 'KHAISA JAMALPUR', 1, 4, 9, 103, NULL, NULL, NULL),
(1711, 'KIRATPUR', 1, 4, 9, 103, NULL, NULL, NULL),
(1712, 'KUBAUL DHANGA', 1, 4, 9, 103, NULL, NULL, NULL),
(1713, 'RASIYARI PAUNI', 1, 4, 9, 103, NULL, NULL, NULL),
(1714, 'RKATIA BHANDARIA', 1, 4, 9, 103, NULL, NULL, NULL),
(1715, 'BHINDUA', 1, 4, 9, 104, NULL, NULL, NULL),
(1716, 'ITAHAR', 1, 4, 9, 104, NULL, NULL, NULL),
(1717, 'K. ASTHAN NORTH', 1, 4, 9, 104, NULL, NULL, NULL),
(1718, 'K.ASTHAN SOUTH', 1, 4, 9, 104, NULL, NULL, NULL),
(1719, 'KEWATGAMA', 1, 4, 9, 104, NULL, NULL, NULL),
(1720, 'MAHISAUTH', 1, 4, 9, 104, NULL, NULL, NULL),
(1721, 'SUGHRAIN', 1, 4, 9, 104, NULL, NULL, NULL),
(1722, 'TILKESHWAR', 1, 4, 9, 104, NULL, NULL, NULL),
(1723, 'UJUA SIMARTOKA', 1, 4, 9, 104, NULL, NULL, NULL),
(1724, 'USRI', 1, 4, 9, 104, NULL, NULL, NULL),
(1725, 'BAGHANT', 1, 4, 9, 105, NULL, NULL, NULL),
(1726, 'BALAUR', 1, 4, 9, 105, NULL, NULL, NULL),
(1727, 'BHANDARISON', 1, 4, 9, 105, NULL, NULL, NULL),
(1728, 'BRAHMAPUR', 1, 4, 9, 105, NULL, NULL, NULL),
(1729, 'BRAHMAPURA BHATPURA', 1, 4, 9, 105, NULL, NULL, NULL),
(1730, 'NEHRA WEST', 1, 4, 9, 105, NULL, NULL, NULL),
(1731, 'RAGHOPUR EAST', 1, 4, 9, 105, NULL, NULL, NULL),
(1732, 'RAGHOPUR SOUTH', 1, 4, 9, 105, NULL, NULL, NULL),
(1733, 'RAGHOPUR WEST', 1, 4, 9, 105, NULL, NULL, NULL),
(1734, 'RAJE', 1, 4, 9, 105, NULL, NULL, NULL),
(1735, 'TATUAR', 1, 4, 9, 105, NULL, NULL, NULL),
(1736, 'UJAAN', 1, 4, 9, 105, NULL, NULL, NULL),
(1737, 'BAZIDPUR', 1, 4, 9, 105, NULL, NULL, NULL),
(1738, 'CHANAUR', 1, 4, 9, 105, NULL, NULL, NULL),
(1739, 'GANGAULI KANAKPUR', 1, 4, 9, 105, NULL, NULL, NULL),
(1740, 'JAGDISHPUR', 1, 4, 9, 105, NULL, NULL, NULL),
(1741, 'JATUKA PAIKTOL', 1, 4, 9, 105, NULL, NULL, NULL),
(1742, 'KATMA BAHUARWA', 1, 4, 9, 105, NULL, NULL, NULL),
(1743, 'MAUNBEHAT', 1, 4, 9, 105, NULL, NULL, NULL),
(1744, 'NEHRA EAST', 1, 4, 9, 105, NULL, NULL, NULL),
(1745, 'PAITHAN KAWAI', 1, 4, 9, 105, NULL, NULL, NULL),
(1746, 'RAGHOPUR NORTH', 1, 4, 9, 105, NULL, NULL, NULL),
(1747, 'RAMPURA', 1, 4, 9, 106, NULL, NULL, NULL),
(1748, 'SHANKARPUR', 1, 4, 9, 106, NULL, NULL, NULL),
(1749, 'TEKTAR', 1, 4, 9, 106, NULL, NULL, NULL),
(1750, 'BHARWARA', 1, 4, 9, 106, NULL, NULL, NULL),
(1751, 'KALIGAON', 1, 4, 9, 106, NULL, NULL, NULL),
(1752, 'KATASA', 1, 4, 9, 106, NULL, NULL, NULL),
(1753, 'KATKA', 1, 4, 9, 106, NULL, NULL, NULL),
(1754, 'MADHOPUR BASATWARA', 1, 4, 9, 106, NULL, NULL, NULL),
(1755, 'MANIKAULI', 1, 4, 9, 106, NULL, NULL, NULL),
(1756, 'NISTA', 1, 4, 9, 106, NULL, NULL, NULL),
(1757, 'RAJO', 1, 4, 9, 106, NULL, NULL, NULL),
(1758, 'SADHWARA', 1, 4, 9, 106, NULL, NULL, NULL),
(1759, 'SANAHPUR', 1, 4, 9, 106, NULL, NULL, NULL),
(1760, 'SIMRI', 1, 4, 9, 106, NULL, NULL, NULL),
(1761, 'SINGHWARA NORTH', 1, 4, 9, 106, NULL, NULL, NULL),
(1762, 'SINGHWARA SOUTH', 1, 4, 9, 106, NULL, NULL, NULL),
(1763, 'ARAI BIRDIPUR', 1, 4, 9, 106, NULL, NULL, NULL),
(1764, 'ASTHUA', 1, 4, 9, 106, NULL, NULL, NULL),
(1765, 'BANAULI', 1, 4, 9, 106, NULL, NULL, NULL),
(1766, 'BHARATHI', 1, 4, 9, 106, NULL, NULL, NULL),
(1767, 'BHARHULLI', 1, 4, 9, 106, NULL, NULL, NULL),
(1768, 'BHAWANIPUR', 1, 4, 9, 106, NULL, NULL, NULL),
(1769, 'HARIHARPUR EAST', 1, 4, 9, 106, NULL, NULL, NULL),
(1770, 'HARPUR', 1, 4, 9, 106, NULL, NULL, NULL),
(1771, 'HARIHARPUR WEST', 1, 4, 9, 106, NULL, NULL, NULL),
(1772, 'BISAHATH BATHIA', 1, 4, 9, 107, NULL, NULL, NULL),
(1773, 'IZARHATTA', 1, 4, 9, 107, NULL, NULL, NULL),
(1774, 'KAITHWAR', 1, 4, 9, 107, NULL, NULL, NULL),
(1775, 'KAKODHA', 1, 4, 9, 107, NULL, NULL, NULL),
(1776, 'KATHARA', 1, 4, 9, 107, NULL, NULL, NULL),
(1777, 'LAGMA', 1, 4, 9, 107, NULL, NULL, NULL),
(1778, 'MAHTHAUR', 1, 4, 9, 107, NULL, NULL, NULL),
(1779, 'NADIYAMI', 1, 4, 9, 107, NULL, NULL, NULL),
(1780, 'BAIKA', 1, 4, 9, 107, NULL, NULL, NULL),
(1781, 'POKHARBHINDA', 1, 4, 9, 107, NULL, NULL, NULL),
(1782, 'SHERPUR NARAYANPUR', 1, 4, 9, 107, NULL, NULL, NULL),
(1783, 'RAJA KHARWAR', 1, 4, 9, 107, NULL, NULL, NULL),
(1784, 'THENGAHA', 1, 4, 9, 107, NULL, NULL, NULL),
(1785, 'KURSO MACHETA', 1, 4, 9, 107, NULL, NULL, NULL),
(1786, 'AASI', 1, 4, 9, 108, NULL, NULL, NULL),
(1787, 'ADHARPUR', 1, 4, 9, 108, NULL, NULL, NULL),
(1788, 'BAURAM', 1, 4, 9, 108, NULL, NULL, NULL),
(1789, 'KANHAI', 1, 4, 9, 108, NULL, NULL, NULL),
(1790, 'KASRAUR BASAULI', 1, 4, 9, 108, NULL, NULL, NULL),
(1791, 'KASRAUR BELWARA', 1, 4, 9, 108, NULL, NULL, NULL),
(1792, 'KASRAUR KARKAULI', 1, 4, 9, 108, NULL, NULL, NULL),
(1793, 'KUMAI BHADAUN', 1, 4, 9, 108, NULL, NULL, NULL),
(1794, 'NARI', 1, 4, 9, 108, NULL, NULL, NULL),
(1795, 'BAGRASI', 1, 4, 9, 108, NULL, NULL, NULL),
(1796, 'GORAMANSINGH', 1, 4, 9, 108, NULL, NULL, NULL),
(1797, 'MANSARA', 1, 4, 9, 108, NULL, NULL, NULL),
(1798, 'NADAI', 1, 4, 9, 108, NULL, NULL, NULL),
(1799, 'BASUDEOPUR', 1, 4, 9, 109, NULL, NULL, NULL),
(1800, 'MURIA', 1, 4, 9, 109, NULL, NULL, NULL),
(1801, 'NAINAGHAT', 1, 4, 9, 109, NULL, NULL, NULL),
(1802, 'RANIPUR', 1, 4, 9, 109, NULL, NULL, NULL),
(1803, 'SISO EAST', 1, 4, 9, 109, NULL, NULL, NULL),
(1804, 'ATIHAR', 1, 4, 9, 109, NULL, NULL, NULL),
(1805, 'BALHA', 1, 4, 9, 109, NULL, NULL, NULL),
(1806, 'BHALPATTI', 1, 4, 9, 109, NULL, NULL, NULL),
(1807, 'BIJULI', 1, 4, 9, 109, NULL, NULL, NULL),
(1808, 'CHHOTAIPATTI', 1, 4, 9, 109, NULL, NULL, NULL),
(1809, 'DHOI', 1, 4, 9, 109, NULL, NULL, NULL),
(1810, 'DULARPUR', 1, 4, 9, 109, NULL, NULL, NULL),
(1811, 'KANSI', 1, 4, 9, 109, NULL, NULL, NULL),
(1812, 'KHARUA', 1, 4, 9, 109, NULL, NULL, NULL),
(1813, 'KHUTWARA', 1, 4, 9, 109, NULL, NULL, NULL),
(1814, 'LOAM', 1, 4, 9, 109, NULL, NULL, NULL),
(1815, 'SAHBAJPUR', 1, 4, 9, 109, NULL, NULL, NULL),
(1816, 'SARA MAHAMAD', 1, 4, 9, 109, NULL, NULL, NULL),
(1817, 'SISO WEST', 1, 4, 9, 109, NULL, NULL, NULL),
(1818, 'SONKI PANCHAYAT', 1, 4, 9, 109, NULL, NULL, NULL),
(1819, 'ADALPUR', 1, 4, 9, 109, NULL, NULL, NULL),
(1820, 'GHORGHATTA', 1, 4, 9, 109, NULL, NULL, NULL),
(1821, 'KABIR CHAK', 1, 4, 9, 109, NULL, NULL, NULL),
(1822, 'ARAILA', 1, 4, 9, 110, NULL, NULL, NULL),
(1823, 'DIHLAHI', 1, 4, 9, 110, NULL, NULL, NULL),
(1824, 'RAMPUR DIH', 1, 4, 9, 110, NULL, NULL, NULL),
(1825, 'RUPAULI', 1, 4, 9, 110, NULL, NULL, NULL),
(1826, 'SINUARA', 1, 4, 9, 110, NULL, NULL, NULL),
(1827, 'THALWARA', 1, 4, 9, 110, NULL, NULL, NULL),
(1828, 'GODAIPATTI', 1, 4, 9, 110, NULL, NULL, NULL),
(1829, 'GODHAILA', 1, 4, 9, 110, NULL, NULL, NULL),
(1830, 'GODHIYARI', 1, 4, 9, 110, NULL, NULL, NULL),
(1831, 'NEYAM CHHATAUNA', 1, 4, 9, 110, NULL, NULL, NULL),
(1832, 'PANCHOBH', 1, 4, 9, 110, NULL, NULL, NULL),
(1833, 'PATORI', 1, 4, 9, 110, NULL, NULL, NULL),
(1834, 'MORO', 1, 4, 9, 110, NULL, NULL, NULL),
(1835, 'NARSARA', 1, 4, 9, 110, NULL, NULL, NULL),
(1836, 'ASARAHA', 1, 4, 9, 111, NULL, NULL, NULL),
(1837, 'BANSARA', 1, 4, 9, 111, NULL, NULL, NULL),
(1838, 'BARAHI', 1, 4, 9, 111, NULL, NULL, NULL),
(1839, 'BARIAUL', 1, 4, 9, 111, NULL, NULL, NULL),
(1840, 'CHHACHHA PACHADHI', 1, 4, 9, 111, NULL, NULL, NULL),
(1841, 'CHHATWAN', 1, 4, 9, 111, NULL, NULL, NULL),
(1842, 'DIGHIYAR', 1, 4, 9, 111, NULL, NULL, NULL),
(1843, 'JALWARA', 1, 4, 9, 111, NULL, NULL, NULL),
(1844, 'KARJAPATTI', 1, 4, 9, 111, NULL, NULL, NULL),
(1845, 'KEOTI', 1, 4, 9, 111, NULL, NULL, NULL),
(1846, 'SHEKHPUR DANI', 1, 4, 9, 111, NULL, NULL, NULL),
(1847, 'KHIRMA', 1, 4, 9, 111, NULL, NULL, NULL),
(1848, 'KOTHIA', 1, 4, 9, 111, NULL, NULL, NULL),
(1849, 'KOYLASTHAN', 1, 4, 9, 111, NULL, NULL, NULL),
(1850, 'LADARI', 1, 4, 9, 111, NULL, NULL, NULL),
(1851, 'LAHWAR', 1, 4, 9, 111, NULL, NULL, NULL),
(1852, 'LALGANJ', 1, 4, 9, 111, NULL, NULL, NULL),
(1853, 'MADHOPATTI', 1, 4, 9, 111, NULL, NULL, NULL),
(1854, 'MAJHIGAMA', 1, 4, 9, 111, NULL, NULL, NULL),
(1855, 'NANAURA', 1, 4, 9, 111, NULL, NULL, NULL),
(1856, 'NAYAGAON EAST', 1, 4, 9, 111, NULL, NULL, NULL),
(1857, 'NAYAGAON WEST', 1, 4, 9, 111, NULL, NULL, NULL),
(1858, 'PAIGAMBERPUR', 1, 4, 9, 111, NULL, NULL, NULL),
(1859, 'RAJAURA', 1, 4, 9, 111, NULL, NULL, NULL),
(1860, 'SARJAPUR', 1, 4, 9, 111, NULL, NULL, NULL),
(1861, 'PINDARUCHH', 1, 4, 9, 111, NULL, NULL, NULL),
(1862, 'BARHMPUR MASWASI', 1, 4, 9, 112, NULL, NULL, NULL),
(1863, 'BUDHAIB INAYATPUR', 1, 4, 9, 112, NULL, NULL, NULL),
(1864, 'GHANSHYAMPUR', 1, 4, 9, 112, NULL, NULL, NULL),
(1865, 'JAIDEOPATTI', 1, 4, 9, 112, NULL, NULL, NULL),
(1866, 'KORTHU WEST', 1, 4, 9, 112, NULL, NULL, NULL),
(1867, 'PALI', 1, 4, 9, 112, NULL, NULL, NULL),
(1868, 'POHADDI', 1, 4, 9, 112, NULL, NULL, NULL),
(1869, 'PUNHAD', 1, 4, 9, 112, NULL, NULL, NULL),
(1870, 'TUMAUL', 1, 4, 9, 112, NULL, NULL, NULL),
(1871, 'GANAUN', 1, 4, 9, 112, NULL, NULL, NULL),
(1872, 'KORTHU EAST', 1, 4, 9, 112, NULL, NULL, NULL),
(1873, 'LAGMA', 1, 4, 9, 112, NULL, NULL, NULL),
(1874, 'ANDHRA', 1, 4, 10, 113, NULL, NULL, NULL),
(1875, 'AURAIA', 1, 4, 10, 113, NULL, NULL, NULL),
(1876, 'BAKHARI', 1, 4, 10, 113, NULL, NULL, NULL),
(1877, 'BARWA', 1, 4, 10, 113, NULL, NULL, NULL),
(1878, 'BELWA', 1, 4, 10, 113, NULL, NULL, NULL),
(1879, 'BHAWANI PUR', 1, 4, 10, 113, NULL, NULL, NULL),
(1880, 'BHERIHARI', 1, 4, 10, 113, NULL, NULL, NULL),
(1881, 'DUBAHA', 1, 4, 10, 113, NULL, NULL, NULL),
(1882, 'GAMHARIYA', 1, 4, 10, 113, NULL, NULL, NULL),
(1883, 'HARPUR', 1, 4, 10, 113, NULL, NULL, NULL),
(1884, 'KORAIYA', 1, 4, 10, 113, NULL, NULL, NULL),
(1885, 'LAXAMI PUR POKHARIYA', 1, 4, 10, 113, NULL, NULL, NULL),
(1886, 'MAJHARIYA', 1, 4, 10, 113, NULL, NULL, NULL),
(1887, 'MURTIYA', 1, 4, 10, 113, NULL, NULL, NULL),
(1888, 'NAKARDEI', 1, 4, 10, 113, NULL, NULL, NULL),
(1889, 'SHAM PUR', 1, 4, 10, 113, NULL, NULL, NULL),
(1890, 'SIRISIYA KALA', 1, 4, 10, 113, NULL, NULL, NULL),
(1891, 'BABHNAULI', 1, 4, 10, 114, NULL, NULL, NULL),
(1892, 'BAHADURPUR', 1, 4, 10, 114, NULL, NULL, NULL),
(1893, 'CHATIA BARHARWA', 1, 4, 10, 114, NULL, NULL, NULL),
(1894, 'CHATIA CHINTAMANPUR', 1, 4, 10, 114, NULL, NULL, NULL),
(1895, 'MAHARKHA', 1, 4, 10, 114, NULL, NULL, NULL),
(1896, 'MAMARKHATOLA BHAIYA', 1, 4, 10, 114, NULL, NULL, NULL),
(1897, 'MANGURAHAN', 1, 4, 10, 114, NULL, NULL, NULL),
(1898, 'MISRAULIA', 1, 4, 10, 114, NULL, NULL, NULL),
(1899, 'MURA', 1, 4, 10, 114, NULL, NULL, NULL),
(1900, 'NAGDAHAN', 1, 4, 10, 114, NULL, NULL, NULL),
(1901, 'NAWADA', 1, 4, 10, 114, NULL, NULL, NULL),
(1902, 'PIPRA', 1, 4, 10, 114, NULL, NULL, NULL),
(1903, 'RARHIYA', 1, 4, 10, 114, NULL, NULL, NULL),
(1904, 'SAREYA', 1, 4, 10, 114, NULL, NULL, NULL),
(1905, 'BANKATWA', 1, 4, 10, 115, NULL, NULL, NULL),
(1906, 'BIJBANI EAST', 1, 4, 10, 115, NULL, NULL, NULL),
(1907, 'BIJBANI NORTH', 1, 4, 10, 115, NULL, NULL, NULL),
(1908, 'BIJBANI SOUTH', 1, 4, 10, 115, NULL, NULL, NULL),
(1909, 'GOLA PAKARIA', 1, 4, 10, 115, NULL, NULL, NULL),
(1910, 'INARWA PHULWAR', 1, 4, 10, 115, NULL, NULL, NULL),
(1911, 'JEET PUR', 1, 4, 10, 115, NULL, NULL, NULL),
(1912, 'JHANJHARA', 1, 4, 10, 115, NULL, NULL, NULL),
(1913, 'NIMUIYA EAST', 1, 4, 10, 115, NULL, NULL, NULL),
(1914, 'NIMUIYA WEST', 1, 4, 10, 115, NULL, NULL, NULL),
(1915, 'BAISAHA', 1, 4, 10, 116, NULL, NULL, NULL),
(1916, 'BARAMADIA', 1, 4, 10, 116, NULL, NULL, NULL),
(1917, 'BHIRKHIA', 1, 4, 10, 116, NULL, NULL, NULL),
(1918, 'BISHUNPURA', 1, 4, 10, 116, NULL, NULL, NULL),
(1919, 'CHAKIA', 1, 4, 10, 116, NULL, NULL, NULL),
(1920, 'CHAKWARA', 1, 4, 10, 116, NULL, NULL, NULL),
(1921, 'CHINTAMANPUR', 1, 4, 10, 116, NULL, NULL, NULL),
(1922, 'HARDIYABAD', 1, 4, 10, 116, NULL, NULL, NULL),
(1923, 'HARPPUR', 1, 4, 10, 116, NULL, NULL, NULL),
(1924, 'JAMUNIA', 1, 4, 10, 116, NULL, NULL, NULL),
(1925, 'KUARPUR', 1, 4, 10, 116, NULL, NULL, NULL),
(1926, 'KUNAWA', 1, 4, 10, 116, NULL, NULL, NULL),
(1927, 'KUNRIA', 1, 4, 10, 116, NULL, NULL, NULL),
(1928, 'MADHUBAN BEDIBAN', 1, 4, 10, 116, NULL, NULL, NULL),
(1929, 'MADHURAPUR-', 1, 4, 10, 116, NULL, NULL, NULL),
(1930, 'MAHUAWA', 1, 4, 10, 116, NULL, NULL, NULL),
(1931, 'RAMGARHMAHUAAWA', 1, 4, 10, 116, NULL, NULL, NULL),
(1932, 'SAGAR', 1, 4, 10, 116, NULL, NULL, NULL),
(1933, 'BARAJAIRAM', 1, 4, 10, 117, NULL, NULL, NULL),
(1934, 'DIPAHI DHARHARWA', 1, 4, 10, 117, NULL, NULL, NULL),
(1935, 'HARAJ NURULLAHPUR', 1, 4, 10, 117, NULL, NULL, NULL),
(1936, 'HARNARAINA', 1, 4, 10, 117, NULL, NULL, NULL),
(1937, 'KAPOORPAKRI', 1, 4, 10, 117, NULL, NULL, NULL),
(1938, 'KHARTARI EAST', 1, 4, 10, 117, NULL, NULL, NULL),
(1939, 'KHARTARI MIDLE', 1, 4, 10, 117, NULL, NULL, NULL),
(1940, 'KHARTARI WEST', 1, 4, 10, 117, NULL, NULL, NULL),
(1941, 'KHORA', 1, 4, 10, 117, NULL, NULL, NULL),
(1942, 'MADHOPUR', 1, 4, 10, 117, NULL, NULL, NULL),
(1943, 'MADHUBNAI', 1, 4, 10, 117, NULL, NULL, NULL),
(1944, 'MAHUAWA EAST', 1, 4, 10, 117, NULL, NULL, NULL),
(1945, 'MAHUAWA WEST', 1, 4, 10, 117, NULL, NULL, NULL),
(1946, 'MIRPUR', 1, 4, 10, 117, NULL, NULL, NULL),
(1947, 'MISRAULIA', 1, 4, 10, 117, NULL, NULL, NULL),
(1948, 'PAREWA', 1, 4, 10, 117, NULL, NULL, NULL),
(1949, 'RAGHOPUR', 1, 4, 10, 117, NULL, NULL, NULL),
(1950, 'RAMPUR NORTH', 1, 4, 10, 117, NULL, NULL, NULL),
(1951, 'RAMPUR SOUTH', 1, 4, 10, 117, NULL, NULL, NULL),
(1952, 'ROOPHARA', 1, 4, 10, 117, NULL, NULL, NULL),
(1953, 'SARAUGARH', 1, 4, 10, 117, NULL, NULL, NULL),
(1954, 'SEMRA', 1, 4, 10, 117, NULL, NULL, NULL),
(1955, 'SIRAUNA', 1, 4, 10, 117, NULL, NULL, NULL),
(1956, 'BALUA GUABARI', 1, 4, 10, 118, NULL, NULL, NULL),
(1957, 'BARHARWA FATEH MOHAMAD', 1, 4, 10, 118, NULL, NULL, NULL),
(1958, 'BARHARWA LAKHAN SEN', 1, 4, 10, 118, NULL, NULL, NULL),
(1959, 'BARHARWA SIWAN', 1, 4, 10, 118, NULL, NULL, NULL),
(1960, 'BHAGWANPUR', 1, 4, 10, 118, NULL, NULL, NULL),
(1961, 'BHANDAR', 1, 4, 10, 118, NULL, NULL, NULL),
(1962, 'CHANDAN BARA', 1, 4, 10, 118, NULL, NULL, NULL),
(1963, 'DALPAT BISUNPUR', 1, 4, 10, 118, NULL, NULL, NULL),
(1964, 'GAHAI', 1, 4, 10, 118, NULL, NULL, NULL),
(1965, 'GAWANDARI', 1, 4, 10, 118, NULL, NULL, NULL),
(1966, 'GURHANWA', 1, 4, 10, 118, NULL, NULL, NULL),
(1967, 'JAMUA', 1, 4, 10, 118, NULL, NULL, NULL),
(1968, 'JATWALIYA', 1, 4, 10, 118, NULL, NULL, NULL),
(1969, 'JHAUWARAM', 1, 4, 10, 118, NULL, NULL, NULL),
(1970, 'JHITKAHI', 1, 4, 10, 118, NULL, NULL, NULL),
(1971, 'KARMAWA', 1, 4, 10, 118, NULL, NULL, NULL),
(1972, 'KARSAHIA', 1, 4, 10, 118, NULL, NULL, NULL),
(1973, 'KHARHUA CHAINPUR', 1, 4, 10, 118, NULL, NULL, NULL),
(1974, 'MALKAUNIYA', 1, 4, 10, 118, NULL, NULL, NULL),
(1975, 'PACHPAKRI', 1, 4, 10, 118, NULL, NULL, NULL),
(1976, 'PARARI', 1, 4, 10, 118, NULL, NULL, NULL),
(1977, 'PHULWARIYA', 1, 4, 10, 118, NULL, NULL, NULL),
(1978, 'TELAHARA KALAN', 1, 4, 10, 118, NULL, NULL, NULL),
(1979, 'BAGAHI BHELWA', 1, 4, 10, 119, NULL, NULL, NULL),
(1980, 'BARWA KALA', 1, 4, 10, 119, NULL, NULL, NULL),
(1981, 'BIJAYI', 1, 4, 10, 119, NULL, NULL, NULL),
(1982, 'BISHUNPUR', 1, 4, 10, 119, NULL, NULL, NULL),
(1983, 'GHORASAHAN NORTH', 1, 4, 10, 119, NULL, NULL, NULL),
(1984, 'GHORASAHAN SOUTH', 1, 4, 10, 119, NULL, NULL, NULL),
(1985, 'GURMIA', 1, 4, 10, 119, NULL, NULL, NULL),
(1986, 'JHAROKHAR', 1, 4, 10, 119, NULL, NULL, NULL),
(1987, 'KABAIYA', 1, 4, 10, 119, NULL, NULL, NULL),
(1988, 'KADAMWA', 1, 4, 10, 119, NULL, NULL, NULL),
(1989, 'LAUKHAN', 1, 4, 10, 119, NULL, NULL, NULL),
(1990, 'PURNAHIYA', 1, 4, 10, 119, NULL, NULL, NULL),
(1991, 'SAMAN PUR', 1, 4, 10, 119, NULL, NULL, NULL),
(1992, 'SRIPUR', 1, 4, 10, 119, NULL, NULL, NULL),
(1993, 'BAORIYADIH', 1, 4, 10, 120, NULL, NULL, NULL),
(1994, 'BHADA', 1, 4, 10, 120, NULL, NULL, NULL),
(1995, 'BHADO PUR', 1, 4, 10, 120, NULL, NULL, NULL),
(1996, 'CHAR RAHIYA', 1, 4, 10, 120, NULL, NULL, NULL),
(1997, 'GAYGHAT', 1, 4, 10, 120, NULL, NULL, NULL),
(1998, 'GHIWADHAR', 1, 4, 10, 120, NULL, NULL, NULL),
(1999, 'HARPUR RAY', 1, 4, 10, 120, NULL, NULL, NULL),
(2000, 'HARSIDHI PAKARIYA', 1, 4, 10, 120, NULL, NULL, NULL),
(2001, 'JAGAPAKAR', 1, 4, 10, 120, NULL, NULL, NULL),
(2002, 'KANCHHEDWA', 1, 4, 10, 120, NULL, NULL, NULL),
(2003, 'KRIT PUR', 1, 4, 10, 120, NULL, NULL, NULL),
(2004, 'MANIK PUR', 1, 4, 10, 120, NULL, NULL, NULL),
(2005, 'MATH LOHIYAR', 1, 4, 10, 120, NULL, NULL, NULL),
(2006, 'MATIYARIYA', 1, 4, 10, 120, NULL, NULL, NULL),
(2007, 'MURAR PUR', 1, 4, 10, 120, NULL, NULL, NULL),
(2008, 'OLAHA MEHATA TOLA', 1, 4, 10, 120, NULL, NULL, NULL),
(2009, 'PANAPUR RANJITA', 1, 4, 10, 120, NULL, NULL, NULL),
(2010, 'SONBARSA', 1, 4, 10, 120, NULL, NULL, NULL);
INSERT INTO `villages` (`id`, `name`, `country_id`, `state_id`, `district_id`, `block_id`, `created_at`, `updated_at`, `deleted_at`) VALUES
(2011, 'UJJAIN LOHIYAR', 1, 4, 10, 120, NULL, NULL, NULL),
(2012, '1 BANSH GHAT', 1, 4, 10, 121, NULL, NULL, NULL),
(2013, 'BAKHRI', 1, 4, 10, 121, NULL, NULL, NULL),
(2014, 'BARHARWA MAHA NAND', 1, 4, 10, 121, NULL, NULL, NULL),
(2015, 'BHUWAN CHHAPRA', 1, 4, 10, 121, NULL, NULL, NULL),
(2016, 'BRINDA BAN', 1, 4, 10, 121, NULL, NULL, NULL),
(2017, 'DARMAHA', 1, 4, 10, 121, NULL, NULL, NULL),
(2018, 'DILAWAR PUR', 1, 4, 10, 121, NULL, NULL, NULL),
(2019, 'GARIBA', 1, 4, 10, 121, NULL, NULL, NULL),
(2020, 'KALYAN PUR', 1, 4, 10, 121, NULL, NULL, NULL),
(2021, 'KOELA BELWA', 1, 4, 10, 121, NULL, NULL, NULL),
(2022, 'MANI CHHAPRA', 1, 4, 10, 121, NULL, NULL, NULL),
(2023, 'MEDAN SIRISIYA', 1, 4, 10, 121, NULL, NULL, NULL),
(2024, 'NORTH GAWABDRA', 1, 4, 10, 121, NULL, NULL, NULL),
(2025, 'PAKARI DIXIT', 1, 4, 10, 121, NULL, NULL, NULL),
(2026, 'PARSAUNI WAZID', 1, 4, 10, 121, NULL, NULL, NULL),
(2027, 'PATNA', 1, 4, 10, 121, NULL, NULL, NULL),
(2028, 'PIPRA KHEM', 1, 4, 10, 121, NULL, NULL, NULL),
(2029, 'RAGHU NATH PUR', 1, 4, 10, 121, NULL, NULL, NULL),
(2030, 'RAJPUR', 1, 4, 10, 121, NULL, NULL, NULL),
(2031, 'SHAMBHU CAHK', 1, 4, 10, 121, NULL, NULL, NULL),
(2032, 'SISWA KHARAR', 1, 4, 10, 121, NULL, NULL, NULL),
(2033, 'SISWA SHOBH', 1, 4, 10, 121, NULL, NULL, NULL),
(2034, 'SITAL PUR', 1, 4, 10, 121, NULL, NULL, NULL),
(2035, 'SOUTH GAWANDRA', 1, 4, 10, 121, NULL, NULL, NULL),
(2036, 'BAIRIA', 1, 4, 10, 122, NULL, NULL, NULL),
(2037, 'BATHNA', 1, 4, 10, 122, NULL, NULL, NULL),
(2038, 'BIJDHARIEASTSUNDRAPUR', 1, 4, 10, 122, NULL, NULL, NULL),
(2039, 'DHEKAHAN', 1, 4, 10, 122, NULL, NULL, NULL),
(2040, 'EAST KESARIA', 1, 4, 10, 122, NULL, NULL, NULL),
(2041, 'EAST SAROTAR CHAND PARSA', 1, 4, 10, 122, NULL, NULL, NULL),
(2042, 'EAST SUNDRAPUR', 1, 4, 10, 122, NULL, NULL, NULL),
(2043, 'GONCHHIKUSHAHAR', 1, 4, 10, 122, NULL, NULL, NULL),
(2044, 'KADHAN', 1, 4, 10, 122, NULL, NULL, NULL),
(2045, 'KHIJIRPURA BENIPUR', 1, 4, 10, 122, NULL, NULL, NULL),
(2046, 'MATHIA', 1, 4, 10, 122, NULL, NULL, NULL),
(2047, 'NORTH HUSSENI', 1, 4, 10, 122, NULL, NULL, NULL),
(2048, 'RAMPUR KHAJURIA', 1, 4, 10, 122, NULL, NULL, NULL),
(2049, 'SEMAPUR', 1, 4, 10, 122, NULL, NULL, NULL),
(2050, 'SOUTH HUSSENI', 1, 4, 10, 122, NULL, NULL, NULL),
(2051, 'TAJPURPATHAULIA', 1, 4, 10, 122, NULL, NULL, NULL),
(2052, 'WEST KESARIA LOHARGAWA', 1, 4, 10, 122, NULL, NULL, NULL),
(2053, 'WEST SAROTAR', 1, 4, 10, 122, NULL, NULL, NULL),
(2054, 'BHELWA', 1, 4, 10, 123, NULL, NULL, NULL),
(2055, 'DULMA', 1, 4, 10, 123, NULL, NULL, NULL),
(2056, 'GARAHIYA', 1, 4, 10, 123, NULL, NULL, NULL),
(2057, 'KAURIYA', 1, 4, 10, 123, NULL, NULL, NULL),
(2058, 'KOILAHRA', 1, 4, 10, 123, NULL, NULL, NULL),
(2059, 'KRISHNA NAGAR', 1, 4, 10, 123, NULL, NULL, NULL),
(2060, 'MADHUBAN NORTH', 1, 4, 10, 123, NULL, NULL, NULL),
(2061, 'MADHUBAN SOUTH', 1, 4, 10, 123, NULL, NULL, NULL),
(2062, 'NAURANGIYA MADHOPUR', 1, 4, 10, 123, NULL, NULL, NULL),
(2063, 'RUPNI', 1, 4, 10, 123, NULL, NULL, NULL),
(2064, 'SAWANGIYA', 1, 4, 10, 123, NULL, NULL, NULL),
(2065, 'TALIM PUR', 1, 4, 10, 123, NULL, NULL, NULL),
(2066, 'WAJIT PUR', 1, 4, 10, 123, NULL, NULL, NULL),
(2067, 'BAKHARI NAZIR', 1, 4, 10, 124, NULL, NULL, NULL),
(2068, 'BHIMALPUR', 1, 4, 10, 124, NULL, NULL, NULL),
(2069, 'BHURUKURWA', 1, 4, 10, 124, NULL, NULL, NULL),
(2070, 'CHAKLALU', 1, 4, 10, 124, NULL, NULL, NULL),
(2071, 'HARPURNAG', 1, 4, 10, 124, NULL, NULL, NULL),
(2072, 'JHITKAHIA', 1, 4, 10, 124, NULL, NULL, NULL),
(2073, 'KASAWAMEHSI', 1, 4, 10, 124, NULL, NULL, NULL),
(2074, 'KATAHA', 1, 4, 10, 124, NULL, NULL, NULL),
(2075, 'KOTHIA HARIRAM', 1, 4, 10, 124, NULL, NULL, NULL),
(2076, 'MIRZAPUR', 1, 4, 10, 124, NULL, NULL, NULL),
(2077, 'MOHAMADPUR MAJHAULIA', 1, 4, 10, 124, NULL, NULL, NULL),
(2078, 'NONIMAL', 1, 4, 10, 124, NULL, NULL, NULL),
(2079, 'PARSAUNI DEWAJIT', 1, 4, 10, 124, NULL, NULL, NULL),
(2080, 'PARTAPUR', 1, 4, 10, 124, NULL, NULL, NULL),
(2081, 'RAJEPUR', 1, 4, 10, 124, NULL, NULL, NULL),
(2082, 'BALUA', 1, 4, 10, 125, NULL, NULL, NULL),
(2083, 'DAKSHINI NONWEYA', 1, 4, 10, 125, NULL, NULL, NULL),
(2084, 'ENARWABHAR', 1, 4, 10, 125, NULL, NULL, NULL),
(2085, 'KAMAL PIPARA', 1, 4, 10, 125, NULL, NULL, NULL),
(2086, 'KOTWA', 1, 4, 10, 125, NULL, NULL, NULL),
(2087, 'MANJHARIYA', 1, 4, 10, 125, NULL, NULL, NULL),
(2088, 'MANKARARIYA', 1, 4, 10, 125, NULL, NULL, NULL),
(2089, 'NAUWADIH', 1, 4, 10, 125, NULL, NULL, NULL),
(2090, 'PARSWANI', 1, 4, 10, 125, NULL, NULL, NULL),
(2091, 'PASCHHIMI SISWA', 1, 4, 10, 125, NULL, NULL, NULL),
(2092, 'PASCHIMI SAREYAN', 1, 4, 10, 125, NULL, NULL, NULL),
(2093, 'PURBI SAREYA', 1, 4, 10, 125, NULL, NULL, NULL),
(2094, 'PURBI SISWA', 1, 4, 10, 125, NULL, NULL, NULL),
(2095, 'SONWAL', 1, 4, 10, 125, NULL, NULL, NULL),
(2096, 'TEJ PURWA', 1, 4, 10, 125, NULL, NULL, NULL),
(2097, 'UTTARI NONEYA', 1, 4, 10, 125, NULL, NULL, NULL),
(2098, 'AJGARWA SISHANI', 1, 4, 10, 126, NULL, NULL, NULL),
(2099, 'BARKA GAW', 1, 4, 10, 126, NULL, NULL, NULL),
(2100, 'CHAITA', 1, 4, 10, 126, NULL, NULL, NULL),
(2101, 'CHORMA', 1, 4, 10, 126, NULL, NULL, NULL),
(2102, 'DHANAUJI', 1, 4, 10, 126, NULL, NULL, NULL),
(2103, 'PAKARDAYAL SOUTH', 1, 4, 10, 126, NULL, NULL, NULL),
(2104, 'PAKARIDAYAL NORTH', 1, 4, 10, 126, NULL, NULL, NULL),
(2105, 'RAJEPUR NAWADA', 1, 4, 10, 126, NULL, NULL, NULL),
(2106, 'SIRAHA', 1, 4, 10, 126, NULL, NULL, NULL),
(2107, 'SUNDAR PATTI', 1, 4, 10, 126, NULL, NULL, NULL),
(2108, 'THARBITIYA', 1, 4, 10, 126, NULL, NULL, NULL),
(2109, 'BAKHARI', 1, 4, 10, 127, NULL, NULL, NULL),
(2110, 'BALUWA ZULFEKARA BAD', 1, 4, 10, 127, NULL, NULL, NULL),
(2111, 'BARA SHANKAR', 1, 4, 10, 127, NULL, NULL, NULL),
(2112, 'BELAHI RAM', 1, 4, 10, 127, NULL, NULL, NULL),
(2113, 'BETAUNA', 1, 4, 10, 127, NULL, NULL, NULL),
(2114, 'BOKANE KALA', 1, 4, 10, 127, NULL, NULL, NULL),
(2115, 'DEWA PUR', 1, 4, 10, 127, NULL, NULL, NULL),
(2116, 'GONAHI', 1, 4, 10, 127, NULL, NULL, NULL),
(2117, 'JIHULI', 1, 4, 10, 127, NULL, NULL, NULL),
(2118, 'NUNFARWA', 1, 4, 10, 127, NULL, NULL, NULL),
(2119, 'PADUMKER', 1, 4, 10, 127, NULL, NULL, NULL),
(2120, 'PARSAUNI KAPUR', 1, 4, 10, 127, NULL, NULL, NULL),
(2121, 'PATAHI EAST', 1, 4, 10, 127, NULL, NULL, NULL),
(2122, 'PATAHI WEST', 1, 4, 10, 127, NULL, NULL, NULL),
(2123, 'SARAIYA GOPAL', 1, 4, 10, 127, NULL, NULL, NULL),
(2124, 'BARA PARSAUNI', 1, 4, 10, 128, NULL, NULL, NULL),
(2125, 'FENHARA', 1, 4, 10, 128, NULL, NULL, NULL),
(2126, 'KHAN PIPRA MADHURA PUR', 1, 4, 10, 128, NULL, NULL, NULL),
(2127, 'MADHUBANI', 1, 4, 10, 128, NULL, NULL, NULL),
(2128, 'MANKARWA', 1, 4, 10, 128, NULL, NULL, NULL),
(2129, 'RUPAULIYA', 1, 4, 10, 128, NULL, NULL, NULL),
(2130, 'BARIYARIA TOLARAJPUR', 1, 4, 10, 129, NULL, NULL, NULL),
(2131, 'BARWA', 1, 4, 10, 129, NULL, NULL, NULL),
(2132, 'BHATWALIA', 1, 4, 10, 129, NULL, NULL, NULL),
(2133, 'DAKSHANI BARIYARIA', 1, 4, 10, 129, NULL, NULL, NULL),
(2134, 'DAKSHANI MADHUBANI', 1, 4, 10, 129, NULL, NULL, NULL),
(2135, 'DAKSHINI BHAWANI PUR', 1, 4, 10, 129, NULL, NULL, NULL),
(2136, 'DUMARIYA', 1, 4, 10, 129, NULL, NULL, NULL),
(2137, 'PASCHHIMI MADHUBANI', 1, 4, 10, 129, NULL, NULL, NULL),
(2138, 'PASCHIMI SANGRAMPUR', 1, 4, 10, 129, NULL, NULL, NULL),
(2139, 'PURBI MADHUBANI', 1, 4, 10, 129, NULL, NULL, NULL),
(2140, 'PURBI SANGRAM PUR', 1, 4, 10, 129, NULL, NULL, NULL),
(2141, 'UTTARI BARIYARIA', 1, 4, 10, 129, NULL, NULL, NULL),
(2142, 'UTTARI BHAWANI PUR', 1, 4, 10, 129, NULL, NULL, NULL),
(2143, 'UTTARI MADHUBANI', 1, 4, 10, 129, NULL, NULL, NULL),
(2144, 'AJGARI', 1, 4, 10, 130, NULL, NULL, NULL),
(2145, 'BANJARIYA', 1, 4, 10, 130, NULL, NULL, NULL),
(2146, 'CHAILAHA', 1, 4, 10, 130, NULL, NULL, NULL),
(2147, 'EAST PANCHRUKHA', 1, 4, 10, 130, NULL, NULL, NULL),
(2148, 'EAST SISWA', 1, 4, 10, 130, NULL, NULL, NULL),
(2149, 'JANERWA', 1, 4, 10, 130, NULL, NULL, NULL),
(2150, 'MADHYA PANCHRUKHA', 1, 4, 10, 130, NULL, NULL, NULL),
(2151, 'NORTH FULWAR', 1, 4, 10, 130, NULL, NULL, NULL),
(2152, 'ROHINIYA', 1, 4, 10, 130, NULL, NULL, NULL),
(2153, 'SEMRA', 1, 4, 10, 130, NULL, NULL, NULL),
(2154, 'SOUTH FULWAR', 1, 4, 10, 130, NULL, NULL, NULL),
(2155, 'WEST PANCHRUKHA', 1, 4, 10, 130, NULL, NULL, NULL),
(2156, 'WEST SISWA', 1, 4, 10, 130, NULL, NULL, NULL),
(2157, 'AHIRAULIYA', 1, 4, 10, 131, NULL, NULL, NULL),
(2158, 'BARHARWA KALA EAST', 1, 4, 10, 131, NULL, NULL, NULL),
(2159, 'BARHARWA KALA WEST', 1, 4, 10, 131, NULL, NULL, NULL),
(2160, 'BATHANA', 1, 4, 10, 131, NULL, NULL, NULL),
(2161, 'BHOPAT PUR NORTH', 1, 4, 10, 131, NULL, NULL, NULL),
(2162, 'BHOPAT PUR SOUTH', 1, 4, 10, 131, NULL, NULL, NULL),
(2163, 'DUMRA', 1, 4, 10, 131, NULL, NULL, NULL),
(2164, 'GOPI CHHAPRA', 1, 4, 10, 131, NULL, NULL, NULL),
(2165, 'JAGIRAHA', 1, 4, 10, 131, NULL, NULL, NULL),
(2166, 'JASAULI', 1, 4, 10, 131, NULL, NULL, NULL),
(2167, 'JASAULI PATTI', 1, 4, 10, 131, NULL, NULL, NULL),
(2168, 'KARARIYA', 1, 4, 10, 131, NULL, NULL, NULL),
(2169, 'KOTWA', 1, 4, 10, 131, NULL, NULL, NULL),
(2170, 'MACHHARGAWA', 1, 4, 10, 131, NULL, NULL, NULL),
(2171, 'MAHARANI BHOPAT', 1, 4, 10, 131, NULL, NULL, NULL),
(2172, 'POKHRA', 1, 4, 10, 131, NULL, NULL, NULL),
(2173, 'BARDAHA', 1, 4, 10, 132, NULL, NULL, NULL),
(2174, 'BARIYAR PUR', 1, 4, 10, 132, NULL, NULL, NULL),
(2175, 'BARWA', 1, 4, 10, 132, NULL, NULL, NULL),
(2176, 'BASMAN PUR', 1, 4, 10, 132, NULL, NULL, NULL),
(2177, 'CHANDRAHIYA', 1, 4, 10, 132, NULL, NULL, NULL),
(2178, 'CHHATAUNI AMAR', 1, 4, 10, 132, NULL, NULL, NULL),
(2179, 'DHRUV LAKHAURA', 1, 4, 10, 132, NULL, NULL, NULL),
(2180, 'GORHWA', 1, 4, 10, 132, NULL, NULL, NULL),
(2181, 'JHITKAHIYA', 1, 4, 10, 132, NULL, NULL, NULL),
(2182, 'KATHA', 1, 4, 10, 132, NULL, NULL, NULL),
(2183, 'MADHUBANI GHAT', 1, 4, 10, 132, NULL, NULL, NULL),
(2184, 'NAURANGIYA', 1, 4, 10, 132, NULL, NULL, NULL),
(2185, 'NORTH DHEKAHAN', 1, 4, 10, 132, NULL, NULL, NULL),
(2186, 'PATAURA', 1, 4, 10, 132, NULL, NULL, NULL),
(2187, 'RAMGARWA', 1, 4, 10, 132, NULL, NULL, NULL),
(2188, 'RAMSINGH CHHATAUNI', 1, 4, 10, 132, NULL, NULL, NULL),
(2189, 'RULAHI', 1, 4, 10, 132, NULL, NULL, NULL),
(2190, 'SIRSA MAL', 1, 4, 10, 132, NULL, NULL, NULL),
(2191, 'TIKULIYA', 1, 4, 10, 132, NULL, NULL, NULL),
(2192, 'WEST DHEKAHA', 1, 4, 10, 132, NULL, NULL, NULL),
(2193, 'BIRCHAPRA', 1, 4, 10, 133, NULL, NULL, NULL),
(2194, 'DAKHINI DHEKHA', 1, 4, 10, 133, NULL, NULL, NULL),
(2195, 'PANDITPUR', 1, 4, 10, 133, NULL, NULL, NULL),
(2196, 'SALEMPUR', 1, 4, 10, 133, NULL, NULL, NULL),
(2197, 'SURUJPUR', 1, 4, 10, 133, NULL, NULL, NULL),
(2198, 'TIKAITAGOVINDAPUR', 1, 4, 10, 133, NULL, NULL, NULL),
(2199, 'ADHAKAPARIYA', 1, 4, 10, 134, NULL, NULL, NULL),
(2200, 'AHIRAULIA', 1, 4, 10, 134, NULL, NULL, NULL),
(2201, 'AMODEI', 1, 4, 10, 134, NULL, NULL, NULL),
(2202, 'BAIRIYA', 1, 4, 10, 134, NULL, NULL, NULL),
(2203, 'BELA', 1, 4, 10, 134, NULL, NULL, NULL),
(2204, 'BHATNAHIYA', 1, 4, 10, 134, NULL, NULL, NULL),
(2205, 'BHELWA', 1, 4, 10, 134, NULL, NULL, NULL),
(2206, 'CHAMPA PUR', 1, 4, 10, 134, NULL, NULL, NULL),
(2207, 'DARPA', 1, 4, 10, 134, NULL, NULL, NULL),
(2208, 'DHANHAR DHIHULI', 1, 4, 10, 134, NULL, NULL, NULL),
(2209, 'EKADARI', 1, 4, 10, 134, NULL, NULL, NULL),
(2210, 'HIRAMNI', 1, 4, 10, 134, NULL, NULL, NULL),
(2211, 'JAITA PUR', 1, 4, 10, 134, NULL, NULL, NULL),
(2212, 'JITPUR', 1, 4, 10, 134, NULL, NULL, NULL),
(2213, 'JUAFAR', 1, 4, 10, 134, NULL, NULL, NULL),
(2214, 'KHAIRWA', 1, 4, 10, 134, NULL, NULL, NULL),
(2215, 'KUDARKAT', 1, 4, 10, 134, NULL, NULL, NULL),
(2216, 'MAHUAWA', 1, 4, 10, 134, NULL, NULL, NULL),
(2217, 'MURLA', 1, 4, 10, 134, NULL, NULL, NULL),
(2218, 'NARKATIA', 1, 4, 10, 134, NULL, NULL, NULL),
(2219, 'PAKARIYA', 1, 4, 10, 134, NULL, NULL, NULL),
(2220, 'PATANI', 1, 4, 10, 134, NULL, NULL, NULL),
(2221, 'PKHANAHIYA', 1, 4, 10, 134, NULL, NULL, NULL),
(2222, 'PURAINIA', 1, 4, 10, 134, NULL, NULL, NULL),
(2223, 'RAGHU NATH PUR', 1, 4, 10, 134, NULL, NULL, NULL),
(2224, 'RAMGARHWA', 1, 4, 10, 134, NULL, NULL, NULL),
(2225, 'RAMPUR', 1, 4, 10, 134, NULL, NULL, NULL),
(2226, 'SAKRAR', 1, 4, 10, 134, NULL, NULL, NULL),
(2227, 'SHIVA NAGAR', 1, 4, 10, 134, NULL, NULL, NULL),
(2228, 'SINGASANI', 1, 4, 10, 134, NULL, NULL, NULL),
(2229, 'TINKONI', 1, 4, 10, 134, NULL, NULL, NULL),
(2230, 'BHELAHI', 1, 4, 10, 135, NULL, NULL, NULL),
(2231, 'DHANGADHAWA KOURIHAR', 1, 4, 10, 135, NULL, NULL, NULL),
(2232, 'HARDIA', 1, 4, 10, 135, NULL, NULL, NULL),
(2233, 'HARNAHI', 1, 4, 10, 135, NULL, NULL, NULL),
(2234, 'JOKIYARI', 1, 4, 10, 135, NULL, NULL, NULL),
(2235, 'LAUKARIA', 1, 4, 10, 135, NULL, NULL, NULL),
(2236, 'LUXMIPUR LACHHUMANWA', 1, 4, 10, 135, NULL, NULL, NULL),
(2237, 'NONEADIH', 1, 4, 10, 135, NULL, NULL, NULL),
(2238, 'PALANWA JAGDHAR', 1, 4, 10, 135, NULL, NULL, NULL),
(2239, 'PANTOKA', 1, 4, 10, 135, NULL, NULL, NULL),
(2240, 'PARSAUNA TAPSI', 1, 4, 10, 135, NULL, NULL, NULL),
(2241, 'PURENDRA', 1, 4, 10, 135, NULL, NULL, NULL),
(2242, 'SISWA', 1, 4, 10, 135, NULL, NULL, NULL),
(2243, 'BAGAHI', 1, 4, 10, 136, NULL, NULL, NULL),
(2244, 'BHARGAWAN', 1, 4, 10, 136, NULL, NULL, NULL),
(2245, 'BHATAHA', 1, 4, 10, 136, NULL, NULL, NULL),
(2246, 'FULWARIYA', 1, 4, 10, 136, NULL, NULL, NULL),
(2247, 'KAMARWA RAGHUNATHPUR', 1, 4, 10, 136, NULL, NULL, NULL),
(2248, 'MALI', 1, 4, 10, 136, NULL, NULL, NULL),
(2249, 'MANSINGHA SOUTH', 1, 4, 10, 136, NULL, NULL, NULL),
(2250, 'MANSINGHA UTTARI', 1, 4, 10, 136, NULL, NULL, NULL),
(2251, 'NORTH CHHAPRA BAHAS', 1, 4, 10, 136, NULL, NULL, NULL),
(2252, 'NORTH SRI PUR', 1, 4, 10, 136, NULL, NULL, NULL),
(2253, 'NORTH SUGAWN', 1, 4, 10, 136, NULL, NULL, NULL),
(2254, 'PAJIYARWA', 1, 4, 10, 136, NULL, NULL, NULL),
(2255, 'SOUTH CHHAPRA BAHAS', 1, 4, 10, 136, NULL, NULL, NULL),
(2256, 'SOUTH SRI PUR', 1, 4, 10, 136, NULL, NULL, NULL),
(2257, 'SOUTH SUGAWN', 1, 4, 10, 136, NULL, NULL, NULL),
(2258, 'SUKUL PAKAR', 1, 4, 10, 136, NULL, NULL, NULL),
(2259, 'BAHUARA GOPI SINGH', 1, 4, 10, 137, NULL, NULL, NULL),
(2260, 'GHEGHWA', 1, 4, 10, 137, NULL, NULL, NULL),
(2261, 'KOTHIA', 1, 4, 10, 137, NULL, NULL, NULL),
(2262, 'MADHUAHAN BRIT', 1, 4, 10, 137, NULL, NULL, NULL),
(2263, 'MEGHUA', 1, 4, 10, 137, NULL, NULL, NULL),
(2264, 'NARAHA PANA PUR', 1, 4, 10, 137, NULL, NULL, NULL),
(2265, 'PUNAS LAHLAD PUR', 1, 4, 10, 137, NULL, NULL, NULL),
(2266, 'SEMRAHA', 1, 4, 10, 137, NULL, NULL, NULL),
(2267, 'TETARIA', 1, 4, 10, 137, NULL, NULL, NULL),
(2268, 'BELWA RAY', 1, 4, 10, 138, NULL, NULL, NULL),
(2269, 'BIJUL PUR', 1, 4, 10, 138, NULL, NULL, NULL),
(2270, 'CHARGAHA', 1, 4, 10, 138, NULL, NULL, NULL),
(2271, 'HARDIYA', 1, 4, 10, 138, NULL, NULL, NULL),
(2272, 'JAISINGH PUR NORTH', 1, 4, 10, 138, NULL, NULL, NULL),
(2273, 'JAISINGH PUR SOUTH', 1, 4, 10, 138, NULL, NULL, NULL),
(2274, 'JAISINGHPUR EAST', 1, 4, 10, 138, NULL, NULL, NULL),
(2275, 'MADHOPUR MADHUMALAT', 1, 4, 10, 138, NULL, NULL, NULL),
(2276, 'MATHURAPUR', 1, 4, 10, 138, NULL, NULL, NULL),
(2277, 'RAGHUNATH PUR', 1, 4, 10, 138, NULL, NULL, NULL),
(2278, 'SAPAHI', 1, 4, 10, 138, NULL, NULL, NULL),
(2279, 'SHAKNAR SARAYA SOUTH', 1, 4, 10, 138, NULL, NULL, NULL),
(2280, 'SHANKAR SARAYA NORTH', 1, 4, 10, 138, NULL, NULL, NULL),
(2281, 'TURKAULIYA EAST -', 1, 4, 10, 138, NULL, NULL, NULL),
(2282, 'TURKAULIYA MIDDILE', 1, 4, 10, 138, NULL, NULL, NULL),
(2283, 'TURKAULIYA WEST', 1, 4, 10, 138, NULL, NULL, NULL),
(2284, 'AKAUNA', 1, 4, 11, 139, NULL, NULL, NULL),
(2285, 'AMAS', 1, 4, 11, 139, NULL, NULL, NULL),
(2286, 'BADAKI CHILAMI', 1, 4, 11, 139, NULL, NULL, NULL),
(2287, 'JHARI', 1, 4, 11, 139, NULL, NULL, NULL),
(2288, 'KALWAN', 1, 4, 11, 139, NULL, NULL, NULL),
(2289, 'KARAMDIH', 1, 4, 11, 139, NULL, NULL, NULL),
(2290, 'MAHUAWAN', 1, 4, 11, 139, NULL, NULL, NULL),
(2291, 'RAMPUR', 1, 4, 11, 139, NULL, NULL, NULL),
(2292, 'SANW KALA', 1, 4, 11, 139, NULL, NULL, NULL),
(2293, 'BAITAL', 1, 4, 11, 140, NULL, NULL, NULL),
(2294, 'BARHETA', 1, 4, 11, 140, NULL, NULL, NULL),
(2295, 'BIRAHGAI', 1, 4, 11, 140, NULL, NULL, NULL),
(2296, 'GOITHA', 1, 4, 11, 140, NULL, NULL, NULL),
(2297, 'LUTUA', 1, 4, 11, 140, NULL, NULL, NULL),
(2298, 'PANANIYA', 1, 4, 11, 140, NULL, NULL, NULL),
(2299, 'PARSAWAN KHURD', 1, 4, 11, 140, NULL, NULL, NULL),
(2300, 'RAUSHANGANJ', 1, 4, 11, 140, NULL, NULL, NULL),
(2301, 'SAIFGANJ', 1, 4, 11, 140, NULL, NULL, NULL),
(2302, 'TANDWA', 1, 4, 11, 140, NULL, NULL, NULL),
(2303, 'TILAIYA', 1, 4, 11, 140, NULL, NULL, NULL),
(2304, 'BAJARKAR', 1, 4, 11, 141, NULL, NULL, NULL),
(2305, 'BARA', 1, 4, 11, 141, NULL, NULL, NULL),
(2306, 'BHALUA', 1, 4, 11, 141, NULL, NULL, NULL),
(2307, 'BIBIPESRA', 1, 4, 11, 141, NULL, NULL, NULL),
(2308, 'BINDA', 1, 4, 11, 141, NULL, NULL, NULL),
(2309, 'BUMER', 1, 4, 11, 141, NULL, NULL, NULL),
(2310, 'DIBANIYA', 1, 4, 11, 141, NULL, NULL, NULL),
(2311, 'JAIGIR', 1, 4, 11, 141, NULL, NULL, NULL),
(2312, 'JHAJH', 1, 4, 11, 141, NULL, NULL, NULL),
(2313, 'KAHUDAANCHAYAT', 1, 4, 11, 141, NULL, NULL, NULL),
(2314, 'PATLUKA', 1, 4, 11, 141, NULL, NULL, NULL),
(2315, 'ROHI', 1, 4, 11, 141, NULL, NULL, NULL),
(2316, 'SARWAN', 1, 4, 11, 141, NULL, NULL, NULL),
(2317, 'ATIYA', 1, 4, 11, 142, NULL, NULL, NULL),
(2318, 'BAKROR', 1, 4, 11, 142, NULL, NULL, NULL),
(2319, 'BARA', 1, 4, 11, 142, NULL, NULL, NULL),
(2320, 'BASARHI', 1, 4, 11, 142, NULL, NULL, NULL),
(2321, 'DHANAWAN', 1, 4, 11, 142, NULL, NULL, NULL),
(2322, 'GAFA KHURD', 1, 4, 11, 142, NULL, NULL, NULL),
(2323, 'ILRA', 1, 4, 11, 142, NULL, NULL, NULL),
(2324, 'ITRA', 1, 4, 11, 142, NULL, NULL, NULL),
(2325, 'JHIKATIYA', 1, 4, 11, 142, NULL, NULL, NULL),
(2326, 'KANHAUL', 1, 4, 11, 142, NULL, NULL, NULL),
(2327, 'KURMAWAN', 1, 4, 11, 142, NULL, NULL, NULL),
(2328, 'MOCHARIM', 1, 4, 11, 142, NULL, NULL, NULL),
(2329, 'MORA MARDANA', 1, 4, 11, 142, NULL, NULL, NULL),
(2330, 'MORATAL', 1, 4, 11, 142, NULL, NULL, NULL),
(2331, 'NAWAN', 1, 4, 11, 142, NULL, NULL, NULL),
(2332, 'PARARIYA', 1, 4, 11, 142, NULL, NULL, NULL),
(2333, 'SHEKHWARA', 1, 4, 11, 142, NULL, NULL, NULL),
(2334, 'ANGRA', 1, 4, 11, 143, NULL, NULL, NULL),
(2335, 'BAJAURA', 1, 4, 11, 143, NULL, NULL, NULL),
(2336, 'BARI', 1, 4, 11, 143, NULL, NULL, NULL),
(2337, 'DOBHI', 1, 4, 11, 143, NULL, NULL, NULL),
(2338, 'GHORAGHAT', 1, 4, 11, 143, NULL, NULL, NULL),
(2339, 'KHARANTI', 1, 4, 11, 143, NULL, NULL, NULL),
(2340, 'KURMAWA', 1, 4, 11, 143, NULL, NULL, NULL),
(2341, 'KUSHA BIJA', 1, 4, 11, 143, NULL, NULL, NULL),
(2342, 'NADARPUR', 1, 4, 11, 143, NULL, NULL, NULL),
(2343, 'NAWADIH', 1, 4, 11, 143, NULL, NULL, NULL),
(2344, 'NEEMA', 1, 4, 11, 143, NULL, NULL, NULL),
(2345, 'PACHRATAN', 1, 4, 11, 143, NULL, NULL, NULL),
(2346, 'PATTI', 1, 4, 11, 143, NULL, NULL, NULL),
(2347, 'BHANGIYA', 1, 4, 11, 144, NULL, NULL, NULL),
(2348, 'BHOKAHA', 1, 4, 11, 144, NULL, NULL, NULL),
(2349, 'CHHAKARBANDHA', 1, 4, 11, 144, NULL, NULL, NULL),
(2350, 'KACHAR', 1, 4, 11, 144, NULL, NULL, NULL),
(2351, 'KOLHUBAR', 1, 4, 11, 144, NULL, NULL, NULL),
(2352, 'MAHUDI', 1, 4, 11, 144, NULL, NULL, NULL),
(2353, 'MANJHAULI', 1, 4, 11, 144, NULL, NULL, NULL),
(2354, 'NANDAI', 1, 4, 11, 144, NULL, NULL, NULL),
(2355, 'NARAYANPUR', 1, 4, 11, 144, NULL, NULL, NULL),
(2356, 'PANKARA', 1, 4, 11, 144, NULL, NULL, NULL),
(2357, 'SEWDA', 1, 4, 11, 144, NULL, NULL, NULL),
(2358, 'BARA', 1, 4, 11, 145, NULL, NULL, NULL),
(2359, 'BHARE', 1, 4, 11, 145, NULL, NULL, NULL),
(2360, 'CHAROKHARI', 1, 4, 11, 145, NULL, NULL, NULL),
(2361, 'DHARHARA KALA', 1, 4, 11, 145, NULL, NULL, NULL),
(2362, 'DUMARI CHATTI', 1, 4, 11, 145, NULL, NULL, NULL),
(2363, 'FATEHPUR', 1, 4, 11, 145, NULL, NULL, NULL),
(2364, 'JAIPUR', 1, 4, 11, 145, NULL, NULL, NULL),
(2365, 'KATHAUTIYA KEWALI', 1, 4, 11, 145, NULL, NULL, NULL),
(2366, 'MATASO', 1, 4, 11, 145, NULL, NULL, NULL),
(2367, 'MEYARI', 1, 4, 11, 145, NULL, NULL, NULL),
(2368, 'MORHE', 1, 4, 11, 145, NULL, NULL, NULL),
(2369, 'NAGWA', 1, 4, 11, 145, NULL, NULL, NULL),
(2370, 'NAUDIHA JHURANANCHAYAT', 1, 4, 11, 145, NULL, NULL, NULL),
(2371, 'NAUDIHA SULTANPUR', 1, 4, 11, 145, NULL, NULL, NULL),
(2372, 'NEEMI', 1, 4, 11, 145, NULL, NULL, NULL),
(2373, 'NORTH LODHWE', 1, 4, 11, 145, NULL, NULL, NULL),
(2374, 'PAHARPUR', 1, 4, 11, 145, NULL, NULL, NULL),
(2375, 'SALAIYA KALA', 1, 4, 11, 145, NULL, NULL, NULL),
(2376, 'SOUTH LODHWE', 1, 4, 11, 145, NULL, NULL, NULL),
(2377, 'BARORAH', 1, 4, 11, 146, NULL, NULL, NULL),
(2378, 'DABUR', 1, 4, 11, 146, NULL, NULL, NULL),
(2379, 'DEVKALI', 1, 4, 11, 146, NULL, NULL, NULL),
(2380, 'DIHA', 1, 4, 11, 146, NULL, NULL, NULL),
(2381, 'GHATERA', 1, 4, 11, 146, NULL, NULL, NULL),
(2382, 'GUDRU', 1, 4, 11, 146, NULL, NULL, NULL),
(2383, 'KANAUSI', 1, 4, 11, 146, NULL, NULL, NULL),
(2384, 'KONCHI', 1, 4, 11, 146, NULL, NULL, NULL),
(2385, 'MALPA', 1, 4, 11, 146, NULL, NULL, NULL),
(2386, 'PAHRA', 1, 4, 11, 146, NULL, NULL, NULL),
(2387, 'RAUNA', 1, 4, 11, 146, NULL, NULL, NULL),
(2388, 'TILORI', 1, 4, 11, 146, NULL, NULL, NULL),
(2389, 'BELAUTI', 1, 4, 11, 147, NULL, NULL, NULL),
(2390, 'CHILOR', 1, 4, 11, 147, NULL, NULL, NULL),
(2391, 'DUBBA', 1, 4, 11, 147, NULL, NULL, NULL),
(2392, 'GUNERI', 1, 4, 11, 147, NULL, NULL, NULL),
(2393, 'GURUA', 1, 4, 11, 147, NULL, NULL, NULL),
(2394, 'KAAJ', 1, 4, 11, 147, NULL, NULL, NULL),
(2395, 'KOLAUNA', 1, 4, 11, 147, NULL, NULL, NULL),
(2396, 'MANDA', 1, 4, 11, 147, NULL, NULL, NULL),
(2397, 'NADAURA', 1, 4, 11, 147, NULL, NULL, NULL),
(2398, 'NAGWAN', 1, 4, 11, 147, NULL, NULL, NULL),
(2399, 'PAKRI', 1, 4, 11, 147, NULL, NULL, NULL),
(2400, 'PALUHARA', 1, 4, 11, 147, NULL, NULL, NULL),
(2401, 'RAGHUNATH KHAP', 1, 4, 11, 147, NULL, NULL, NULL),
(2402, 'RAJAN', 1, 4, 11, 147, NULL, NULL, NULL),
(2403, 'SIMARU', 1, 4, 11, 147, NULL, NULL, NULL),
(2404, 'VERMA', 1, 4, 11, 147, NULL, NULL, NULL),
(2405, 'BABHANDI', 1, 4, 11, 148, NULL, NULL, NULL),
(2406, 'BIKOPUR', 1, 4, 11, 148, NULL, NULL, NULL),
(2407, 'BIRAJ', 1, 4, 11, 148, NULL, NULL, NULL),
(2408, 'CHHAKARBANDHA', 1, 4, 11, 148, NULL, NULL, NULL),
(2409, 'CHUAWAR', 1, 4, 11, 148, NULL, NULL, NULL),
(2410, 'DUBAHAL', 1, 4, 11, 148, NULL, NULL, NULL),
(2411, 'JHIKATIYA', 1, 4, 11, 148, NULL, NULL, NULL),
(2412, 'KUJESAR', 1, 4, 11, 148, NULL, NULL, NULL),
(2413, 'LAWABAR', 1, 4, 11, 148, NULL, NULL, NULL),
(2414, 'MALHARI', 1, 4, 11, 148, NULL, NULL, NULL),
(2415, 'MANJHAULI', 1, 4, 11, 148, NULL, NULL, NULL),
(2416, 'NAGWA', 1, 4, 11, 148, NULL, NULL, NULL),
(2417, 'NAUDIHA', 1, 4, 11, 148, NULL, NULL, NULL),
(2418, 'PAKARI GURIA', 1, 4, 11, 148, NULL, NULL, NULL),
(2419, 'RANIGANJ', 1, 4, 11, 148, NULL, NULL, NULL),
(2420, 'SALAIYA', 1, 4, 11, 148, NULL, NULL, NULL),
(2421, 'SIDHPUR', 1, 4, 11, 148, NULL, NULL, NULL),
(2422, 'ADAI', 1, 4, 11, 149, NULL, NULL, NULL),
(2423, 'ANTI', 1, 4, 11, 149, NULL, NULL, NULL),
(2424, 'ASLEMPUR', 1, 4, 11, 149, NULL, NULL, NULL),
(2425, 'CHABURA', 1, 4, 11, 149, NULL, NULL, NULL),
(2426, 'GAUHARPUR', 1, 4, 11, 149, NULL, NULL, NULL),
(2427, 'GUDARI', 1, 4, 11, 149, NULL, NULL, NULL),
(2428, 'KABAR', 1, 4, 11, 149, NULL, NULL, NULL),
(2429, 'KER', 1, 4, 11, 149, NULL, NULL, NULL),
(2430, 'KHAJURI', 1, 4, 11, 149, NULL, NULL, NULL),
(2431, 'KONCH', 1, 4, 11, 149, NULL, NULL, NULL),
(2432, 'KORAP', 1, 4, 11, 149, NULL, NULL, NULL),
(2433, 'KURMAWAN', 1, 4, 11, 149, NULL, NULL, NULL),
(2434, 'MAJHIAWAN', 1, 4, 11, 149, NULL, NULL, NULL),
(2435, 'PARSAWAN', 1, 4, 11, 149, NULL, NULL, NULL),
(2436, 'SIMARA', 1, 4, 11, 149, NULL, NULL, NULL),
(2437, 'SRIGOUN', 1, 4, 11, 149, NULL, NULL, NULL),
(2438, 'TINERI', 1, 4, 11, 149, NULL, NULL, NULL),
(2439, 'UTREN', 1, 4, 11, 149, NULL, NULL, NULL),
(2440, 'AMBATARI', 1, 4, 11, 150, NULL, NULL, NULL),
(2441, 'AMKOLA', 1, 4, 11, 150, NULL, NULL, NULL),
(2442, 'BAGULA', 1, 4, 11, 150, NULL, NULL, NULL),
(2443, 'BUMUAR', 1, 4, 11, 150, NULL, NULL, NULL),
(2444, 'DEMA', 1, 4, 11, 150, NULL, NULL, NULL),
(2445, 'DHARHARA', 1, 4, 11, 150, NULL, NULL, NULL),
(2446, 'ERKI', 1, 4, 11, 150, NULL, NULL, NULL),
(2447, 'GOPAL KEDA', 1, 4, 11, 150, NULL, NULL, NULL),
(2448, 'GURIAWAN', 1, 4, 11, 150, NULL, NULL, NULL),
(2449, 'KEWLA', 1, 4, 11, 150, NULL, NULL, NULL),
(2450, 'KHARDIH', 1, 4, 11, 150, NULL, NULL, NULL),
(2451, 'LADU', 1, 4, 11, 150, NULL, NULL, NULL),
(2452, 'LAKHAIPUR', 1, 4, 11, 150, NULL, NULL, NULL),
(2453, 'MATIHANI', 1, 4, 11, 150, NULL, NULL, NULL),
(2454, 'MUSAILA', 1, 4, 11, 150, NULL, NULL, NULL),
(2455, 'SINDUAR', 1, 4, 11, 150, NULL, NULL, NULL),
(2456, 'SIRIAWAN', 1, 4, 11, 150, NULL, NULL, NULL),
(2457, 'TESHBAR', 1, 4, 11, 150, NULL, NULL, NULL),
(2458, 'AMRAHA', 1, 4, 11, 151, NULL, NULL, NULL),
(2459, 'AURWAN', 1, 4, 11, 151, NULL, NULL, NULL),
(2460, 'BARA', 1, 4, 11, 151, NULL, NULL, NULL),
(2461, 'CHAKAND', 1, 4, 11, 151, NULL, NULL, NULL),
(2462, 'CHURI', 1, 4, 11, 151, NULL, NULL, NULL),
(2463, 'DHANSIR', 1, 4, 11, 151, NULL, NULL, NULL),
(2464, 'GHUTIYA', 1, 4, 11, 151, NULL, NULL, NULL),
(2465, 'KANDI', 1, 4, 11, 151, NULL, NULL, NULL),
(2466, 'KESARU DHARAMPUR', 1, 4, 11, 151, NULL, NULL, NULL),
(2467, 'KHIRIYAWAN', 1, 4, 11, 151, NULL, NULL, NULL),
(2468, 'KORMA', 1, 4, 11, 151, NULL, NULL, NULL),
(2469, 'KUJAP', 1, 4, 11, 151, NULL, NULL, NULL),
(2470, 'KUJAPI', 1, 4, 11, 151, NULL, NULL, NULL),
(2471, 'MADAN BIGHA', 1, 4, 11, 151, NULL, NULL, NULL),
(2472, 'NAILI', 1, 4, 11, 151, NULL, NULL, NULL),
(2473, 'RASALPUR', 1, 4, 11, 151, NULL, NULL, NULL),
(2474, 'AJMATGANJ', 1, 4, 11, 152, NULL, NULL, NULL),
(2475, 'BAGAHI', 1, 4, 11, 152, NULL, NULL, NULL),
(2476, 'KAPASIYA', 1, 4, 11, 152, NULL, NULL, NULL),
(2477, 'KARHATTA', 1, 4, 11, 152, NULL, NULL, NULL),
(2478, 'MAJHIAWAN', 1, 4, 11, 152, NULL, NULL, NULL),
(2479, 'MANGRAMA', 1, 4, 11, 152, NULL, NULL, NULL),
(2480, 'PRAIYA KHURD', 1, 4, 11, 152, NULL, NULL, NULL),
(2481, 'PUNAKALA', 1, 4, 11, 152, NULL, NULL, NULL),
(2482, 'SOLRA', 1, 4, 11, 152, NULL, NULL, NULL),
(2483, 'BAAR', 1, 4, 11, 153, NULL, NULL, NULL),
(2484, 'BELA', 1, 4, 11, 153, NULL, NULL, NULL),
(2485, 'CHANPI', 1, 4, 11, 153, NULL, NULL, NULL),
(2486, 'CHERKI', 1, 4, 11, 153, NULL, NULL, NULL),
(2487, 'CHITAB KALA', 1, 4, 11, 153, NULL, NULL, NULL),
(2488, 'DHAB CHIRAIYA', 1, 4, 11, 153, NULL, NULL, NULL),
(2489, 'GOPALPUR', 1, 4, 11, 153, NULL, NULL, NULL),
(2490, 'KACHAUDI', 1, 4, 11, 153, NULL, NULL, NULL),
(2491, 'SRI RAMPUR', 1, 4, 11, 153, NULL, NULL, NULL),
(2492, 'AROPUR', 1, 4, 11, 154, NULL, NULL, NULL),
(2493, 'BARSAUNA', 1, 4, 11, 154, NULL, NULL, NULL),
(2494, 'BASA PIPRA', 1, 4, 11, 154, NULL, NULL, NULL),
(2495, 'BHETAURA', 1, 4, 11, 154, NULL, NULL, NULL),
(2496, 'CHAUBAR', 1, 4, 11, 154, NULL, NULL, NULL),
(2497, 'DHIBAR', 1, 4, 11, 154, NULL, NULL, NULL),
(2498, 'GAJADHARPUR', 1, 4, 11, 154, NULL, NULL, NULL),
(2499, 'JAGARNATHPUR', 1, 4, 11, 154, NULL, NULL, NULL),
(2500, 'TANKUPPA', 1, 4, 11, 154, NULL, NULL, NULL),
(2501, 'UTALIBARA', 1, 4, 11, 154, NULL, NULL, NULL),
(2502, 'CHAKRA', 1, 4, 11, 155, NULL, NULL, NULL),
(2503, 'DHUSARI', 1, 4, 11, 155, NULL, NULL, NULL),
(2504, 'DIHURI', 1, 4, 11, 155, NULL, NULL, NULL),
(2505, 'JIRI', 1, 4, 11, 155, NULL, NULL, NULL),
(2506, 'NARAWAT', 1, 4, 11, 155, NULL, NULL, NULL),
(2507, 'SAHODA', 1, 4, 11, 155, NULL, NULL, NULL),
(2508, 'SIRH', 1, 4, 11, 155, NULL, NULL, NULL),
(2509, 'TETUA', 1, 4, 11, 155, NULL, NULL, NULL),
(2510, 'BATHANI', 1, 4, 11, 156, NULL, NULL, NULL),
(2511, 'KHUKHARI', 1, 4, 11, 156, NULL, NULL, NULL),
(2512, 'MAI', 1, 4, 11, 156, NULL, NULL, NULL),
(2513, 'MANIARA', 1, 4, 11, 156, NULL, NULL, NULL),
(2514, 'NAILI', 1, 4, 11, 156, NULL, NULL, NULL),
(2515, 'SAREN', 1, 4, 11, 156, NULL, NULL, NULL),
(2516, 'SINGHAUL', 1, 4, 11, 156, NULL, NULL, NULL),
(2517, 'TELARI', 1, 4, 11, 156, NULL, NULL, NULL),
(2518, 'AGANDHA', 1, 4, 11, 157, NULL, NULL, NULL),
(2519, 'AKATHU KACHANPUR', 1, 4, 11, 157, NULL, NULL, NULL),
(2520, 'BAJITPUR', 1, 4, 11, 157, NULL, NULL, NULL),
(2521, 'BELAGANJ', 1, 4, 11, 157, NULL, NULL, NULL),
(2522, 'BELHADI', 1, 4, 11, 157, NULL, NULL, NULL),
(2523, 'BHALUA I', 1, 4, 11, 157, NULL, NULL, NULL),
(2524, 'BHALUA II', 1, 4, 11, 157, NULL, NULL, NULL),
(2525, 'CHIRAILA', 1, 4, 11, 157, NULL, NULL, NULL),
(2526, 'ERKI', 1, 4, 11, 157, NULL, NULL, NULL),
(2527, 'KHANETA', 1, 4, 11, 157, NULL, NULL, NULL),
(2528, 'KORIAWAN', 1, 4, 11, 157, NULL, NULL, NULL),
(2529, 'KORMATHU', 1, 4, 11, 157, NULL, NULL, NULL),
(2530, 'LAKSHMIPUR', 1, 4, 11, 157, NULL, NULL, NULL),
(2531, 'LODIPUR', 1, 4, 11, 157, NULL, NULL, NULL),
(2532, 'PAI BIGHA', 1, 4, 11, 157, NULL, NULL, NULL),
(2533, 'PANARI', 1, 4, 11, 157, NULL, NULL, NULL),
(2534, 'RAUNA', 1, 4, 11, 157, NULL, NULL, NULL),
(2535, 'SAKIR BIGHA', 1, 4, 11, 157, NULL, NULL, NULL),
(2536, 'SRIPUR', 1, 4, 11, 157, NULL, NULL, NULL),
(2537, 'AIMA', 1, 4, 11, 158, NULL, NULL, NULL),
(2538, 'BIHTA', 1, 4, 11, 158, NULL, NULL, NULL),
(2539, 'CHIRAILI', 1, 4, 11, 158, NULL, NULL, NULL),
(2540, 'HATHIAWAN', 1, 4, 11, 158, NULL, NULL, NULL),
(2541, 'HEMARA', 1, 4, 11, 158, NULL, NULL, NULL),
(2542, 'HORMA', 1, 4, 11, 158, NULL, NULL, NULL),
(2543, 'JAMUAWAN', 1, 4, 11, 158, NULL, NULL, NULL),
(2544, 'KHIZARSARAI', 1, 4, 11, 158, NULL, NULL, NULL),
(2545, 'KURWA', 1, 4, 11, 158, NULL, NULL, NULL),
(2546, 'KUTALUPUR', 1, 4, 11, 158, NULL, NULL, NULL),
(2547, 'LODIPUR', 1, 4, 11, 158, NULL, NULL, NULL),
(2548, 'NAUDIHA', 1, 4, 11, 158, NULL, NULL, NULL),
(2549, 'RAUNIYA', 1, 4, 11, 158, NULL, NULL, NULL),
(2550, 'SARBAHDA', 1, 4, 11, 158, NULL, NULL, NULL),
(2551, 'SISWAR', 1, 4, 11, 158, NULL, NULL, NULL),
(2552, 'UCHAULI', 1, 4, 11, 158, NULL, NULL, NULL),
(2553, 'BARA GANDHAR', 1, 4, 11, 159, NULL, NULL, NULL),
(2554, 'BHADEJA', 1, 4, 11, 159, NULL, NULL, NULL),
(2555, 'BHORE', 1, 4, 11, 159, NULL, NULL, NULL),
(2556, 'GERE', 1, 4, 11, 159, NULL, NULL, NULL),
(2557, 'KAIYA', 1, 4, 11, 159, NULL, NULL, NULL),
(2558, 'LAKHANPUR', 1, 4, 11, 159, NULL, NULL, NULL),
(2559, 'NANAUK', 1, 4, 11, 159, NULL, NULL, NULL),
(2560, 'NAURANGA', 1, 4, 11, 159, NULL, NULL, NULL),
(2561, 'SANAUT', 1, 4, 11, 159, NULL, NULL, NULL),
(2562, 'SHADIPUR', 1, 4, 11, 159, NULL, NULL, NULL),
(2563, 'SOHAIPUR', 1, 4, 11, 159, NULL, NULL, NULL),
(2564, 'USARI', 1, 4, 11, 159, NULL, NULL, NULL),
(2565, 'ARAI', 1, 4, 11, 160, NULL, NULL, NULL),
(2566, 'DARIYAPUR', 1, 4, 11, 160, NULL, NULL, NULL),
(2567, 'GAHLAUR', 1, 4, 11, 160, NULL, NULL, NULL),
(2568, 'JETHIAN', 1, 4, 11, 160, NULL, NULL, NULL),
(2569, 'NORTH KAJOOR', 1, 4, 11, 160, NULL, NULL, NULL),
(2570, 'SARSU', 1, 4, 11, 160, NULL, NULL, NULL),
(2571, 'SEWTAR', 1, 4, 11, 160, NULL, NULL, NULL),
(2572, 'SOUTH KAJOOR', 1, 4, 11, 160, NULL, NULL, NULL),
(2573, 'TETAR', 1, 4, 11, 160, NULL, NULL, NULL),
(2574, 'AMAKUWAN', 1, 4, 11, 161, NULL, NULL, NULL),
(2575, 'BELHADIYA', 1, 4, 11, 161, NULL, NULL, NULL),
(2576, 'BHORI', 1, 4, 11, 161, NULL, NULL, NULL),
(2577, 'CHAITA', 1, 4, 11, 161, NULL, NULL, NULL),
(2578, 'CHHATWAN', 1, 4, 11, 161, NULL, NULL, NULL),
(2579, 'DIGHAURA', 1, 4, 11, 161, NULL, NULL, NULL),
(2580, 'DIHURA', 1, 4, 11, 161, NULL, NULL, NULL),
(2581, 'JALALPUR', 1, 4, 11, 161, NULL, NULL, NULL),
(2582, 'KESPA', 1, 4, 11, 161, NULL, NULL, NULL),
(2583, 'KHANETU', 1, 4, 11, 161, NULL, NULL, NULL),
(2584, 'LAW', 1, 4, 11, 161, NULL, NULL, NULL),
(2585, 'MAHMANNA', 1, 4, 11, 161, NULL, NULL, NULL),
(2586, 'MAKHDUMPUR', 1, 4, 11, 161, NULL, NULL, NULL),
(2587, 'MAU', 1, 4, 11, 161, NULL, NULL, NULL),
(2588, 'MUSHI', 1, 4, 11, 161, NULL, NULL, NULL),
(2589, 'NEPA', 1, 4, 11, 161, NULL, NULL, NULL),
(2590, 'NONI', 1, 4, 11, 161, NULL, NULL, NULL),
(2591, 'PALUHAR', 1, 4, 11, 161, NULL, NULL, NULL),
(2592, 'PURA', 1, 4, 11, 161, NULL, NULL, NULL),
(2593, 'RUPASPUR', 1, 4, 11, 161, NULL, NULL, NULL),
(2594, 'SANDA', 1, 4, 11, 161, NULL, NULL, NULL),
(2595, 'SHIV NAGAR', 1, 4, 11, 161, NULL, NULL, NULL),
(2596, 'SIMUARA', 1, 4, 11, 161, NULL, NULL, NULL),
(2597, 'AMETHI', 1, 4, 11, 162, NULL, NULL, NULL),
(2598, 'BICHCHHA', 1, 4, 11, 162, NULL, NULL, NULL),
(2599, 'BISHUNPUR', 1, 4, 11, 162, NULL, NULL, NULL),
(2600, 'DAKHINGAW', 1, 4, 11, 162, NULL, NULL, NULL),
(2601, 'GHURIAWAN', 1, 4, 11, 162, NULL, NULL, NULL),
(2602, 'JAMUAWAN', 1, 4, 11, 162, NULL, NULL, NULL),
(2603, 'KARI', 1, 4, 11, 162, NULL, NULL, NULL),
(2604, 'KARJARA', 1, 4, 11, 162, NULL, NULL, NULL),
(2605, 'KENAR FATEHPUR', 1, 4, 11, 162, NULL, NULL, NULL),
(2606, 'KENAR PAHARPUR', 1, 4, 11, 162, NULL, NULL, NULL),
(2607, 'KURKIHAR', 1, 4, 11, 162, NULL, NULL, NULL),
(2608, 'MAHUGAIN', 1, 4, 11, 162, NULL, NULL, NULL),
(2609, 'MAHUYET', 1, 4, 11, 162, NULL, NULL, NULL),
(2610, 'NAWADA', 1, 4, 11, 162, NULL, NULL, NULL),
(2611, 'PATER MANGRAWA', 1, 4, 11, 162, NULL, NULL, NULL),
(2612, 'PUNAWAN', 1, 4, 11, 162, NULL, NULL, NULL),
(2613, 'PURA', 1, 4, 11, 162, NULL, NULL, NULL),
(2614, 'SAHIYA', 1, 4, 11, 162, NULL, NULL, NULL),
(2615, 'TARWA', 1, 4, 11, 162, NULL, NULL, NULL),
(2616, 'AJBINAGAR', 1, 4, 12, 163, NULL, NULL, NULL),
(2617, 'BAKHARI', 1, 4, 12, 163, NULL, NULL, NULL),
(2618, 'BANDHOLI BANAIRA', 1, 4, 12, 163, NULL, NULL, NULL),
(2619, 'BANGRA', 1, 4, 12, 163, NULL, NULL, NULL),
(2620, 'BASHKGAT MASURIYA', 1, 4, 12, 163, NULL, NULL, NULL),
(2621, 'CHAMANPURA', 1, 4, 12, 163, NULL, NULL, NULL),
(2622, 'CHIUTAHA', 1, 4, 12, 163, NULL, NULL, NULL),
(2623, 'DARAMBARI', 1, 4, 12, 163, NULL, NULL, NULL),
(2624, 'DIGHWADUBAULI (NORTH)', 1, 4, 12, 163, NULL, NULL, NULL),
(2625, 'DIGHWADUBAULI (SOUTH)', 1, 4, 12, 163, NULL, NULL, NULL),
(2626, 'FAIJULAHPUR', 1, 4, 12, 163, NULL, NULL, NULL),
(2627, 'GAMHARI', 1, 4, 12, 163, NULL, NULL, NULL),
(2628, 'HAKAM', 1, 4, 12, 163, NULL, NULL, NULL),
(2629, 'HAMIDPUR', 1, 4, 12, 163, NULL, NULL, NULL),
(2630, 'JAGDISHPUR', 1, 4, 12, 163, NULL, NULL, NULL),
(2631, 'KATALPUR', 1, 4, 12, 163, NULL, NULL, NULL),
(2632, 'KHAIRA AJAM', 1, 4, 12, 163, NULL, NULL, NULL),
(2633, 'PARSAUNI', 1, 4, 12, 163, NULL, NULL, NULL),
(2634, 'PYAREPUR', 1, 4, 12, 163, NULL, NULL, NULL),
(2635, 'REWTIT', 1, 4, 12, 163, NULL, NULL, NULL),
(2636, 'SHIRSHA MANPUR', 1, 4, 12, 163, NULL, NULL, NULL),
(2637, 'USARI', 1, 4, 12, 163, NULL, NULL, NULL),
(2638, 'AHIROLI DUBOLI', 1, 4, 12, 164, NULL, NULL, NULL),
(2639, 'AHIYAPUR', 1, 4, 12, 164, NULL, NULL, NULL),
(2640, 'BADHAHRA', 1, 4, 12, 164, NULL, NULL, NULL),
(2641, 'BALIBAN SAGAR', 1, 4, 12, 164, NULL, NULL, NULL),
(2642, 'BANGAL KHAD', 1, 4, 12, 164, NULL, NULL, NULL),
(2643, 'BANKATA', 1, 4, 12, 164, NULL, NULL, NULL),
(2644, 'BANTAIL', 1, 4, 12, 164, NULL, NULL, NULL),
(2645, 'BHAKHARI', 1, 4, 12, 164, NULL, NULL, NULL),
(2646, 'BHOPATPUR', 1, 4, 12, 164, NULL, NULL, NULL),
(2647, 'DHODWALIYA', 1, 4, 12, 164, NULL, NULL, NULL),
(2648, 'DURGMATIHNIYA', 1, 4, 12, 164, NULL, NULL, NULL),
(2649, 'JALALPUR', 1, 4, 12, 164, NULL, NULL, NULL),
(2650, 'KHAJURI', 1, 4, 12, 164, NULL, NULL, NULL),
(2651, 'KUCHAIKOTE', 1, 4, 12, 164, NULL, NULL, NULL),
(2652, 'MATHIYA HARDO', 1, 4, 12, 164, NULL, NULL, NULL),
(2653, 'MATIHANIYATIWARI', 1, 4, 12, 164, NULL, NULL, NULL),
(2654, 'MATIHNIYAKALA', 1, 4, 12, 164, NULL, NULL, NULL),
(2655, 'METEYA KHAS', 1, 4, 12, 164, NULL, NULL, NULL),
(2656, 'PURKHAAS', 1, 4, 12, 164, NULL, NULL, NULL),
(2657, 'RAMPUR KHAREYA', 1, 4, 12, 164, NULL, NULL, NULL),
(2658, 'RAMPURMADHO', 1, 4, 12, 164, NULL, NULL, NULL),
(2659, 'SALEHPUR', 1, 4, 12, 164, NULL, NULL, NULL),
(2660, 'SANGWADIH', 1, 4, 12, 164, NULL, NULL, NULL),
(2661, 'SASAMUSA', 1, 4, 12, 164, NULL, NULL, NULL),
(2662, 'SEMRA', 1, 4, 12, 164, NULL, NULL, NULL),
(2663, 'SESWA', 1, 4, 12, 164, NULL, NULL, NULL),
(2664, 'SIRESIYA', 1, 4, 12, 164, NULL, NULL, NULL),
(2665, 'SONHULA GOKHOL', 1, 4, 12, 164, NULL, NULL, NULL),
(2666, 'TOLA SIPAYA', 1, 4, 12, 164, NULL, NULL, NULL),
(2667, 'UCHAKAGAON', 1, 4, 12, 164, NULL, NULL, NULL),
(2668, 'VIKRAMPUR', 1, 4, 12, 164, NULL, NULL, NULL),
(2669, 'AADAMAPUR', 1, 4, 12, 165, NULL, NULL, NULL),
(2670, 'BANGARA', 1, 4, 12, 165, NULL, NULL, NULL),
(2671, 'BATHUA', 1, 4, 12, 165, NULL, NULL, NULL),
(2672, 'BHAISHAHI', 1, 4, 12, 165, NULL, NULL, NULL),
(2673, 'CHHAWAHI TAKI', 1, 4, 12, 165, NULL, NULL, NULL),
(2674, 'DEWAPUR SHEKHPURDIL', 1, 4, 12, 165, NULL, NULL, NULL),
(2675, 'GAUSIYA', 1, 4, 12, 165, NULL, NULL, NULL),
(2676, 'JAGARNATHA', 1, 4, 12, 165, NULL, NULL, NULL),
(2677, 'KARNPURA', 1, 4, 12, 165, NULL, NULL, NULL),
(2678, 'KOINI', 1, 4, 12, 165, NULL, NULL, NULL),
(2679, 'MADHU SAREYA', 1, 4, 12, 165, NULL, NULL, NULL),
(2680, 'MANJHA (PURBI)', 1, 4, 12, 165, NULL, NULL, NULL),
(2681, 'MANJHA PASCHAMI', 1, 4, 12, 165, NULL, NULL, NULL),
(2682, 'NIMUIYA', 1, 4, 12, 165, NULL, NULL, NULL),
(2683, 'PAITHANPATTI', 1, 4, 12, 165, NULL, NULL, NULL),
(2684, 'PRATAPPUR', 1, 4, 12, 165, NULL, NULL, NULL),
(2685, 'PURAINA', 1, 4, 12, 165, NULL, NULL, NULL),
(2686, 'SAFAPUR', 1, 4, 12, 165, NULL, NULL, NULL),
(2687, 'SHEKH PARSA', 1, 4, 12, 165, NULL, NULL, NULL),
(2688, 'SIPAHKHAS', 1, 4, 12, 165, NULL, NULL, NULL),
(2689, 'BAGHEJI', 1, 4, 12, 166, NULL, NULL, NULL),
(2690, 'BATARDEH', 1, 4, 12, 166, NULL, NULL, NULL),
(2691, 'BELSAND', 1, 4, 12, 166, NULL, NULL, NULL),
(2692, 'BISHUNPURA', 1, 4, 12, 166, NULL, NULL, NULL),
(2693, 'DEWAPUR', 1, 4, 12, 166, NULL, NULL, NULL),
(2694, 'HASANPUR', 1, 4, 12, 166, NULL, NULL, NULL),
(2695, 'KAHALA', 1, 4, 12, 166, NULL, NULL, NULL),
(2696, 'KALYANPUR', 1, 4, 12, 166, NULL, NULL, NULL),
(2697, 'KHAJURIYA', 1, 4, 12, 166, NULL, NULL, NULL),
(2698, 'LARAULI', 1, 4, 12, 166, NULL, NULL, NULL),
(2699, 'MADHOPUR', 1, 4, 12, 166, NULL, NULL, NULL),
(2700, 'MAHAMADPUR NILAMI', 1, 4, 12, 166, NULL, NULL, NULL),
(2701, 'MOHADIPUR PAKARIYA', 1, 4, 12, 166, NULL, NULL, NULL),
(2702, 'MONGAL BIRAICHA', 1, 4, 12, 166, NULL, NULL, NULL),
(2703, 'NAWADA CHAND', 1, 4, 12, 166, NULL, NULL, NULL),
(2704, 'PIPRA', 1, 4, 12, 166, NULL, NULL, NULL),
(2705, 'RAMPUR', 1, 4, 12, 166, NULL, NULL, NULL),
(2706, 'SADAUA', 1, 4, 12, 166, NULL, NULL, NULL),
(2707, 'SALEMPUR (EAST)', 1, 4, 12, 166, NULL, NULL, NULL),
(2708, 'SALEMPUR (WEST)', 1, 4, 12, 166, NULL, NULL, NULL),
(2709, 'SARAPHARA', 1, 4, 12, 166, NULL, NULL, NULL),
(2710, 'SAREYA NARENDRA', 1, 4, 12, 166, NULL, NULL, NULL),
(2711, 'SONBARSHA', 1, 4, 12, 166, NULL, NULL, NULL),
(2712, 'BAGHA MISHRA', 1, 4, 12, 167, NULL, NULL, NULL),
(2713, 'BANKATA JAGIDARI', 1, 4, 12, 167, NULL, NULL, NULL),
(2714, 'BHORE', 1, 4, 12, 167, NULL, NULL, NULL),
(2715, 'CHHATIYAW', 1, 4, 12, 167, NULL, NULL, NULL),
(2716, 'DOMANPUR', 1, 4, 12, 167, NULL, NULL, NULL),
(2717, 'DUMAR NARENDRA', 1, 4, 12, 167, NULL, NULL, NULL),
(2718, 'GOPALPUR', 1, 4, 12, 167, NULL, NULL, NULL),
(2719, 'HRADIYA', 1, 4, 12, 167, NULL, NULL, NULL),
(2720, 'HUSEPUR', 1, 4, 12, 167, NULL, NULL, NULL),
(2721, 'JAGHTAITI', 1, 4, 12, 167, NULL, NULL, NULL),
(2722, 'KALYANPUR', 1, 4, 12, 167, NULL, NULL, NULL),
(2723, 'KHADHI', 1, 4, 12, 167, NULL, NULL, NULL),
(2724, 'KOREYA', 1, 4, 12, 167, NULL, NULL, NULL),
(2725, 'LAMICHOR', 1, 4, 12, 167, NULL, NULL, NULL),
(2726, 'RAKBA', 1, 4, 12, 167, NULL, NULL, NULL),
(2727, 'SISAI', 1, 4, 12, 167, NULL, NULL, NULL),
(2728, 'CHAKARWA KHASH', 1, 4, 12, 167, NULL, NULL, NULL),
(2729, 'BABU BISHUNPUR PASCH', 1, 4, 12, 168, NULL, NULL, NULL),
(2730, 'BARAI PATTI', 1, 4, 12, 168, NULL, NULL, NULL),
(2731, 'BASDILA KHAS', 1, 4, 12, 168, NULL, NULL, NULL),
(2732, 'BHITBHERAWA', 1, 4, 12, 168, NULL, NULL, NULL),
(2733, 'BISHUNPUR PURWI', 1, 4, 12, 168, NULL, NULL, NULL),
(2734, 'CHAURAW', 1, 4, 12, 168, NULL, NULL, NULL),
(2735, 'EKDERWA', 1, 4, 12, 168, NULL, NULL, NULL),
(2736, 'JAGIRI TOLA', 1, 4, 12, 168, NULL, NULL, NULL),
(2737, 'KATHGHARAWA', 1, 4, 12, 168, NULL, NULL, NULL),
(2738, 'KHAWAJEPUR', 1, 4, 12, 168, NULL, NULL, NULL),
(2739, 'KONHAWA', 1, 4, 12, 168, NULL, NULL, NULL),
(2740, 'MANIKPUR', 1, 4, 12, 168, NULL, NULL, NULL),
(2741, 'RAMPUR TENGRAHI', 1, 4, 12, 168, NULL, NULL, NULL),
(2742, 'TIRBIRWA', 1, 4, 12, 168, NULL, NULL, NULL),
(2743, 'YADOPUR', 1, 4, 12, 168, NULL, NULL, NULL),
(2744, 'YADOPUR DUKHHARAN', 1, 4, 12, 168, NULL, NULL, NULL),
(2745, 'BARIESAR', 1, 4, 12, 169, NULL, NULL, NULL),
(2746, 'BARIRAIVAN', 1, 4, 12, 169, NULL, NULL, NULL),
(2747, 'BARWAKAPERPURA', 1, 4, 12, 169, NULL, NULL, NULL),
(2748, 'CHEANPUR', 1, 4, 12, 169, NULL, NULL, NULL),
(2749, 'CHHAP', 1, 4, 12, 169, NULL, NULL, NULL),
(2750, 'EKDANGAA', 1, 4, 12, 169, NULL, NULL, NULL),
(2751, 'FATEHPUR', 1, 4, 12, 169, NULL, NULL, NULL),
(2752, 'HATHUA', 1, 4, 12, 169, NULL, NULL, NULL),
(2753, 'JIGNAJAGRANATH', 1, 4, 12, 169, NULL, NULL, NULL),
(2754, 'KANDHGOPI', 1, 4, 12, 169, NULL, NULL, NULL),
(2755, 'KHERTIYA', 1, 4, 12, 169, NULL, NULL, NULL),
(2756, 'KUSONDHI', 1, 4, 12, 169, NULL, NULL, NULL),
(2757, 'LAINBAJAR', 1, 4, 12, 169, NULL, NULL, NULL),
(2758, 'MACHHAGARJAGDHISH', 1, 4, 12, 169, NULL, NULL, NULL),
(2759, 'MACHHAGARLAXIRAM', 1, 4, 12, 169, NULL, NULL, NULL),
(2760, 'MATIHANINEEN', 1, 4, 12, 169, NULL, NULL, NULL),
(2761, 'PANCHFERA', 1, 4, 12, 169, NULL, NULL, NULL),
(2762, 'RATANCHAK', 1, 4, 12, 169, NULL, NULL, NULL),
(2763, 'SEMRAW', 1, 4, 12, 169, NULL, NULL, NULL),
(2764, 'SINGHA', 1, 4, 12, 169, NULL, NULL, NULL),
(2765, 'SOEREN', 1, 4, 12, 169, NULL, NULL, NULL),
(2766, 'SOHAUR', 1, 4, 12, 169, NULL, NULL, NULL),
(2767, 'AMEYA', 1, 4, 12, 170, NULL, NULL, NULL),
(2768, 'BAIKUNTHPUR', 1, 4, 12, 170, NULL, NULL, NULL),
(2769, 'BAIRIYA', 1, 4, 12, 170, NULL, NULL, NULL),
(2770, 'BELAHI KHAS', 1, 4, 12, 170, NULL, NULL, NULL),
(2771, 'BHEDIYA', 1, 4, 12, 170, NULL, NULL, NULL),
(2772, 'GAURA', 1, 4, 12, 170, NULL, NULL, NULL),
(2773, 'KARKATAHA', 1, 4, 12, 170, NULL, NULL, NULL),
(2774, 'PADARIYA', 1, 4, 12, 170, NULL, NULL, NULL),
(2775, 'PATKHAULI', 1, 4, 12, 170, NULL, NULL, NULL),
(2776, 'RAMDAS BAGAHI', 1, 4, 12, 170, NULL, NULL, NULL),
(2777, 'RUDRAPUR', 1, 4, 12, 170, NULL, NULL, NULL),
(2778, 'BANKATIYA', 1, 4, 12, 171, NULL, NULL, NULL),
(2779, 'BHAGWANPUR', 1, 4, 12, 171, NULL, NULL, NULL),
(2780, 'KHAL GAON', 1, 4, 12, 171, NULL, NULL, NULL),
(2781, 'KUISHA KHURD', 1, 4, 12, 171, NULL, NULL, NULL),
(2782, 'MAGAHIYA', 1, 4, 12, 171, NULL, NULL, NULL),
(2783, 'MAHUAWA', 1, 4, 12, 171, NULL, NULL, NULL),
(2784, 'MAJHWALIYA', 1, 4, 12, 171, NULL, NULL, NULL),
(2785, 'SEMARIYA', 1, 4, 12, 171, NULL, NULL, NULL),
(2786, 'SIKATIA', 1, 4, 12, 171, NULL, NULL, NULL),
(2787, 'CHURAMNCHAK', 1, 4, 12, 172, NULL, NULL, NULL),
(2788, 'BATHUAA BAJAR', 1, 4, 12, 172, NULL, NULL, NULL),
(2789, 'BERAGITOLA', 1, 4, 12, 172, NULL, NULL, NULL),
(2790, 'CHAMARIPATTI', 1, 4, 12, 172, NULL, NULL, NULL),
(2791, 'GARESH DUMAR', 1, 4, 12, 172, NULL, NULL, NULL),
(2792, 'GIDHA', 1, 4, 12, 172, NULL, NULL, NULL),
(2793, 'KARARIYAA', 1, 4, 12, 172, NULL, NULL, NULL),
(2794, 'KOYLADEWA', 1, 4, 12, 172, NULL, NULL, NULL),
(2795, 'MAGIRWAKALA', 1, 4, 12, 172, NULL, NULL, NULL),
(2796, 'MAJHAGOSAI', 1, 4, 12, 172, NULL, NULL, NULL),
(2797, 'PEKOLIBANDO', 1, 4, 12, 172, NULL, NULL, NULL),
(2798, 'PHULWARIA', 1, 4, 12, 172, NULL, NULL, NULL),
(2799, 'AMARPURA', 1, 4, 12, 173, NULL, NULL, NULL),
(2800, 'BAKHARAUR', 1, 4, 12, 173, NULL, NULL, NULL),
(2801, 'BUCHIYA', 1, 4, 12, 173, NULL, NULL, NULL),
(2802, 'BUDHASI', 1, 4, 12, 173, NULL, NULL, NULL),
(2803, 'DUMARIYA', 1, 4, 12, 173, NULL, NULL, NULL),
(2804, 'JALALPUR KALA', 1, 4, 12, 173, NULL, NULL, NULL),
(2805, 'KARASH GHAT', 1, 4, 12, 173, NULL, NULL, NULL),
(2806, 'KASHITENGRAHI', 1, 4, 12, 173, NULL, NULL, NULL),
(2807, 'KUSHAHAR', 1, 4, 12, 173, NULL, NULL, NULL),
(2808, 'LOHIJARA', 1, 4, 12, 173, NULL, NULL, NULL),
(2809, 'MAHAMADPUR', 1, 4, 12, 173, NULL, NULL, NULL),
(2810, 'SHER', 1, 4, 12, 173, NULL, NULL, NULL),
(2811, 'SUPAULI', 1, 4, 12, 173, NULL, NULL, NULL),
(2812, 'BARARI JAGDISH', 1, 4, 12, 174, NULL, NULL, NULL),
(2813, 'BIDESI TOLA', 1, 4, 12, 174, NULL, NULL, NULL),
(2814, 'BRINDA BAN', 1, 4, 12, 174, NULL, NULL, NULL),
(2815, 'DHATIWNA', 1, 4, 12, 174, NULL, NULL, NULL),
(2816, 'EKDERAWA', 1, 4, 12, 174, NULL, NULL, NULL),
(2817, 'FULUGANI', 1, 4, 12, 174, NULL, NULL, NULL),
(2818, 'INDARWA BEDULLAH', 1, 4, 12, 174, NULL, NULL, NULL),
(2819, 'JAGMALWA', 1, 4, 12, 174, NULL, NULL, NULL),
(2820, 'LACHHWAR', 1, 4, 12, 174, NULL, NULL, NULL),
(2821, 'RAMCHANDRAPUR', 1, 4, 12, 174, NULL, NULL, NULL),
(2822, 'SEMARA', 1, 4, 12, 174, NULL, NULL, NULL),
(2823, 'BALESRA', 1, 4, 12, 175, NULL, NULL, NULL),
(2824, 'BARIYA DURG', 1, 4, 12, 175, NULL, NULL, NULL),
(2825, 'CHHOTKASAKHE', 1, 4, 12, 175, NULL, NULL, NULL),
(2826, 'HARPUR', 1, 4, 12, 175, NULL, NULL, NULL),
(2827, 'JAMSAR', 1, 4, 12, 175, NULL, NULL, NULL),
(2828, 'JHIRWA', 1, 4, 12, 175, NULL, NULL, NULL),
(2829, 'LUHSI', 1, 4, 12, 175, NULL, NULL, NULL),
(2830, 'MAHECHA', 1, 4, 12, 175, NULL, NULL, NULL),
(2831, 'NAWADAPARSONI', 1, 4, 12, 175, NULL, NULL, NULL),
(2832, 'PARSONIKHAS', 1, 4, 12, 175, NULL, NULL, NULL),
(2833, 'SAKHEKHAS', 1, 4, 12, 175, NULL, NULL, NULL),
(2834, 'TRILOKPUR', 1, 4, 12, 175, NULL, NULL, NULL),
(2835, 'UCHAKAGAON', 1, 4, 12, 175, NULL, NULL, NULL),
(2836, 'DAHIBHATA', 1, 4, 12, 175, NULL, NULL, NULL),
(2837, 'AHIYAPUR', 1, 4, 12, 176, NULL, NULL, NULL),
(2838, 'BANDHOURA GHAT', 1, 4, 12, 176, NULL, NULL, NULL),
(2839, 'BELWA', 1, 4, 12, 176, NULL, NULL, NULL),
(2840, 'BHARPURWA', 1, 4, 12, 176, NULL, NULL, NULL),
(2841, 'CHAUMUKHA', 1, 4, 12, 176, NULL, NULL, NULL),
(2842, 'JAGDISHPUR', 1, 4, 12, 176, NULL, NULL, NULL),
(2843, 'KHIRIDHIH', 1, 4, 12, 176, NULL, NULL, NULL),
(2844, 'KOTIYA', 1, 4, 12, 176, NULL, NULL, NULL),
(2845, 'MAJHWALIYA', 1, 4, 12, 176, NULL, NULL, NULL),
(2846, 'MUSEHARI', 1, 4, 12, 176, NULL, NULL, NULL),
(2847, 'NAIWTAN', 1, 4, 12, 176, NULL, NULL, NULL),
(2848, 'PAGARA', 1, 4, 12, 176, NULL, NULL, NULL),
(2849, 'SAROPAI', 1, 4, 12, 176, NULL, NULL, NULL),
(2850, 'AMRATH', 1, 4, 13, 177, NULL, NULL, NULL),
(2851, 'ARSAR', 1, 4, 13, 177, NULL, NULL, NULL),
(2852, 'CHORDIHA', 1, 4, 13, 177, NULL, NULL, NULL),
(2853, 'DAULATPUR', 1, 4, 13, 177, NULL, NULL, NULL),
(2854, 'GARSANDA', 1, 4, 13, 177, NULL, NULL, NULL),
(2855, 'INDPE', 1, 4, 13, 177, NULL, NULL, NULL),
(2856, 'KAKAN', 1, 4, 13, 177, NULL, NULL, NULL),
(2857, 'KUNDRI SONKURHA', 1, 4, 13, 177, NULL, NULL, NULL),
(2858, 'LAKHANPUR', 1, 4, 13, 177, NULL, NULL, NULL),
(2859, 'MAJHWE', 1, 4, 13, 177, NULL, NULL, NULL),
(2860, 'THEGUA', 1, 4, 13, 177, NULL, NULL, NULL),
(2861, 'AGAHARA BARUWATTA', 1, 4, 13, 177, NULL, NULL, NULL),
(2862, 'BARHAT', 1, 4, 13, 178, NULL, NULL, NULL),
(2863, 'BARIYARPUR', 1, 4, 13, 178, NULL, NULL, NULL),
(2864, 'DAHA', 1, 4, 13, 178, NULL, NULL, NULL),
(2865, 'GUGULDIH', 1, 4, 13, 178, NULL, NULL, NULL),
(2866, 'KATAUNA', 1, 4, 13, 178, NULL, NULL, NULL),
(2867, 'LAKHAI', 1, 4, 13, 178, NULL, NULL, NULL),
(2868, 'MALLEHPUR', 1, 4, 13, 178, NULL, NULL, NULL),
(2869, 'NOOMAR', 1, 4, 13, 178, NULL, NULL, NULL),
(2870, 'PARO', 1, 4, 13, 178, NULL, NULL, NULL),
(2871, 'ANANDPUR', 1, 4, 13, 179, NULL, NULL, NULL),
(2872, 'CHINBENA', 1, 4, 13, 179, NULL, NULL, NULL),
(2873, 'DIGHI', 1, 4, 13, 179, NULL, NULL, NULL),
(2874, 'GOURA', 1, 4, 13, 179, NULL, NULL, NULL),
(2875, 'HARLA', 1, 4, 13, 179, NULL, NULL, NULL),
(2876, 'KAKANCHOR', 1, 4, 13, 179, NULL, NULL, NULL),
(2877, 'KALA', 1, 4, 13, 179, NULL, NULL, NULL),
(2878, 'KHILAR', 1, 4, 13, 179, NULL, NULL, NULL),
(2879, 'MARAIYA', 1, 4, 13, 179, NULL, NULL, NULL),
(2880, 'MATIA', 1, 4, 13, 179, NULL, NULL, NULL),
(2881, 'MOHANPUR', 1, 4, 13, 179, NULL, NULL, NULL),
(2882, 'NAZARI', 1, 4, 13, 179, NULL, NULL, NULL),
(2883, 'PIDRON', 1, 4, 13, 179, NULL, NULL, NULL),
(2884, 'AMARI', 1, 4, 13, 180, NULL, NULL, NULL),
(2885, 'ARNAWABANK', 1, 4, 13, 180, NULL, NULL, NULL),
(2886, 'BANPUR', 1, 4, 13, 180, NULL, NULL, NULL),
(2887, 'BELA', 1, 4, 13, 180, NULL, NULL, NULL),
(2888, 'BHIMAIN', 1, 4, 13, 180, NULL, NULL, NULL),
(2889, 'BISANPUR', 1, 4, 13, 180, NULL, NULL, NULL),
(2890, 'CHUAN', 1, 4, 13, 180, NULL, NULL, NULL),
(2891, 'DABIL', 1, 4, 13, 180, NULL, NULL, NULL),
(2892, 'GARHI', 1, 4, 13, 180, NULL, NULL, NULL),
(2893, 'GOLI', 1, 4, 13, 180, NULL, NULL, NULL),
(2894, 'GOPALPUR', 1, 4, 13, 180, NULL, NULL, NULL),
(2895, 'HARKHAR', 1, 4, 13, 180, NULL, NULL, NULL),
(2896, 'HARNI', 1, 4, 13, 180, NULL, NULL, NULL),
(2897, 'JHUNDO', 1, 4, 13, 180, NULL, NULL, NULL),
(2898, 'JITJHINGOI', 1, 4, 13, 180, NULL, NULL, NULL),
(2899, 'KAGESWAR', 1, 4, 13, 180, NULL, NULL, NULL),
(2900, 'KENDIH', 1, 4, 13, 180, NULL, NULL, NULL),
(2901, 'KHAIRA', 1, 4, 13, 180, NULL, NULL, NULL),
(2902, 'KHAIRA', 1, 4, 13, 180, NULL, NULL, NULL),
(2903, 'KHANDAICH', 1, 4, 13, 180, NULL, NULL, NULL),
(2904, 'NIM NAWADA', 1, 4, 13, 180, NULL, NULL, NULL),
(2905, 'RAIPURA', 1, 4, 13, 180, NULL, NULL, NULL),
(2906, 'BAIJLA', 1, 4, 13, 181, NULL, NULL, NULL),
(2907, 'BALIYADIH', 1, 4, 13, 181, NULL, NULL, NULL),
(2908, 'BARAJOR', 1, 4, 13, 181, NULL, NULL, NULL),
(2909, 'BARAKOLA', 1, 4, 13, 181, NULL, NULL, NULL),
(2910, 'BORWA', 1, 4, 13, 181, NULL, NULL, NULL),
(2911, 'CHAIN', 1, 4, 13, 181, NULL, NULL, NULL),
(2912, 'CHHAPPA', 1, 4, 13, 181, NULL, NULL, NULL),
(2913, 'DHAMNA', 1, 4, 13, 181, NULL, NULL, NULL),
(2914, 'HATHIYA', 1, 4, 13, 181, NULL, NULL, NULL),
(2915, 'JAMUKHAIREYA', 1, 4, 13, 181, NULL, NULL, NULL),
(2916, 'KANAN', 1, 4, 13, 181, NULL, NULL, NULL),
(2917, 'KANOUDI', 1, 4, 13, 181, NULL, NULL, NULL),
(2918, 'KARHARA', 1, 4, 13, 181, NULL, NULL, NULL),
(2919, 'KARMA', 1, 4, 13, 181, NULL, NULL, NULL),
(2920, 'KESHOPUR', 1, 4, 13, 181, NULL, NULL, NULL),
(2921, 'KHURANDA', 1, 4, 13, 181, NULL, NULL, NULL),
(2922, 'MAHAPUR', 1, 4, 13, 181, NULL, NULL, NULL),
(2923, 'PAIRGAHA', 1, 4, 13, 181, NULL, NULL, NULL),
(2924, 'RAJALAKALA', 1, 4, 13, 181, NULL, NULL, NULL),
(2925, 'TAILWA', 1, 4, 13, 181, NULL, NULL, NULL),
(2926, 'BAMDAH', 1, 4, 13, 182, NULL, NULL, NULL),
(2927, 'BARMORIA', 1, 4, 13, 182, NULL, NULL, NULL),
(2928, 'BONGI', 1, 4, 13, 182, NULL, NULL, NULL),
(2929, 'CHAKAI', 1, 4, 13, 182, NULL, NULL, NULL),
(2930, 'CHANDARMANDIH', 1, 4, 13, 182, NULL, NULL, NULL),
(2931, 'CHOPHLA', 1, 4, 13, 182, NULL, NULL, NULL),
(2932, 'DADHWA', 1, 4, 13, 182, NULL, NULL, NULL),
(2933, 'DULAMPUR', 1, 4, 13, 182, NULL, NULL, NULL),
(2934, 'GAJHI', 1, 4, 13, 182, NULL, NULL, NULL),
(2935, 'GHUTWE', 1, 4, 13, 182, NULL, NULL, NULL),
(2936, 'KALYANPUR', 1, 4, 13, 182, NULL, NULL, NULL),
(2937, 'KIYAJORI', 1, 4, 13, 182, NULL, NULL, NULL),
(2938, 'MADHOPUR', 1, 4, 13, 182, NULL, NULL, NULL),
(2939, 'NAWADIH', 1, 4, 13, 182, NULL, NULL, NULL),
(2940, 'NAWADIH SILPHARI', 1, 4, 13, 182, NULL, NULL, NULL),
(2941, 'PARANCHI', 1, 4, 13, 182, NULL, NULL, NULL),
(2942, 'PETARPHARI', 1, 4, 13, 182, NULL, NULL, NULL),
(2943, 'PHARIATADIH', 1, 4, 13, 182, NULL, NULL, NULL),
(2944, 'POJHA', 1, 4, 13, 182, NULL, NULL, NULL),
(2945, 'RAMCHNDARDIH', 1, 4, 13, 182, NULL, NULL, NULL),
(2946, 'RAMSINGHDIH', 1, 4, 13, 182, NULL, NULL, NULL),
(2947, 'SARAUN', 1, 4, 13, 182, NULL, NULL, NULL),
(2948, 'THADHI', 1, 4, 13, 182, NULL, NULL, NULL),
(2949, 'GANGRA', 1, 4, 13, 183, NULL, NULL, NULL),
(2950, 'KOLHUA', 1, 4, 13, 183, NULL, NULL, NULL),
(2951, 'KUNDHUR', 1, 4, 13, 183, NULL, NULL, NULL),
(2952, 'MOURA', 1, 4, 13, 183, NULL, NULL, NULL),
(2953, 'PATSANDA', 1, 4, 13, 183, NULL, NULL, NULL),
(2954, 'PURWI GUGULDIH', 1, 4, 13, 183, NULL, NULL, NULL),
(2955, 'RATANPUR', 1, 4, 13, 183, NULL, NULL, NULL),
(2956, 'SEVA', 1, 4, 13, 183, NULL, NULL, NULL),
(2957, 'BHULLO', 1, 4, 13, 184, NULL, NULL, NULL),
(2958, 'BICHHWAY', 1, 4, 13, 184, NULL, NULL, NULL),
(2959, 'GOKHULA PHATEHPUR', 1, 4, 13, 184, NULL, NULL, NULL),
(2960, 'ITTASAGAR', 1, 4, 13, 184, NULL, NULL, NULL),
(2961, 'KHARDIH', 1, 4, 13, 184, NULL, NULL, NULL),
(2962, 'KUMAR', 1, 4, 13, 184, NULL, NULL, NULL),
(2963, 'MAHADEO-SIMARIA', 1, 4, 13, 184, NULL, NULL, NULL),
(2964, 'MANJOSH', 1, 4, 13, 184, NULL, NULL, NULL),
(2965, 'MATHURAPUR', 1, 4, 13, 184, NULL, NULL, NULL),
(2966, 'MIRCHA PATHAK CHAK', 1, 4, 13, 184, NULL, NULL, NULL),
(2967, 'POHAE', 1, 4, 13, 184, NULL, NULL, NULL),
(2968, 'SABAL BIGHA', 1, 4, 13, 184, NULL, NULL, NULL),
(2969, 'SIJHOURI', 1, 4, 13, 184, NULL, NULL, NULL),
(2970, 'SIKANDRA', 1, 4, 13, 184, NULL, NULL, NULL),
(2971, 'ALIGANJ', 1, 4, 13, 185, NULL, NULL, NULL);
INSERT INTO `villages` (`id`, `name`, `country_id`, `state_id`, `district_id`, `block_id`, `created_at`, `updated_at`, `deleted_at`) VALUES
(2972, 'ARHA', 1, 4, 13, 185, NULL, NULL, NULL),
(2973, 'DARAKHA', 1, 4, 13, 185, NULL, NULL, NULL),
(2974, 'DIN NAGAR', 1, 4, 13, 185, NULL, NULL, NULL),
(2975, 'ISLAM NAGAR', 1, 4, 13, 185, NULL, NULL, NULL),
(2976, 'KAITHA', 1, 4, 13, 185, NULL, NULL, NULL),
(2977, 'KAIYAR', 1, 4, 13, 185, NULL, NULL, NULL),
(2978, 'KODWARIA', 1, 4, 13, 185, NULL, NULL, NULL),
(2979, 'KOLHANA', 1, 4, 13, 185, NULL, NULL, NULL),
(2980, 'MIRJAGANJ', 1, 4, 13, 185, NULL, NULL, NULL),
(2981, 'PURSANDA', 1, 4, 13, 185, NULL, NULL, NULL),
(2982, 'SAHODA', 1, 4, 13, 185, NULL, NULL, NULL),
(2983, 'AWAGILLA CHAURASSA', 1, 4, 13, 185, NULL, NULL, NULL),
(2984, 'BABUDIH', 1, 4, 13, 186, NULL, NULL, NULL),
(2985, 'BALTHAR', 1, 4, 13, 186, NULL, NULL, NULL),
(2986, 'BELAMBA', 1, 4, 13, 186, NULL, NULL, NULL),
(2987, 'CHHUCHHNARIYA', 1, 4, 13, 186, NULL, NULL, NULL),
(2988, 'CHURHIT', 1, 4, 13, 186, NULL, NULL, NULL),
(2989, 'DAHIYARI', 1, 4, 13, 186, NULL, NULL, NULL),
(2990, 'DHODHARI', 1, 4, 13, 186, NULL, NULL, NULL),
(2991, 'GANDAR', 1, 4, 13, 186, NULL, NULL, NULL),
(2992, 'KESHOFARKA', 1, 4, 13, 186, NULL, NULL, NULL),
(2993, 'LAKHANKIYARI', 1, 4, 13, 186, NULL, NULL, NULL),
(2994, 'LALILEWAR', 1, 4, 13, 186, NULL, NULL, NULL),
(2995, 'LOHA', 1, 4, 13, 186, NULL, NULL, NULL),
(2996, 'MAHESHWARI', 1, 4, 13, 186, NULL, NULL, NULL),
(2997, 'NAIYADIH', 1, 4, 13, 186, NULL, NULL, NULL),
(2998, 'PAIRAMATIHANA', 1, 4, 13, 186, NULL, NULL, NULL),
(2999, 'RAJAUN', 1, 4, 13, 186, NULL, NULL, NULL),
(3000, 'SAREBAD', 1, 4, 13, 186, NULL, NULL, NULL),
(3001, 'SONO', 1, 4, 13, 186, NULL, NULL, NULL),
(3002, 'THAMHAN', 1, 4, 13, 186, NULL, NULL, NULL),
(3003, 'AHIYASA', 1, 4, 14, 187, NULL, NULL, NULL),
(3004, 'BHARTHU', 1, 4, 14, 187, NULL, NULL, NULL),
(3005, 'GHOSHI', 1, 4, 14, 187, NULL, NULL, NULL),
(3006, 'GOLAKPUR', 1, 4, 14, 187, NULL, NULL, NULL),
(3007, 'KURE', 1, 4, 14, 187, NULL, NULL, NULL),
(3008, 'LAKHAWAR', 1, 4, 14, 187, NULL, NULL, NULL),
(3009, 'PARAVAN', 1, 4, 14, 187, NULL, NULL, NULL),
(3010, 'SAHO BIGHA', 1, 4, 14, 187, NULL, NULL, NULL),
(3011, 'SHAHPUR', 1, 4, 14, 187, NULL, NULL, NULL),
(3012, 'UBER', 1, 4, 14, 187, NULL, NULL, NULL),
(3013, 'BAURI', 1, 4, 14, 188, NULL, NULL, NULL),
(3014, 'CHIRI', 1, 4, 14, 188, NULL, NULL, NULL),
(3015, 'DAWTHU', 1, 4, 14, 188, NULL, NULL, NULL),
(3016, 'KEUR', 1, 4, 14, 188, NULL, NULL, NULL),
(3017, 'KHUDAURI', 1, 4, 14, 188, NULL, NULL, NULL),
(3018, 'KOKARSA', 1, 4, 14, 188, NULL, NULL, NULL),
(3019, 'MURGOAN', 1, 4, 14, 188, NULL, NULL, NULL),
(3020, 'SURAJPUR', 1, 4, 14, 188, NULL, NULL, NULL),
(3021, 'TIRA', 1, 4, 14, 188, NULL, NULL, NULL),
(3022, 'AMAIN', 1, 4, 14, 189, NULL, NULL, NULL),
(3023, 'GONWAN -', 1, 4, 14, 189, NULL, NULL, NULL),
(3024, 'JAMUK -', 1, 4, 14, 189, NULL, NULL, NULL),
(3025, 'KALPA –', 1, 4, 14, 189, NULL, NULL, NULL),
(3026, 'KINARI –', 1, 4, 14, 189, NULL, NULL, NULL),
(3027, 'LARSA -', 1, 4, 14, 189, NULL, NULL, NULL),
(3028, 'MANDE BIGHA -', 1, 4, 14, 189, NULL, NULL, NULL),
(3029, 'MANDIL -', 1, 4, 14, 189, NULL, NULL, NULL),
(3030, 'MUTHER –', 1, 4, 14, 189, NULL, NULL, NULL),
(3031, 'NAURU -', 1, 4, 14, 189, NULL, NULL, NULL),
(3032, 'PANDOOI -', 1, 4, 14, 189, NULL, NULL, NULL),
(3033, 'SEWNON –', 1, 4, 14, 189, NULL, NULL, NULL),
(3034, 'SIKARIYA –', 1, 4, 14, 189, NULL, NULL, NULL),
(3035, 'SURANGAPUR BHAWANICHAK –', 1, 4, 14, 189, NULL, NULL, NULL),
(3036, 'AMTHUA -', 1, 4, 14, 190, NULL, NULL, NULL),
(3037, 'BADHAUNA -', 1, 4, 14, 190, NULL, NULL, NULL),
(3038, 'BARA', 1, 4, 14, 190, NULL, NULL, NULL),
(3039, 'BARAWAN', 1, 4, 14, 190, NULL, NULL, NULL),
(3040, 'DAMUHA -', 1, 4, 14, 190, NULL, NULL, NULL),
(3041, 'DEDHSAIYA –', 1, 4, 14, 190, NULL, NULL, NULL),
(3042, 'KHALISPUR', 1, 4, 14, 190, NULL, NULL, NULL),
(3043, 'MANIYAWAN –', 1, 4, 14, 190, NULL, NULL, NULL),
(3044, 'NERTHUA –', 1, 4, 14, 190, NULL, NULL, NULL),
(3045, 'NONHI –', 1, 4, 14, 190, NULL, NULL, NULL),
(3046, 'PASHCHIMI KAKO', 1, 4, 14, 190, NULL, NULL, NULL),
(3047, 'PINJAURA –', 1, 4, 14, 190, NULL, NULL, NULL),
(3048, 'PURVI KAKO –', 1, 4, 14, 190, NULL, NULL, NULL),
(3049, 'SAIDABAD PARSAIN', 1, 4, 14, 190, NULL, NULL, NULL),
(3050, 'SULEMANPUR –', 1, 4, 14, 190, NULL, NULL, NULL),
(3051, 'UTARSERTHUA', 1, 4, 14, 190, NULL, NULL, NULL),
(3052, 'BELA BIRRA', 1, 4, 14, 191, NULL, NULL, NULL),
(3053, 'BHAIKH', 1, 4, 14, 191, NULL, NULL, NULL),
(3054, 'CHHARIYARI', 1, 4, 14, 191, NULL, NULL, NULL),
(3055, 'DAKRA', 1, 4, 14, 191, NULL, NULL, NULL),
(3056, 'DHARAUT', 1, 4, 14, 191, NULL, NULL, NULL),
(3057, 'DHARNAI', 1, 4, 14, 191, NULL, NULL, NULL),
(3058, 'JAMANJUNG', 1, 4, 14, 191, NULL, NULL, NULL),
(3059, 'JAURA', 1, 4, 14, 191, NULL, NULL, NULL),
(3060, 'KACHNAMA', 1, 4, 14, 191, NULL, NULL, NULL),
(3061, 'KALANAUR', 1, 4, 14, 191, NULL, NULL, NULL),
(3062, 'KOHARA', 1, 4, 14, 191, NULL, NULL, NULL),
(3063, 'MAKARPUR', 1, 4, 14, 191, NULL, NULL, NULL),
(3064, 'MALATI', 1, 4, 14, 191, NULL, NULL, NULL),
(3065, 'MANJHOSH', 1, 4, 14, 191, NULL, NULL, NULL),
(3066, 'PUNHADA', 1, 4, 14, 191, NULL, NULL, NULL),
(3067, 'PURVI SAREN', 1, 4, 14, 191, NULL, NULL, NULL),
(3068, 'RAMPUR', 1, 4, 14, 191, NULL, NULL, NULL),
(3069, 'SOLHANDA', 1, 4, 14, 191, NULL, NULL, NULL),
(3070, 'SUGAOAN', 1, 4, 14, 191, NULL, NULL, NULL),
(3071, 'SUMERA', 1, 4, 14, 191, NULL, NULL, NULL),
(3072, 'KUMARDIH', 1, 4, 14, 191, NULL, NULL, NULL),
(3073, 'PACHHAMI SAREN', 1, 4, 14, 191, NULL, NULL, NULL),
(3074, 'BANDHUGUNJ', 1, 4, 14, 192, NULL, NULL, NULL),
(3075, 'BISHUNPUR OKRI', 1, 4, 14, 192, NULL, NULL, NULL),
(3076, 'DEVRA', 1, 4, 14, 192, NULL, NULL, NULL),
(3077, 'GANDHAR', 1, 4, 14, 192, NULL, NULL, NULL),
(3078, 'JAITIPUR KURUYA', 1, 4, 14, 192, NULL, NULL, NULL),
(3079, 'MODANJUNG GOVINDPUR', 1, 4, 14, 192, NULL, NULL, NULL),
(3080, 'NAIMA', 1, 4, 14, 192, NULL, NULL, NULL),
(3081, 'SAISTABAD', 1, 4, 14, 192, NULL, NULL, NULL),
(3082, 'JHUNATHI', 1, 4, 14, 193, NULL, NULL, NULL),
(3083, 'KANSUA', 1, 4, 14, 193, NULL, NULL, NULL),
(3084, 'KASWAN', 1, 4, 14, 193, NULL, NULL, NULL),
(3085, 'LAKHAPUR', 1, 4, 14, 193, NULL, NULL, NULL),
(3086, 'MURHARA', 1, 4, 14, 193, NULL, NULL, NULL),
(3087, 'NARAINPUR', 1, 4, 14, 193, NULL, NULL, NULL),
(3088, 'NEHALPUR', 1, 4, 14, 193, NULL, NULL, NULL),
(3089, 'NOAWAN', 1, 4, 14, 193, NULL, NULL, NULL),
(3090, 'PANDAUL', 1, 4, 14, 193, NULL, NULL, NULL),
(3091, 'RATNI', 1, 4, 14, 193, NULL, NULL, NULL),
(3092, 'SESAMWA', 1, 4, 14, 193, NULL, NULL, NULL),
(3093, 'SIKANDRAPUR', 1, 4, 14, 193, NULL, NULL, NULL),
(3094, 'SOHRAIA', 1, 4, 14, 193, NULL, NULL, NULL),
(3095, 'UCHITA', 1, 4, 14, 193, NULL, NULL, NULL),
(3096, 'ADHAURA', 1, 4, 15, 194, NULL, NULL, NULL),
(3097, 'ATHAN', 1, 4, 15, 194, NULL, NULL, NULL),
(3098, 'BABHANI KALAN', 1, 4, 15, 194, NULL, NULL, NULL),
(3099, 'BARWAN KALAN', 1, 4, 15, 194, NULL, NULL, NULL),
(3100, 'CHAINPURA', 1, 4, 15, 194, NULL, NULL, NULL),
(3101, 'DIGHAR', 1, 4, 15, 194, NULL, NULL, NULL),
(3102, 'DUMRAWAN', 1, 4, 15, 194, NULL, NULL, NULL),
(3103, 'JAMUNINAR', 1, 4, 15, 194, NULL, NULL, NULL),
(3104, 'KOLHUWA', 1, 4, 15, 194, NULL, NULL, NULL),
(3105, 'SANRAKI', 1, 4, 15, 194, NULL, NULL, NULL),
(3106, 'SARODAANCHAYAT', 1, 4, 15, 194, NULL, NULL, NULL),
(3107, 'AKHANI', 1, 4, 15, 195, NULL, NULL, NULL),
(3108, 'AKOLHI', 1, 4, 15, 195, NULL, NULL, NULL),
(3109, 'CHANDESH', 1, 4, 15, 195, NULL, NULL, NULL),
(3110, 'DUMDUMA', 1, 4, 15, 195, NULL, NULL, NULL),
(3111, 'EWATI', 1, 4, 15, 195, NULL, NULL, NULL),
(3112, 'KOTA', 1, 4, 15, 195, NULL, NULL, NULL),
(3113, 'MUKHRAON', 1, 4, 15, 195, NULL, NULL, NULL),
(3114, 'NUAON', 1, 4, 15, 195, NULL, NULL, NULL),
(3115, 'PAJRAON', 1, 4, 15, 195, NULL, NULL, NULL),
(3116, 'TARAITHA', 1, 4, 15, 195, NULL, NULL, NULL),
(3117, 'AHIWANS', 1, 4, 15, 196, NULL, NULL, NULL),
(3118, 'BANDIPUR', 1, 4, 15, 196, NULL, NULL, NULL),
(3119, 'BARAURA', 1, 4, 15, 196, NULL, NULL, NULL),
(3120, 'DEOHALIA', 1, 4, 15, 196, NULL, NULL, NULL),
(3121, 'MAHUWAR', 1, 4, 15, 196, NULL, NULL, NULL),
(3122, 'MASARHI', 1, 4, 15, 196, NULL, NULL, NULL),
(3123, 'NARHAN JAMURNA', 1, 4, 15, 196, NULL, NULL, NULL),
(3124, 'NONAR', 1, 4, 15, 196, NULL, NULL, NULL),
(3125, 'RAMGARH', 1, 4, 15, 196, NULL, NULL, NULL),
(3126, 'SADULLAHPUR DARWAN', 1, 4, 15, 196, NULL, NULL, NULL),
(3127, 'SAHUKA', 1, 4, 15, 196, NULL, NULL, NULL),
(3128, 'SIJHUA', 1, 4, 15, 196, NULL, NULL, NULL),
(3129, 'SISAUNRA', 1, 4, 15, 196, NULL, NULL, NULL),
(3130, 'AMAON', 1, 4, 15, 197, NULL, NULL, NULL),
(3131, 'BARKAGAWAN', 1, 4, 15, 197, NULL, NULL, NULL),
(3132, 'BELAON', 1, 4, 15, 197, NULL, NULL, NULL),
(3133, 'BHITRIBANDH', 1, 4, 15, 197, NULL, NULL, NULL),
(3134, 'JALALPUR', 1, 4, 15, 197, NULL, NULL, NULL),
(3135, 'KHARENDA', 1, 4, 15, 197, NULL, NULL, NULL),
(3136, 'KURARI', 1, 4, 15, 197, NULL, NULL, NULL),
(3137, 'PASAIN', 1, 4, 15, 197, NULL, NULL, NULL),
(3138, 'SABAR', 1, 4, 15, 197, NULL, NULL, NULL),
(3139, 'AKHLASPUR', 1, 4, 15, 198, NULL, NULL, NULL),
(3140, 'BAHUWAN', 1, 4, 15, 198, NULL, NULL, NULL),
(3141, 'BETRI', 1, 4, 15, 198, NULL, NULL, NULL),
(3142, 'DIHRA', 1, 4, 15, 198, NULL, NULL, NULL),
(3143, 'DUMDUM', 1, 4, 15, 198, NULL, NULL, NULL),
(3144, 'DUMRAITH', 1, 4, 15, 198, NULL, NULL, NULL),
(3145, 'JAGE BARAWAN', 1, 4, 15, 198, NULL, NULL, NULL),
(3146, 'KAITHI', 1, 4, 15, 198, NULL, NULL, NULL),
(3147, 'KOHARI', 1, 4, 15, 198, NULL, NULL, NULL),
(3148, 'KURASAN', 1, 4, 15, 198, NULL, NULL, NULL),
(3149, 'MAHUAT', 1, 4, 15, 198, NULL, NULL, NULL),
(3150, 'MAHUWARI', 1, 4, 15, 198, NULL, NULL, NULL),
(3151, 'MANIHARI', 1, 4, 15, 198, NULL, NULL, NULL),
(3152, 'MIRIA', 1, 4, 15, 198, NULL, NULL, NULL),
(3153, 'MIUN SUKHARIPUR', 1, 4, 15, 198, NULL, NULL, NULL),
(3154, 'MOKRI', 1, 4, 15, 198, NULL, NULL, NULL),
(3155, 'RATWAR', 1, 4, 15, 198, NULL, NULL, NULL),
(3156, 'RUIYAN', 1, 4, 15, 198, NULL, NULL, NULL),
(3157, 'RUPPUR', 1, 4, 15, 198, NULL, NULL, NULL),
(3158, 'SIKTHI', 1, 4, 15, 198, NULL, NULL, NULL),
(3159, 'SION', 1, 4, 15, 198, NULL, NULL, NULL),
(3160, 'SONHAN', 1, 4, 15, 198, NULL, NULL, NULL),
(3161, 'BHAGWANPUR', 1, 4, 15, 199, NULL, NULL, NULL),
(3162, 'JAITPUR KALAN', 1, 4, 15, 199, NULL, NULL, NULL),
(3163, 'KASER', 1, 4, 15, 199, NULL, NULL, NULL),
(3164, 'MOKARAM', 1, 4, 15, 199, NULL, NULL, NULL),
(3165, 'PAHARIA', 1, 4, 15, 199, NULL, NULL, NULL),
(3166, 'PARHAUTI', 1, 4, 15, 199, NULL, NULL, NULL),
(3167, 'RAMGARH', 1, 4, 15, 199, NULL, NULL, NULL),
(3168, 'SARAIYA', 1, 4, 15, 199, NULL, NULL, NULL),
(3169, 'TORI', 1, 4, 15, 199, NULL, NULL, NULL),
(3170, 'AMAON', 1, 4, 15, 200, NULL, NULL, NULL),
(3171, 'BARHAUNA', 1, 4, 15, 200, NULL, NULL, NULL),
(3172, 'BIUR BHANPUR', 1, 4, 15, 200, NULL, NULL, NULL),
(3173, 'CHAINPUR', 1, 4, 15, 200, NULL, NULL, NULL),
(3174, 'DUMARKON', 1, 4, 15, 200, NULL, NULL, NULL),
(3175, 'HATA', 1, 4, 15, 200, NULL, NULL, NULL),
(3176, 'ISIA', 1, 4, 15, 200, NULL, NULL, NULL),
(3177, 'JAGARIA', 1, 4, 15, 200, NULL, NULL, NULL),
(3178, 'KARJAON', 1, 4, 15, 200, NULL, NULL, NULL),
(3179, 'MADURNA', 1, 4, 15, 200, NULL, NULL, NULL),
(3180, 'MAJHUI', 1, 4, 15, 200, NULL, NULL, NULL),
(3181, 'MERH', 1, 4, 15, 200, NULL, NULL, NULL),
(3182, 'NANDGAWAN', 1, 4, 15, 200, NULL, NULL, NULL),
(3183, 'RAMGARH', 1, 4, 15, 200, NULL, NULL, NULL),
(3184, 'SIKANDARPUR', 1, 4, 15, 200, NULL, NULL, NULL),
(3185, 'SIRBIT', 1, 4, 15, 200, NULL, NULL, NULL),
(3186, 'UDAI RAMPUR', 1, 4, 15, 200, NULL, NULL, NULL),
(3187, 'BHARARI KALAN', 1, 4, 15, 201, NULL, NULL, NULL),
(3188, 'CHAND', 1, 4, 15, 201, NULL, NULL, NULL),
(3189, 'CHAURI', 1, 4, 15, 201, NULL, NULL, NULL),
(3190, 'DULAHI', 1, 4, 15, 201, NULL, NULL, NULL),
(3191, 'GOIN', 1, 4, 15, 201, NULL, NULL, NULL),
(3192, 'KUDDI', 1, 4, 15, 201, NULL, NULL, NULL),
(3193, 'LOHDAN', 1, 4, 15, 201, NULL, NULL, NULL),
(3194, 'PARHI', 1, 4, 15, 201, NULL, NULL, NULL),
(3195, 'SAUKHARA', 1, 4, 15, 201, NULL, NULL, NULL),
(3196, 'SHEORAMPUR', 1, 4, 15, 201, NULL, NULL, NULL),
(3197, 'SIRHIRA', 1, 4, 15, 201, NULL, NULL, NULL),
(3198, 'BIURI', 1, 4, 15, 201, NULL, NULL, NULL),
(3199, 'ANWARHIYA', 1, 4, 15, 202, NULL, NULL, NULL),
(3200, 'CHEHARIAN', 1, 4, 15, 202, NULL, NULL, NULL),
(3201, 'CHHAON', 1, 4, 15, 202, NULL, NULL, NULL),
(3202, 'DHARHAR', 1, 4, 15, 202, NULL, NULL, NULL),
(3203, 'DUMRI', 1, 4, 15, 202, NULL, NULL, NULL),
(3204, 'JEVARI', 1, 4, 15, 202, NULL, NULL, NULL),
(3205, 'KALYANPUR', 1, 4, 15, 202, NULL, NULL, NULL),
(3206, 'KARNPURA', 1, 4, 15, 202, NULL, NULL, NULL),
(3207, 'KHAJURA', 1, 4, 15, 202, NULL, NULL, NULL),
(3208, 'KHAMIDAURA', 1, 4, 15, 202, NULL, NULL, NULL),
(3209, 'KHARASARA', 1, 4, 15, 202, NULL, NULL, NULL),
(3210, 'MASAURHA', 1, 4, 15, 202, NULL, NULL, NULL),
(3211, 'SAWATH', 1, 4, 15, 202, NULL, NULL, NULL),
(3212, 'BAHERA', 1, 4, 15, 203, NULL, NULL, NULL),
(3213, 'BHADAULA', 1, 4, 15, 203, NULL, NULL, NULL),
(3214, 'CHILBILI', 1, 4, 15, 203, NULL, NULL, NULL),
(3215, 'DEORARH KALA KHURD', 1, 4, 15, 203, NULL, NULL, NULL),
(3216, 'DERWAN', 1, 4, 15, 203, NULL, NULL, NULL),
(3217, 'GHATAON', 1, 4, 15, 203, NULL, NULL, NULL),
(3218, 'JAHANABAD', 1, 4, 15, 203, NULL, NULL, NULL),
(3219, 'KHARAHANA', 1, 4, 15, 203, NULL, NULL, NULL),
(3220, 'MEURA', 1, 4, 15, 203, NULL, NULL, NULL),
(3221, 'NEORAS', 1, 4, 15, 203, NULL, NULL, NULL),
(3222, 'PACHPOKHRI', 1, 4, 15, 203, NULL, NULL, NULL),
(3223, 'SAKRI', 1, 4, 15, 203, NULL, NULL, NULL),
(3224, 'SALTHUA', 1, 4, 15, 203, NULL, NULL, NULL),
(3225, 'SASNA', 1, 4, 15, 203, NULL, NULL, NULL),
(3226, 'SISWAR', 1, 4, 15, 203, NULL, NULL, NULL),
(3227, 'AKORHI', 1, 4, 15, 204, NULL, NULL, NULL),
(3228, 'AKORHI MELA', 1, 4, 15, 204, NULL, NULL, NULL),
(3229, 'AMETH', 1, 4, 15, 204, NULL, NULL, NULL),
(3230, 'BAGHINI', 1, 4, 15, 204, NULL, NULL, NULL),
(3231, 'BAMHAUR', 1, 4, 15, 204, NULL, NULL, NULL),
(3232, 'BARHUPAR', 1, 4, 15, 204, NULL, NULL, NULL),
(3233, 'BELAUNRI', 1, 4, 15, 204, NULL, NULL, NULL),
(3234, 'BHARKHAR', 1, 4, 15, 204, NULL, NULL, NULL),
(3235, 'BHITTI', 1, 4, 15, 204, NULL, NULL, NULL),
(3236, 'BHOKHARI', 1, 4, 15, 204, NULL, NULL, NULL),
(3237, 'DADAR', 1, 4, 15, 204, NULL, NULL, NULL),
(3238, 'DANDWAS', 1, 4, 15, 204, NULL, NULL, NULL),
(3239, 'DARWAN', 1, 4, 15, 204, NULL, NULL, NULL),
(3240, 'KATHEJ', 1, 4, 15, 204, NULL, NULL, NULL),
(3241, 'KATRA KALA', 1, 4, 15, 204, NULL, NULL, NULL),
(3242, 'MOHANIA', 1, 4, 15, 204, NULL, NULL, NULL),
(3243, 'MUJAN', 1, 4, 15, 204, NULL, NULL, NULL),
(3244, 'PANAPUR', 1, 4, 15, 204, NULL, NULL, NULL),
(3245, 'SHAHBAZPUR', 1, 4, 15, 204, NULL, NULL, NULL),
(3246, 'USARI', 1, 4, 15, 204, NULL, NULL, NULL),
(3247, 'BAIDA', 1, 4, 16, 205, NULL, NULL, NULL),
(3248, 'BAIRIA', 1, 4, 16, 205, NULL, NULL, NULL),
(3249, 'BHAWANIPUR KHATTI', 1, 4, 16, 205, NULL, NULL, NULL),
(3250, 'CHOUKIA PAHARPUR', 1, 4, 16, 205, NULL, NULL, NULL),
(3251, 'DURGAPUR', 1, 4, 16, 205, NULL, NULL, NULL),
(3252, 'EAST KARIMULLAPUR', 1, 4, 16, 205, NULL, NULL, NULL),
(3253, 'JANGALATAL', 1, 4, 16, 205, NULL, NULL, NULL),
(3254, 'KISHANPUR', 1, 4, 16, 205, NULL, NULL, NULL),
(3255, 'LAKHANPUR', 1, 4, 16, 205, NULL, NULL, NULL),
(3256, 'NORTH AMDABAD', 1, 4, 16, 205, NULL, NULL, NULL),
(3257, 'NORTH KARIMULLAPUR', 1, 4, 16, 205, NULL, NULL, NULL),
(3258, 'PARDIARA', 1, 4, 16, 205, NULL, NULL, NULL),
(3259, 'SOUTH AMDABAD', 1, 4, 16, 205, NULL, NULL, NULL),
(3260, 'SOUTH KARIMULLAPUR', 1, 4, 16, 205, NULL, NULL, NULL),
(3261, 'BHAMRAILI', 1, 4, 16, 206, NULL, NULL, NULL),
(3262, 'DANDKHORA', 1, 4, 16, 206, NULL, NULL, NULL),
(3263, 'DWASAY', 1, 4, 16, 206, NULL, NULL, NULL),
(3264, 'MAHESHPUR', 1, 4, 16, 206, NULL, NULL, NULL),
(3265, 'ROYPUR', 1, 4, 16, 206, NULL, NULL, NULL),
(3266, 'SOURIYA', 1, 4, 16, 206, NULL, NULL, NULL),
(3267, 'BALUWA', 1, 4, 16, 206, NULL, NULL, NULL),
(3268, 'DHERUA', 1, 4, 16, 206, NULL, NULL, NULL),
(3269, 'JAGARNATHPUR', 1, 4, 16, 206, NULL, NULL, NULL),
(3270, 'KALSAR', 1, 4, 16, 206, NULL, NULL, NULL),
(3271, 'RAMPUR', 1, 4, 16, 206, NULL, NULL, NULL),
(3272, 'EAST MURADPUR', 1, 4, 16, 207, NULL, NULL, NULL),
(3273, 'JARLAHI', 1, 4, 16, 207, NULL, NULL, NULL),
(3274, 'PACHIMI MURADPUR', 1, 4, 16, 207, NULL, NULL, NULL),
(3275, 'SAHPUR DHARMI', 1, 4, 16, 207, NULL, NULL, NULL),
(3276, 'SOUTH MURADPUR', 1, 4, 16, 207, NULL, NULL, NULL),
(3277, 'UTTARI MURADPUR', 1, 4, 16, 207, NULL, NULL, NULL),
(3278, 'BAGHAR', 1, 4, 16, 208, NULL, NULL, NULL),
(3279, 'BAGHMARA', 1, 4, 16, 208, NULL, NULL, NULL),
(3280, 'BOULIYA', 1, 4, 16, 208, NULL, NULL, NULL),
(3281, 'DAKSHNI KANTAKOSH', 1, 4, 16, 208, NULL, NULL, NULL),
(3282, 'DHURIYAHI', 1, 4, 16, 208, NULL, NULL, NULL),
(3283, 'DILARPUR', 1, 4, 16, 208, NULL, NULL, NULL),
(3284, 'FATTEH NAGAR', 1, 4, 16, 208, NULL, NULL, NULL),
(3285, 'KEWALA', 1, 4, 16, 208, NULL, NULL, NULL),
(3286, 'KUMARIPUR', 1, 4, 16, 208, NULL, NULL, NULL),
(3287, 'MANOHARPUR', 1, 4, 16, 208, NULL, NULL, NULL),
(3288, 'NARAYANPUR', 1, 4, 16, 208, NULL, NULL, NULL),
(3289, 'NAWABGANJ', 1, 4, 16, 208, NULL, NULL, NULL),
(3290, 'NEEMA', 1, 4, 16, 208, NULL, NULL, NULL),
(3291, 'UTTARI KANTAKOSH', 1, 4, 16, 208, NULL, NULL, NULL),
(3292, 'BHERMARA', 1, 4, 16, 209, NULL, NULL, NULL),
(3293, 'CHITORIA', 1, 4, 16, 209, NULL, NULL, NULL),
(3294, 'FULHARA', 1, 4, 16, 209, NULL, NULL, NULL),
(3295, 'KURETHA', 1, 4, 16, 209, NULL, NULL, NULL),
(3296, 'MARANGI', 1, 4, 16, 209, NULL, NULL, NULL),
(3297, 'MOHANPUR', 1, 4, 16, 209, NULL, NULL, NULL),
(3298, 'SAHEBNAGAR', 1, 4, 16, 209, NULL, NULL, NULL),
(3299, 'CHAKLA MOULA NAGAR', 1, 4, 16, 210, NULL, NULL, NULL),
(3300, 'CHANDPUR (EAST)', 1, 4, 16, 210, NULL, NULL, NULL),
(3301, 'CHANDPUR (WEST)', 1, 4, 16, 210, NULL, NULL, NULL),
(3302, 'CHOHAR', 1, 4, 16, 210, NULL, NULL, NULL),
(3303, 'DUMAR', 1, 4, 16, 210, NULL, NULL, NULL),
(3304, 'KHAIRA', 1, 4, 16, 210, NULL, NULL, NULL),
(3305, 'MALHARIYA', 1, 4, 16, 210, NULL, NULL, NULL),
(3306, 'MURADPUR', 1, 4, 16, 210, NULL, NULL, NULL),
(3307, 'ALAMPUR', 1, 4, 16, 211, NULL, NULL, NULL),
(3308, 'AMARSINGHPUR', 1, 4, 16, 211, NULL, NULL, NULL),
(3309, 'ARIHANA', 1, 4, 16, 211, NULL, NULL, NULL),
(3310, 'AZAMNAGAR', 1, 4, 16, 211, NULL, NULL, NULL),
(3311, 'BAGHAURA', 1, 4, 16, 211, NULL, NULL, NULL),
(3312, 'BAIRIA', 1, 4, 16, 211, NULL, NULL, NULL),
(3313, 'CHOLHAR', 1, 4, 16, 211, NULL, NULL, NULL),
(3314, 'DAHANIA', 1, 4, 16, 211, NULL, NULL, NULL),
(3315, 'DEVGAON', 1, 4, 16, 211, NULL, NULL, NULL),
(3316, 'GAIGHATTA', 1, 4, 16, 211, NULL, NULL, NULL),
(3317, 'GORAKHPUR', 1, 4, 16, 211, NULL, NULL, NULL),
(3318, 'HARNAGAR', 1, 4, 16, 211, NULL, NULL, NULL),
(3319, 'JALKI', 1, 4, 16, 211, NULL, NULL, NULL),
(3320, 'JOKAR', 1, 4, 16, 211, NULL, NULL, NULL),
(3321, 'KELABARI', 1, 4, 16, 211, NULL, NULL, NULL),
(3322, 'KHARSOTA', 1, 4, 16, 211, NULL, NULL, NULL),
(3323, 'KHURIAL', 1, 4, 16, 211, NULL, NULL, NULL),
(3324, 'MAHESHPUR', 1, 4, 16, 211, NULL, NULL, NULL),
(3325, 'MALLIKPUR', 1, 4, 16, 211, NULL, NULL, NULL),
(3326, 'MARBATPUR', 1, 4, 16, 211, NULL, NULL, NULL),
(3327, 'MUKURIA', 1, 4, 16, 211, NULL, NULL, NULL),
(3328, 'NIMOL', 1, 4, 16, 211, NULL, NULL, NULL),
(3329, 'PINDHAL', 1, 4, 16, 211, NULL, NULL, NULL),
(3330, 'SALMARI', 1, 4, 16, 211, NULL, NULL, NULL),
(3331, 'SHINGHAUL', 1, 4, 16, 211, NULL, NULL, NULL),
(3332, 'SHITALMANI', 1, 4, 16, 211, NULL, NULL, NULL),
(3333, 'SHITALPUR', 1, 4, 16, 211, NULL, NULL, NULL),
(3334, 'TEGHRA', 1, 4, 16, 211, NULL, NULL, NULL),
(3335, 'BALRAMPUR', 1, 4, 16, 212, NULL, NULL, NULL),
(3336, 'BHIMIYAL', 1, 4, 16, 212, NULL, NULL, NULL),
(3337, 'BIJOUL', 1, 4, 16, 212, NULL, NULL, NULL),
(3338, 'FATEHPUR', 1, 4, 16, 212, NULL, NULL, NULL),
(3339, 'KAMRA', 1, 4, 16, 212, NULL, NULL, NULL),
(3340, 'KIRORA', 1, 4, 16, 212, NULL, NULL, NULL),
(3341, 'LOHAGARA', 1, 4, 16, 212, NULL, NULL, NULL),
(3342, 'LUTTIPUR', 1, 4, 16, 212, NULL, NULL, NULL),
(3343, 'MAHISAL', 1, 4, 16, 212, NULL, NULL, NULL),
(3344, 'RAMPUR HARDAR', 1, 4, 16, 212, NULL, NULL, NULL),
(3345, 'SAHPUR', 1, 4, 16, 212, NULL, NULL, NULL),
(3346, 'SHARIF NAGAR', 1, 4, 16, 212, NULL, NULL, NULL),
(3347, 'SINHA GAON', 1, 4, 16, 212, NULL, NULL, NULL),
(3348, 'BAISA GOVINDPUR', 1, 4, 16, 213, NULL, NULL, NULL),
(3349, 'BAKIA SUKHAI', 1, 4, 16, 213, NULL, NULL, NULL),
(3350, 'BARARI', 1, 4, 16, 213, NULL, NULL, NULL),
(3351, 'BARETA', 1, 4, 16, 213, NULL, NULL, NULL),
(3352, 'BISHANPUR', 1, 4, 16, 213, NULL, NULL, NULL),
(3353, 'DURGAPUR', 1, 4, 16, 213, NULL, NULL, NULL),
(3354, 'EAST BARINAGAR', 1, 4, 16, 213, NULL, NULL, NULL),
(3355, 'GURUMELA', 1, 4, 16, 213, NULL, NULL, NULL),
(3356, 'JAGDISHPUR', 1, 4, 16, 213, NULL, NULL, NULL),
(3357, 'KABAR', 1, 4, 16, 213, NULL, NULL, NULL),
(3358, 'KANT NAGAR', 1, 4, 16, 213, NULL, NULL, NULL),
(3359, 'LAXMIPUR', 1, 4, 16, 213, NULL, NULL, NULL),
(3360, 'MOHANA CHANDPUR', 1, 4, 16, 213, NULL, NULL, NULL),
(3361, 'NORTH BHANDARTAL', 1, 4, 16, 213, NULL, NULL, NULL),
(3362, 'RAUNIA', 1, 4, 16, 213, NULL, NULL, NULL),
(3363, 'SAKRAILI', 1, 4, 16, 213, NULL, NULL, NULL),
(3364, 'SHISHIA', 1, 4, 16, 213, NULL, NULL, NULL),
(3365, 'SIKKAT', 1, 4, 16, 213, NULL, NULL, NULL),
(3366, 'SOUTH BHANDARTAL', 1, 4, 16, 213, NULL, NULL, NULL),
(3367, 'SUJAPUR', 1, 4, 16, 213, NULL, NULL, NULL),
(3368, 'SUKHASAN', 1, 4, 16, 213, NULL, NULL, NULL),
(3369, 'WEST BARINAGAR', 1, 4, 16, 213, NULL, NULL, NULL),
(3370, 'ABADPUR', 1, 4, 16, 214, NULL, NULL, NULL),
(3371, 'BALTAR', 1, 4, 16, 214, NULL, NULL, NULL),
(3372, 'BANSGAON', 1, 4, 16, 214, NULL, NULL, NULL),
(3373, 'BASALGAON', 1, 4, 16, 214, NULL, NULL, NULL),
(3374, 'BELWA', 1, 4, 16, 214, NULL, NULL, NULL),
(3375, 'BELWADANGI', 1, 4, 16, 214, NULL, NULL, NULL),
(3376, 'BHAWANIPUR', 1, 4, 16, 214, NULL, NULL, NULL),
(3377, 'BIGHAURHAT', 1, 4, 16, 214, NULL, NULL, NULL),
(3378, 'CHANDPARA', 1, 4, 16, 214, NULL, NULL, NULL),
(3379, 'CHAPAKHOR', 1, 4, 16, 214, NULL, NULL, NULL),
(3380, 'CHAUNDI', 1, 4, 16, 214, NULL, NULL, NULL),
(3381, 'DHARAMPUR', 1, 4, 16, 214, NULL, NULL, NULL),
(3382, 'EKSALLA', 1, 4, 16, 214, NULL, NULL, NULL),
(3383, 'HARNAROI', 1, 4, 16, 214, NULL, NULL, NULL),
(3384, 'KADAMGACHHI', 1, 4, 16, 214, NULL, NULL, NULL),
(3385, 'KAMRAUL', 1, 4, 16, 214, NULL, NULL, NULL),
(3386, 'KANDELA PATOL', 1, 4, 16, 214, NULL, NULL, NULL),
(3387, 'KARANPUR', 1, 4, 16, 214, NULL, NULL, NULL),
(3388, 'LAGUA', 1, 4, 16, 214, NULL, NULL, NULL),
(3389, 'LAGUA DASGRAM', 1, 4, 16, 214, NULL, NULL, NULL),
(3390, 'LAHGARIA', 1, 4, 16, 214, NULL, NULL, NULL),
(3391, 'MAHESHPUR', 1, 4, 16, 214, NULL, NULL, NULL),
(3392, 'MOULANAPUR', 1, 4, 16, 214, NULL, NULL, NULL),
(3393, 'NALSAR', 1, 4, 16, 214, NULL, NULL, NULL),
(3394, 'RAGHUNATHPUR', 1, 4, 16, 214, NULL, NULL, NULL),
(3395, 'SHIKARPUR', 1, 4, 16, 214, NULL, NULL, NULL),
(3396, 'SHIVANANDPUR', 1, 4, 16, 214, NULL, NULL, NULL),
(3397, 'SUDHANI', 1, 4, 16, 214, NULL, NULL, NULL),
(3398, 'SULTANPUR', 1, 4, 16, 214, NULL, NULL, NULL),
(3399, 'BHANGAHA', 1, 4, 16, 215, NULL, NULL, NULL),
(3400, 'BHARSIYA', 1, 4, 16, 215, NULL, NULL, NULL),
(3401, 'GOBINDPUR', 1, 4, 16, 215, NULL, NULL, NULL),
(3402, 'HATHWARA', 1, 4, 16, 215, NULL, NULL, NULL),
(3403, 'MAGHALI', 1, 4, 16, 215, NULL, NULL, NULL),
(3404, 'MORSANDA', 1, 4, 16, 215, NULL, NULL, NULL),
(3405, 'PIRMOKAM', 1, 4, 16, 215, NULL, NULL, NULL),
(3406, 'POTHIYA', 1, 4, 16, 215, NULL, NULL, NULL),
(3407, 'RAHATA', 1, 4, 16, 215, NULL, NULL, NULL),
(3408, 'SALEHPUR', 1, 4, 16, 215, NULL, NULL, NULL),
(3409, 'SHABDHA', 1, 4, 16, 215, NULL, NULL, NULL),
(3410, 'SOHATHA NORTH', 1, 4, 16, 215, NULL, NULL, NULL),
(3411, 'SOHATHA SOUTH', 1, 4, 16, 215, NULL, NULL, NULL),
(3412, 'BELON', 1, 4, 16, 216, NULL, NULL, NULL),
(3413, 'BENI JALALPUR', 1, 4, 16, 216, NULL, NULL, NULL),
(3414, 'BHARRI', 1, 4, 16, 216, NULL, NULL, NULL),
(3415, 'BHO GAON', 1, 4, 16, 216, NULL, NULL, NULL),
(3416, 'BHOU NAGAR', 1, 4, 16, 216, NULL, NULL, NULL),
(3417, 'BIJAHARA', 1, 4, 16, 216, NULL, NULL, NULL),
(3418, 'CHANDHAR', 1, 4, 16, 216, NULL, NULL, NULL),
(3419, 'CHAUNI', 1, 4, 16, 216, NULL, NULL, NULL),
(3420, 'DHANGAMA', 1, 4, 16, 216, NULL, NULL, NULL),
(3421, 'DHAPRASIYA', 1, 4, 16, 216, NULL, NULL, NULL),
(3422, 'GETHAURA', 1, 4, 16, 216, NULL, NULL, NULL),
(3423, 'GOPI NAGAR', 1, 4, 16, 216, NULL, NULL, NULL),
(3424, 'JAJA', 1, 4, 16, 216, NULL, NULL, NULL),
(3425, 'KADWA', 1, 4, 16, 216, NULL, NULL, NULL),
(3426, 'KANTIYA', 1, 4, 16, 216, NULL, NULL, NULL),
(3427, 'KUMHARI', 1, 4, 16, 216, NULL, NULL, NULL),
(3428, 'KURSEL', 1, 4, 16, 216, NULL, NULL, NULL),
(3429, 'MADHAYPUR', 1, 4, 16, 216, NULL, NULL, NULL),
(3430, 'MOHAMMADPUR', 1, 4, 16, 216, NULL, NULL, NULL),
(3431, 'NISTA', 1, 4, 16, 216, NULL, NULL, NULL),
(3432, 'PARBHELI', 1, 4, 16, 216, NULL, NULL, NULL),
(3433, 'PELAGARH', 1, 4, 16, 216, NULL, NULL, NULL),
(3434, 'RIZWANPUR', 1, 4, 16, 216, NULL, NULL, NULL),
(3435, 'SAGRATH', 1, 4, 16, 216, NULL, NULL, NULL),
(3436, 'SHEKHPURA', 1, 4, 16, 216, NULL, NULL, NULL),
(3437, 'SHIKARPUR', 1, 4, 16, 216, NULL, NULL, NULL),
(3438, 'SIKORNA', 1, 4, 16, 216, NULL, NULL, NULL),
(3439, 'TAYABPUR', 1, 4, 16, 216, NULL, NULL, NULL),
(3440, 'TETALIYA', 1, 4, 16, 216, NULL, NULL, NULL),
(3441, 'UNASO PACHGACHI', 1, 4, 16, 216, NULL, NULL, NULL),
(3442, 'BHAWARA', 1, 4, 16, 217, NULL, NULL, NULL),
(3443, 'DAHERIA', 1, 4, 16, 217, NULL, NULL, NULL),
(3444, 'DALAN (EAST)', 1, 4, 16, 217, NULL, NULL, NULL),
(3445, 'DALAN (WEST)', 1, 4, 16, 217, NULL, NULL, NULL),
(3446, 'GARBHAILI', 1, 4, 16, 217, NULL, NULL, NULL),
(3447, 'KATIHAR', 1, 4, 16, 217, NULL, NULL, NULL),
(3448, 'SIRINIA (EAST)', 1, 4, 16, 217, NULL, NULL, NULL),
(3449, 'SIRINIA (WEST)', 1, 4, 16, 217, NULL, NULL, NULL),
(3450, 'BABANGANJ', 1, 4, 16, 218, NULL, NULL, NULL),
(3451, 'BAHARKHAL', 1, 4, 16, 218, NULL, NULL, NULL),
(3452, 'BANSGARAHA', 1, 4, 16, 218, NULL, NULL, NULL),
(3453, 'BHATWARA', 1, 4, 16, 218, NULL, NULL, NULL),
(3454, 'BINODPUR', 1, 4, 16, 218, NULL, NULL, NULL),
(3455, 'BISHANPUR', 1, 4, 16, 218, NULL, NULL, NULL),
(3456, 'BISHARIYA', 1, 4, 16, 218, NULL, NULL, NULL),
(3457, 'CHANDWA', 1, 4, 16, 218, NULL, NULL, NULL),
(3458, 'DIGHRI', 1, 4, 16, 218, NULL, NULL, NULL),
(3459, 'FULBARIYA', 1, 4, 16, 218, NULL, NULL, NULL),
(3460, 'KHERIA', 1, 4, 16, 218, NULL, NULL, NULL),
(3461, 'KORHA', 1, 4, 16, 218, NULL, NULL, NULL),
(3462, 'MADHURA', 1, 4, 16, 218, NULL, NULL, NULL),
(3463, 'MAHINATHPUR', 1, 4, 16, 218, NULL, NULL, NULL),
(3464, 'MAKHDAMPUR', 1, 4, 16, 218, NULL, NULL, NULL),
(3465, 'MUSAPUR', 1, 4, 16, 218, NULL, NULL, NULL),
(3466, 'PAWAI', 1, 4, 16, 218, NULL, NULL, NULL),
(3467, 'RAJWARA', 1, 4, 16, 218, NULL, NULL, NULL),
(3468, 'RAMPUR', 1, 4, 16, 218, NULL, NULL, NULL),
(3469, 'ROUTARA', 1, 4, 16, 218, NULL, NULL, NULL),
(3470, 'SANDALPUR', 1, 4, 16, 218, NULL, NULL, NULL),
(3471, 'SIMARIYA (NORTH)', 1, 4, 16, 218, NULL, NULL, NULL),
(3472, 'SIMARIYA (SOUTH)', 1, 4, 16, 218, NULL, NULL, NULL),
(3473, 'BARJHALLA', 1, 4, 16, 219, NULL, NULL, NULL),
(3474, 'BASTOUL', 1, 4, 16, 219, NULL, NULL, NULL),
(3475, 'DHARHAN', 1, 4, 16, 219, NULL, NULL, NULL),
(3476, 'GOURIPUR', 1, 4, 16, 219, NULL, NULL, NULL),
(3477, 'KATHGHAR', 1, 4, 16, 219, NULL, NULL, NULL),
(3478, 'KEHUNIA', 1, 4, 16, 219, NULL, NULL, NULL),
(3479, 'KEWALA', 1, 4, 16, 219, NULL, NULL, NULL),
(3480, 'NORTH LALGANJ', 1, 4, 16, 219, NULL, NULL, NULL),
(3481, 'PATHARWAR', 1, 4, 16, 219, NULL, NULL, NULL),
(3482, 'PRANPUR', 1, 4, 16, 219, NULL, NULL, NULL),
(3483, 'SAHJA', 1, 4, 16, 219, NULL, NULL, NULL),
(3484, 'SOUTH LALGANJ', 1, 4, 16, 219, NULL, NULL, NULL),
(3485, 'BAISA', 1, 4, 17, 220, NULL, NULL, NULL),
(3486, 'BANDEHRA', 1, 4, 17, 220, NULL, NULL, NULL),
(3487, 'BHARSO', 1, 4, 17, 220, NULL, NULL, NULL),
(3488, 'DARIYAPUR BHELWA', 1, 4, 17, 220, NULL, NULL, NULL),
(3489, 'DEWARI', 1, 4, 17, 220, NULL, NULL, NULL),
(3490, 'GOBINDPUR', 1, 4, 17, 220, NULL, NULL, NULL),
(3491, 'JORAWARPUR', 1, 4, 17, 220, NULL, NULL, NULL),
(3492, 'KABELA', 1, 4, 17, 220, NULL, NULL, NULL),
(3493, 'KHAJRETHA', 1, 4, 17, 220, NULL, NULL, NULL),
(3494, 'KHIRADIH', 1, 4, 17, 220, NULL, NULL, NULL),
(3495, 'KOLWARA', 1, 4, 17, 220, NULL, NULL, NULL),
(3496, 'KULHARIYA', 1, 4, 17, 220, NULL, NULL, NULL),
(3497, 'LAGAR', 1, 4, 17, 220, NULL, NULL, NULL),
(3498, 'MADHAWAPUR', 1, 4, 17, 220, NULL, NULL, NULL),
(3499, 'MAHADIPUR', 1, 4, 17, 220, NULL, NULL, NULL),
(3500, 'PARBATTA', 1, 4, 17, 220, NULL, NULL, NULL),
(3501, 'PIPRA LATIF', 1, 4, 17, 220, NULL, NULL, NULL),
(3502, 'RAMPUR URF RAHIMPUR PANCH', 1, 4, 17, 220, NULL, NULL, NULL),
(3503, 'SIYADATPUR ARUWANI', 1, 4, 17, 220, NULL, NULL, NULL),
(3504, 'SOUR ((DAKSHINI))', 1, 4, 17, 220, NULL, NULL, NULL),
(3505, 'SOUR (UTTARI)', 1, 4, 17, 220, NULL, NULL, NULL),
(3506, 'TEMTHA KARARI', 1, 4, 17, 220, NULL, NULL, NULL),
(3507, 'ALLOULI', 1, 4, 17, 221, NULL, NULL, NULL),
(3508, 'AMBA ICHARWA', 1, 4, 17, 221, NULL, NULL, NULL),
(3509, 'ANANDPUR', 1, 4, 17, 221, NULL, NULL, NULL),
(3510, 'BAHADUPUR', 1, 4, 17, 221, NULL, NULL, NULL),
(3511, 'BANDH CHATAR', 1, 4, 17, 221, NULL, NULL, NULL),
(3512, 'BHIKHARI GHAT', 1, 4, 17, 221, NULL, NULL, NULL),
(3513, 'CHANPURA', 1, 4, 17, 221, NULL, NULL, NULL),
(3514, 'CHERA KHERA', 1, 4, 17, 221, NULL, NULL, NULL),
(3515, 'CHHILKAURI', 1, 4, 17, 221, NULL, NULL, NULL),
(3516, 'DHAHMA KHAIRI', 1, 4, 17, 221, NULL, NULL, NULL),
(3517, 'GORIYAMI', 1, 4, 17, 221, NULL, NULL, NULL),
(3518, 'GOURACHAK', 1, 4, 17, 221, NULL, NULL, NULL),
(3519, 'HARIPUR', 1, 4, 17, 221, NULL, NULL, NULL),
(3520, 'HATHWAN', 1, 4, 17, 221, NULL, NULL, NULL),
(3521, 'MEGHAUNA', 1, 4, 17, 221, NULL, NULL, NULL),
(3522, 'RAMPUR ALLOLI', 1, 4, 17, 221, NULL, NULL, NULL),
(3523, 'ROUN', 1, 4, 17, 221, NULL, NULL, NULL),
(3524, 'SAHAR BNNI', 1, 4, 17, 221, NULL, NULL, NULL),
(3525, 'SAHSI', 1, 4, 17, 221, NULL, NULL, NULL),
(3526, 'SIMRHA', 1, 4, 17, 221, NULL, NULL, NULL),
(3527, 'SUMBHA', 1, 4, 17, 221, NULL, NULL, NULL),
(3528, 'BALAITHA', 1, 4, 17, 222, NULL, NULL, NULL),
(3529, 'BELANOWAD', 1, 4, 17, 222, NULL, NULL, NULL),
(3530, 'BELDOUR', 1, 4, 17, 222, NULL, NULL, NULL),
(3531, 'BOBIL', 1, 4, 17, 222, NULL, NULL, NULL),
(3532, 'CHODHLI', 1, 4, 17, 222, NULL, NULL, NULL),
(3533, 'DIGHON', 1, 4, 17, 222, NULL, NULL, NULL),
(3534, 'DUMRI', 1, 4, 17, 222, NULL, NULL, NULL),
(3535, 'ITAMADI', 1, 4, 17, 222, NULL, NULL, NULL),
(3536, 'KANJARI', 1, 4, 17, 222, NULL, NULL, NULL),
(3537, 'KURAWAN', 1, 4, 17, 222, NULL, NULL, NULL),
(3538, 'MAHINATH NAGAR', 1, 4, 17, 222, NULL, NULL, NULL),
(3539, 'MALI', 1, 4, 17, 222, NULL, NULL, NULL),
(3540, 'PACHOT', 1, 4, 17, 222, NULL, NULL, NULL),
(3541, 'PIRNAGRA', 1, 4, 17, 222, NULL, NULL, NULL),
(3542, 'SAKROHAR', 1, 4, 17, 222, NULL, NULL, NULL),
(3543, 'TELIHAR', 1, 4, 17, 222, NULL, NULL, NULL),
(3544, 'Purbi BORNE', 1, 4, 17, 223, NULL, NULL, NULL),
(3545, 'BORNE', 1, 4, 17, 223, NULL, NULL, NULL),
(3546, 'BUCHHA', 1, 4, 17, 223, NULL, NULL, NULL),
(3547, 'CHAUTHAM', 1, 4, 17, 223, NULL, NULL, NULL),
(3548, 'DHUTAULI', 1, 4, 17, 223, NULL, NULL, NULL),
(3549, 'HARDIA', 1, 4, 17, 223, NULL, NULL, NULL),
(3550, 'Madhaya BORNE', 1, 4, 17, 223, NULL, NULL, NULL),
(3551, 'NIRPUR', 1, 4, 17, 223, NULL, NULL, NULL),
(3552, 'PIPRA', 1, 4, 17, 223, NULL, NULL, NULL),
(3553, 'ROHIYAR', 1, 4, 17, 223, NULL, NULL, NULL),
(3554, 'SARSAWA', 1, 4, 17, 223, NULL, NULL, NULL),
(3555, 'TELAUNCHH', 1, 4, 17, 223, NULL, NULL, NULL),
(3556, 'THUTHI MOHAN PUR', 1, 4, 17, 223, NULL, NULL, NULL),
(3557, 'BALTARA', 1, 4, 17, 224, NULL, NULL, NULL),
(3558, 'BANNI', 1, 4, 17, 224, NULL, NULL, NULL),
(3559, 'BASUDEOPUR', 1, 4, 17, 224, NULL, NULL, NULL),
(3560, 'BORNA', 1, 4, 17, 224, NULL, NULL, NULL),
(3561, 'DEOTHA', 1, 4, 17, 224, NULL, NULL, NULL),
(3562, 'GAUCHHARI', 1, 4, 17, 224, NULL, NULL, NULL),
(3563, 'GOGRI', 1, 4, 17, 224, NULL, NULL, NULL),
(3564, 'ITAHARI', 1, 4, 17, 224, NULL, NULL, NULL),
(3565, 'JHIKTIYA', 1, 4, 17, 224, NULL, NULL, NULL),
(3566, 'KOELA', 1, 4, 17, 224, NULL, NULL, NULL),
(3567, 'MADARPUR', 1, 4, 17, 224, NULL, NULL, NULL),
(3568, 'MAHESHKHUNT', 1, 4, 17, 224, NULL, NULL, NULL),
(3569, 'MAIRA', 1, 4, 17, 224, NULL, NULL, NULL),
(3570, 'MUSKIPUR', 1, 4, 17, 224, NULL, NULL, NULL),
(3571, 'PAIKAT', 1, 4, 17, 224, NULL, NULL, NULL),
(3572, 'PALRAIL', 1, 4, 17, 224, NULL, NULL, NULL),
(3573, 'PASARAHA', 1, 4, 17, 224, NULL, NULL, NULL),
(3574, 'PAWRA', 1, 4, 17, 224, NULL, NULL, NULL),
(3575, 'RAM PUR', 1, 4, 17, 224, NULL, NULL, NULL),
(3576, 'RATAN', 1, 4, 17, 224, NULL, NULL, NULL),
(3577, 'S. JAMALPUR', 1, 4, 17, 224, NULL, NULL, NULL),
(3578, 'SAMASPUR', 1, 4, 17, 224, NULL, NULL, NULL),
(3579, 'SHERCHAKLA', 1, 4, 17, 224, NULL, NULL, NULL),
(3580, 'U.(N.)JAMALPUR', 1, 4, 17, 224, NULL, NULL, NULL),
(3581, 'BACHHOUTA', 1, 4, 17, 225, NULL, NULL, NULL),
(3582, 'BARAIY', 1, 4, 17, 225, NULL, NULL, NULL),
(3583, 'BELASIMRI', 1, 4, 17, 225, NULL, NULL, NULL),
(3584, 'BHADAS ((DAKSHINI))', 1, 4, 17, 225, NULL, NULL, NULL),
(3585, 'BHADAS (UTTARI)', 1, 4, 17, 225, NULL, NULL, NULL),
(3586, 'DHUSMURI', 1, 4, 17, 225, NULL, NULL, NULL),
(3587, 'GOURASHAKTI', 1, 4, 17, 225, NULL, NULL, NULL),
(3588, 'JALKOURA', 1, 4, 17, 225, NULL, NULL, NULL),
(3589, 'JANHAGIRA', 1, 4, 17, 225, NULL, NULL, NULL),
(3590, 'KASIMPUR', 1, 4, 17, 225, NULL, NULL, NULL),
(3591, 'KOTHIA', 1, 4, 17, 225, NULL, NULL, NULL),
(3592, 'LABHGANVA', 1, 4, 17, 225, NULL, NULL, NULL),
(3593, 'MANDAR ((DAKSHINI))', 1, 4, 17, 225, NULL, NULL, NULL),
(3594, 'MANDAR (UTTARI)', 1, 4, 17, 225, NULL, NULL, NULL),
(3595, 'MATHURAPUR', 1, 4, 17, 225, NULL, NULL, NULL),
(3596, 'OLAPUR GANGOUR', 1, 4, 17, 225, NULL, NULL, NULL),
(3597, 'RAHIMPUR (DAKSHIN)', 1, 4, 17, 225, NULL, NULL, NULL),
(3598, 'RAHIMPUR (MADHYA)', 1, 4, 17, 225, NULL, NULL, NULL),
(3599, 'RAHIMPUR (UTTARI)', 1, 4, 17, 225, NULL, NULL, NULL),
(3600, 'RANI SAKAR-PRUA', 1, 4, 17, 225, NULL, NULL, NULL),
(3601, 'RANKO', 1, 4, 17, 225, NULL, NULL, NULL),
(3602, 'RASOUNK', 1, 4, 17, 225, NULL, NULL, NULL),
(3603, 'SANHOULI', 1, 4, 17, 225, NULL, NULL, NULL),
(3604, 'SANSARPUR', 1, 4, 17, 225, NULL, NULL, NULL),
(3605, 'TETARABAD', 1, 4, 17, 225, NULL, NULL, NULL),
(3606, 'UTTAR MANDAR', 1, 4, 17, 225, NULL, NULL, NULL),
(3607, 'AMNI', 1, 4, 17, 226, NULL, NULL, NULL),
(3608, 'BALHA', 1, 4, 17, 226, NULL, NULL, NULL),
(3609, 'CHAKHUSAINI', 1, 4, 17, 226, NULL, NULL, NULL),
(3610, 'EAST THATHA', 1, 4, 17, 226, NULL, NULL, NULL),
(3611, 'KHUTIA', 1, 4, 17, 226, NULL, NULL, NULL),
(3612, 'SAIDPUR', 1, 4, 17, 226, NULL, NULL, NULL),
(3613, 'WEST THATHA', 1, 4, 17, 226, NULL, NULL, NULL),
(3614, 'ALTABARI', 1, 4, 18, 227, NULL, NULL, NULL),
(3615, 'BANGAMA', 1, 4, 18, 227, NULL, NULL, NULL),
(3616, 'BHATABARI', 1, 4, 18, 227, NULL, NULL, NULL),
(3617, 'BHAURADAH', 1, 4, 18, 227, NULL, NULL, NULL),
(3618, 'CHANDWAR', 1, 4, 18, 227, NULL, NULL, NULL),
(3619, 'CHIKABARI', 1, 4, 18, 227, NULL, NULL, NULL),
(3620, 'DESIATOLI', 1, 4, 18, 227, NULL, NULL, NULL),
(3621, 'DOHAR', 1, 4, 18, 227, NULL, NULL, NULL),
(3622, 'DURGAPUR BANGAMA', 1, 4, 18, 227, NULL, NULL, NULL),
(3623, 'GANGI', 1, 4, 18, 227, NULL, NULL, NULL),
(3624, 'GOABARI', 1, 4, 18, 227, NULL, NULL, NULL),
(3625, 'JHILJHILI', 1, 4, 18, 227, NULL, NULL, NULL),
(3626, 'JHINGAKATA ISTAMBRAR', 1, 4, 18, 227, NULL, NULL, NULL),
(3627, 'LAUCHA', 1, 4, 18, 227, NULL, NULL, NULL),
(3628, 'MAHESH BATHNA', 1, 4, 18, 227, NULL, NULL, NULL),
(3629, 'MUHAMMAD NAGAR', 1, 4, 18, 227, NULL, NULL, NULL),
(3630, 'NATUAPARA', 1, 4, 18, 227, NULL, NULL, NULL),
(3631, 'NISANDRA', 1, 4, 18, 227, NULL, NULL, NULL),
(3632, 'PALASMANI', 1, 4, 18, 227, NULL, NULL, NULL),
(3633, 'SAMESAR', 1, 4, 18, 227, NULL, NULL, NULL),
(3634, 'ATHGACHHIYA', 1, 4, 18, 228, NULL, NULL, NULL),
(3635, 'DAHIBHAT', 1, 4, 18, 228, NULL, NULL, NULL),
(3636, 'DHANGARHA', 1, 4, 18, 228, NULL, NULL, NULL),
(3637, 'DHANTOLA', 1, 4, 18, 228, NULL, NULL, NULL),
(3638, 'DIGHALBANK', 1, 4, 18, 228, NULL, NULL, NULL),
(3639, 'IKRA', 1, 4, 18, 228, NULL, NULL, NULL),
(3640, 'JAGIR PADAMPUR', 1, 4, 18, 228, NULL, NULL, NULL),
(3641, 'KARUAMANI', 1, 4, 18, 228, NULL, NULL, NULL),
(3642, 'LAXMIPUR', 1, 4, 18, 228, NULL, NULL, NULL),
(3643, 'LOHAGARA', 1, 4, 18, 228, NULL, NULL, NULL),
(3644, 'MANGURA', 1, 4, 18, 228, NULL, NULL, NULL),
(3645, 'PATHARGHATTI', 1, 4, 18, 228, NULL, NULL, NULL),
(3646, 'SATKUWARI', 1, 4, 18, 228, NULL, NULL, NULL),
(3647, 'SINGHIMARI', 1, 4, 18, 228, NULL, NULL, NULL),
(3648, 'TARABARI PADAMPUR', 1, 4, 18, 228, NULL, NULL, NULL),
(3649, 'TULSIA', 1, 4, 18, 228, NULL, NULL, NULL),
(3650, 'BAGALBARI', 1, 4, 18, 229, NULL, NULL, NULL),
(3651, 'BALIA', 1, 4, 18, 229, NULL, NULL, NULL),
(3652, 'BARIJAN POTHIMARI JAGIR', 1, 4, 18, 229, NULL, NULL, NULL),
(3653, 'BHAGAL', 1, 4, 18, 229, NULL, NULL, NULL),
(3654, 'BISHANPUR', 1, 4, 18, 229, NULL, NULL, NULL),
(3655, 'BUALDAH', 1, 4, 18, 229, NULL, NULL, NULL),
(3656, 'DERAMARI', 1, 4, 18, 229, NULL, NULL, NULL),
(3657, 'GURGAON', 1, 4, 18, 229, NULL, NULL, NULL),
(3658, 'HALDIKHORA', 1, 4, 18, 229, NULL, NULL, NULL),
(3659, 'HIMMATNAGAR', 1, 4, 18, 229, NULL, NULL, NULL),
(3660, 'KAIRIBIRPUR', 1, 4, 18, 229, NULL, NULL, NULL),
(3661, 'KAMALPUR', 1, 4, 18, 229, NULL, NULL, NULL),
(3662, 'KATHTHAMATHTHA', 1, 4, 18, 229, NULL, NULL, NULL),
(3663, 'KOCHADHAMAN', 1, 4, 18, 229, NULL, NULL, NULL),
(3664, 'KUTTI', 1, 4, 18, 229, NULL, NULL, NULL),
(3665, 'MAJAGAWAN', 1, 4, 18, 229, NULL, NULL, NULL),
(3666, 'MAJKURI', 1, 4, 18, 229, NULL, NULL, NULL),
(3667, 'MODHO', 1, 4, 18, 229, NULL, NULL, NULL),
(3668, 'NAZARPUR', 1, 4, 18, 229, NULL, NULL, NULL),
(3669, 'PATKOIKALA', 1, 4, 18, 229, NULL, NULL, NULL),
(3670, 'PURANDAHA', 1, 4, 18, 229, NULL, NULL, NULL),
(3671, 'SONTHA', 1, 4, 18, 229, NULL, NULL, NULL),
(3672, 'SUNDERBARI', 1, 4, 18, 229, NULL, NULL, NULL),
(3673, 'TEGHARIA', 1, 4, 18, 229, NULL, NULL, NULL),
(3674, 'BHOTATHANA', 1, 4, 18, 230, NULL, NULL, NULL),
(3675, 'BUDHARA', 1, 4, 18, 230, NULL, NULL, NULL),
(3676, 'BURHANAI', 1, 4, 18, 230, NULL, NULL, NULL),
(3677, 'CHHATTARGACHH', 1, 4, 18, 230, NULL, NULL, NULL),
(3678, 'DAMALBARI', 1, 4, 18, 230, NULL, NULL, NULL),
(3679, 'DUBONOCHI', 1, 4, 18, 230, NULL, NULL, NULL),
(3680, 'GORUKHAL', 1, 4, 18, 230, NULL, NULL, NULL),
(3681, 'JAHANGIRPUR', 1, 4, 18, 230, NULL, NULL, NULL),
(3682, 'KASBA KALIAGANJ', 1, 4, 18, 230, NULL, NULL, NULL),
(3683, 'KOLTHA', 1, 4, 18, 230, NULL, NULL, NULL),
(3684, 'KUSIYARI', 1, 4, 18, 230, NULL, NULL, NULL),
(3685, 'MIRZAPUR', 1, 4, 18, 230, NULL, NULL, NULL),
(3686, 'NAUKATTA', 1, 4, 18, 230, NULL, NULL, NULL),
(3687, 'PAHARKATTA', 1, 4, 18, 230, NULL, NULL, NULL),
(3688, 'PANASI', 1, 4, 18, 230, NULL, NULL, NULL),
(3689, 'PARLABARI', 1, 4, 18, 230, NULL, NULL, NULL),
(3690, 'PHALA', 1, 4, 18, 230, NULL, NULL, NULL),
(3691, 'RAIPUR', 1, 4, 18, 230, NULL, NULL, NULL),
(3692, 'SAROGORA', 1, 4, 18, 230, NULL, NULL, NULL),
(3693, 'SITALPUR', 1, 4, 18, 230, NULL, NULL, NULL),
(3694, 'TIPIJHARI', 1, 4, 18, 230, NULL, NULL, NULL),
(3695, 'UDGARA', 1, 4, 18, 230, NULL, NULL, NULL),
(3696, 'BAIGANA', 1, 4, 18, 231, NULL, NULL, NULL),
(3697, 'BHORHA', 1, 4, 18, 231, NULL, NULL, NULL),
(3698, 'CHILHANIA', 1, 4, 18, 231, NULL, NULL, NULL),
(3699, 'DAKPOKHAR', 1, 4, 18, 231, NULL, NULL, NULL),
(3700, 'DHABAILI', 1, 4, 18, 231, NULL, NULL, NULL),
(3701, 'HATGAON', 1, 4, 18, 231, NULL, NULL, NULL),
(3702, 'HAWAKOL', 1, 4, 18, 231, NULL, NULL, NULL),
(3703, 'JHALA', 1, 4, 18, 231, NULL, NULL, NULL),
(3704, 'JHUNKI MUSHARA', 1, 4, 18, 231, NULL, NULL, NULL),
(3705, 'KALPIR', 1, 4, 18, 231, NULL, NULL, NULL),
(3706, 'KHANIABAD', 1, 4, 18, 231, NULL, NULL, NULL),
(3707, 'MATIYARI', 1, 4, 18, 231, NULL, NULL, NULL),
(3708, 'BANDARJHULA', 1, 4, 18, 232, NULL, NULL, NULL),
(3709, 'BARCHOUNDI', 1, 4, 18, 232, NULL, NULL, NULL),
(3710, 'BESARBARI', 1, 4, 18, 232, NULL, NULL, NULL),
(3711, 'BHATAGAON', 1, 4, 18, 232, NULL, NULL, NULL),
(3712, 'BHOGDAVAR', 1, 4, 18, 232, NULL, NULL, NULL),
(3713, 'BHOLMARA', 1, 4, 18, 232, NULL, NULL, NULL),
(3714, 'CHAITAL', 1, 4, 18, 232, NULL, NULL, NULL),
(3715, 'CHURLI', 1, 4, 18, 232, NULL, NULL, NULL),
(3716, 'DALLEGAON', 1, 4, 18, 232, NULL, NULL, NULL),
(3717, 'DOODHAUNTI', 1, 4, 18, 232, NULL, NULL, NULL),
(3718, 'DUMARIA', 1, 4, 18, 232, NULL, NULL, NULL),
(3719, 'JIRANGACHH', 1, 4, 18, 232, NULL, NULL, NULL),
(3720, 'KANAKPUR', 1, 4, 18, 232, NULL, NULL, NULL),
(3721, 'KHARUDAH', 1, 4, 18, 232, NULL, NULL, NULL),
(3722, 'KUKURBAGHI', 1, 4, 18, 232, NULL, NULL, NULL),
(3723, 'MALINGAON', 1, 4, 18, 232, NULL, NULL, NULL),
(3724, 'PATESARI', 1, 4, 18, 232, NULL, NULL, NULL),
(3725, 'PATHARIA', 1, 4, 18, 232, NULL, NULL, NULL),
(3726, 'POWAKHALI', 1, 4, 18, 232, NULL, NULL, NULL),
(3727, 'RASIA', 1, 4, 18, 232, NULL, NULL, NULL),
(3728, 'SAKHUADALI', 1, 4, 18, 232, NULL, NULL, NULL),
(3729, 'TATPOUWA', 1, 4, 18, 232, NULL, NULL, NULL),
(3730, 'BELWA', 1, 4, 18, 233, NULL, NULL, NULL),
(3731, 'CHAKLA', 1, 4, 18, 233, NULL, NULL, NULL),
(3732, 'DAULA', 1, 4, 18, 233, NULL, NULL, NULL),
(3733, 'GACHHPARA', 1, 4, 18, 233, NULL, NULL, NULL),
(3734, 'MAHINGAON', 1, 4, 18, 233, NULL, NULL, NULL),
(3735, 'MOTIHARA TALUKA', 1, 4, 18, 233, NULL, NULL, NULL),
(3736, 'PICHHALA', 1, 4, 18, 233, NULL, NULL, NULL),
(3737, 'SINGHIA KULAMANI', 1, 4, 18, 233, NULL, NULL, NULL),
(3738, 'TEUSA', 1, 4, 18, 233, NULL, NULL, NULL),
(3739, 'HALAMALA', 1, 4, 18, 233, NULL, NULL, NULL),
(3740, 'AJNI GHAT', 1, 4, 19, 234, NULL, NULL, NULL),
(3741, 'DUMRI', 1, 4, 19, 234, NULL, NULL, NULL),
(3742, 'GANGASARAI', 1, 4, 19, 234, NULL, NULL, NULL),
(3743, 'GIRDHARPUR', 1, 4, 19, 234, NULL, NULL, NULL),
(3744, 'JAITPUR', 1, 4, 19, 234, NULL, NULL, NULL),
(3745, 'KHUTHA (EAST)', 1, 4, 19, 234, NULL, NULL, NULL),
(3746, 'KHUTHA WEST', 1, 4, 19, 234, NULL, NULL, NULL),
(3747, 'LAXMIPUR', 1, 4, 19, 234, NULL, NULL, NULL),
(3748, 'PALI PANCHYAT', 1, 4, 19, 234, NULL, NULL, NULL),
(3749, 'KUNDAR', 1, 4, 19, 235, NULL, NULL, NULL),
(3750, 'BHALUEE', 1, 4, 19, 235, NULL, NULL, NULL),
(3751, 'GOHARI', 1, 4, 19, 235, NULL, NULL, NULL),
(3752, 'ITOUN', 1, 4, 19, 235, NULL, NULL, NULL),
(3753, 'JANKIDIH', 1, 4, 19, 235, NULL, NULL, NULL),
(3754, 'KHUTUPAR', 1, 4, 19, 235, NULL, NULL, NULL),
(3755, 'LAKHOCHAK', 1, 4, 19, 235, NULL, NULL, NULL),
(3756, 'MAHESHLETA', 1, 4, 19, 235, NULL, NULL, NULL),
(3757, 'MALIYA', 1, 4, 19, 235, NULL, NULL, NULL),
(3758, 'SANGRAMPUR', 1, 4, 19, 235, NULL, NULL, NULL),
(3759, 'SARHMAF', 1, 4, 19, 236, NULL, NULL, NULL),
(3760, 'BALLOPUR', 1, 4, 19, 236, NULL, NULL, NULL),
(3761, 'BHANPURA', 1, 4, 19, 236, NULL, NULL, NULL),
(3762, 'DHIRA', 1, 4, 19, 236, NULL, NULL, NULL),
(3763, 'GERUA PURSANDA', 1, 4, 19, 236, NULL, NULL, NULL),
(3764, 'HALSI', 1, 4, 19, 236, NULL, NULL, NULL),
(3765, 'KAINDI', 1, 4, 19, 236, NULL, NULL, NULL),
(3766, 'MAHADINAGARA', 1, 4, 19, 236, NULL, NULL, NULL),
(3767, 'PARTAPPUR', 1, 4, 19, 236, NULL, NULL, NULL),
(3768, 'SIRKHINDI', 1, 4, 19, 236, NULL, NULL, NULL),
(3769, 'MAHISONA', 1, 4, 19, 237, NULL, NULL, NULL),
(3770, 'AMAHARA', 1, 4, 19, 237, NULL, NULL, NULL),
(3771, 'BALGUDAR', 1, 4, 19, 237, NULL, NULL, NULL),
(3772, 'BILAURI', 1, 4, 19, 237, NULL, NULL, NULL),
(3773, 'DAMODARPUR', 1, 4, 19, 237, NULL, NULL, NULL),
(3774, 'GARHI BISHANPUR', 1, 4, 19, 237, NULL, NULL, NULL),
(3775, 'KACHHIYANA', 1, 4, 19, 237, NULL, NULL, NULL),
(3776, 'KHAGAUR', 1, 4, 19, 237, NULL, NULL, NULL),
(3777, 'MORMA', 1, 4, 19, 237, NULL, NULL, NULL),
(3778, 'SAVIKPUR', 1, 4, 19, 237, NULL, NULL, NULL),
(3779, 'MOHANPUR', 1, 4, 19, 238, NULL, NULL, NULL),
(3780, 'OLIPUR', 1, 4, 19, 238, NULL, NULL, NULL),
(3781, 'PIPARIYA', 1, 4, 19, 238, NULL, NULL, NULL),
(3782, 'RAMCHANDARPUR', 1, 4, 19, 238, NULL, NULL, NULL),
(3783, 'SAIDPURA', 1, 4, 19, 238, NULL, NULL, NULL),
(3784, 'AURE', 1, 4, 19, 239, NULL, NULL, NULL),
(3785, 'BHAMARIYA', 1, 4, 19, 239, NULL, NULL, NULL),
(3786, 'BILLO', 1, 4, 19, 239, NULL, NULL, NULL),
(3787, 'NANDNAMA', 1, 4, 19, 239, NULL, NULL, NULL),
(3788, 'NONGARH', 1, 4, 19, 239, NULL, NULL, NULL),
(3789, 'SHARMA', 1, 4, 19, 239, NULL, NULL, NULL),
(3790, 'SURARI IMAMNAGAR', 1, 4, 19, 239, NULL, NULL, NULL),
(3791, 'TETERHAT', 1, 4, 19, 239, NULL, NULL, NULL),
(3792, 'AMARPUR', 1, 4, 19, 240, NULL, NULL, NULL),
(3793, 'ARMA', 1, 4, 19, 240, NULL, NULL, NULL),
(3794, 'AWGIL RAMPUR', 1, 4, 19, 240, NULL, NULL, NULL),
(3795, 'BANSIPUR', 1, 4, 19, 240, NULL, NULL, NULL),
(3796, 'BARIYARPUR', 1, 4, 19, 240, NULL, NULL, NULL),
(3797, 'BUDHAULI', 1, 4, 19, 240, NULL, NULL, NULL),
(3798, 'GHOSAITH', 1, 4, 19, 240, NULL, NULL, NULL),
(3799, 'GOPALPUR', 1, 4, 19, 240, NULL, NULL, NULL),
(3800, 'KASWA', 1, 4, 19, 240, NULL, NULL, NULL),
(3801, 'KAWADPUR', 1, 4, 19, 240, NULL, NULL, NULL),
(3802, 'KHAWA RAJPUR', 1, 4, 19, 240, NULL, NULL, NULL),
(3803, 'KIRANPUR', 1, 4, 19, 240, NULL, NULL, NULL),
(3804, 'LOSHGHANI', 1, 4, 19, 240, NULL, NULL, NULL),
(3805, 'MADANPUR', 1, 4, 19, 240, NULL, NULL, NULL),
(3806, 'MAHESHPUR', 1, 4, 19, 240, NULL, NULL, NULL),
(3807, 'RAJPUR CHOURA', 1, 4, 19, 240, NULL, NULL, NULL),
(3808, 'SRI KISHUN', 1, 4, 19, 240, NULL, NULL, NULL),
(3809, 'TAZPUR', 1, 4, 19, 240, NULL, NULL, NULL),
(3810, 'URAIN', 1, 4, 19, 240, NULL, NULL, NULL),
(3811, 'ALINAGAR', 1, 4, 19, 240, NULL, NULL, NULL),
(3812, 'CHANDANPURA', 1, 4, 19, 240, NULL, NULL, NULL),
(3813, 'JAKARPURA', 1, 4, 19, 240, NULL, NULL, NULL),
(3814, 'MOHAMADPUR', 1, 4, 19, 240, NULL, NULL, NULL),
(3815, 'RAMPUR', 1, 4, 19, 240, NULL, NULL, NULL),
(3816, 'SALEMPUR (EAST)', 1, 4, 19, 240, NULL, NULL, NULL),
(3817, 'SALEMPUR WEST', 1, 4, 19, 240, NULL, NULL, NULL),
(3818, 'SURAJGARHA', 1, 4, 19, 240, NULL, NULL, NULL),
(3819, 'TORALPUR', 1, 4, 19, 240, NULL, NULL, NULL),
(3820, 'ALAMNAGAR NORTH', 1, 4, 20, 241, NULL, NULL, NULL),
(3821, 'ALAMNAGAR SOUTH', 1, 4, 20, 241, NULL, NULL, NULL),
(3822, 'ALMANAGAR (EAST)', 1, 4, 20, 241, NULL, NULL, NULL),
(3823, 'BARGAON', 1, 4, 20, 241, NULL, NULL, NULL),
(3824, 'BASANBARA', 1, 4, 20, 241, NULL, NULL, NULL),
(3825, 'BISPATTI', 1, 4, 20, 241, NULL, NULL, NULL),
(3826, 'GANGAPUR', 1, 4, 20, 241, NULL, NULL, NULL),
(3827, 'ITAHARI', 1, 4, 20, 241, NULL, NULL, NULL),
(3828, 'KHAPUR', 1, 4, 20, 241, NULL, NULL, NULL),
(3829, 'KHURAN', 1, 4, 20, 241, NULL, NULL, NULL),
(3830, 'KISHANPUR RATWARA', 1, 4, 20, 241, NULL, NULL, NULL),
(3831, 'KUJAURI', 1, 4, 20, 241, NULL, NULL, NULL),
(3832, 'NORTHUA BHAGIPUR', 1, 4, 20, 241, NULL, NULL, NULL),
(3833, 'SINGHAR', 1, 4, 20, 241, NULL, NULL, NULL),
(3834, 'ARAJPUR (EAST)', 1, 4, 20, 242, NULL, NULL, NULL),
(3835, 'ARAJPUR WEST', 1, 4, 20, 242, NULL, NULL, NULL),
(3836, 'CHAUSA (EAST)', 1, 4, 20, 242, NULL, NULL, NULL),
(3837, 'CHAUSA WEST', 1, 4, 20, 242, NULL, NULL, NULL),
(3838, 'CHIROURI', 1, 4, 20, 242, NULL, NULL, NULL),
(3839, 'GOSAI', 1, 4, 20, 242, NULL, NULL, NULL),
(3840, 'LAUA LAGAM (EAST)', 1, 4, 20, 242, NULL, NULL, NULL),
(3841, 'LAUA LAGAN WEST', 1, 4, 20, 242, NULL, NULL, NULL),
(3842, 'MORSANDA', 1, 4, 20, 242, NULL, NULL, NULL),
(3843, 'PAINA', 1, 4, 20, 242, NULL, NULL, NULL),
(3844, 'PHULAUT (EAST)', 1, 4, 20, 242, NULL, NULL, NULL),
(3845, 'PHULAUT WEST', 1, 4, 20, 242, NULL, NULL, NULL),
(3846, 'RASALPUR DHURIA', 1, 4, 20, 242, NULL, NULL, NULL),
(3847, 'BIRGAON CHATRA', 1, 4, 20, 243, NULL, NULL, NULL),
(3848, 'BISBARI', 1, 4, 20, 243, NULL, NULL, NULL),
(3849, 'GUALPARA', 1, 4, 20, 243, NULL, NULL, NULL),
(3850, 'JHALARI', 1, 4, 20, 243, NULL, NULL, NULL),
(3851, 'JHITKIYA KOLAATHA', 1, 4, 20, 243, NULL, NULL, NULL),
(3852, 'KHOKHSI', 1, 4, 20, 243, NULL, NULL, NULL),
(3853, 'PIRNAGAR', 1, 4, 20, 243, NULL, NULL, NULL),
(3854, 'RESHANA', 1, 4, 20, 243, NULL, NULL, NULL),
(3855, 'SAHPUR', 1, 4, 20, 243, NULL, NULL, NULL),
(3856, 'SARAUNI', 1, 4, 20, 243, NULL, NULL, NULL),
(3857, 'SUKHASAN', 1, 4, 20, 243, NULL, NULL, NULL),
(3858, 'TEMABHELA', 1, 4, 20, 243, NULL, NULL, NULL),
(3859, 'AURAI', 1, 4, 20, 244, NULL, NULL, NULL),
(3860, 'BANSHGOPAL', 1, 4, 20, 244, NULL, NULL, NULL),
(3861, 'DURGAPUR', 1, 4, 20, 244, NULL, NULL, NULL),
(3862, 'GANESH PUR', 1, 4, 20, 244, NULL, NULL, NULL),
(3863, 'KURSHANDI', 1, 4, 20, 244, NULL, NULL, NULL),
(3864, 'MAKDAMPUR', 1, 4, 20, 244, NULL, NULL, NULL),
(3865, 'NARDAHA', 1, 4, 20, 244, NULL, NULL, NULL),
(3866, 'PURANI', 1, 4, 20, 244, NULL, NULL, NULL),
(3867, 'SAPARDAH', 1, 4, 20, 244, NULL, NULL, NULL),
(3868, 'BABHANGAWAN', 1, 4, 20, 245, NULL, NULL, NULL),
(3869, 'BIHARIGANJ', 1, 4, 20, 245, NULL, NULL, NULL),
(3870, 'GAMAIL', 1, 4, 20, 245, NULL, NULL, NULL),
(3871, 'HATHIAUNDHA', 1, 4, 20, 245, NULL, NULL, NULL),
(3872, 'KUSHTHAN', 1, 4, 20, 245, NULL, NULL, NULL),
(3873, 'LAKSHMIPUR LALCHAND', 1, 4, 20, 245, NULL, NULL, NULL),
(3874, 'MADHUKARCHAK', 1, 4, 20, 245, NULL, NULL, NULL),
(3875, 'MOHANPUR', 1, 4, 20, 245, NULL, NULL, NULL),
(3876, 'PARARIA', 1, 4, 20, 245, NULL, NULL, NULL),
(3877, 'RAJGANJ', 1, 4, 20, 245, NULL, NULL, NULL),
(3878, 'SHEKHPURA', 1, 4, 20, 245, NULL, NULL, NULL),
(3879, 'TULSIA', 1, 4, 20, 245, NULL, NULL, NULL),
(3880, 'ARAHA MAHUA DIGHRA', 1, 4, 20, 246, NULL, NULL, NULL),
(3881, 'BARDAHA', 1, 4, 20, 246, NULL, NULL, NULL),
(3882, 'BHAN TEKTHI', 1, 4, 20, 246, NULL, NULL, NULL),
(3883, 'BHATRANDHA -PARMANPUR', 1, 4, 20, 246, NULL, NULL, NULL),
(3884, 'CHITTI', 1, 4, 20, 246, NULL, NULL, NULL),
(3885, 'GHAILADH', 1, 4, 20, 246, NULL, NULL, NULL),
(3886, 'JHITKIA', 1, 4, 20, 246, NULL, NULL, NULL),
(3887, 'RATANPURA', 1, 4, 20, 246, NULL, NULL, NULL),
(3888, 'SRINAGAR', 1, 4, 20, 246, NULL, NULL, NULL),
(3889, 'BABHANI', 1, 4, 20, 247, NULL, NULL, NULL),
(3890, 'BHELWA', 1, 4, 20, 247, NULL, NULL, NULL),
(3891, 'CHIKNI', 1, 4, 20, 247, NULL, NULL, NULL),
(3892, 'GAMHARIYA', 1, 4, 20, 247, NULL, NULL, NULL),
(3893, 'ITWA JIWACHHPUR', 1, 4, 20, 247, NULL, NULL, NULL),
(3894, 'JIWACHHPUR', 1, 4, 20, 247, NULL, NULL, NULL),
(3895, 'KODIHAR TAREWE', 1, 4, 20, 247, NULL, NULL, NULL),
(3896, 'ORAHI EKPERHA', 1, 4, 20, 247, NULL, NULL, NULL),
(3897, 'BAISHADH', 1, 4, 20, 248, NULL, NULL, NULL),
(3898, 'BELARI', 1, 4, 20, 248, NULL, NULL, NULL),
(3899, 'BISHANPUR BAZAR', 1, 4, 20, 248, NULL, NULL, NULL),
(3900, 'BISHANPUR KORLAHI', 1, 4, 20, 248, NULL, NULL, NULL),
(3901, 'BISHANPUR SUNDAR', 1, 4, 20, 248, NULL, NULL, NULL),
(3902, 'ISRAIN KALA', 1, 4, 20, 248, NULL, NULL, NULL),
(3903, 'ISRAIN KHURD', 1, 4, 20, 248, NULL, NULL, NULL),
(3904, 'ISRANI BELA', 1, 4, 20, 248, NULL, NULL, NULL),
(3905, 'KUMARKHAND', 1, 4, 20, 248, NULL, NULL, NULL),
(3906, 'LAKSHMIPUR BHAGWATI', 1, 4, 20, 248, NULL, NULL, NULL),
(3907, 'LAKSHMIPUR CHANDISTHAN', 1, 4, 20, 248, NULL, NULL, NULL),
(3908, 'MANGARWARA', 1, 4, 20, 248, NULL, NULL, NULL),
(3909, 'PARMANANDPUR', 1, 4, 20, 248, NULL, NULL, NULL),
(3910, 'PURAINI', 1, 4, 20, 248, NULL, NULL, NULL),
(3911, 'RAHTA', 1, 4, 20, 248, NULL, NULL, NULL),
(3912, 'RAMNAGAR MAHESH', 1, 4, 20, 248, NULL, NULL, NULL),
(3913, 'RANIPATTI SUKHASHAN', 1, 4, 20, 248, NULL, NULL, NULL),
(3914, 'RAUTA', 1, 4, 20, 248, NULL, NULL, NULL),
(3915, 'SIHPUR GADHIYA', 1, 4, 20, 248, NULL, NULL, NULL),
(3916, 'TENGRAHA PARIHARI', 1, 4, 20, 248, NULL, NULL, NULL),
(3917, 'TENGRAHA SIKIYAHA', 1, 4, 20, 248, NULL, NULL, NULL),
(3918, 'BARAHI', 1, 4, 20, 249, NULL, NULL, NULL),
(3919, 'BHADAUL -BUDHMA', 1, 4, 20, 249, NULL, NULL, NULL),
(3920, 'BHELWA', 1, 4, 20, 249, NULL, NULL, NULL),
(3921, 'DHURGAWN', 1, 4, 20, 249, NULL, NULL, NULL),
(3922, 'KHOPAITI-TUNIAHI', 1, 4, 20, 249, NULL, NULL, NULL),
(3923, 'MADANPUR', 1, 4, 20, 249, NULL, NULL, NULL),
(3924, 'MADHUBAN', 1, 4, 20, 249, NULL, NULL, NULL),
(3925, 'MAHESHUA', 1, 4, 20, 249, NULL, NULL, NULL),
(3926, 'MANIKPUR', 1, 4, 20, 249, NULL, NULL, NULL),
(3927, 'MATHAHI', 1, 4, 20, 249, NULL, NULL, NULL),
(3928, 'MURHO', 1, 4, 20, 249, NULL, NULL, NULL),
(3929, 'SAHUGARH-', 1, 4, 20, 249, NULL, NULL, NULL),
(3930, 'SAHUGARH-', 1, 4, 20, 249, NULL, NULL, NULL),
(3931, 'SAKARPURA-BETONA', 1, 4, 20, 249, NULL, NULL, NULL),
(3932, 'SUKHASHAN', 1, 4, 20, 249, NULL, NULL, NULL),
(3933, 'TULSIBARI RAJPUR MALIA', 1, 4, 20, 249, NULL, NULL, NULL),
(3934, 'BALAM GADHIYA', 1, 4, 20, 249, NULL, NULL, NULL),
(3935, 'BELO', 1, 4, 20, 250, NULL, NULL, NULL);
INSERT INTO `villages` (`id`, `name`, `country_id`, `state_id`, `district_id`, `block_id`, `created_at`, `updated_at`, `deleted_at`) VALUES
(3936, 'BHATKHORA', 1, 4, 20, 250, NULL, NULL, NULL),
(3937, 'DIGGHI', 1, 4, 20, 250, NULL, NULL, NULL),
(3938, 'GANGAPUR', 1, 4, 20, 250, NULL, NULL, NULL),
(3939, 'HARIPUR KALA', 1, 4, 20, 250, NULL, NULL, NULL),
(3940, 'JORGAMA', 1, 4, 20, 250, NULL, NULL, NULL),
(3941, 'KOLHAYPATTI DUMRIYA', 1, 4, 20, 250, NULL, NULL, NULL),
(3942, 'NADHI', 1, 4, 20, 250, NULL, NULL, NULL),
(3943, 'PARWA NAVTOL', 1, 4, 20, 250, NULL, NULL, NULL),
(3944, 'RAGHUNATHPUR', 1, 4, 20, 250, NULL, NULL, NULL),
(3945, 'RAJNI', 1, 4, 20, 250, NULL, NULL, NULL),
(3946, 'RAMPUR', 1, 4, 20, 250, NULL, NULL, NULL),
(3947, 'SINGIYON', 1, 4, 20, 250, NULL, NULL, NULL),
(3948, 'TAMOT PARSA', 1, 4, 20, 250, NULL, NULL, NULL),
(3949, 'DINAPATTI SAKHUWA', 1, 4, 20, 250, NULL, NULL, NULL),
(3950, 'JITAPUR', 1, 4, 20, 250, NULL, NULL, NULL),
(3951, 'POKHRAM PARMANADPUR', 1, 4, 20, 250, NULL, NULL, NULL),
(3952, 'BEHRARI', 1, 4, 20, 251, NULL, NULL, NULL),
(3953, 'GIDHDHA', 1, 4, 20, 251, NULL, NULL, NULL),
(3954, 'JIRWA MADHELI', 1, 4, 20, 251, NULL, NULL, NULL),
(3955, 'MAURA -JHARKAHA', 1, 4, 20, 251, NULL, NULL, NULL),
(3956, 'MAURA-KABIAHI', 1, 4, 20, 251, NULL, NULL, NULL),
(3957, 'PARSHA', 1, 4, 20, 251, NULL, NULL, NULL),
(3958, 'RAIBHIR', 1, 4, 20, 251, NULL, NULL, NULL),
(3959, 'RAMPUR LAHI', 1, 4, 20, 251, NULL, NULL, NULL),
(3960, 'SONBERSHA', 1, 4, 20, 251, NULL, NULL, NULL),
(3961, 'BAHERI', 1, 4, 20, 252, NULL, NULL, NULL),
(3962, 'BHAWANIPUR', 1, 4, 20, 252, NULL, NULL, NULL),
(3963, 'DULAR PIPRAHI', 1, 4, 20, 252, NULL, NULL, NULL),
(3964, 'GORIPUR', 1, 4, 20, 252, NULL, NULL, NULL),
(3965, 'JAJHAT SABELA', 1, 4, 20, 252, NULL, NULL, NULL),
(3966, 'KAMARGAMA', 1, 4, 20, 252, NULL, NULL, NULL),
(3967, 'LALPUR-SAROPATTI', 1, 4, 20, 252, NULL, NULL, NULL),
(3968, 'M ITAHARI GAHUMANI', 1, 4, 20, 252, NULL, NULL, NULL),
(3969, 'MANPUR', 1, 4, 20, 252, NULL, NULL, NULL),
(3970, 'PATORI', 1, 4, 20, 252, NULL, NULL, NULL),
(3971, 'RUPOLI', 1, 4, 20, 252, NULL, NULL, NULL),
(3972, 'SIHESHWAR', 1, 4, 20, 252, NULL, NULL, NULL),
(3973, 'SUKHASAN', 1, 4, 20, 252, NULL, NULL, NULL),
(3974, 'BARAHI ANADPURA', 1, 4, 20, 253, NULL, NULL, NULL),
(3975, 'BIRIRANPAL', 1, 4, 20, 253, NULL, NULL, NULL),
(3976, 'GOPALPUR', 1, 4, 20, 253, NULL, NULL, NULL),
(3977, 'JOTAILI', 1, 4, 20, 253, NULL, NULL, NULL),
(3978, 'KISHUNGANJ', 1, 4, 20, 253, NULL, NULL, NULL),
(3979, 'LAKSHMIPUR', 1, 4, 20, 253, NULL, NULL, NULL),
(3980, 'LASHKARI', 1, 4, 20, 253, NULL, NULL, NULL),
(3981, 'MADHUBAN', 1, 4, 20, 253, NULL, NULL, NULL),
(3982, 'MKHARA', 1, 4, 20, 253, NULL, NULL, NULL),
(3983, 'NAYANAGAR', 1, 4, 20, 253, NULL, NULL, NULL),
(3984, 'NBUDHMA', 1, 4, 20, 253, NULL, NULL, NULL),
(3985, 'PIPRA KAROTI', 1, 4, 20, 253, NULL, NULL, NULL),
(3986, 'RAHTAPHANHAN', 1, 4, 20, 253, NULL, NULL, NULL),
(3987, 'RAMPUR KHORA', 1, 4, 20, 253, NULL, NULL, NULL),
(3988, 'SAHJADPUR', 1, 4, 20, 253, NULL, NULL, NULL),
(3989, 'MANJOR', 1, 4, 20, 253, NULL, NULL, NULL),
(3990, 'BARDAHI BARHARA', 1, 4, 21, 254, NULL, NULL, NULL),
(3991, 'BASHA', 1, 4, 21, 254, NULL, NULL, NULL),
(3992, 'MISHRAULIYA', 1, 4, 21, 254, NULL, NULL, NULL),
(3993, 'BABOOBARHI', 1, 4, 21, 254, NULL, NULL, NULL),
(3994, 'BELA', 1, 4, 21, 254, NULL, NULL, NULL),
(3995, 'BHATCHAURA', 1, 4, 21, 254, NULL, NULL, NULL),
(3996, 'BHOOPATTI', 1, 4, 21, 254, NULL, NULL, NULL),
(3997, 'CHHAURHI', 1, 4, 21, 254, NULL, NULL, NULL),
(3998, 'DHAMAURA', 1, 4, 21, 254, NULL, NULL, NULL),
(3999, 'GHANGHAUL', 1, 4, 21, 254, NULL, NULL, NULL),
(4000, 'KULHARIYA', 1, 4, 21, 254, NULL, NULL, NULL),
(4001, 'MAHESHWARA', 1, 4, 21, 254, NULL, NULL, NULL),
(4002, 'MURHADI', 1, 4, 21, 254, NULL, NULL, NULL),
(4003, 'PANCHRUKHI', 1, 4, 21, 254, NULL, NULL, NULL),
(4004, 'PIRHI', 1, 4, 21, 254, NULL, NULL, NULL),
(4005, 'SARRA', 1, 4, 21, 254, NULL, NULL, NULL),
(4006, 'SATGHARA', 1, 4, 21, 254, NULL, NULL, NULL),
(4007, 'SUNMATI', 1, 4, 21, 254, NULL, NULL, NULL),
(4008, 'TEGHRA', 1, 4, 21, 254, NULL, NULL, NULL),
(4009, 'TIRHUTA', 1, 4, 21, 254, NULL, NULL, NULL),
(4010, 'ARER NORTH PANCHAYAT', 1, 4, 21, 255, NULL, NULL, NULL),
(4011, 'ARER SOUTH PANCHAYAT', 1, 4, 21, 255, NULL, NULL, NULL),
(4012, 'BARARI PANCHAYAT', 1, 4, 21, 255, NULL, NULL, NULL),
(4013, 'BISHANPUR PANCHYAT', 1, 4, 21, 255, NULL, NULL, NULL),
(4014, 'DHANGA PANCHAYAT', 1, 4, 21, 255, NULL, NULL, NULL),
(4015, 'KAPSIYA PANCHAYAT', 1, 4, 21, 255, NULL, NULL, NULL),
(4016, 'KARHARA PANCHAYAT', 1, 4, 21, 255, NULL, NULL, NULL),
(4017, 'MEGHWAN PANCHAYAT', 1, 4, 21, 255, NULL, NULL, NULL),
(4018, 'MOHMADDPUR PANCHAYAT', 1, 4, 21, 255, NULL, NULL, NULL),
(4019, 'MURETH PANCHAYAT', 1, 4, 21, 255, NULL, NULL, NULL),
(4020, 'NAGDAH BALAIN PANCHAYAT', 1, 4, 21, 255, NULL, NULL, NULL),
(4021, 'NAVKARHI PANCHAYAT', 1, 4, 21, 255, NULL, NULL, NULL),
(4022, 'PARAUL PANCHAYAT', 1, 4, 21, 255, NULL, NULL, NULL),
(4023, 'PARJUAR PANCHAYAT', 1, 4, 21, 255, NULL, NULL, NULL),
(4024, 'PARKAULI PANCHAYAT', 1, 4, 21, 255, NULL, NULL, NULL),
(4025, 'SAHPUR PANCHYAT', 1, 4, 21, 255, NULL, NULL, NULL),
(4026, 'SALHA PANCHYAT', 1, 4, 21, 255, NULL, NULL, NULL),
(4027, 'SAMDA PANCHYAT', 1, 4, 21, 255, NULL, NULL, NULL),
(4028, 'AKAUR PANCHAYAT', 1, 4, 21, 255, NULL, NULL, NULL),
(4029, 'BANKATTA PANCHAYAT', 1, 4, 21, 255, NULL, NULL, NULL),
(4030, 'BASAITH PANCHAYAT', 1, 4, 21, 255, NULL, NULL, NULL),
(4031, 'BAYOTH', 1, 4, 21, 255, NULL, NULL, NULL),
(4032, 'BEHTA PANCHAYAT', 1, 4, 21, 255, NULL, NULL, NULL),
(4033, 'BENIPATTI PANCHAYAT', 1, 4, 21, 255, NULL, NULL, NULL),
(4034, 'BETAUNA PANCHAYAT', 1, 4, 21, 255, NULL, NULL, NULL),
(4035, 'BRAHMPUR PANCHAYAT', 1, 4, 21, 255, NULL, NULL, NULL),
(4036, 'DHAKJARI PANCHAYAT', 1, 4, 21, 255, NULL, NULL, NULL),
(4037, 'GANGULI PANCHAYAT', 1, 4, 21, 255, NULL, NULL, NULL),
(4038, 'KATEYA', 1, 4, 21, 255, NULL, NULL, NULL),
(4039, 'MANPAUR PANCHAYAT', 1, 4, 21, 255, NULL, NULL, NULL),
(4040, 'NAGBAS PANCHAYAT', 1, 4, 21, 255, NULL, NULL, NULL),
(4041, 'PALI PANCHAYAT', 1, 4, 21, 255, NULL, NULL, NULL),
(4042, 'PARSAUNI PANCHAYAT', 1, 4, 21, 255, NULL, NULL, NULL),
(4043, 'BETA PARASA PANCHAYAT', 1, 4, 21, 256, NULL, NULL, NULL),
(4044, 'HISARPANCHAYAT', 1, 4, 21, 256, NULL, NULL, NULL),
(4045, 'JHITAKI PANCHAYAT', 1, 4, 21, 256, NULL, NULL, NULL),
(4046, 'KAUAHA BARAHI', 1, 4, 21, 256, NULL, NULL, NULL),
(4047, 'BISHAUL PANCHAYAT', 1, 4, 21, 256, NULL, NULL, NULL),
(4048, 'BORAHAR PANCHAYAT', 1, 4, 21, 256, NULL, NULL, NULL),
(4049, 'GANGAUR PANCHAYAT', 1, 4, 21, 256, NULL, NULL, NULL),
(4050, 'HARLAKHI PANCHAYAT', 1, 4, 21, 256, NULL, NULL, NULL),
(4051, 'KALANA PANCHAYAT', 1, 4, 21, 256, NULL, NULL, NULL),
(4052, 'KARUNA PANCHAYAT', 1, 4, 21, 256, NULL, NULL, NULL),
(4053, 'KHIRAHAR PANCHAYAT', 1, 4, 21, 256, NULL, NULL, NULL),
(4054, 'NAHARNIYA PANCHAYAT', 1, 4, 21, 256, NULL, NULL, NULL),
(4055, 'PHULAHAR PANCHAYAT', 1, 4, 21, 256, NULL, NULL, NULL),
(4056, 'PIPRAUN PANCHAYAT', 1, 4, 21, 256, NULL, NULL, NULL),
(4057, 'SIRSAUNI PANCHAYAT', 1, 4, 21, 256, NULL, NULL, NULL),
(4058, 'SONAI PANCHAYAT', 1, 4, 21, 256, NULL, NULL, NULL),
(4059, 'SOTHGAUW PANCHAYAT', 1, 4, 21, 256, NULL, NULL, NULL),
(4060, 'BALIA', 1, 4, 21, 257, NULL, NULL, NULL),
(4061, 'KACHUA', 1, 4, 21, 257, NULL, NULL, NULL),
(4062, 'ADANPUR', 1, 4, 21, 257, NULL, NULL, NULL),
(4063, 'AITHINIA', 1, 4, 21, 257, NULL, NULL, NULL),
(4064, 'AKHNAUR-EAST', 1, 4, 21, 257, NULL, NULL, NULL),
(4065, 'AKHNAUR-WEST', 1, 4, 21, 257, NULL, NULL, NULL),
(4066, 'ANGA PUR', 1, 4, 21, 257, NULL, NULL, NULL),
(4067, 'BALAUNCHA', 1, 4, 21, 257, NULL, NULL, NULL),
(4068, 'BERMA', 1, 4, 21, 257, NULL, NULL, NULL),
(4069, 'EEP EAST', 1, 4, 21, 257, NULL, NULL, NULL),
(4070, 'EEP-WEST', 1, 4, 21, 257, NULL, NULL, NULL),
(4071, 'EHAT -NORTH', 1, 4, 21, 257, NULL, NULL, NULL),
(4072, 'EHAT-SOUTH', 1, 4, 21, 257, NULL, NULL, NULL),
(4073, 'KACHWI', 1, 4, 21, 257, NULL, NULL, NULL),
(4074, 'LAUFA', 1, 4, 21, 257, NULL, NULL, NULL),
(4075, 'MAIBI', 1, 4, 21, 257, NULL, NULL, NULL),
(4076, 'TAMURIYA', 1, 4, 21, 257, NULL, NULL, NULL),
(4077, 'BAKUA', 1, 4, 21, 258, NULL, NULL, NULL),
(4078, 'BARSAM', 1, 4, 21, 258, NULL, NULL, NULL),
(4079, 'BATH', 1, 4, 21, 258, NULL, NULL, NULL),
(4080, 'BESIPATTI', 1, 4, 21, 258, NULL, NULL, NULL),
(4081, 'BHAKHARAIN', 1, 4, 21, 258, NULL, NULL, NULL),
(4082, 'BHARGAMA', 1, 4, 21, 258, NULL, NULL, NULL),
(4083, 'BHEJA', 1, 4, 21, 258, NULL, NULL, NULL),
(4084, 'BHITH BHAGWAN PUR', 1, 4, 21, 258, NULL, NULL, NULL),
(4085, 'DARAH', 1, 4, 21, 258, NULL, NULL, NULL),
(4086, 'DWALAKH', 1, 4, 21, 258, NULL, NULL, NULL),
(4087, 'GARGAWAN', 1, 4, 21, 258, NULL, NULL, NULL),
(4088, 'KARHARA', 1, 4, 21, 258, NULL, NULL, NULL),
(4089, 'MAHASINGH HASAULI', 1, 4, 21, 258, NULL, NULL, NULL),
(4090, 'MAHPATIA', 1, 4, 21, 258, NULL, NULL, NULL),
(4091, 'PARBAL PUR', 1, 4, 21, 258, NULL, NULL, NULL),
(4092, 'RAHUWA SANGRAM', 1, 4, 21, 258, NULL, NULL, NULL),
(4093, 'ARDIHA', 1, 4, 21, 258, NULL, NULL, NULL),
(4094, 'ATRAS', 1, 4, 21, 258, NULL, NULL, NULL),
(4095, 'BANKI', 1, 4, 21, 258, NULL, NULL, NULL),
(4096, 'MADHEPUR EAST', 1, 4, 21, 258, NULL, NULL, NULL),
(4097, 'MADHEPUR WEST', 1, 4, 21, 258, NULL, NULL, NULL),
(4098, 'MAHISAM', 1, 4, 21, 258, NULL, NULL, NULL),
(4099, 'NAWADA', 1, 4, 21, 258, NULL, NULL, NULL),
(4100, 'PACHAHI', 1, 4, 21, 258, NULL, NULL, NULL),
(4101, 'PRASAD', 1, 4, 21, 258, NULL, NULL, NULL),
(4102, 'SUNDERVIRAJIT', 1, 4, 21, 258, NULL, NULL, NULL),
(4103, 'DUMRA', 1, 4, 21, 259, NULL, NULL, NULL),
(4104, 'HARNA', 1, 4, 21, 259, NULL, NULL, NULL),
(4105, 'HARRI', 1, 4, 21, 259, NULL, NULL, NULL),
(4106, 'JALSAIN', 1, 4, 21, 259, NULL, NULL, NULL),
(4107, 'KARANPUR', 1, 4, 21, 259, NULL, NULL, NULL),
(4108, 'MADANA', 1, 4, 21, 259, NULL, NULL, NULL),
(4109, 'MAHRAIL', 1, 4, 21, 259, NULL, NULL, NULL),
(4110, 'NANUWAR', 1, 4, 21, 259, NULL, NULL, NULL),
(4111, 'ANDHATHARI-NORTH', 1, 4, 21, 259, NULL, NULL, NULL),
(4112, 'ANDHATHARI-SOUTH', 1, 4, 21, 259, NULL, NULL, NULL),
(4113, 'DEOHAR', 1, 4, 21, 259, NULL, NULL, NULL),
(4114, 'GANAULI', 1, 4, 21, 259, NULL, NULL, NULL),
(4115, 'GANDHWAR', 1, 4, 21, 259, NULL, NULL, NULL),
(4116, 'GAUR ANDHARA', 1, 4, 21, 259, NULL, NULL, NULL),
(4117, 'MAILAM', 1, 4, 21, 259, NULL, NULL, NULL),
(4118, 'MARUKIA', 1, 4, 21, 259, NULL, NULL, NULL),
(4119, 'RAKHBARI', 1, 4, 21, 259, NULL, NULL, NULL),
(4120, 'SIWA', 1, 4, 21, 259, NULL, NULL, NULL),
(4121, 'ATRI', 1, 4, 21, 260, NULL, NULL, NULL),
(4122, 'BELAHIBHAWANIPUR', 1, 4, 21, 260, NULL, NULL, NULL),
(4123, 'DHARHARA', 1, 4, 21, 260, NULL, NULL, NULL),
(4124, 'JIROGA', 1, 4, 21, 260, NULL, NULL, NULL),
(4125, 'KAHURI', 1, 4, 21, 260, NULL, NULL, NULL),
(4126, 'KARIYAUT', 1, 4, 21, 260, NULL, NULL, NULL),
(4127, 'KUKURDAURA', 1, 4, 21, 260, NULL, NULL, NULL),
(4128, 'LADANIA', 1, 4, 21, 260, NULL, NULL, NULL),
(4129, 'LAUKAHI', 1, 4, 21, 260, NULL, NULL, NULL),
(4130, 'MAHADEOMATH', 1, 4, 21, 260, NULL, NULL, NULL),
(4131, 'MANSAPUR', 1, 4, 21, 260, NULL, NULL, NULL),
(4132, 'NARENDRAPUR', 1, 4, 21, 260, NULL, NULL, NULL),
(4133, 'BANGAMA SOUTH', 1, 4, 21, 260, NULL, NULL, NULL),
(4134, 'BANGAMAN NORTH', 1, 4, 21, 260, NULL, NULL, NULL),
(4135, 'BARUAR', 1, 4, 21, 260, NULL, NULL, NULL),
(4136, 'DHANCHHEHA', 1, 4, 21, 260, NULL, NULL, NULL),
(4137, 'NARHI NORTH', 1, 4, 21, 260, NULL, NULL, NULL),
(4138, 'NARHI SOUTH', 1, 4, 21, 260, NULL, NULL, NULL),
(4139, 'BASOPATTI EAST', 1, 4, 21, 261, NULL, NULL, NULL),
(4140, 'BIRPUR', 1, 4, 21, 261, NULL, NULL, NULL),
(4141, 'DAMU', 1, 4, 21, 261, NULL, NULL, NULL),
(4142, 'HATHAPUR PARSA', 1, 4, 21, 261, NULL, NULL, NULL),
(4143, 'KATAINYA', 1, 4, 21, 261, NULL, NULL, NULL),
(4144, 'PHAINT', 1, 4, 21, 261, NULL, NULL, NULL),
(4145, 'SIRIYAPUR', 1, 4, 21, 261, NULL, NULL, NULL),
(4146, 'ARDHAWA', 1, 4, 21, 261, NULL, NULL, NULL),
(4147, 'BASOPATTI WEST', 1, 4, 21, 261, NULL, NULL, NULL),
(4148, 'CHHATAUNI', 1, 4, 21, 261, NULL, NULL, NULL),
(4149, 'GHORBANKI', 1, 4, 21, 261, NULL, NULL, NULL),
(4150, 'KHAUNA', 1, 4, 21, 261, NULL, NULL, NULL),
(4151, 'MADHIYA', 1, 4, 21, 261, NULL, NULL, NULL),
(4152, 'MAHINATHPUR', 1, 4, 21, 261, NULL, NULL, NULL),
(4153, 'SELIBELI CHATHI', 1, 4, 21, 261, NULL, NULL, NULL),
(4154, 'AUNSIBABHANGAMAN SOUTH', 1, 4, 21, 262, NULL, NULL, NULL),
(4155, 'CHAHUTA', 1, 4, 21, 262, NULL, NULL, NULL),
(4156, 'JAFRA', 1, 4, 21, 262, NULL, NULL, NULL),
(4157, 'JAGBAN EAST PANCHAYAT', 1, 4, 21, 262, NULL, NULL, NULL),
(4158, 'JAGBAN WEST PANCHAYAT', 1, 4, 21, 262, NULL, NULL, NULL),
(4159, 'KHAIRIBANKA - SOUTH', 1, 4, 21, 262, NULL, NULL, NULL),
(4160, 'KHAIRIBANKAR-NORTH', 1, 4, 21, 262, NULL, NULL, NULL),
(4161, 'PARSAUNI NORTH', 1, 4, 21, 262, NULL, NULL, NULL),
(4162, 'SADULLAH PUR', 1, 4, 21, 262, NULL, NULL, NULL),
(4163, 'AUNSIBABHANGAMAN NORTH', 1, 4, 21, 262, NULL, NULL, NULL),
(4164, 'BALRA', 1, 4, 21, 262, NULL, NULL, NULL),
(4165, 'BHAIRWA', 1, 4, 21, 262, NULL, NULL, NULL),
(4166, 'BHAJPANDAUL', 1, 4, 21, 262, NULL, NULL, NULL),
(4167, 'BISFI', 1, 4, 21, 262, NULL, NULL, NULL),
(4168, 'NAHASRUPAULI NORTH', 1, 4, 21, 262, NULL, NULL, NULL),
(4169, 'NAHASRUPAULI SOUTH', 1, 4, 21, 262, NULL, NULL, NULL),
(4170, 'NURCHAK', 1, 4, 21, 262, NULL, NULL, NULL),
(4171, 'PARSAUNI SOUTH', 1, 4, 21, 262, NULL, NULL, NULL),
(4172, 'RAGHAULI', 1, 4, 21, 262, NULL, NULL, NULL),
(4173, 'RAGHOPURA', 1, 4, 21, 262, NULL, NULL, NULL),
(4174, 'RATHAUSH', 1, 4, 21, 262, NULL, NULL, NULL),
(4175, 'SHIGHASO', 1, 4, 21, 262, NULL, NULL, NULL),
(4176, 'SHIGHIYA EAST', 1, 4, 21, 262, NULL, NULL, NULL),
(4177, 'SHIGHIYA WEST', 1, 4, 21, 262, NULL, NULL, NULL),
(4178, 'SIMRI', 1, 4, 21, 262, NULL, NULL, NULL),
(4179, 'SONHANS', 1, 4, 21, 262, NULL, NULL, NULL),
(4180, 'TISI NARSAM NORTH', 1, 4, 21, 262, NULL, NULL, NULL),
(4181, 'TISINARSAM-SOUTH', 1, 4, 21, 262, NULL, NULL, NULL),
(4182, 'AMHI', 1, 4, 21, 263, NULL, NULL, NULL),
(4183, 'BASUARI', 1, 4, 21, 263, NULL, NULL, NULL),
(4184, 'BISHANPUR', 1, 4, 21, 263, NULL, NULL, NULL),
(4185, 'BRAMHAPUR NORTH', 1, 4, 21, 263, NULL, NULL, NULL),
(4186, 'BRAMHAPUR SOUTH', 1, 4, 21, 263, NULL, NULL, NULL),
(4187, 'BRHAMPUR', 1, 4, 21, 263, NULL, NULL, NULL),
(4188, 'CHAJNA', 1, 4, 21, 263, NULL, NULL, NULL),
(4189, 'CHIKNA', 1, 4, 21, 263, NULL, NULL, NULL),
(4190, 'ENERWA', 1, 4, 21, 263, NULL, NULL, NULL),
(4191, 'KEBTNA', 1, 4, 21, 263, NULL, NULL, NULL),
(4192, 'NAUWA BAKHAR', 1, 4, 21, 263, NULL, NULL, NULL),
(4193, 'PARSA NORTH', 1, 4, 21, 263, NULL, NULL, NULL),
(4194, 'PARSA SOUTH', 1, 4, 21, 263, NULL, NULL, NULL),
(4195, 'PIJOGARH', 1, 4, 21, 263, NULL, NULL, NULL),
(4196, 'SANGI', 1, 4, 21, 263, NULL, NULL, NULL),
(4197, 'SROUTA', 1, 4, 21, 263, NULL, NULL, NULL),
(4198, 'SUDAI RATAULI', 1, 4, 21, 263, NULL, NULL, NULL),
(4199, 'BAIRA', 1, 4, 21, 264, NULL, NULL, NULL),
(4200, 'BARHI', 1, 4, 21, 264, NULL, NULL, NULL),
(4201, 'BELAHI EAST', 1, 4, 21, 264, NULL, NULL, NULL),
(4202, 'BELAHI SOUTH', 1, 4, 21, 264, NULL, NULL, NULL),
(4203, 'BELAHI WEST', 1, 4, 21, 264, NULL, NULL, NULL),
(4204, 'DEIDGA MIDDLE', 1, 4, 21, 264, NULL, NULL, NULL),
(4205, 'DEODHA- NORTH', 1, 4, 21, 264, NULL, NULL, NULL),
(4206, 'DEODHA SIMA', 1, 4, 21, 264, NULL, NULL, NULL),
(4207, 'DORWARA', 1, 4, 21, 264, NULL, NULL, NULL),
(4208, 'DULLIPATTI', 1, 4, 21, 264, NULL, NULL, NULL),
(4209, 'JAYNAGAR BASTI', 1, 4, 21, 264, NULL, NULL, NULL),
(4210, 'KORAHIYA', 1, 4, 21, 264, NULL, NULL, NULL),
(4211, 'PARWA BELAHI', 1, 4, 21, 264, NULL, NULL, NULL),
(4212, 'RAJAULI', 1, 4, 21, 264, NULL, NULL, NULL),
(4213, 'SELARA', 1, 4, 21, 264, NULL, NULL, NULL),
(4214, 'CHANAURA GANJ', 1, 4, 21, 265, NULL, NULL, NULL),
(4215, 'LOHNA-NORTH', 1, 4, 21, 265, NULL, NULL, NULL),
(4216, 'PARSA', 1, 4, 21, 265, NULL, NULL, NULL),
(4217, 'PIPRAULIA', 1, 4, 21, 265, NULL, NULL, NULL),
(4218, 'SANGRAM', 1, 4, 21, 265, NULL, NULL, NULL),
(4219, 'SIMARA', 1, 4, 21, 265, NULL, NULL, NULL),
(4220, 'SUKHAUT', 1, 4, 21, 265, NULL, NULL, NULL),
(4221, 'BALNI MEHATH', 1, 4, 21, 265, NULL, NULL, NULL),
(4222, 'KAKO', 1, 4, 21, 265, NULL, NULL, NULL),
(4223, 'KOTHIA', 1, 4, 21, 265, NULL, NULL, NULL),
(4224, 'LOHNA - SOUTH', 1, 4, 21, 265, NULL, NULL, NULL),
(4225, 'MAHINATH PUR', 1, 4, 21, 265, NULL, NULL, NULL),
(4226, 'NARUAR', 1, 4, 21, 265, NULL, NULL, NULL),
(4227, 'NAWANI', 1, 4, 21, 265, NULL, NULL, NULL),
(4228, 'RAIYAM - EAST', 1, 4, 21, 265, NULL, NULL, NULL),
(4229, 'RAIYAM -WEST', 1, 4, 21, 265, NULL, NULL, NULL),
(4230, 'SANTNAGAR', 1, 4, 21, 265, NULL, NULL, NULL),
(4231, 'LOHA', 1, 4, 21, 266, NULL, NULL, NULL),
(4232, 'HARIPUR NORTH', 1, 4, 21, 266, NULL, NULL, NULL),
(4233, 'HARIPUR SOUTH', 1, 4, 21, 266, NULL, NULL, NULL),
(4234, 'KALIKAPUR', 1, 4, 21, 266, NULL, NULL, NULL),
(4235, 'KARMAULI', 1, 4, 21, 266, NULL, NULL, NULL),
(4236, 'MADHEPUR', 1, 4, 21, 266, NULL, NULL, NULL),
(4237, 'MALMAL NORTH', 1, 4, 21, 266, NULL, NULL, NULL),
(4238, 'MALMAL SOUTH', 1, 4, 21, 266, NULL, NULL, NULL),
(4239, 'NARAR WEST', 1, 4, 21, 266, NULL, NULL, NULL),
(4240, 'PALIMOHANPUR', 1, 4, 21, 266, NULL, NULL, NULL),
(4241, 'PURSAULIYA', 1, 4, 21, 266, NULL, NULL, NULL),
(4242, 'BHAKUA', 1, 4, 21, 267, NULL, NULL, NULL),
(4243, 'CHANDRADIH', 1, 4, 21, 267, NULL, NULL, NULL),
(4244, 'CHATRAGOTH NORTH', 1, 4, 21, 267, NULL, NULL, NULL),
(4245, 'CHATRAGOTH SOUTH', 1, 4, 21, 267, NULL, NULL, NULL),
(4246, 'INARBA', 1, 4, 21, 267, NULL, NULL, NULL),
(4247, 'BETAKAKARGHATI', 1, 4, 21, 267, NULL, NULL, NULL),
(4248, 'DATUAR', 1, 4, 21, 267, NULL, NULL, NULL),
(4249, 'KANHAULI', 1, 4, 21, 267, NULL, NULL, NULL),
(4250, 'KHAJAULI', 1, 4, 21, 267, NULL, NULL, NULL),
(4251, 'MAHUA EKDARA', 1, 4, 21, 267, NULL, NULL, NULL),
(4252, 'NARAR EAST', 1, 4, 21, 267, NULL, NULL, NULL),
(4253, 'RASIDPUR', 1, 4, 21, 267, NULL, NULL, NULL),
(4254, 'SARABE', 1, 4, 21, 267, NULL, NULL, NULL),
(4255, 'SUKHI', 1, 4, 21, 267, NULL, NULL, NULL),
(4256, 'BAGHHA KUSHMAR', 1, 4, 21, 268, NULL, NULL, NULL),
(4257, 'BIRPUR', 1, 4, 21, 268, NULL, NULL, NULL),
(4258, 'DURGIPATTI', 1, 4, 21, 268, NULL, NULL, NULL),
(4259, 'EKHATHA', 1, 4, 21, 268, NULL, NULL, NULL),
(4260, 'JHANJHAPATTI ASHA', 1, 4, 21, 268, NULL, NULL, NULL),
(4261, 'KHUTAUNA', 1, 4, 21, 268, NULL, NULL, NULL),
(4262, 'LALMANIA', 1, 4, 21, 268, NULL, NULL, NULL),
(4263, 'MADHOPUR', 1, 4, 21, 268, NULL, NULL, NULL),
(4264, 'MAGHAURA', 1, 4, 21, 268, NULL, NULL, NULL),
(4265, 'NAHRI', 1, 4, 21, 268, NULL, NULL, NULL),
(4266, 'PARSAHI EAST', 1, 4, 21, 268, NULL, NULL, NULL),
(4267, 'PARSAHI WEST', 1, 4, 21, 268, NULL, NULL, NULL),
(4268, 'PIPRAHI', 1, 4, 21, 268, NULL, NULL, NULL),
(4269, 'SIKTIAHI', 1, 4, 21, 268, NULL, NULL, NULL),
(4270, 'BASUDEOPUR', 1, 4, 21, 268, NULL, NULL, NULL),
(4271, 'KARMEGH MIDDLE', 1, 4, 21, 268, NULL, NULL, NULL),
(4272, 'KARMEGH NORTH', 1, 4, 21, 268, NULL, NULL, NULL),
(4273, 'KARMEGH WEST', 1, 4, 21, 268, NULL, NULL, NULL),
(4274, 'AKAHRI', 1, 4, 21, 269, NULL, NULL, NULL),
(4275, 'BELAHI', 1, 4, 21, 269, NULL, NULL, NULL),
(4276, 'GAJHARA', 1, 4, 21, 269, NULL, NULL, NULL),
(4277, 'PIPRAHI', 1, 4, 21, 269, NULL, NULL, NULL),
(4278, 'SIDHPA', 1, 4, 21, 269, NULL, NULL, NULL),
(4279, 'DALOKHAR', 1, 4, 21, 269, NULL, NULL, NULL),
(4280, 'GIDHWAS', 1, 4, 21, 269, NULL, NULL, NULL),
(4281, 'KHOJA', 1, 4, 21, 269, NULL, NULL, NULL),
(4282, 'KUMARKAHT EAST', 1, 4, 21, 269, NULL, NULL, NULL),
(4283, 'KUMARKAHT WEST', 1, 4, 21, 269, NULL, NULL, NULL),
(4284, 'LACHMINIYA', 1, 4, 21, 269, NULL, NULL, NULL),
(4285, 'MAHTHA', 1, 4, 21, 269, NULL, NULL, NULL),
(4286, 'PADMA', 1, 4, 21, 269, NULL, NULL, NULL),
(4287, 'PATHRAHI', 1, 4, 21, 269, NULL, NULL, NULL),
(4288, 'SHIDHAP KALA', 1, 4, 21, 269, NULL, NULL, NULL),
(4289, 'PIHABARA PANCHAYAT', 1, 4, 21, 270, NULL, NULL, NULL),
(4290, 'BALABA PANCHAYAT', 1, 4, 21, 270, NULL, NULL, NULL),
(4291, 'BASUKIBIHARI NORTH PANCHAYAT', 1, 4, 21, 270, NULL, NULL, NULL),
(4292, 'BASUKIBIHARI SOUTH', 1, 4, 21, 270, NULL, NULL, NULL),
(4293, 'BISHANPUR PANCHAYAT', 1, 4, 21, 270, NULL, NULL, NULL),
(4294, 'MADHAWAPUR PANCHAYAT', 1, 4, 21, 270, NULL, NULL, NULL),
(4295, 'MUKHIYA PATTI PANCHAYAT', 1, 4, 21, 270, NULL, NULL, NULL),
(4296, 'PIROKHAR PANCHAYAT', 1, 4, 21, 270, NULL, NULL, NULL),
(4297, 'SALEMPUR PANCHAYAT', 1, 4, 21, 270, NULL, NULL, NULL),
(4298, 'SHAHAR NORTH PANCHAYAT', 1, 4, 21, 270, NULL, NULL, NULL),
(4299, 'SHAHAR SOUTH PANCHAYAT', 1, 4, 21, 270, NULL, NULL, NULL),
(4300, 'TARAIYA PANCHAYAT', 1, 4, 21, 270, NULL, NULL, NULL),
(4301, 'UTTARA PANCHAYAT', 1, 4, 21, 270, NULL, NULL, NULL),
(4302, 'AHIWAT MADHOPUR(WEST)', 1, 4, 21, 271, NULL, NULL, NULL),
(4303, 'BATHANE', 1, 4, 21, 271, NULL, NULL, NULL),
(4304, 'BELAHI', 1, 4, 21, 271, NULL, NULL, NULL),
(4305, 'BHAGWATIPUR', 1, 4, 21, 271, NULL, NULL, NULL),
(4306, 'BHAUR', 1, 4, 21, 271, NULL, NULL, NULL),
(4307, 'BHAWANIPUR', 1, 4, 21, 271, NULL, NULL, NULL),
(4308, 'BIRAUL', 1, 4, 21, 271, NULL, NULL, NULL),
(4309, 'DAHIBAT MADHOPUR (EAST)', 1, 4, 21, 271, NULL, NULL, NULL),
(4310, 'MAKRAMPUR', 1, 4, 21, 271, NULL, NULL, NULL),
(4311, 'MEGHAUL', 1, 4, 21, 271, NULL, NULL, NULL),
(4312, 'NARPAT NAGAR', 1, 4, 21, 271, NULL, NULL, NULL),
(4313, 'PANCHDAHI', 1, 4, 21, 271, NULL, NULL, NULL),
(4314, 'PANDAUL (EAST)', 1, 4, 21, 271, NULL, NULL, NULL),
(4315, 'PANDAUL (MIDDLE)', 1, 4, 21, 271, NULL, NULL, NULL),
(4316, 'PANDAUL (WEST)', 1, 4, 21, 271, NULL, NULL, NULL),
(4317, 'SAGARPUR', 1, 4, 21, 271, NULL, NULL, NULL),
(4318, 'SAKRI (EAST)', 1, 4, 21, 271, NULL, NULL, NULL),
(4319, 'SAKRI (WEST)', 1, 4, 21, 271, NULL, NULL, NULL),
(4320, 'SALEMPUR', 1, 4, 21, 271, NULL, NULL, NULL),
(4321, 'SANJKORTH', 1, 4, 21, 271, NULL, NULL, NULL),
(4322, 'SARISOPAHI (EAST)', 1, 4, 21, 271, NULL, NULL, NULL),
(4323, 'SARISOPAHI (WEST)', 1, 4, 21, 271, NULL, NULL, NULL),
(4324, 'SRIPUR HATI (MADHYA)', 1, 4, 21, 271, NULL, NULL, NULL),
(4325, 'SRIPURHATI NORTH', 1, 4, 21, 271, NULL, NULL, NULL),
(4326, 'SRIPURHATI SOUTH', 1, 4, 21, 271, NULL, NULL, NULL),
(4327, 'UDAYPUR BITHUAR', 1, 4, 21, 271, NULL, NULL, NULL),
(4328, 'BATHNAHA', 1, 4, 21, 272, NULL, NULL, NULL),
(4329, 'GEHUMABAIRIA', 1, 4, 21, 272, NULL, NULL, NULL),
(4330, 'KALAPATTI', 1, 4, 21, 272, NULL, NULL, NULL),
(4331, 'MAHINDWAR', 1, 4, 21, 272, NULL, NULL, NULL),
(4332, 'MAHTHAURKHURD', 1, 4, 21, 272, NULL, NULL, NULL),
(4333, 'PHULPARAS', 1, 4, 21, 272, NULL, NULL, NULL),
(4334, 'RAMNAGAR', 1, 4, 21, 272, NULL, NULL, NULL),
(4335, 'SAINI', 1, 4, 21, 272, NULL, NULL, NULL),
(4336, 'SISBAR', 1, 4, 21, 272, NULL, NULL, NULL),
(4337, 'SISWAWARAHI', 1, 4, 21, 272, NULL, NULL, NULL),
(4338, 'SUGGAPATTI', 1, 4, 21, 272, NULL, NULL, NULL),
(4339, 'DHANAUJA', 1, 4, 21, 272, NULL, NULL, NULL),
(4340, 'DHARMDIHA', 1, 4, 21, 272, NULL, NULL, NULL),
(4341, 'GODHIYARI', 1, 4, 21, 272, NULL, NULL, NULL),
(4342, 'BALYA', 1, 4, 21, 273, NULL, NULL, NULL),
(4343, 'BASAULI', 1, 4, 21, 273, NULL, NULL, NULL),
(4344, 'BASUARA', 1, 4, 21, 273, NULL, NULL, NULL),
(4345, 'BHACHHI', 1, 4, 21, 273, NULL, NULL, NULL),
(4346, 'BHAUWARA', 1, 4, 21, 273, NULL, NULL, NULL),
(4347, 'EJARA', 1, 4, 21, 273, NULL, NULL, NULL),
(4348, 'HUSSAIN PUR', 1, 4, 21, 273, NULL, NULL, NULL),
(4349, 'JAGATPUR', 1, 4, 21, 273, NULL, NULL, NULL),
(4350, 'KAKRAUL SOUTH', 1, 4, 21, 273, NULL, NULL, NULL),
(4351, 'KAKRAUN NORTH', 1, 4, 21, 273, NULL, NULL, NULL),
(4352, 'KHAJURI', 1, 4, 21, 273, NULL, NULL, NULL),
(4353, 'LAXMIPUR', 1, 4, 21, 273, NULL, NULL, NULL),
(4354, 'MAKSUDA', 1, 4, 21, 273, NULL, NULL, NULL),
(4355, 'MALANGIA', 1, 4, 21, 273, NULL, NULL, NULL),
(4356, 'NAJIRPUR', 1, 4, 21, 273, NULL, NULL, NULL),
(4357, 'RAHIKA', 1, 4, 21, 273, NULL, NULL, NULL),
(4358, 'SANAUR', 1, 4, 21, 273, NULL, NULL, NULL),
(4359, 'SAPTA', 1, 4, 21, 273, NULL, NULL, NULL),
(4360, 'SATLAKHA', 1, 4, 21, 273, NULL, NULL, NULL),
(4361, 'SAURATH', 1, 4, 21, 273, NULL, NULL, NULL),
(4362, 'SHAMBHUAR', 1, 4, 21, 273, NULL, NULL, NULL),
(4363, 'SUNDARPUR BHITHI', 1, 4, 21, 273, NULL, NULL, NULL),
(4364, 'CHICHARI KANANGO', 1, 4, 21, 274, NULL, NULL, NULL),
(4365, 'KOILAKH', 1, 4, 21, 274, NULL, NULL, NULL),
(4366, 'MAHINATHPUR', 1, 4, 21, 274, NULL, NULL, NULL),
(4367, 'RAMPATTI', 1, 4, 21, 274, NULL, NULL, NULL),
(4368, 'RANTI', 1, 4, 21, 274, NULL, NULL, NULL),
(4369, 'SATGHARA', 1, 4, 21, 274, NULL, NULL, NULL),
(4370, 'SIMRI', 1, 4, 21, 274, NULL, NULL, NULL),
(4371, 'SUGAUNA NORTH', 1, 4, 21, 274, NULL, NULL, NULL),
(4372, 'SUGAUNA SOUTH', 1, 4, 21, 274, NULL, NULL, NULL),
(4373, 'BHAIYA BISHANPUR', 1, 4, 21, 274, NULL, NULL, NULL),
(4374, 'BHATSIMAR EAST', 1, 4, 21, 274, NULL, NULL, NULL),
(4375, 'BHATSIMAR WEST', 1, 4, 21, 274, NULL, NULL, NULL),
(4376, 'KAITHAHI', 1, 4, 21, 274, NULL, NULL, NULL),
(4377, 'KARAHIYA (EAST)', 1, 4, 21, 274, NULL, NULL, NULL),
(4378, 'KARAHIYA (WEST)', 1, 4, 21, 274, NULL, NULL, NULL),
(4379, 'MANGARAUNI (NORTH)', 1, 4, 21, 274, NULL, NULL, NULL),
(4380, 'MANGRAUNI SOUTH', 1, 4, 21, 274, NULL, NULL, NULL),
(4381, 'PATWARA NORTH', 1, 4, 21, 274, NULL, NULL, NULL),
(4382, 'PATWARA SOUTH', 1, 4, 21, 274, NULL, NULL, NULL),
(4383, 'PAYHARPUR', 1, 4, 21, 274, NULL, NULL, NULL),
(4384, 'PILAKHWAR', 1, 4, 21, 274, NULL, NULL, NULL),
(4385, 'RAGHOPUR BALAT', 1, 4, 21, 274, NULL, NULL, NULL),
(4386, 'RAGHUNI DEHAT', 1, 4, 21, 274, NULL, NULL, NULL),
(4387, 'SHIBIPATTI', 1, 4, 21, 274, NULL, NULL, NULL),
(4388, 'SINGHIYAUN', 1, 4, 21, 274, NULL, NULL, NULL),
(4389, 'BARIYARPUR (NORTH)', 1, 4, 22, 275, NULL, NULL, NULL),
(4390, 'BARIYARPUR (SOUTH)', 1, 4, 22, 275, NULL, NULL, NULL),
(4391, 'BINDADIYARA HARINMAR', 1, 4, 22, 275, NULL, NULL, NULL),
(4392, 'JHAUABAHIYAR', 1, 4, 22, 275, NULL, NULL, NULL),
(4393, 'KALYAN TOLA', 1, 4, 22, 275, NULL, NULL, NULL),
(4394, 'KARHARIYA (EAST)', 1, 4, 22, 275, NULL, NULL, NULL),
(4395, 'KARHARIYA (WEST)', 1, 4, 22, 275, NULL, NULL, NULL),
(4396, 'KHRHARIYA (SOUTH PART)', 1, 4, 22, 275, NULL, NULL, NULL),
(4397, 'NIRPUR', 1, 4, 22, 275, NULL, NULL, NULL),
(4398, 'PARIA T', 1, 4, 22, 275, NULL, NULL, NULL),
(4399, 'RATANPUR', 1, 4, 22, 275, NULL, NULL, NULL),
(4400, 'AJIM GANJ', 1, 4, 22, 276, NULL, NULL, NULL),
(4401, 'AMARI', 1, 4, 22, 276, NULL, NULL, NULL),
(4402, 'BAHACHOUKI', 1, 4, 22, 276, NULL, NULL, NULL),
(4403, 'BANGLWAT', 1, 4, 22, 276, NULL, NULL, NULL),
(4404, 'DHARAHRA (MAHRNA)T', 1, 4, 22, 276, NULL, NULL, NULL),
(4405, 'DHARAHRA (South)', 1, 4, 22, 276, NULL, NULL, NULL),
(4406, 'HEMJAPUR', 1, 4, 22, 276, NULL, NULL, NULL),
(4407, 'ITWA ;PANCHAYAT', 1, 4, 22, 276, NULL, NULL, NULL),
(4408, 'MAHGAMA', 1, 4, 22, 276, NULL, NULL, NULL),
(4409, 'MATADIHT', 1, 4, 22, 276, NULL, NULL, NULL),
(4410, 'ORA BAGICHAT', 1, 4, 22, 276, NULL, NULL, NULL),
(4411, 'SAROBAGHT', 1, 4, 22, 276, NULL, NULL, NULL),
(4412, 'SHEO KUND', 1, 4, 22, 276, NULL, NULL, NULL),
(4413, 'BANK', 1, 4, 22, 277, NULL, NULL, NULL),
(4414, 'INDRUKH (WEST)', 1, 4, 22, 277, NULL, NULL, NULL),
(4415, 'INDRUKHA (EAST)', 1, 4, 22, 277, NULL, NULL, NULL),
(4416, 'ITHARI', 1, 4, 22, 277, NULL, NULL, NULL),
(4417, 'PARHAM', 1, 4, 22, 277, NULL, NULL, NULL),
(4418, 'PATAM (EAST)', 1, 4, 22, 277, NULL, NULL, NULL),
(4419, 'PATAM (WEST)', 1, 4, 22, 277, NULL, NULL, NULL),
(4420, 'RAMNAGAR', 1, 4, 22, 277, NULL, NULL, NULL),
(4421, 'RAMPUR KALA', 1, 4, 22, 277, NULL, NULL, NULL),
(4422, 'SINGHIYA', 1, 4, 22, 277, NULL, NULL, NULL),
(4423, 'AMAIYA', 1, 4, 22, 278, NULL, NULL, NULL),
(4424, 'ASARGANJ', 1, 4, 22, 278, NULL, NULL, NULL),
(4425, 'CHORGANW', 1, 4, 22, 278, NULL, NULL, NULL),
(4426, 'JORARI', 1, 4, 22, 278, NULL, NULL, NULL),
(4427, 'MAKWA', 1, 4, 22, 278, NULL, NULL, NULL),
(4428, 'RAHAMATPUR', 1, 4, 22, 278, NULL, NULL, NULL),
(4429, 'SAJUA', 1, 4, 22, 278, NULL, NULL, NULL),
(4430, 'AGRAHAN', 1, 4, 22, 279, NULL, NULL, NULL),
(4431, 'BADHOUNA', 1, 4, 22, 279, NULL, NULL, NULL),
(4432, 'BAHIRA', 1, 4, 22, 279, NULL, NULL, NULL),
(4433, 'BAIJALPUR', 1, 4, 22, 279, NULL, NULL, NULL),
(4434, 'BARUI', 1, 4, 22, 279, NULL, NULL, NULL),
(4435, 'DARIYAPUR', 1, 4, 22, 279, NULL, NULL, NULL),
(4436, 'DARIYAPUR (2)', 1, 4, 22, 279, NULL, NULL, NULL),
(4437, 'GANGATA', 1, 4, 22, 279, NULL, NULL, NULL),
(4438, 'GOBADDA', 1, 4, 22, 279, NULL, NULL, NULL),
(4439, 'KOURIYA', 1, 4, 22, 279, NULL, NULL, NULL),
(4440, 'MAJHGYAN', 1, 4, 22, 279, NULL, NULL, NULL),
(4441, 'MUDERI', 1, 4, 22, 279, NULL, NULL, NULL),
(4442, 'MURADE', 1, 4, 22, 279, NULL, NULL, NULL),
(4443, 'NAKI', 1, 4, 22, 279, NULL, NULL, NULL),
(4444, 'RAMANKA BAD (EAST)', 1, 4, 22, 279, NULL, NULL, NULL),
(4445, 'RAMANKA BAD (WEST)', 1, 4, 22, 279, NULL, NULL, NULL),
(4446, 'RATAITHA', 1, 4, 22, 279, NULL, NULL, NULL),
(4447, 'TELIYADIH', 1, 4, 22, 279, NULL, NULL, NULL),
(4448, 'JANKINAGAR', 1, 4, 22, 280, NULL, NULL, NULL),
(4449, 'KATARIYA', 1, 4, 22, 280, NULL, NULL, NULL),
(4450, 'KUTLUPUR', 1, 4, 22, 280, NULL, NULL, NULL),
(4451, 'MAHULI', 1, 4, 22, 280, NULL, NULL, NULL),
(4452, 'MAI', 1, 4, 22, 280, NULL, NULL, NULL),
(4453, 'MIRZAPUR BARDAH', 1, 4, 22, 280, NULL, NULL, NULL),
(4454, 'NAUAGARHI (NORTH)', 1, 4, 22, 280, NULL, NULL, NULL),
(4455, 'NAUAGARHI (SOUTH)', 1, 4, 22, 280, NULL, NULL, NULL),
(4456, 'SHANKARPUR', 1, 4, 22, 280, NULL, NULL, NULL),
(4457, 'SRIMATPUR', 1, 4, 22, 280, NULL, NULL, NULL),
(4458, 'TARAPUR DIYARA', 1, 4, 22, 280, NULL, NULL, NULL),
(4459, 'TIKARAMPUR', 1, 4, 22, 280, NULL, NULL, NULL),
(4460, 'ZAFARNAGAR', 1, 4, 22, 280, NULL, NULL, NULL),
(4461, 'BADHONIYA', 1, 4, 22, 281, NULL, NULL, NULL),
(4462, 'BALIA', 1, 4, 22, 281, NULL, NULL, NULL),
(4463, 'DADARIJALA', 1, 4, 22, 281, NULL, NULL, NULL),
(4464, 'DIDARGANJ', 1, 4, 22, 281, NULL, NULL, NULL),
(4465, 'DURGAPUR', 1, 4, 22, 281, NULL, NULL, NULL),
(4466, 'DURMATTA', 1, 4, 22, 281, NULL, NULL, NULL),
(4467, 'JHIKULI', 1, 4, 22, 281, NULL, NULL, NULL),
(4468, 'KATIYARI', 1, 4, 22, 281, NULL, NULL, NULL),
(4469, 'KUSMAR', 1, 4, 22, 281, NULL, NULL, NULL),
(4470, 'RAMPUR', 1, 4, 22, 281, NULL, NULL, NULL),
(4471, 'AFJALNAGAR', 1, 4, 22, 282, NULL, NULL, NULL),
(4472, 'BELADIH', 1, 4, 22, 282, NULL, NULL, NULL),
(4473, 'BIHAMA', 1, 4, 22, 282, NULL, NULL, NULL),
(4474, 'DHOBAI', 1, 4, 22, 282, NULL, NULL, NULL),
(4475, 'GAJIPUR', 1, 4, 22, 282, NULL, NULL, NULL),
(4476, 'GANAILI', 1, 4, 22, 282, NULL, NULL, NULL),
(4477, 'KHAIRA', 1, 4, 22, 282, NULL, NULL, NULL),
(4478, 'LAUNA', 1, 4, 22, 282, NULL, NULL, NULL),
(4479, 'MANIKPUR', 1, 4, 22, 282, NULL, NULL, NULL),
(4480, 'PADBHARA', 1, 4, 22, 282, NULL, NULL, NULL),
(4481, 'RAMPUR BISHAYA', 1, 4, 22, 282, NULL, NULL, NULL),
(4482, 'TARAPUR', 1, 4, 22, 282, NULL, NULL, NULL),
(4483, 'BANHARA', 1, 4, 22, 283, NULL, NULL, NULL),
(4484, 'BHUNA', 1, 4, 22, 283, NULL, NULL, NULL),
(4485, 'DHOURI', 1, 4, 22, 283, NULL, NULL, NULL),
(4486, 'KASOWLI', 1, 4, 22, 283, NULL, NULL, NULL),
(4487, 'NONAJI', 1, 4, 22, 283, NULL, NULL, NULL),
(4488, 'TETIYA', 1, 4, 22, 283, NULL, NULL, NULL),
(4489, 'VANGAMA', 1, 4, 22, 283, NULL, NULL, NULL),
(4490, 'ALAMPUR SIMRI', 1, 4, 23, 284, NULL, NULL, NULL),
(4491, 'AMNAUR', 1, 4, 23, 284, NULL, NULL, NULL),
(4492, 'ATRAR', 1, 4, 23, 284, NULL, NULL, NULL),
(4493, 'AURAI', 1, 4, 23, 284, NULL, NULL, NULL),
(4494, 'BABHANGAMA', 1, 4, 23, 284, NULL, NULL, NULL),
(4495, 'BHADAI', 1, 4, 23, 284, NULL, NULL, NULL),
(4496, 'BHALURA', 1, 4, 23, 284, NULL, NULL, NULL),
(4497, 'BHARTHUA', 1, 4, 23, 284, NULL, NULL, NULL),
(4498, 'BISHUNPUR GOKHUL', 1, 4, 23, 284, NULL, NULL, NULL),
(4499, 'DHARHARWA', 1, 4, 23, 284, NULL, NULL, NULL),
(4500, 'DIH JIWAR', 1, 4, 23, 284, NULL, NULL, NULL),
(4501, 'GHANSHYAMPUR', 1, 4, 23, 284, NULL, NULL, NULL),
(4502, 'JANADH JIVAJOR BENI', 1, 4, 23, 284, NULL, NULL, NULL),
(4503, 'KHETALPUR', 1, 4, 23, 284, NULL, NULL, NULL),
(4504, 'MAHESHWARA', 1, 4, 23, 284, NULL, NULL, NULL),
(4505, 'MATHURAPUR BUJURG', 1, 4, 23, 284, NULL, NULL, NULL),
(4506, 'NAYA GAON', 1, 4, 23, 284, NULL, NULL, NULL),
(4507, 'RAJKHAND NORTH', 1, 4, 23, 284, NULL, NULL, NULL),
(4508, 'RAJKHAND SOUTH', 1, 4, 23, 284, NULL, NULL, NULL),
(4509, 'RAMPUR SHAMBHUTA', 1, 4, 23, 284, NULL, NULL, NULL),
(4510, 'RATWARA BINDWARA DEWARIYA(E)', 1, 4, 23, 284, NULL, NULL, NULL),
(4511, 'RATWARA BINDWARA DEWARIYA(W)', 1, 4, 23, 284, NULL, NULL, NULL),
(4512, 'SAHILA BALLI', 1, 4, 23, 284, NULL, NULL, NULL),
(4513, 'SARHACHIYAN', 1, 4, 23, 284, NULL, NULL, NULL),
(4514, 'TARAJIWAR', 1, 4, 23, 284, NULL, NULL, NULL),
(4515, 'VISHUNPUR-UMAPAT BASANT', 1, 4, 23, 284, NULL, NULL, NULL),
(4516, 'BANDRA', 1, 4, 23, 285, NULL, NULL, NULL),
(4517, 'BARGAON', 1, 4, 23, 285, NULL, NULL, NULL),
(4518, 'HATTHA', 1, 4, 23, 285, NULL, NULL, NULL),
(4519, 'MUNNI BAINGARI', 1, 4, 23, 285, NULL, NULL, NULL),
(4520, 'MUTLUPUR', 1, 4, 23, 285, NULL, NULL, NULL),
(4521, 'NOONFARA', 1, 4, 23, 285, NULL, NULL, NULL),
(4522, 'PATSARA', 1, 4, 23, 285, NULL, NULL, NULL),
(4523, 'PIRAPUR', 1, 4, 23, 285, NULL, NULL, NULL),
(4524, 'RAMPUR DAYAL', 1, 4, 23, 285, NULL, NULL, NULL),
(4525, 'SIMRA CHAKSRINATH', 1, 4, 23, 285, NULL, NULL, NULL),
(4526, 'SUNDARPUR RATWARA', 1, 4, 23, 285, NULL, NULL, NULL),
(4527, 'TEPRI ALIS HASANNAGAR', 1, 4, 23, 285, NULL, NULL, NULL),
(4528, 'ADI GOPALPUR', 1, 4, 23, 286, NULL, NULL, NULL),
(4529, 'BALTHI RASULPUR', 1, 4, 23, 286, NULL, NULL, NULL),
(4530, 'BHOOTANE', 1, 4, 23, 286, NULL, NULL, NULL),
(4531, 'DEOGAN', 1, 4, 23, 286, NULL, NULL, NULL),
(4532, 'GARHA', 1, 4, 23, 286, NULL, NULL, NULL),
(4533, 'JHAPHAN', 1, 4, 23, 286, NULL, NULL, NULL),
(4534, 'KAFEN CHAUDHARY', 1, 4, 23, 286, NULL, NULL, NULL),
(4535, 'KARANPUR NOATH', 1, 4, 23, 286, NULL, NULL, NULL),
(4536, 'KARANPUR SOUTH', 1, 4, 23, 286, NULL, NULL, NULL),
(4537, 'LOHSARI', 1, 4, 23, 286, NULL, NULL, NULL),
(4538, 'MAIDAPUR', 1, 4, 23, 286, NULL, NULL, NULL),
(4539, 'MAJHAULI', 1, 4, 23, 286, NULL, NULL, NULL),
(4540, 'NARKATIYA', 1, 4, 23, 286, NULL, NULL, NULL),
(4541, 'NARMA', 1, 4, 23, 286, NULL, NULL, NULL),
(4542, 'PATIYASA', 1, 4, 23, 286, NULL, NULL, NULL),
(4543, 'RAMPUR JAIPAL', 1, 4, 23, 286, NULL, NULL, NULL),
(4544, 'SAHILA RAMPUR', 1, 4, 23, 286, NULL, NULL, NULL),
(4545, 'SARFUDDINPUR', 1, 4, 23, 286, NULL, NULL, NULL),
(4546, 'UNSAR', 1, 4, 23, 286, NULL, NULL, NULL),
(4547, 'VISHUNPUR JAGDIDH', 1, 4, 23, 286, NULL, NULL, NULL),
(4548, 'BAGHAKHAL', 1, 4, 23, 287, NULL, NULL, NULL),
(4549, 'BAKHRI', 1, 4, 23, 287, NULL, NULL, NULL),
(4550, 'BALAUR NIDHI', 1, 4, 23, 287, NULL, NULL, NULL),
(4551, 'BARUARI', 1, 4, 23, 287, NULL, NULL, NULL),
(4552, 'BERUA', 1, 4, 23, 287, NULL, NULL, NULL),
(4553, 'BOARIDIH', 1, 4, 23, 287, NULL, NULL, NULL),
(4554, 'DAHILA PATSHARMA', 1, 4, 23, 287, NULL, NULL, NULL),
(4555, 'JAMALPUR KODAI', 1, 4, 23, 287, NULL, NULL, NULL),
(4556, 'JANTA', 1, 4, 23, 287, NULL, NULL, NULL),
(4557, 'JARANG EAST', 1, 4, 23, 287, NULL, NULL, NULL),
(4558, 'JARANG WEST', 1, 4, 23, 287, NULL, NULL, NULL),
(4559, 'KAMARTHU', 1, 4, 23, 287, NULL, NULL, NULL),
(4560, 'KANTA PIRAOCHHA (N)', 1, 4, 23, 287, NULL, NULL, NULL),
(4561, 'KANTA PIRAOCHHA (S)', 1, 4, 23, 287, NULL, NULL, NULL),
(4562, 'KEWATSA', 1, 4, 23, 287, NULL, NULL, NULL),
(4563, 'LADAUR', 1, 4, 23, 287, NULL, NULL, NULL),
(4564, 'LAXMAN NAGAR', 1, 4, 23, 287, NULL, NULL, NULL),
(4565, 'LOMA', 1, 4, 23, 287, NULL, NULL, NULL),
(4566, 'MAITHI', 1, 4, 23, 287, NULL, NULL, NULL),
(4567, 'MOHAMMADPUR SURA', 1, 4, 23, 287, NULL, NULL, NULL),
(4568, 'RAMNAGAR', 1, 4, 23, 287, NULL, NULL, NULL),
(4569, 'SHIVDAHA', 1, 4, 23, 287, NULL, NULL, NULL),
(4570, 'SUSTA', 1, 4, 23, 287, NULL, NULL, NULL),
(4571, 'BAHUAARA', 1, 4, 23, 288, NULL, NULL, NULL),
(4572, 'BAKATPUR', 1, 4, 23, 288, NULL, NULL, NULL),
(4573, 'BIRPUR', 1, 4, 23, 288, NULL, NULL, NULL),
(4574, 'DADAR KOLHUA', 1, 4, 23, 288, NULL, NULL, NULL),
(4575, 'DAMODARPUR', 1, 4, 23, 288, NULL, NULL, NULL),
(4576, 'DHAMAULI RAMNATH EAST', 1, 4, 23, 288, NULL, NULL, NULL),
(4577, 'DHAMAULI RAMNATH WEST', 1, 4, 23, 288, NULL, NULL, NULL),
(4578, 'FULKANHAN MANI', 1, 4, 23, 288, NULL, NULL, NULL),
(4579, 'GODAI FULKAHAN', 1, 4, 23, 288, NULL, NULL, NULL),
(4580, 'HARCHANDA', 1, 4, 23, 288, NULL, NULL, NULL),
(4581, 'JHITKANHI MADHUBAN', 1, 4, 23, 288, NULL, NULL, NULL),
(4582, 'LASHKARIPUR', 1, 4, 23, 288, NULL, NULL, NULL),
(4583, 'MADHOPUR DULAM/DHEBH', 1, 4, 23, 288, NULL, NULL, NULL),
(4584, 'MANIKPUR NAROTTAM', 1, 4, 23, 288, NULL, NULL, NULL),
(4585, 'MUSTAFAPUR', 1, 4, 23, 288, NULL, NULL, NULL),
(4586, 'PAIGHAMBARPUR KOLHUA', 1, 4, 23, 288, NULL, NULL, NULL),
(4587, 'PANAPUR HAWELI', 1, 4, 23, 288, NULL, NULL, NULL),
(4588, 'SADATPUR', 1, 4, 23, 288, NULL, NULL, NULL),
(4589, 'SAHPUR', 1, 4, 23, 288, NULL, NULL, NULL),
(4590, 'SAIN', 1, 4, 23, 288, NULL, NULL, NULL),
(4591, 'SHERUKANHIN', 1, 4, 23, 288, NULL, NULL, NULL),
(4592, 'BANDHPUR', 1, 4, 23, 289, NULL, NULL, NULL),
(4593, 'BANSGHATTA', 1, 4, 23, 289, NULL, NULL, NULL),
(4594, 'BARARI', 1, 4, 23, 289, NULL, NULL, NULL),
(4595, 'BELPAKAUNA', 1, 4, 23, 289, NULL, NULL, NULL),
(4596, 'BERAI NORTH', 1, 4, 23, 289, NULL, NULL, NULL),
(4597, 'BERAI SOUTH', 1, 4, 23, 289, NULL, NULL, NULL),
(4598, 'CHANGEL', 1, 4, 23, 289, NULL, NULL, NULL),
(4599, 'DHANAUR', 1, 4, 23, 289, NULL, NULL, NULL),
(4600, 'HATHAURI', 1, 4, 23, 289, NULL, NULL, NULL),
(4601, 'JAJUAR EAST', 1, 4, 23, 289, NULL, NULL, NULL),
(4602, 'JAJUAR MIDDLE', 1, 4, 23, 289, NULL, NULL, NULL),
(4603, 'JAJUAR WEST', 1, 4, 23, 289, NULL, NULL, NULL),
(4604, 'KATAI', 1, 4, 23, 289, NULL, NULL, NULL),
(4605, 'KATRA', 1, 4, 23, 289, NULL, NULL, NULL),
(4606, 'KHANGURA DIH', 1, 4, 23, 289, NULL, NULL, NULL),
(4607, 'LAKHANPUR', 1, 4, 23, 289, NULL, NULL, NULL),
(4608, 'MADHEPURA', 1, 4, 23, 289, NULL, NULL, NULL),
(4609, 'NAGWARA', 1, 4, 23, 289, NULL, NULL, NULL),
(4610, 'PAHSAUL', 1, 4, 23, 289, NULL, NULL, NULL),
(4611, 'SHIVDASPUR', 1, 4, 23, 289, NULL, NULL, NULL),
(4612, 'SONPUR', 1, 4, 23, 289, NULL, NULL, NULL),
(4613, 'TEHWARA', 1, 4, 23, 289, NULL, NULL, NULL),
(4614, 'AKHTEYARPUR PARAIYA', 1, 4, 23, 290, NULL, NULL, NULL),
(4615, 'AMRAK', 1, 4, 23, 290, NULL, NULL, NULL),
(4616, 'BALAURDIH', 1, 4, 23, 290, NULL, NULL, NULL),
(4617, 'BANGRA BANSIDHAR', 1, 4, 23, 290, NULL, NULL, NULL),
(4618, 'BASAULI', 1, 4, 23, 290, NULL, NULL, NULL),
(4619, 'CHADHUA', 1, 4, 23, 290, NULL, NULL, NULL),
(4620, 'CHAINPUR WAJID', 1, 4, 23, 290, NULL, NULL, NULL),
(4621, 'CHAKIYA', 1, 4, 23, 290, NULL, NULL, NULL),
(4622, 'CHANDRA HATTI', 1, 4, 23, 290, NULL, NULL, NULL),
(4623, 'CHHAJAN HARISHANKAR EAST', 1, 4, 23, 290, NULL, NULL, NULL),
(4624, 'CHHAJAN HARISHANKAR WEST', 1, 4, 23, 290, NULL, NULL, NULL),
(4625, 'CHHITRAULI', 1, 4, 23, 290, NULL, NULL, NULL),
(4626, 'DARIYAPUR KAFEN', 1, 4, 23, 290, NULL, NULL, NULL),
(4627, 'DUBIYAHIN', 1, 4, 23, 290, NULL, NULL, NULL),
(4628, 'FAKULI', 1, 4, 23, 290, NULL, NULL, NULL),
(4629, 'HARISHANKAR MANIYARI', 1, 4, 23, 290, NULL, NULL, NULL),
(4630, 'HARPUR BALRA', 1, 4, 23, 290, NULL, NULL, NULL),
(4631, 'JAGARNATHPUR', 1, 4, 23, 290, NULL, NULL, NULL),
(4632, 'JAMAHARUA', 1, 4, 23, 290, NULL, NULL, NULL),
(4633, 'KERMADIH', 1, 4, 23, 290, NULL, NULL, NULL),
(4634, 'KHAROUNADIH', 1, 4, 23, 290, NULL, NULL, NULL),
(4635, 'KINAROO', 1, 4, 23, 290, NULL, NULL, NULL),
(4636, 'KISHUNPUR BALAUR', 1, 4, 23, 290, NULL, NULL, NULL),
(4637, 'KISHUNPUR MADHUBAN', 1, 4, 23, 290, NULL, NULL, NULL),
(4638, 'KISHUNPUR MOHINI', 1, 4, 23, 290, NULL, NULL, NULL),
(4639, 'KURHANNI', 1, 4, 23, 290, NULL, NULL, NULL),
(4640, 'LADAURA', 1, 4, 23, 290, NULL, NULL, NULL),
(4641, 'MADHOPUR SUSTA', 1, 4, 23, 290, NULL, NULL, NULL),
(4642, 'MAHANT MANIYARI', 1, 4, 23, 290, NULL, NULL, NULL),
(4643, 'MAHMADPUR MOBARAK', 1, 4, 23, 290, NULL, NULL, NULL),
(4644, 'PAKAHIN', 1, 4, 23, 290, NULL, NULL, NULL),
(4645, 'RAGHUNATHPUR MADHUBAN', 1, 4, 23, 290, NULL, NULL, NULL),
(4646, 'RAJLA', 1, 4, 23, 290, NULL, NULL, NULL),
(4647, 'RATNAULI', 1, 4, 23, 290, NULL, NULL, NULL),
(4648, 'SAHPUR MARICHA', 1, 4, 23, 290, NULL, NULL, NULL),
(4649, 'SAKRI SARAIYA', 1, 4, 23, 290, NULL, NULL, NULL),
(4650, 'SONWARSA', 1, 4, 23, 290, NULL, NULL, NULL),
(4651, 'SUMERA', 1, 4, 23, 290, NULL, NULL, NULL),
(4652, 'TURKI', 1, 4, 23, 290, NULL, NULL, NULL),
(4653, 'BARKAGAON NORTH', 1, 4, 23, 291, NULL, NULL, NULL),
(4654, 'BARKAGAON SOUTH', 1, 4, 23, 291, NULL, NULL, NULL),
(4655, 'BHATAUNA', 1, 4, 23, 291, NULL, NULL, NULL),
(4656, 'GAVASARA', 1, 4, 23, 291, NULL, NULL, NULL),
(4657, 'JHAKHDASHEKH', 1, 4, 23, 291, NULL, NULL, NULL),
(4658, 'JIYAN KHURD', 1, 4, 23, 291, NULL, NULL, NULL),
(4659, 'KARZADIH', 1, 4, 23, 291, NULL, NULL, NULL),
(4660, 'MAKDUMPUR KODARIYA NORTH', 1, 4, 23, 291, NULL, NULL, NULL),
(4661, 'MOHAMMADPUR KHAJE', 1, 4, 23, 291, NULL, NULL, NULL),
(4662, 'MOHAMMADPUR SUBEY', 1, 4, 23, 291, NULL, NULL, NULL),
(4663, 'PAKRIPOKOHI', 1, 4, 23, 291, NULL, NULL, NULL),
(4664, 'RAKSA', 1, 4, 23, 291, NULL, NULL, NULL),
(4665, 'ROOPWARA', 1, 4, 23, 291, NULL, NULL, NULL),
(4666, 'SUBHANKARPUR', 1, 4, 23, 291, NULL, NULL, NULL),
(4667, 'ALINEURA', 1, 4, 23, 292, NULL, NULL, NULL),
(4668, 'BADA BHARTI', 1, 4, 23, 292, NULL, NULL, NULL),
(4669, 'BELAHI LACHCHHI', 1, 4, 23, 292, NULL, NULL, NULL),
(4670, 'CHANDPARNA', 1, 4, 23, 292, NULL, NULL, NULL),
(4671, 'CHATURSI', 1, 4, 23, 292, NULL, NULL, NULL),
(4672, 'DHARAMPUR', 1, 4, 23, 292, NULL, NULL, NULL),
(4673, 'GHOSAUT', 1, 4, 23, 292, NULL, NULL, NULL),
(4674, 'GORIGAMA', 1, 4, 23, 292, NULL, NULL, NULL),
(4675, 'HARKAMANSAHI', 1, 4, 23, 292, NULL, NULL, NULL),
(4676, 'HARSER', 1, 4, 23, 292, NULL, NULL, NULL),
(4677, 'JAMIN MATHIYA', 1, 4, 23, 292, NULL, NULL, NULL),
(4678, 'KOILI', 1, 4, 23, 292, NULL, NULL, NULL),
(4679, 'MADARIPUR KARN', 1, 4, 23, 292, NULL, NULL, NULL),
(4680, 'MAHDAIYA', 1, 4, 23, 292, NULL, NULL, NULL),
(4681, 'MAJHAULIYA', 1, 4, 23, 292, NULL, NULL, NULL),
(4682, 'MAKSUDPUR', 1, 4, 23, 292, NULL, NULL, NULL),
(4683, 'MANIKPUR', 1, 4, 23, 292, NULL, NULL, NULL),
(4684, 'MINAPUR', 1, 4, 23, 292, NULL, NULL, NULL),
(4685, 'NANDANA', 1, 4, 23, 292, NULL, NULL, NULL),
(4686, 'PAIGHAMBARPUR', 1, 4, 23, 292, NULL, NULL, NULL),
(4687, 'PANAPUR', 1, 4, 23, 292, NULL, NULL, NULL),
(4688, 'PIPRAHAN ASLI', 1, 4, 23, 292, NULL, NULL, NULL),
(4689, 'RAGHAI', 1, 4, 23, 292, NULL, NULL, NULL),
(4690, 'RAGHOPUR', 1, 4, 23, 292, NULL, NULL, NULL),
(4691, 'RANIKHAIRA URF BANUA', 1, 4, 23, 292, NULL, NULL, NULL),
(4692, 'TENGRARI', 1, 4, 23, 292, NULL, NULL, NULL),
(4693, 'TURKI EAST', 1, 4, 23, 292, NULL, NULL, NULL),
(4694, 'Turki West', 1, 4, 23, 292, NULL, NULL, NULL),
(4695, 'BANSGHAT', 1, 4, 23, 293, NULL, NULL, NULL),
(4696, 'BARHAMPUR KARMAN', 1, 4, 23, 293, NULL, NULL, NULL),
(4697, 'BARIYARPUR EAST', 1, 4, 23, 293, NULL, NULL, NULL),
(4698, 'BARIYARPUR NORTH', 1, 4, 23, 293, NULL, NULL, NULL),
(4699, 'BARIYARPUR SOUTH', 1, 4, 23, 293, NULL, NULL, NULL),
(4700, 'BARIYARPUR WEST', 1, 4, 23, 293, NULL, NULL, NULL),
(4701, 'BARJI', 1, 4, 23, 293, NULL, NULL, NULL),
(4702, 'BARURAJ EAST', 1, 4, 23, 293, NULL, NULL, NULL),
(4703, 'BARURAJ WEST', 1, 4, 23, 293, NULL, NULL, NULL),
(4704, 'FATEHAN', 1, 4, 23, 293, NULL, NULL, NULL),
(4705, 'HARDI', 1, 4, 23, 293, NULL, NULL, NULL),
(4706, 'HARNAHI', 1, 4, 23, 293, NULL, NULL, NULL),
(4707, 'HARPUR', 1, 4, 23, 293, NULL, NULL, NULL),
(4708, 'IBRAHIMPUR', 1, 4, 23, 293, NULL, NULL, NULL),
(4709, 'JAHANGIRPUR', 1, 4, 23, 293, NULL, NULL, NULL),
(4710, 'JASAULI', 1, 4, 23, 293, NULL, NULL, NULL),
(4711, 'JATAULIYA', 1, 4, 23, 293, NULL, NULL, NULL),
(4712, 'KALYANPUR HARAUNA', 1, 4, 23, 293, NULL, NULL, NULL),
(4713, 'KAMALPUR BITHRAUL', 1, 4, 23, 293, NULL, NULL, NULL),
(4714, 'KORIGAMA', 1, 4, 23, 293, NULL, NULL, NULL),
(4715, 'MAHIMAGOPINATH PUR', 1, 4, 23, 293, NULL, NULL, NULL),
(4716, 'MANGURAHAN TAJPUR', 1, 4, 23, 293, NULL, NULL, NULL),
(4717, 'MOHAMMADPUR BALMI', 1, 4, 23, 293, NULL, NULL, NULL),
(4718, 'MOHAMMADPUR MAHAMDA', 1, 4, 23, 293, NULL, NULL, NULL),
(4719, 'MORSANDI', 1, 4, 23, 293, NULL, NULL, NULL),
(4720, 'NARIYAR', 1, 4, 23, 293, NULL, NULL, NULL),
(4721, 'PAGHAHIYAN', 1, 4, 23, 293, NULL, NULL, NULL),
(4722, 'PAKRI', 1, 4, 23, 293, NULL, NULL, NULL),
(4723, 'PARSAUNINATH', 1, 4, 23, 293, NULL, NULL, NULL),
(4724, 'PATTI ASWARI', 1, 4, 23, 293, NULL, NULL, NULL),
(4725, 'RAMPUR BHERIYAHIN', 1, 4, 23, 293, NULL, NULL, NULL),
(4726, 'THIKAHAN', 1, 4, 23, 293, NULL, NULL, NULL),
(4727, 'BIDHYAJHAP', 1, 4, 23, 294, NULL, NULL, NULL),
(4728, 'BISHUNPUR BAKHRI', 1, 4, 23, 294, NULL, NULL, NULL),
(4729, 'BISHUNPUR SRIRAM', 1, 4, 23, 294, NULL, NULL, NULL),
(4730, 'HARSINGHPUR LAUTAN', 1, 4, 23, 294, NULL, NULL, NULL),
(4731, 'ITAHAN RASULNAGAR', 1, 4, 23, 294, NULL, NULL, NULL),
(4732, 'MAHMAMDPUR BADAL', 1, 4, 23, 294, NULL, NULL, NULL),
(4733, 'MIRAPUR', 1, 4, 23, 294, NULL, NULL, NULL),
(4734, 'PILKHI GAJPATTI', 1, 4, 23, 294, NULL, NULL, NULL),
(4735, 'SADIKPUR MURAUL', 1, 4, 23, 294, NULL, NULL, NULL),
(4736, 'ABDUL NAGAR URF MADHOPUR', 1, 4, 23, 295, NULL, NULL, NULL),
(4737, 'BAIKATPUR', 1, 4, 23, 295, NULL, NULL, NULL),
(4738, 'BARAJAGANNATH', 1, 4, 23, 295, NULL, NULL, NULL),
(4739, 'BHAGWANPUR', 1, 4, 23, 295, NULL, NULL, NULL),
(4740, 'BHIKHANPUR', 1, 4, 23, 295, NULL, NULL, NULL),
(4741, 'CHHAPRA MEGH', 1, 4, 23, 295, NULL, NULL, NULL),
(4742, 'DUMRI', 1, 4, 23, 295, NULL, NULL, NULL),
(4743, 'JAMALBAD', 1, 4, 23, 295, NULL, NULL, NULL),
(4744, 'JHAPAHAN', 1, 4, 23, 295, NULL, NULL, NULL),
(4745, 'KANHAULI VISHNUDUT', 1, 4, 23, 295, NULL, NULL, NULL),
(4746, 'KHABRA', 1, 4, 23, 295, NULL, NULL, NULL),
(4747, 'MADHUBANI', 1, 4, 23, 295, NULL, NULL, NULL),
(4748, 'MAJHAULI KHETAL', 1, 4, 23, 295, NULL, NULL, NULL),
(4749, 'MANIKA HARIKESH', 1, 4, 23, 295, NULL, NULL, NULL),
(4750, 'MANIKA VISHNUDUT CHAND', 1, 4, 23, 295, NULL, NULL, NULL),
(4751, 'MUSHAHARI RADHA NAGAR', 1, 4, 23, 295, NULL, NULL, NULL),
(4752, 'NARAULI', 1, 4, 23, 295, NULL, NULL, NULL),
(4753, 'PATAHIN', 1, 4, 23, 295, NULL, NULL, NULL),
(4754, 'PRAHLADPUR', 1, 4, 23, 295, NULL, NULL, NULL),
(4755, 'RAJWARA BHAGWAN', 1, 4, 23, 295, NULL, NULL, NULL),
(4756, 'ROHUA', 1, 4, 23, 295, NULL, NULL, NULL),
(4757, 'SAHBAZPUR', 1, 4, 23, 295, NULL, NULL, NULL),
(4758, 'SHEKHPUR', 1, 4, 23, 295, NULL, NULL, NULL),
(4759, 'SHERPUR', 1, 4, 23, 295, NULL, NULL, NULL),
(4760, 'SUSTA', 1, 4, 23, 295, NULL, NULL, NULL),
(4761, 'TAROURA', 1, 4, 23, 295, NULL, NULL, NULL),
(4762, 'ANADPUR KHARAUNI', 1, 4, 23, 296, NULL, NULL, NULL),
(4763, 'BAHDINPUR', 1, 4, 23, 296, NULL, NULL, NULL),
(4764, 'BAIJALPUR', 1, 4, 23, 296, NULL, NULL, NULL),
(4765, 'BAJITPUR', 1, 4, 23, 296, NULL, NULL, NULL),
(4766, 'BHAGWANPUR SIMRA', 1, 4, 23, 296, NULL, NULL, NULL),
(4767, 'BISHUNPUR SARAIYA', 1, 4, 23, 296, NULL, NULL, NULL),
(4768, 'CHAKKI SUHAGPUR', 1, 4, 23, 296, NULL, NULL, NULL),
(4769, 'CHANDKEWARI', 1, 4, 23, 296, NULL, NULL, NULL),
(4770, 'CHINTAMANPUR', 1, 4, 23, 296, NULL, NULL, NULL),
(4771, 'CHOCHAHIN CHHAPRA', 1, 4, 23, 296, NULL, NULL, NULL),
(4772, 'DEWARIYA EAST', 1, 4, 23, 296, NULL, NULL, NULL),
(4773, 'DEWARIYA WEST', 1, 4, 23, 296, NULL, NULL, NULL),
(4774, 'DHARFARI', 1, 4, 23, 296, NULL, NULL, NULL),
(4775, 'FATEHABAD', 1, 4, 23, 296, NULL, NULL, NULL),
(4776, 'GAYASPUR', 1, 4, 23, 296, NULL, NULL, NULL),
(4777, 'JAFARPUR', 1, 4, 23, 296, NULL, NULL, NULL),
(4778, 'JAGDISHPUR BAYA', 1, 4, 23, 296, NULL, NULL, NULL),
(4779, 'JAIMAL DUMRI', 1, 4, 23, 296, NULL, NULL, NULL),
(4780, 'KAMALPURA', 1, 4, 23, 296, NULL, NULL, NULL),
(4781, 'KATARU', 1, 4, 23, 296, NULL, NULL, NULL),
(4782, 'KHUTAHIN', 1, 4, 23, 296, NULL, NULL, NULL),
(4783, 'KORIYA NIZAMAT', 1, 4, 23, 296, NULL, NULL, NULL),
(4784, 'LALOO CHHAPRA', 1, 4, 23, 296, NULL, NULL, NULL),
(4785, 'MANGURAHIYAN', 1, 4, 23, 296, NULL, NULL, NULL),
(4786, 'MOHABBATPUR', 1, 4, 23, 296, NULL, NULL, NULL),
(4787, 'MOHJAMMA', 1, 4, 23, 296, NULL, NULL, NULL),
(4788, 'NEKNAMPUR', 1, 4, 23, 296, NULL, NULL, NULL),
(4789, 'PANDEH', 1, 4, 23, 296, NULL, NULL, NULL),
(4790, 'PAROO NORTH', 1, 4, 23, 296, NULL, NULL, NULL),
(4791, 'PAROO SOUTH', 1, 4, 23, 296, NULL, NULL, NULL),
(4792, 'RAGHUNATHPUR', 1, 4, 23, 296, NULL, NULL, NULL),
(4793, 'RAMPUR KESHO ALIS MALAHI', 1, 4, 23, 296, NULL, NULL, NULL),
(4794, 'SARAIYA', 1, 4, 23, 296, NULL, NULL, NULL),
(4795, 'USTI', 1, 4, 23, 296, NULL, NULL, NULL),
(4796, 'AHIYAPUR', 1, 4, 23, 297, NULL, NULL, NULL),
(4797, 'BAIDHYANATHPUR', 1, 4, 23, 297, NULL, NULL, NULL),
(4798, 'BANGRA NIZAMAT', 1, 4, 23, 297, NULL, NULL, NULL),
(4799, 'BASANTPUR CHAINPUR', 1, 4, 23, 297, NULL, NULL, NULL),
(4800, 'BASUDEOPUR SARAI', 1, 4, 23, 297, NULL, NULL, NULL),
(4801, 'BISHUNPUR KALYAN', 1, 4, 23, 297, NULL, NULL, NULL),
(4802, 'BISHUNPUR PATTI', 1, 4, 23, 297, NULL, NULL, NULL),
(4803, 'GAURA', 1, 4, 23, 297, NULL, NULL, NULL),
(4804, 'GULAB PATTI', 1, 4, 23, 297, NULL, NULL, NULL),
(4805, 'HALIMPUR', 1, 4, 23, 297, NULL, NULL, NULL),
(4806, 'HUSSEPUR', 1, 4, 23, 297, NULL, NULL, NULL),
(4807, 'HUSSEPUR RATTI', 1, 4, 23, 297, NULL, NULL, NULL),
(4808, 'JAGDISHPUR', 1, 4, 23, 297, NULL, NULL, NULL),
(4809, 'MADHOPUR HAZARI', 1, 4, 23, 297, NULL, NULL, NULL),
(4810, 'NAWANAGAR NIZAMAT', 1, 4, 23, 297, NULL, NULL, NULL),
(4811, 'PAHARPUR MANORATH', 1, 4, 23, 297, NULL, NULL, NULL),
(4812, 'PAKRI BASARAT', 1, 4, 23, 297, NULL, NULL, NULL),
(4813, 'PARSAUNI RAISI', 1, 4, 23, 297, NULL, NULL, NULL),
(4814, 'PRATAP PATTI', 1, 4, 23, 297, NULL, NULL, NULL),
(4815, 'RAJEPUR', 1, 4, 23, 297, NULL, NULL, NULL),
(4816, 'RAMPUR ASLI', 1, 4, 23, 297, NULL, NULL, NULL),
(4817, 'ROOP CHHAPRA', 1, 4, 23, 297, NULL, NULL, NULL),
(4818, 'SARAIYA', 1, 4, 23, 297, NULL, NULL, NULL),
(4819, 'BAJIBUJURG', 1, 4, 23, 298, NULL, NULL, NULL),
(4820, 'BARIYARPUR', 1, 4, 23, 298, NULL, NULL, NULL),
(4821, 'BERUADIH', 1, 4, 23, 298, NULL, NULL, NULL),
(4822, 'BHARTHIPUR', 1, 4, 23, 298, NULL, NULL, NULL),
(4823, 'BISHUNPUR BAGHNAGRI', 1, 4, 23, 298, NULL, NULL, NULL),
(4824, 'CHANDANPATTI', 1, 4, 23, 298, NULL, NULL, NULL),
(4825, 'DIHULI ISHAQUE', 1, 4, 23, 298, NULL, NULL, NULL),
(4826, 'DUBHAN BUJURG', 1, 4, 23, 298, NULL, NULL, NULL),
(4827, 'FARIDPUR SAKRA', 1, 4, 23, 298, NULL, NULL, NULL),
(4828, 'GANNIPUR BEJHA', 1, 4, 23, 298, NULL, NULL, NULL),
(4829, 'GAURIHAR KHALIKNAGAR', 1, 4, 23, 298, NULL, NULL, NULL),
(4830, 'HARLOCHANPUR', 1, 4, 23, 298, NULL, NULL, NULL),
(4831, 'JAGDISHPUR BAGHNAGRI', 1, 4, 23, 298, NULL, NULL, NULL),
(4832, 'KATESAR', 1, 4, 23, 298, NULL, NULL, NULL),
(4833, 'KESHOPUR', 1, 4, 23, 298, NULL, NULL, NULL),
(4834, 'MACHAHIN', 1, 4, 23, 298, NULL, NULL, NULL),
(4835, 'MAJHAULIYA', 1, 4, 23, 298, NULL, NULL, NULL),
(4836, 'MARWAN URF AZIZ NAGAR', 1, 4, 23, 298, NULL, NULL, NULL),
(4837, 'MISHRAULIYA', 1, 4, 23, 298, NULL, NULL, NULL),
(4838, 'PAIGHAMBARPUR', 1, 4, 23, 298, NULL, NULL, NULL),
(4839, 'RAGHUNATHPUR DONMA', 1, 4, 23, 298, NULL, NULL, NULL),
(4840, 'RAJAPAKAR', 1, 4, 23, 298, NULL, NULL, NULL),
(4841, 'RAMPUR KRISHN', 1, 4, 23, 298, NULL, NULL, NULL),
(4842, 'RAMPUR MANI', 1, 4, 23, 298, NULL, NULL, NULL),
(4843, 'ROPAN PATTI MATHURA', 1, 4, 23, 298, NULL, NULL, NULL),
(4844, 'SAKRA WAJID', 1, 4, 23, 298, NULL, NULL, NULL),
(4845, 'SARMASTPUR', 1, 4, 23, 298, NULL, NULL, NULL),
(4846, 'SIRAJABAD', 1, 4, 23, 298, NULL, NULL, NULL),
(4847, 'AMAITHA', 1, 4, 23, 299, NULL, NULL, NULL),
(4848, 'AMWARA TEJSINGH', 1, 4, 23, 299, NULL, NULL, NULL),
(4849, 'BAHILWARA GOVIND', 1, 4, 23, 299, NULL, NULL, NULL),
(4850, 'BAHILWARA ROOPNATH South', 1, 4, 23, 299, NULL, NULL, NULL),
(4851, 'BAHILWARAROOPNATH North', 1, 4, 23, 299, NULL, NULL, NULL),
(4852, 'BAKHRA', 1, 4, 23, 299, NULL, NULL, NULL),
(4853, 'BASAITHA', 1, 4, 23, 299, NULL, NULL, NULL),
(4854, 'BERUA', 1, 4, 23, 299, NULL, NULL, NULL),
(4855, 'CHAK IBRAHIM', 1, 4, 23, 299, NULL, NULL, NULL),
(4856, 'CHAKNA', 1, 4, 23, 299, NULL, NULL, NULL),
(4857, 'DATAPUR PACHBHIRWA', 1, 4, 23, 299, NULL, NULL, NULL),
(4858, 'GIJAS', 1, 4, 23, 299, NULL, NULL, NULL),
(4859, 'GOPIDHANWAT', 1, 4, 23, 299, NULL, NULL, NULL),
(4860, 'GOPINATHPUR DOKRA', 1, 4, 23, 299, NULL, NULL, NULL),
(4861, 'GORIGAMADIH', 1, 4, 23, 299, NULL, NULL, NULL),
(4862, 'KHAIRA', 1, 4, 23, 299, NULL, NULL, NULL);
INSERT INTO `villages` (`id`, `name`, `country_id`, `state_id`, `district_id`, `block_id`, `created_at`, `updated_at`, `deleted_at`) VALUES
(4863, 'KOLHUA', 1, 4, 23, 299, NULL, NULL, NULL),
(4864, 'MADHAUL', 1, 4, 23, 299, NULL, NULL, NULL),
(4865, 'MANIKPUR', 1, 4, 23, 299, NULL, NULL, NULL),
(4866, 'MARWA PAKAR', 1, 4, 23, 299, NULL, NULL, NULL),
(4867, 'NARANGI JIWNATH', 1, 4, 23, 299, NULL, NULL, NULL),
(4868, 'POKHRAIRA', 1, 4, 23, 299, NULL, NULL, NULL),
(4869, 'RAJARAMPUR', 1, 4, 23, 299, NULL, NULL, NULL),
(4870, 'RAM KRISHN DUBIYAHIN', 1, 4, 23, 299, NULL, NULL, NULL),
(4871, 'REPURA RAMPUR BALLI', 1, 4, 23, 299, NULL, NULL, NULL),
(4872, 'REPURA RAMPUR VISHNATH', 1, 4, 23, 299, NULL, NULL, NULL),
(4873, 'REWA BASANTPUR NORTH', 1, 4, 23, 299, NULL, NULL, NULL),
(4874, 'REWA BASANTPUR SOUTH', 1, 4, 23, 299, NULL, NULL, NULL),
(4875, 'RUPAULI', 1, 4, 23, 299, NULL, NULL, NULL),
(4876, 'SARAIYA', 1, 4, 23, 299, NULL, NULL, NULL),
(4877, 'AKAUNA', 1, 4, 24, 300, NULL, NULL, NULL),
(4878, 'ARAWAN', 1, 4, 24, 300, NULL, NULL, NULL),
(4879, 'AUT', 1, 4, 24, 300, NULL, NULL, NULL),
(4880, 'BARA', 1, 4, 24, 300, NULL, NULL, NULL),
(4881, 'BEN', 1, 4, 24, 300, NULL, NULL, NULL),
(4882, 'EKSARA', 1, 4, 24, 300, NULL, NULL, NULL),
(4883, 'KHAIRA', 1, 4, 24, 300, NULL, NULL, NULL),
(4884, 'MAIJARA', 1, 4, 24, 300, NULL, NULL, NULL),
(4885, 'NOHSA', 1, 4, 24, 300, NULL, NULL, NULL),
(4886, 'JAHANA', 1, 4, 24, 301, NULL, NULL, NULL),
(4887, 'JAMSARI', 1, 4, 24, 301, NULL, NULL, NULL),
(4888, 'KATHRAHI', 1, 4, 24, 301, NULL, NULL, NULL),
(4889, 'LODIPUR', 1, 4, 24, 301, NULL, NULL, NULL),
(4890, 'TAJNIPUR', 1, 4, 24, 301, NULL, NULL, NULL),
(4891, 'UTARTHU', 1, 4, 24, 301, NULL, NULL, NULL),
(4892, 'BIND', 1, 4, 24, 301, NULL, NULL, NULL),
(4893, 'ARAUT', 1, 4, 24, 302, NULL, NULL, NULL),
(4894, 'BARONA', 1, 4, 24, 302, NULL, NULL, NULL),
(4895, 'BELCHI', 1, 4, 24, 302, NULL, NULL, NULL),
(4896, 'BHAGWANPUR', 1, 4, 24, 302, NULL, NULL, NULL),
(4897, 'CHANDI', 1, 4, 24, 302, NULL, NULL, NULL),
(4898, 'GANGAURA', 1, 4, 24, 302, NULL, NULL, NULL),
(4899, 'HASANI', 1, 4, 24, 302, NULL, NULL, NULL),
(4900, 'MADHOPUR', 1, 4, 24, 302, NULL, NULL, NULL),
(4901, 'MAHKAR', 1, 4, 24, 302, NULL, NULL, NULL),
(4902, 'NARSANDA', 1, 4, 24, 302, NULL, NULL, NULL),
(4903, 'RAKHAI', 1, 4, 24, 302, NULL, NULL, NULL),
(4904, 'SALEPUR', 1, 4, 24, 302, NULL, NULL, NULL),
(4905, 'SARTHA', 1, 4, 24, 302, NULL, NULL, NULL),
(4906, 'SIRNAWAN', 1, 4, 24, 302, NULL, NULL, NULL),
(4907, 'TULSI', 1, 4, 24, 302, NULL, NULL, NULL),
(4908, 'ADAMPUR', 1, 4, 24, 303, NULL, NULL, NULL),
(4909, 'CHORSUA', 1, 4, 24, 303, NULL, NULL, NULL),
(4910, 'DURGAPUR', 1, 4, 24, 303, NULL, NULL, NULL),
(4911, 'GAJIPUR', 1, 4, 24, 303, NULL, NULL, NULL),
(4912, 'GHOSRAWAN', 1, 4, 24, 303, NULL, NULL, NULL),
(4913, 'GIRIYAK', 1, 4, 24, 303, NULL, NULL, NULL),
(4914, 'PEYAREPUR', 1, 4, 24, 303, NULL, NULL, NULL),
(4915, 'POKHARPUR', 1, 4, 24, 303, NULL, NULL, NULL),
(4916, 'PURAINI', 1, 4, 24, 303, NULL, NULL, NULL),
(4917, 'RAITAR', 1, 4, 24, 303, NULL, NULL, NULL),
(4918, 'BERTHU', 1, 4, 24, 304, NULL, NULL, NULL),
(4919, 'DIYAWAN', 1, 4, 24, 304, NULL, NULL, NULL),
(4920, 'GONDUBIGHA', 1, 4, 24, 304, NULL, NULL, NULL),
(4921, 'KARAIPARSURAI', 1, 4, 24, 304, NULL, NULL, NULL),
(4922, 'MAKHDUMPUR', 1, 4, 24, 304, NULL, NULL, NULL),
(4923, 'MAKRAUTA', 1, 4, 24, 304, NULL, NULL, NULL),
(4924, 'SANDH', 1, 4, 24, 304, NULL, NULL, NULL),
(4925, 'AIPARSURAI Total', 1, 4, 24, 304, NULL, NULL, NULL),
(4926, 'KATAUNA', 1, 4, 24, 305, NULL, NULL, NULL),
(4927, 'BILARI', 1, 4, 24, 305, NULL, NULL, NULL),
(4928, 'DARVESHPURA', 1, 4, 24, 305, NULL, NULL, NULL),
(4929, 'KATRI', 1, 4, 24, 305, NULL, NULL, NULL),
(4930, 'MAIRA BARITH', 1, 4, 24, 305, NULL, NULL, NULL),
(4931, 'ARIYAWAN', 1, 4, 24, 306, NULL, NULL, NULL),
(4932, 'BHUTHAKHAR', 1, 4, 24, 306, NULL, NULL, NULL),
(4933, 'DAMODARPUR BALDHA', 1, 4, 24, 306, NULL, NULL, NULL),
(4934, 'KACHIYAWAN', 1, 4, 24, 306, NULL, NULL, NULL),
(4935, 'KAILA', 1, 4, 24, 306, NULL, NULL, NULL),
(4936, 'KHAJURA', 1, 4, 24, 306, NULL, NULL, NULL),
(4937, 'NAGARNAUSA', 1, 4, 24, 306, NULL, NULL, NULL),
(4938, 'RAMPUR', 1, 4, 24, 306, NULL, NULL, NULL),
(4939, 'GORAYPUR', 1, 4, 24, 306, NULL, NULL, NULL),
(4940, 'ALAWAN', 1, 4, 24, 307, NULL, NULL, NULL),
(4941, 'CHAUSANDA', 1, 4, 24, 307, NULL, NULL, NULL),
(4942, 'MAI', 1, 4, 24, 307, NULL, NULL, NULL),
(4943, 'PILLICH', 1, 4, 24, 307, NULL, NULL, NULL),
(4944, 'SHANKARDIH', 1, 4, 24, 307, NULL, NULL, NULL),
(4945, 'SHIVNAGAR', 1, 4, 24, 307, NULL, NULL, NULL),
(4946, 'BARNAUSA', 1, 4, 24, 308, NULL, NULL, NULL),
(4947, 'BHUI', 1, 4, 24, 308, NULL, NULL, NULL),
(4948, 'GORAUR', 1, 4, 24, 308, NULL, NULL, NULL),
(4949, 'LODIPUR', 1, 4, 24, 308, NULL, NULL, NULL),
(4950, 'MEYAR', 1, 4, 24, 308, NULL, NULL, NULL),
(4951, 'NAHUB', 1, 4, 24, 308, NULL, NULL, NULL),
(4952, 'NAI POKHAR', 1, 4, 24, 308, NULL, NULL, NULL),
(4953, 'PATHRUARA', 1, 4, 24, 308, NULL, NULL, NULL),
(4954, 'PILKHI', 1, 4, 24, 308, NULL, NULL, NULL),
(4955, 'BARGAON', 1, 4, 24, 309, NULL, NULL, NULL),
(4956, 'GORWA', 1, 4, 24, 309, NULL, NULL, NULL),
(4957, 'KUL FATEHPUR', 1, 4, 24, 309, NULL, NULL, NULL),
(4958, 'MAHURI', 1, 4, 24, 309, NULL, NULL, NULL),
(4959, 'NIRPUR', 1, 4, 24, 309, NULL, NULL, NULL),
(4960, 'SABAIT', 1, 4, 24, 309, NULL, NULL, NULL),
(4961, 'SURAJPUR', 1, 4, 24, 309, NULL, NULL, NULL),
(4962, 'BARAKAR', 1, 4, 24, 309, NULL, NULL, NULL),
(4963, 'DHARHARA', 1, 4, 24, 309, NULL, NULL, NULL),
(4964, 'GHOSTAWAN', 1, 4, 24, 309, NULL, NULL, NULL),
(4965, 'GORMA', 1, 4, 24, 309, NULL, NULL, NULL),
(4966, 'KARIYANA', 1, 4, 24, 309, NULL, NULL, NULL),
(4967, 'NANAND', 1, 4, 24, 309, NULL, NULL, NULL),
(4968, 'PAWADIH', 1, 4, 24, 309, NULL, NULL, NULL),
(4969, 'AMERA', 1, 4, 24, 310, NULL, NULL, NULL),
(4970, 'ASTA', 1, 4, 24, 310, NULL, NULL, NULL),
(4971, 'CHARIYARI', 1, 4, 24, 310, NULL, NULL, NULL),
(4972, 'JAITIPUR', 1, 4, 24, 310, NULL, NULL, NULL),
(4973, 'KACHHARIA', 1, 4, 24, 310, NULL, NULL, NULL),
(4974, 'NARAYANPUR', 1, 4, 24, 310, NULL, NULL, NULL),
(4975, 'THARTHARI', 1, 4, 24, 310, NULL, NULL, NULL),
(4976, 'AMAWAN', 1, 4, 24, 311, NULL, NULL, NULL),
(4977, 'ANDI', 1, 4, 24, 311, NULL, NULL, NULL),
(4978, 'ASTHAWAN PANCH.', 1, 4, 24, 311, NULL, NULL, NULL),
(4979, 'DUMRAWAN', 1, 4, 24, 311, NULL, NULL, NULL),
(4980, 'GILANI', 1, 4, 24, 311, NULL, NULL, NULL),
(4981, 'JANA', 1, 4, 24, 311, NULL, NULL, NULL),
(4982, 'JIAR', 1, 4, 24, 311, NULL, NULL, NULL),
(4983, 'KAILA', 1, 4, 24, 311, NULL, NULL, NULL),
(4984, 'KATHARI', 1, 4, 24, 311, NULL, NULL, NULL),
(4985, 'MAHAMADPUR PANCH.', 1, 4, 24, 311, NULL, NULL, NULL),
(4986, 'MALTI', 1, 4, 24, 311, NULL, NULL, NULL),
(4987, 'NERUT', 1, 4, 24, 311, NULL, NULL, NULL),
(4988, 'NOAWAN', 1, 4, 24, 311, NULL, NULL, NULL),
(4989, 'OIYAB', 1, 4, 24, 311, NULL, NULL, NULL),
(4990, 'ONDA', 1, 4, 24, 311, NULL, NULL, NULL),
(4991, 'SARE', 1, 4, 24, 311, NULL, NULL, NULL),
(4992, 'UGAWAN', 1, 4, 24, 311, NULL, NULL, NULL),
(4993, 'KONAND', 1, 4, 24, 311, NULL, NULL, NULL),
(4994, 'BIYAVANI', 1, 4, 24, 312, NULL, NULL, NULL),
(4995, 'CHABILLAPUR', 1, 4, 24, 312, NULL, NULL, NULL),
(4996, 'DUMRAWAN', 1, 4, 24, 312, NULL, NULL, NULL),
(4997, 'HARGAWAN', 1, 4, 24, 312, NULL, NULL, NULL),
(4998, 'KORAI', 1, 4, 24, 312, NULL, NULL, NULL),
(4999, 'MAGHRA', 1, 4, 24, 312, NULL, NULL, NULL),
(5000, 'MAHANANDPUR NAKATPURA', 1, 4, 24, 312, NULL, NULL, NULL),
(5001, 'MEGHI NAGWAN', 1, 4, 24, 312, NULL, NULL, NULL),
(5002, 'MURAURA', 1, 4, 24, 312, NULL, NULL, NULL),
(5003, 'PACHAURI', 1, 4, 24, 312, NULL, NULL, NULL),
(5004, 'PALATPURA', 1, 4, 24, 312, NULL, NULL, NULL),
(5005, 'PAROHA', 1, 4, 24, 312, NULL, NULL, NULL),
(5006, 'PAWA', 1, 4, 24, 312, NULL, NULL, NULL),
(5007, 'RANABIGHA', 1, 4, 24, 312, NULL, NULL, NULL),
(5008, 'SAKRAUL', 1, 4, 24, 312, NULL, NULL, NULL),
(5009, 'SARBAHADI', 1, 4, 24, 312, NULL, NULL, NULL),
(5010, 'SINGTHU', 1, 4, 24, 312, NULL, NULL, NULL),
(5011, 'TETRAWAN', 1, 4, 24, 312, NULL, NULL, NULL),
(5012, 'TIURI', 1, 4, 24, 312, NULL, NULL, NULL),
(5013, 'TUNGI', 1, 4, 24, 312, NULL, NULL, NULL),
(5014, 'AMNARKHAS', 1, 4, 24, 313, NULL, NULL, NULL),
(5015, 'AUNGARI', 1, 4, 24, 313, NULL, NULL, NULL),
(5016, 'BADRABAD', 1, 4, 24, 313, NULL, NULL, NULL),
(5017, 'DANIYAWAN PENDAPUR', 1, 4, 24, 313, NULL, NULL, NULL),
(5018, 'DHOORGAON', 1, 4, 24, 313, NULL, NULL, NULL),
(5019, 'EKANGARDIH', 1, 4, 24, 313, NULL, NULL, NULL),
(5020, 'EKANGARSARAI', 1, 4, 24, 313, NULL, NULL, NULL),
(5021, 'GOMHAR', 1, 4, 24, 313, NULL, NULL, NULL),
(5022, 'GYASPUR', 1, 4, 24, 313, NULL, NULL, NULL),
(5023, 'KESOPUR', 1, 4, 24, 313, NULL, NULL, NULL),
(5024, 'KOSHIYAWAN', 1, 4, 24, 313, NULL, NULL, NULL),
(5025, 'MANDACHH', 1, 4, 24, 313, NULL, NULL, NULL),
(5026, 'NARAYANPUR', 1, 4, 24, 313, NULL, NULL, NULL),
(5027, 'OUP', 1, 4, 24, 313, NULL, NULL, NULL),
(5028, 'PARTHU', 1, 4, 24, 313, NULL, NULL, NULL),
(5029, 'SONIYAWAN', 1, 4, 24, 313, NULL, NULL, NULL),
(5030, 'TELHARA', 1, 4, 24, 313, NULL, NULL, NULL),
(5031, 'JAMUAWAN', 1, 4, 24, 313, NULL, NULL, NULL),
(5032, 'BARAH', 1, 4, 24, 314, NULL, NULL, NULL),
(5033, 'BASNIYAWAN', 1, 4, 24, 314, NULL, NULL, NULL),
(5034, 'BASTI', 1, 4, 24, 314, NULL, NULL, NULL),
(5035, 'CHAURIA', 1, 4, 24, 314, NULL, NULL, NULL),
(5036, 'CHERAN', 1, 4, 24, 314, NULL, NULL, NULL),
(5037, 'CHERO', 1, 4, 24, 314, NULL, NULL, NULL),
(5038, 'DIHRI', 1, 4, 24, 314, NULL, NULL, NULL),
(5039, 'GONAWAN', 1, 4, 24, 314, NULL, NULL, NULL),
(5040, 'KOLAWAN', 1, 4, 24, 314, NULL, NULL, NULL),
(5041, 'LOHARA', 1, 4, 24, 314, NULL, NULL, NULL),
(5042, 'NEHUSA', 1, 4, 24, 314, NULL, NULL, NULL),
(5043, 'PACHAURA', 1, 4, 24, 314, NULL, NULL, NULL),
(5044, 'PAKAR', 1, 4, 24, 314, NULL, NULL, NULL),
(5045, 'POARI', 1, 4, 24, 314, NULL, NULL, NULL),
(5046, 'SAVANHUYA', 1, 4, 24, 314, NULL, NULL, NULL),
(5047, 'SORADIH', 1, 4, 24, 314, NULL, NULL, NULL),
(5048, 'TELMAR', 1, 4, 24, 314, NULL, NULL, NULL),
(5049, 'AKBARPUR', 1, 4, 24, 315, NULL, NULL, NULL),
(5050, 'ARPA', 1, 4, 24, 315, NULL, NULL, NULL),
(5051, 'ASHARI', 1, 4, 24, 315, NULL, NULL, NULL),
(5052, 'BARA', 1, 4, 24, 315, NULL, NULL, NULL),
(5053, 'CHIKSAURA PANCHYAT', 1, 4, 24, 315, NULL, NULL, NULL),
(5054, 'INDAUT', 1, 4, 24, 315, NULL, NULL, NULL),
(5055, 'JUNIYAR', 1, 4, 24, 315, NULL, NULL, NULL),
(5056, 'KAMATA', 1, 4, 24, 315, NULL, NULL, NULL),
(5057, 'KAPSIYAWAN', 1, 4, 24, 315, NULL, NULL, NULL),
(5058, 'KAWA', 1, 4, 24, 315, NULL, NULL, NULL),
(5059, 'KORWA', 1, 4, 24, 315, NULL, NULL, NULL),
(5060, 'MIRJAPUR', 1, 4, 24, 315, NULL, NULL, NULL),
(5061, 'PUNA', 1, 4, 24, 315, NULL, NULL, NULL),
(5062, 'RENRI', 1, 4, 24, 315, NULL, NULL, NULL),
(5063, 'YOGIPUR', 1, 4, 24, 315, NULL, NULL, NULL),
(5064, 'ATMA', 1, 4, 24, 316, NULL, NULL, NULL),
(5065, 'BARDAHA', 1, 4, 24, 316, NULL, NULL, NULL),
(5066, 'BARDIH', 1, 4, 24, 316, NULL, NULL, NULL),
(5067, 'BAURIDIH', 1, 4, 24, 316, NULL, NULL, NULL),
(5068, 'BELE', 1, 4, 24, 316, NULL, NULL, NULL),
(5069, 'CHANDHARI', 1, 4, 24, 316, NULL, NULL, NULL),
(5070, 'Chochara', 1, 4, 24, 316, NULL, NULL, NULL),
(5071, 'DHEKWAHA', 1, 4, 24, 316, NULL, NULL, NULL),
(5072, 'DHOBDIHA', 1, 4, 24, 316, NULL, NULL, NULL),
(5073, 'ICHOS', 1, 4, 24, 316, NULL, NULL, NULL),
(5074, 'MAHMUDA', 1, 4, 24, 316, NULL, NULL, NULL),
(5075, 'MOHANCHAK', 1, 4, 24, 316, NULL, NULL, NULL),
(5076, 'PACHLOVA', 1, 4, 24, 316, NULL, NULL, NULL),
(5077, 'PANHAR', 1, 4, 24, 316, NULL, NULL, NULL),
(5078, 'RANIPUR', 1, 4, 24, 316, NULL, NULL, NULL),
(5079, 'SAKRI', 1, 4, 24, 316, NULL, NULL, NULL),
(5080, 'SANDA', 1, 4, 24, 316, NULL, NULL, NULL),
(5081, 'SUNRI', 1, 4, 24, 316, NULL, NULL, NULL),
(5082, 'BESWAK', 1, 4, 24, 316, NULL, NULL, NULL),
(5083, 'MOZAFARA', 1, 4, 24, 316, NULL, NULL, NULL),
(5084, 'AJAYPUR', 1, 4, 24, 317, NULL, NULL, NULL),
(5085, 'ANDHANA', 1, 4, 24, 317, NULL, NULL, NULL),
(5086, 'BARAKHURD', 1, 4, 24, 317, NULL, NULL, NULL),
(5087, 'BARARA', 1, 4, 24, 317, NULL, NULL, NULL),
(5088, 'CHANDASI', 1, 4, 24, 317, NULL, NULL, NULL),
(5089, 'CHARUIPAR', 1, 4, 24, 317, NULL, NULL, NULL),
(5090, 'DARUARA', 1, 4, 24, 317, NULL, NULL, NULL),
(5091, 'DOIYA', 1, 4, 24, 317, NULL, NULL, NULL),
(5092, 'JAGDISHPUR TIYARI', 1, 4, 24, 317, NULL, NULL, NULL),
(5093, 'MAMURABAD', 1, 4, 24, 317, NULL, NULL, NULL),
(5094, 'MEYAR', 1, 4, 24, 317, NULL, NULL, NULL),
(5095, 'MUZAFARA', 1, 4, 24, 317, NULL, NULL, NULL),
(5096, 'NADIYAUNA', 1, 4, 24, 317, NULL, NULL, NULL),
(5097, 'NIRPUR', 1, 4, 24, 317, NULL, NULL, NULL),
(5098, 'NOORSARAI', 1, 4, 24, 317, NULL, NULL, NULL),
(5099, 'PAPARNAUSA', 1, 4, 24, 317, NULL, NULL, NULL),
(5100, 'RASALPUR', 1, 4, 24, 317, NULL, NULL, NULL),
(5101, 'AMBA', 1, 4, 24, 318, NULL, NULL, NULL),
(5102, 'BARANDI', 1, 4, 24, 318, NULL, NULL, NULL),
(5103, 'DOSUT', 1, 4, 24, 318, NULL, NULL, NULL),
(5104, 'HAVANPURA', 1, 4, 24, 318, NULL, NULL, NULL),
(5105, 'IMAMGANJ', 1, 4, 24, 318, NULL, NULL, NULL),
(5106, 'ITASANG BHADWA', 1, 4, 24, 318, NULL, NULL, NULL),
(5107, 'MAI FARIDA', 1, 4, 24, 318, NULL, NULL, NULL),
(5108, 'MORATALAB', 1, 4, 24, 318, NULL, NULL, NULL),
(5109, 'PAITHANA', 1, 4, 24, 318, NULL, NULL, NULL),
(5110, 'PATASANG', 1, 4, 24, 318, NULL, NULL, NULL),
(5111, 'PESHAUR', 1, 4, 24, 318, NULL, NULL, NULL),
(5112, 'RAHUI', 1, 4, 24, 318, NULL, NULL, NULL),
(5113, 'SONSA', 1, 4, 24, 318, NULL, NULL, NULL),
(5114, 'SOSANDI', 1, 4, 24, 318, NULL, NULL, NULL),
(5115, 'SUPASANG', 1, 4, 24, 318, NULL, NULL, NULL),
(5116, 'UTARNAMA', 1, 4, 24, 318, NULL, NULL, NULL),
(5117, 'CHERO', 1, 4, 24, 319, NULL, NULL, NULL),
(5118, 'DHANUKI', 1, 4, 24, 319, NULL, NULL, NULL),
(5119, 'HUSAINA', 1, 4, 24, 319, NULL, NULL, NULL),
(5120, 'ISUA', 1, 4, 24, 319, NULL, NULL, NULL),
(5121, 'KENAR', 1, 4, 24, 319, NULL, NULL, NULL),
(5122, 'MALAWAN', 1, 4, 24, 319, NULL, NULL, NULL),
(5123, 'MIRNAGAR', 1, 4, 24, 319, NULL, NULL, NULL),
(5124, 'SARMERA', 1, 4, 24, 319, NULL, NULL, NULL),
(5125, 'SASAUR', 1, 4, 24, 319, NULL, NULL, NULL),
(5126, 'BAKSANDA', 1, 4, 25, 320, NULL, NULL, NULL),
(5127, 'BALIA BUJURGA', 1, 4, 25, 320, NULL, NULL, NULL),
(5128, 'BAREO', 1, 4, 25, 320, NULL, NULL, NULL),
(5129, 'BHANAIL LODIPUR', 1, 4, 25, 320, NULL, NULL, NULL),
(5130, 'BRAIL', 1, 4, 25, 320, NULL, NULL, NULL),
(5131, 'BUDHUA PNCHAYAT', 1, 4, 25, 320, NULL, NULL, NULL),
(5132, 'FARAHA', 1, 4, 25, 320, NULL, NULL, NULL),
(5133, 'FATEHPUR', 1, 4, 25, 320, NULL, NULL, NULL),
(5134, 'GOVIND BIGHA', 1, 4, 25, 320, NULL, NULL, NULL),
(5135, 'KULANA', 1, 4, 25, 320, NULL, NULL, NULL),
(5136, 'LEDHA', 1, 4, 25, 320, NULL, NULL, NULL),
(5137, 'MAKHAR', 1, 4, 25, 320, NULL, NULL, NULL),
(5138, 'MALIKPUR NEMDARGANJ', 1, 4, 25, 320, NULL, NULL, NULL),
(5139, 'PACHGAMA', 1, 4, 25, 320, NULL, NULL, NULL),
(5140, 'PAIJUNA', 1, 4, 25, 320, NULL, NULL, NULL),
(5141, 'PARTO KARHARI', 1, 4, 25, 320, NULL, NULL, NULL),
(5142, 'PNCHRUKHI', 1, 4, 25, 320, NULL, NULL, NULL),
(5143, 'PONTI', 1, 4, 25, 320, NULL, NULL, NULL),
(5144, 'SAKARPURA', 1, 4, 25, 320, NULL, NULL, NULL),
(5145, 'TEYAR', 1, 4, 25, 320, NULL, NULL, NULL),
(5146, 'BAKSOUTI PANCYAT', 1, 4, 25, 321, NULL, NULL, NULL),
(5147, 'BANIA BIGHA PANCHYAT', 1, 4, 25, 321, NULL, NULL, NULL),
(5148, 'BHWANPUR', 1, 4, 25, 321, NULL, NULL, NULL),
(5149, 'BISHUNPUR PANCHYAT', 1, 4, 25, 321, NULL, NULL, NULL),
(5150, 'BUDHWARA', 1, 4, 25, 321, NULL, NULL, NULL),
(5151, 'GOVINDPUR', 1, 4, 25, 321, NULL, NULL, NULL),
(5152, 'MADHOPUR', 1, 4, 25, 321, NULL, NULL, NULL),
(5153, 'SARKANDA', 1, 4, 25, 321, NULL, NULL, NULL),
(5154, 'SUGHARI PANCHYAT', 1, 4, 25, 321, NULL, NULL, NULL),
(5155, 'BAGODAR', 1, 4, 25, 322, NULL, NULL, NULL),
(5156, 'CHHATIHAR PANCHYAT', 1, 4, 25, 322, NULL, NULL, NULL),
(5157, 'CHITARGHATI PANCHYAT', 1, 4, 25, 322, NULL, NULL, NULL),
(5158, 'DHANAMA', 1, 4, 25, 322, NULL, NULL, NULL),
(5159, 'DONA PANCHYAT', 1, 4, 25, 322, NULL, NULL, NULL),
(5160, 'HADSA', 1, 4, 25, 322, NULL, NULL, NULL),
(5161, 'KATHIR', 1, 4, 25, 322, NULL, NULL, NULL),
(5162, 'PACHADHA', 1, 4, 25, 322, NULL, NULL, NULL),
(5163, 'SONSA PANCHYAT', 1, 4, 25, 322, NULL, NULL, NULL),
(5164, 'TUNGI PANCHYAT', 1, 4, 25, 322, NULL, NULL, NULL),
(5165, 'BELAR', 1, 4, 25, 323, NULL, NULL, NULL),
(5166, 'BIRNAWA', 1, 4, 25, 323, NULL, NULL, NULL),
(5167, 'CHANDINAWA', 1, 4, 25, 323, NULL, NULL, NULL),
(5168, 'KHAKHRI', 1, 4, 25, 323, NULL, NULL, NULL),
(5169, 'PARWATI', 1, 4, 25, 323, NULL, NULL, NULL),
(5170, 'REWAR GAGDISHPUR', 1, 4, 25, 323, NULL, NULL, NULL),
(5171, 'SUBHANPUR', 1, 4, 25, 323, NULL, NULL, NULL),
(5172, 'CHHBAIL', 1, 4, 25, 324, NULL, NULL, NULL),
(5173, 'DARAWAN', 1, 4, 25, 324, NULL, NULL, NULL),
(5174, 'DEVENGARH', 1, 4, 25, 324, NULL, NULL, NULL),
(5175, 'KEWALI', 1, 4, 25, 324, NULL, NULL, NULL),
(5176, 'KHARSARI', 1, 4, 25, 324, NULL, NULL, NULL),
(5177, 'KOWAKOLA', 1, 4, 25, 324, NULL, NULL, NULL),
(5178, 'LALPUR', 1, 4, 25, 324, NULL, NULL, NULL),
(5179, 'MAHUDAR', 1, 4, 25, 324, NULL, NULL, NULL),
(5180, 'MANJHILA', 1, 4, 25, 324, NULL, NULL, NULL),
(5181, 'NAWADIH', 1, 4, 25, 324, NULL, NULL, NULL),
(5182, 'PAHARPUR', 1, 4, 25, 324, NULL, NULL, NULL),
(5183, 'PALI', 1, 4, 25, 324, NULL, NULL, NULL),
(5184, 'PANDEGANGOT', 1, 4, 25, 324, NULL, NULL, NULL),
(5185, 'SARAUNI', 1, 4, 25, 324, NULL, NULL, NULL),
(5186, 'SOKHODEWRA', 1, 4, 25, 324, NULL, NULL, NULL),
(5187, 'AKRI PANDEY BIGHA PANCHYAT', 1, 4, 25, 325, NULL, NULL, NULL),
(5188, 'BADDOSSAR PANCHYAT', 1, 4, 25, 325, NULL, NULL, NULL),
(5189, 'BARAT', 1, 4, 25, 325, NULL, NULL, NULL),
(5190, 'BIJU BIGHA PANCHYAT', 1, 4, 25, 325, NULL, NULL, NULL),
(5191, 'BISIAIT PANCHYAT', 1, 4, 25, 325, NULL, NULL, NULL),
(5192, 'MESKAUR PANCHYAT', 1, 4, 25, 325, NULL, NULL, NULL),
(5193, 'MIRZAPUR PANCHYAT', 1, 4, 25, 325, NULL, NULL, NULL),
(5194, 'RASALPURA PANCHYAT', 1, 4, 25, 325, NULL, NULL, NULL),
(5195, 'SAHBAJPUR SARAY PANCHAYT', 1, 4, 25, 325, NULL, NULL, NULL),
(5196, 'TETARIYA', 1, 4, 25, 325, NULL, NULL, NULL),
(5197, 'DOHADA', 1, 4, 25, 326, NULL, NULL, NULL),
(5198, 'HADIA', 1, 4, 25, 326, NULL, NULL, NULL),
(5199, 'ICHUA KARNA', 1, 4, 25, 326, NULL, NULL, NULL),
(5200, 'KAHUARA', 1, 4, 25, 326, NULL, NULL, NULL),
(5201, 'KOSAL', 1, 4, 25, 326, NULL, NULL, NULL),
(5202, 'MASAUDHA', 1, 4, 25, 326, NULL, NULL, NULL),
(5203, 'NANAURA', 1, 4, 25, 326, NULL, NULL, NULL),
(5204, 'NARDIGANJ', 1, 4, 25, 326, NULL, NULL, NULL),
(5205, 'ODO', 1, 4, 25, 326, NULL, NULL, NULL),
(5206, 'PARMA', 1, 4, 25, 326, NULL, NULL, NULL),
(5207, 'PESH', 1, 4, 25, 326, NULL, NULL, NULL),
(5208, 'BABHANAUR PANCHYAT', 1, 4, 25, 327, NULL, NULL, NULL),
(5209, 'JAMUARA PANCHYAT', 1, 4, 25, 327, NULL, NULL, NULL),
(5210, 'KHANWA PANCHYAT', 1, 4, 25, 327, NULL, NULL, NULL),
(5211, 'KONIBER PANCHYAT', 1, 4, 25, 327, NULL, NULL, NULL),
(5212, 'NARHAT PANCHYAT', 1, 4, 25, 327, NULL, NULL, NULL),
(5213, 'PALI KHURD PANCHYAT', 1, 4, 25, 327, NULL, NULL, NULL),
(5214, 'PUNAWL', 1, 4, 25, 327, NULL, NULL, NULL),
(5215, 'PUNTHER PANCHAYT', 1, 4, 25, 327, NULL, NULL, NULL),
(5216, 'SAIDAPUR PANCHYAT', 1, 4, 25, 327, NULL, NULL, NULL),
(5217, 'SEKHPURA - PANCHYAT', 1, 4, 25, 327, NULL, NULL, NULL),
(5218, 'ANTI', 1, 4, 25, 328, NULL, NULL, NULL),
(5219, 'BHADAUNI', 1, 4, 25, 328, NULL, NULL, NULL),
(5220, 'BHADOKHARA', 1, 4, 25, 328, NULL, NULL, NULL),
(5221, 'BHAGWANPUR', 1, 4, 25, 328, NULL, NULL, NULL),
(5222, 'DEDAUR', 1, 4, 25, 328, NULL, NULL, NULL),
(5223, 'GONAWA', 1, 4, 25, 328, NULL, NULL, NULL),
(5224, 'JAMUAWA PATWA SARAY PAN', 1, 4, 25, 328, NULL, NULL, NULL),
(5225, 'JHUNATHI', 1, 4, 25, 328, NULL, NULL, NULL),
(5226, 'KADIR GANJ', 1, 4, 25, 328, NULL, NULL, NULL),
(5227, 'KENA', 1, 4, 25, 328, NULL, NULL, NULL),
(5228, 'KHARNT', 1, 4, 25, 328, NULL, NULL, NULL),
(5229, 'LOHAR PURA', 1, 4, 25, 328, NULL, NULL, NULL),
(5230, 'MAHULI', 1, 4, 25, 328, NULL, NULL, NULL),
(5231, 'NANAURA', 1, 4, 25, 328, NULL, NULL, NULL),
(5232, 'ORAINA', 1, 4, 25, 328, NULL, NULL, NULL),
(5233, 'PAURA', 1, 4, 25, 328, NULL, NULL, NULL),
(5234, 'SAMAY', 1, 4, 25, 328, NULL, NULL, NULL),
(5235, 'SONSIHARI', 1, 4, 25, 328, NULL, NULL, NULL),
(5236, 'ARURI', 1, 4, 25, 329, NULL, NULL, NULL),
(5237, 'BELKHUNDA', 1, 4, 25, 329, NULL, NULL, NULL),
(5238, 'BUDHAULI', 1, 4, 25, 329, NULL, NULL, NULL),
(5239, 'DATROLE', 1, 4, 25, 329, NULL, NULL, NULL),
(5240, 'DEODHA', 1, 4, 25, 329, NULL, NULL, NULL),
(5241, 'DHAMOLL', 1, 4, 25, 329, NULL, NULL, NULL),
(5242, 'DORAH', 1, 4, 25, 329, NULL, NULL, NULL),
(5243, 'DUMRAWA', 1, 4, 25, 329, NULL, NULL, NULL),
(5244, 'GULNI', 1, 4, 25, 329, NULL, NULL, NULL),
(5245, 'JURI', 1, 4, 25, 329, NULL, NULL, NULL),
(5246, 'KABLA', 1, 4, 25, 329, NULL, NULL, NULL),
(5247, 'PAKARIBARWAN NORTH', 1, 4, 25, 329, NULL, NULL, NULL),
(5248, 'PAKARIBARWAN SOUTH', 1, 4, 25, 329, NULL, NULL, NULL),
(5249, 'POKASI', 1, 4, 25, 329, NULL, NULL, NULL),
(5250, 'UKAORAH', 1, 4, 25, 329, NULL, NULL, NULL),
(5251, 'KONANDPUR', 1, 4, 25, 329, NULL, NULL, NULL),
(5252, 'AMAWA (EAST)', 1, 4, 25, 330, NULL, NULL, NULL),
(5253, 'AMAWA WEST', 1, 4, 25, 330, NULL, NULL, NULL),
(5254, 'ANDHARWARI', 1, 4, 25, 330, NULL, NULL, NULL),
(5255, 'BAHADURPUR', 1, 4, 25, 330, NULL, NULL, NULL),
(5256, 'CHITARKOLI', 1, 4, 25, 330, NULL, NULL, NULL),
(5257, 'DHAMANI', 1, 4, 25, 330, NULL, NULL, NULL),
(5258, 'FARKA BUJURANCHAYAT', 1, 4, 25, 330, NULL, NULL, NULL),
(5259, 'HARDIA', 1, 4, 25, 330, NULL, NULL, NULL),
(5260, 'LENGURA', 1, 4, 25, 330, NULL, NULL, NULL),
(5261, 'MURHENA', 1, 4, 25, 330, NULL, NULL, NULL),
(5262, 'RAJAULI (EAST)', 1, 4, 25, 330, NULL, NULL, NULL),
(5263, 'RAJAULI WEST', 1, 4, 25, 330, NULL, NULL, NULL),
(5264, 'SAWAIYATAR', 1, 4, 25, 330, NULL, NULL, NULL),
(5265, 'SIRODABUR', 1, 4, 25, 330, NULL, NULL, NULL),
(5266, 'TAKUATANR', 1, 4, 25, 330, NULL, NULL, NULL),
(5267, 'JOGIAMARAN', 1, 4, 25, 330, NULL, NULL, NULL),
(5268, 'BHATTA', 1, 4, 25, 331, NULL, NULL, NULL),
(5269, 'BHIKHAMPUR PANCHYAT', 1, 4, 25, 331, NULL, NULL, NULL),
(5270, 'CHHANAUN', 1, 4, 25, 331, NULL, NULL, NULL),
(5271, 'DUMARI PANCHYAT', 1, 4, 25, 331, NULL, NULL, NULL),
(5272, 'KOSHI RUKHI PANCHYAT', 1, 4, 25, 331, NULL, NULL, NULL),
(5273, 'KUNJ PANCHYAT', 1, 4, 25, 331, NULL, NULL, NULL),
(5274, 'MARARA PANCHYAT', 1, 4, 25, 331, NULL, NULL, NULL),
(5275, 'MARUI PANCHYAT', 1, 4, 25, 331, NULL, NULL, NULL),
(5276, 'MORMA PANCHYAT', 1, 4, 25, 331, NULL, NULL, NULL),
(5277, 'NAZARDIH PANCHYAT', 1, 4, 25, 331, NULL, NULL, NULL),
(5278, 'OHARI PANCHYAT', 1, 4, 25, 331, NULL, NULL, NULL),
(5279, 'ROH PANCHYAT', 1, 4, 25, 331, NULL, NULL, NULL),
(5280, 'SAMHARIGARH', 1, 4, 25, 331, NULL, NULL, NULL),
(5281, 'SIUR PANCHYAT', 1, 4, 25, 331, NULL, NULL, NULL),
(5282, 'ABDUL', 1, 4, 25, 332, NULL, NULL, NULL),
(5283, 'AKAUNA', 1, 4, 25, 332, NULL, NULL, NULL),
(5284, 'BADGAON', 1, 4, 25, 332, NULL, NULL, NULL),
(5285, 'BANDHI', 1, 4, 25, 332, NULL, NULL, NULL),
(5286, 'CHAUBEY', 1, 4, 25, 332, NULL, NULL, NULL),
(5287, 'CHAUKIA', 1, 4, 25, 332, NULL, NULL, NULL),
(5288, 'DHIRAUNDH', 1, 4, 25, 332, NULL, NULL, NULL),
(5289, 'GHAGHAT', 1, 4, 25, 332, NULL, NULL, NULL),
(5290, 'KHANPURA', 1, 4, 25, 332, NULL, NULL, NULL),
(5291, 'KHATTANGI', 1, 4, 25, 332, NULL, NULL, NULL),
(5292, 'LAUND', 1, 4, 25, 332, NULL, NULL, NULL),
(5293, 'RAJAN', 1, 4, 25, 332, NULL, NULL, NULL),
(5294, 'SANDH MANJHGAWAN', 1, 4, 25, 332, NULL, NULL, NULL),
(5295, 'SIRDALA', 1, 4, 25, 332, NULL, NULL, NULL),
(5296, 'UPARDIH', 1, 4, 25, 332, NULL, NULL, NULL),
(5297, 'APSER', 1, 4, 25, 333, NULL, NULL, NULL),
(5298, 'BAGIBARDIHA', 1, 4, 25, 333, NULL, NULL, NULL),
(5299, 'BARNAMA', 1, 4, 25, 333, NULL, NULL, NULL),
(5300, 'CHAKWAY', 1, 4, 25, 333, NULL, NULL, NULL),
(5301, 'DOSUT', 1, 4, 25, 333, NULL, NULL, NULL),
(5302, 'HAJIPUR', 1, 4, 25, 333, NULL, NULL, NULL),
(5303, 'KONCHGANW', 1, 4, 25, 333, NULL, NULL, NULL),
(5304, 'KUTRI', 1, 4, 25, 333, NULL, NULL, NULL),
(5305, 'MAKANPUR', 1, 4, 25, 333, NULL, NULL, NULL),
(5306, 'MANJAUR', 1, 4, 25, 333, NULL, NULL, NULL),
(5307, 'MOHIUDDINPUR', 1, 4, 25, 333, NULL, NULL, NULL),
(5308, 'MOSMA', 1, 4, 25, 333, NULL, NULL, NULL),
(5309, 'PANGARI', 1, 4, 25, 333, NULL, NULL, NULL),
(5310, 'SAUR', 1, 4, 25, 333, NULL, NULL, NULL),
(5311, 'SHAHPUR', 1, 4, 25, 333, NULL, NULL, NULL),
(5312, 'THERA', 1, 4, 25, 333, NULL, NULL, NULL),
(5313, 'A. RAMNAGAR DIARA', 1, 4, 25, 334, NULL, NULL, NULL),
(5314, 'B. SABNIMA', 1, 4, 25, 334, NULL, NULL, NULL),
(5315, 'BAHADURPUR', 1, 4, 25, 334, NULL, NULL, NULL),
(5316, 'KALYANPUR', 1, 4, 25, 334, NULL, NULL, NULL),
(5317, 'KARJAN', 1, 4, 25, 334, NULL, NULL, NULL),
(5318, 'PHULELPUR MEURA', 1, 4, 25, 334, NULL, NULL, NULL),
(5319, 'RAMNAGAR KARARI KACHHAR', 1, 4, 25, 334, NULL, NULL, NULL),
(5320, 'USMANPUR', 1, 4, 25, 334, NULL, NULL, NULL),
(5321, 'B. MANJHAULI', 1, 4, 26, 335, NULL, NULL, NULL),
(5322, 'C. HIDAYATPUR SAIDPUR', 1, 4, 26, 335, NULL, NULL, NULL),
(5323, 'D. BIDHIPUR NARAULI', 1, 4, 26, 335, NULL, NULL, NULL),
(5324, 'E. ALIPUR BIHTA', 1, 4, 26, 335, NULL, NULL, NULL),
(5325, 'F. DOMA', 1, 4, 26, 335, NULL, NULL, NULL),
(5326, 'G.MOGALPURA', 1, 4, 26, 335, NULL, NULL, NULL),
(5327, 'H. GHOSWARI', 1, 4, 26, 335, NULL, NULL, NULL),
(5328, 'I. CHAMPAPUR', 1, 4, 26, 335, NULL, NULL, NULL),
(5329, 'J. RUPAS MAHAJI', 1, 4, 26, 335, NULL, NULL, NULL),
(5330, 'K. CHIRAIYA RUPAS', 1, 4, 26, 335, NULL, NULL, NULL),
(5331, 'KALA DIYARA', 1, 4, 26, 335, NULL, NULL, NULL),
(5332, 'L. HARDASPUR DIYARA', 1, 4, 26, 335, NULL, NULL, NULL),
(5333, 'N. SATBHAIYA RAM NAGAR', 1, 4, 26, 335, NULL, NULL, NULL),
(5334, 'O.KARNAUTI', 1, 4, 26, 335, NULL, NULL, NULL),
(5335, 'P.MISSI', 1, 4, 26, 335, NULL, NULL, NULL),
(5336, 'Q. GHANGAH', 1, 4, 26, 335, NULL, NULL, NULL),
(5337, 'A. RAHIMPUR RUPAS', 1, 4, 26, 336, NULL, NULL, NULL),
(5338, 'B. IBRAHIMPUR', 1, 4, 26, 336, NULL, NULL, NULL),
(5339, 'C. BHATGAWN', 1, 4, 26, 336, NULL, NULL, NULL),
(5340, 'D.DHANAWAN MOBARAKPUR', 1, 4, 26, 336, NULL, NULL, NULL),
(5341, 'E. NADAWAN', 1, 4, 26, 336, NULL, NULL, NULL),
(5342, 'F. EKDANGA', 1, 4, 26, 336, NULL, NULL, NULL),
(5343, 'G. SARKATTI SAIDPUR', 1, 4, 26, 336, NULL, NULL, NULL),
(5344, 'H. BERHNA WEST', 1, 4, 26, 336, NULL, NULL, NULL),
(5345, 'I. BERHNA EAST', 1, 4, 26, 336, NULL, NULL, NULL),
(5346, 'J. NARUADA', 1, 4, 26, 336, NULL, NULL, NULL),
(5347, 'K. SHOHARI', 1, 4, 26, 336, NULL, NULL, NULL),
(5348, 'L. AGWANPUR', 1, 4, 26, 336, NULL, NULL, NULL),
(5349, 'M. RANGBIGHA', 1, 4, 26, 336, NULL, NULL, NULL),
(5350, '. WEST SAKSOHARA', 1, 4, 26, 337, NULL, NULL, NULL),
(5351, 'A. FATEHPUR', 1, 4, 26, 337, NULL, NULL, NULL),
(5352, 'ANDAULI DARVESHPURA', 1, 4, 26, 337, NULL, NULL, NULL),
(5353, 'B. BARAH', 1, 4, 26, 337, NULL, NULL, NULL),
(5354, 'C. BELCHHI', 1, 4, 26, 337, NULL, NULL, NULL),
(5355, 'EAST SAKSOHARA', 1, 4, 26, 337, NULL, NULL, NULL),
(5356, 'KORARI', 1, 4, 26, 337, NULL, NULL, NULL),
(5357, 'AANANDPUR', 1, 4, 26, 338, NULL, NULL, NULL),
(5358, 'AMHARA', 1, 4, 26, 338, NULL, NULL, NULL),
(5359, 'BELA', 1, 4, 26, 338, NULL, NULL, NULL),
(5360, 'BIHTA', 1, 4, 26, 338, NULL, NULL, NULL),
(5361, 'BINDAUL', 1, 4, 26, 338, NULL, NULL, NULL),
(5362, 'BISHUNPURA', 1, 4, 26, 338, NULL, NULL, NULL),
(5363, 'DAULATPUR SIMRI', 1, 4, 26, 338, NULL, NULL, NULL),
(5364, 'DAYALPUR DAULATPUR', 1, 4, 26, 338, NULL, NULL, NULL),
(5365, 'KANCHANPUR KHARAGPUR', 1, 4, 26, 338, NULL, NULL, NULL),
(5366, 'KAORIA', 1, 4, 26, 338, NULL, NULL, NULL),
(5367, 'KATESHAR', 1, 4, 26, 338, NULL, NULL, NULL),
(5368, 'KUNWA', 1, 4, 26, 338, NULL, NULL, NULL),
(5369, 'MACHCHHALPUR LAI', 1, 4, 26, 338, NULL, NULL, NULL),
(5370, 'MAKHDOOMPUR', 1, 4, 26, 338, NULL, NULL, NULL),
(5371, 'MUSHEPUR', 1, 4, 26, 338, NULL, NULL, NULL),
(5372, 'NEORA', 1, 4, 26, 338, NULL, NULL, NULL),
(5373, 'PAINAL', 1, 4, 26, 338, NULL, NULL, NULL),
(5374, 'PAREV', 1, 4, 26, 338, NULL, NULL, NULL),
(5375, 'PURSHOTTAMPUR PAINATHI', 1, 4, 26, 338, NULL, NULL, NULL),
(5376, 'RAGHOPUR', 1, 4, 26, 338, NULL, NULL, NULL),
(5377, 'SADISOPUR', 1, 4, 26, 338, NULL, NULL, NULL),
(5378, 'SHRI CHANDPUR', 1, 4, 26, 338, NULL, NULL, NULL),
(5379, 'SHRI RAMPUR', 1, 4, 26, 338, NULL, NULL, NULL),
(5380, 'SIKANDARPUR', 1, 4, 26, 338, NULL, NULL, NULL),
(5381, 'TARANAGAR', 1, 4, 26, 338, NULL, NULL, NULL),
(5382, 'YAMUNAPUR', 1, 4, 26, 338, NULL, NULL, NULL),
(5383, 'AKHITIYARPUR MANCHAULI', 1, 4, 26, 339, NULL, NULL, NULL),
(5384, 'ARAP', 1, 4, 26, 339, NULL, NULL, NULL),
(5385, 'BARAH', 1, 4, 26, 339, NULL, NULL, NULL),
(5386, 'BENIBIGHA', 1, 4, 26, 339, NULL, NULL, NULL),
(5387, 'BIKRAM', 1, 4, 26, 339, NULL, NULL, NULL),
(5388, 'BIRGHAUR BERAR KATARI', 1, 4, 26, 339, NULL, NULL, NULL),
(5389, 'DANARA KATARI', 1, 4, 26, 339, NULL, NULL, NULL),
(5390, 'DATIYANA', 1, 4, 26, 339, NULL, NULL, NULL),
(5391, 'GANGACHAK TELPA', 1, 4, 26, 339, NULL, NULL, NULL),
(5392, 'GORKHARI', 1, 4, 26, 339, NULL, NULL, NULL),
(5393, 'HABASPUR GONA', 1, 4, 26, 339, NULL, NULL, NULL),
(5394, 'MAHAJPURA', 1, 4, 26, 339, NULL, NULL, NULL),
(5395, 'MANER TELPA', 1, 4, 26, 339, NULL, NULL, NULL),
(5396, 'MORIYAWA SHIVGARH', 1, 4, 26, 339, NULL, NULL, NULL),
(5397, 'NAGHAR', 1, 4, 26, 339, NULL, NULL, NULL),
(5398, 'PATUT', 1, 4, 26, 339, NULL, NULL, NULL),
(5399, 'SAIDABAD KANPA', 1, 4, 26, 339, NULL, NULL, NULL),
(5400, 'VAJIRPUR', 1, 4, 26, 339, NULL, NULL, NULL),
(5401, 'GANGHARA PAN', 1, 4, 26, 340, NULL, NULL, NULL),
(5402, 'HATHIYA KANDH', 1, 4, 26, 340, NULL, NULL, NULL),
(5403, 'HETAN PUR PANO', 1, 4, 26, 340, NULL, NULL, NULL),
(5404, 'JAMALUDDIN', 1, 4, 26, 340, NULL, NULL, NULL),
(5405, 'JAMSAUT PANCHAAYAT', 1, 4, 26, 340, NULL, NULL, NULL),
(5406, 'KASIM CHAK', 1, 4, 26, 340, NULL, NULL, NULL),
(5407, 'KOTHWA', 1, 4, 26, 340, NULL, NULL, NULL),
(5408, 'LAKHANI BIGHA', 1, 4, 26, 340, NULL, NULL, NULL),
(5409, 'MANAS', 1, 4, 26, 340, NULL, NULL, NULL),
(5410, 'MOBARK PUR RAGHURAMPUR', 1, 4, 26, 340, NULL, NULL, NULL),
(5411, 'PATLAPUR PAN', 1, 4, 26, 340, NULL, NULL, NULL),
(5412, 'PURANI PANAPUR', 1, 4, 26, 340, NULL, NULL, NULL),
(5413, 'SARARI', 1, 4, 26, 340, NULL, NULL, NULL),
(5414, 'BANKIPUR MACHHARIYAWAN', 1, 4, 26, 341, NULL, NULL, NULL),
(5415, 'DANIYAWAN', 1, 4, 26, 341, NULL, NULL, NULL),
(5416, 'KHARBHAIYA', 1, 4, 26, 341, NULL, NULL, NULL),
(5417, 'SALARPUR', 1, 4, 26, 341, NULL, NULL, NULL),
(5418, 'SHAHJAHAN PUR', 1, 4, 26, 341, NULL, NULL, NULL),
(5419, 'SINGARIYAWAN', 1, 4, 26, 341, NULL, NULL, NULL),
(5420, 'BAHRAM PUR', 1, 4, 26, 342, NULL, NULL, NULL),
(5421, 'BARI BIGHA', 1, 4, 26, 342, NULL, NULL, NULL),
(5422, 'BARNI', 1, 4, 26, 342, NULL, NULL, NULL),
(5423, 'CHHATTI', 1, 4, 26, 342, NULL, NULL, NULL),
(5424, 'DEWA', 1, 4, 26, 342, NULL, NULL, NULL),
(5425, 'DEWADAHA', 1, 4, 26, 342, NULL, NULL, NULL),
(5426, 'DHANRUA', 1, 4, 26, 342, NULL, NULL, NULL),
(5427, 'GOBINDPUR BORHI', 1, 4, 26, 342, NULL, NULL, NULL),
(5428, 'HULAS CHAK BIR', 1, 4, 26, 342, NULL, NULL, NULL),
(5429, 'KOSUT', 1, 4, 26, 342, NULL, NULL, NULL),
(5430, 'MAI NATTAUL', 1, 4, 26, 342, NULL, NULL, NULL),
(5431, 'MORIYAWAN', 1, 4, 26, 342, NULL, NULL, NULL),
(5432, 'NADWA', 1, 4, 26, 342, NULL, NULL, NULL),
(5433, 'NIMARA', 1, 4, 26, 342, NULL, NULL, NULL),
(5434, 'PABHARA', 1, 4, 26, 342, NULL, NULL, NULL),
(5435, 'PATHARAHAT', 1, 4, 26, 342, NULL, NULL, NULL),
(5436, 'SANDA', 1, 4, 26, 342, NULL, NULL, NULL),
(5437, 'SATPARSA', 1, 4, 26, 342, NULL, NULL, NULL),
(5438, 'SONMAI', 1, 4, 26, 342, NULL, NULL, NULL),
(5439, 'VIJAYA PURA', 1, 4, 26, 342, NULL, NULL, NULL),
(5440, 'AAIN KHA VIMANICHAK', 1, 4, 26, 343, NULL, NULL, NULL),
(5441, 'ACHHUYA RAKASIYA', 1, 4, 26, 343, NULL, NULL, NULL),
(5442, 'BHARAT PURA', 1, 4, 26, 343, NULL, NULL, NULL),
(5443, 'DHANA NISHARPURA', 1, 4, 26, 343, NULL, NULL, NULL),
(5444, 'KAB', 1, 4, 26, 343, NULL, NULL, NULL),
(5445, 'LAL BHADSHARA', 1, 4, 26, 343, NULL, NULL, NULL),
(5446, 'NARHI PIRHI', 1, 4, 26, 343, NULL, NULL, NULL),
(5447, 'RAJIPUR', 1, 4, 26, 343, NULL, NULL, NULL),
(5448, 'SADAWAH DORAWA', 1, 4, 26, 343, NULL, NULL, NULL),
(5449, 'SELAHAURI BELAHAURI', 1, 4, 26, 343, NULL, NULL, NULL),
(5450, 'SIHI', 1, 4, 26, 343, NULL, NULL, NULL),
(5451, 'SINGHARA KOPA', 1, 4, 26, 343, NULL, NULL, NULL),
(5452, 'SONIYAWA', 1, 4, 26, 343, NULL, NULL, NULL),
(5453, 'ULAR SORAMPUR', 1, 4, 26, 343, NULL, NULL, NULL),
(5454, 'ALAWALPUR', 1, 4, 26, 344, NULL, NULL, NULL),
(5455, 'BALI', 1, 4, 26, 344, NULL, NULL, NULL),
(5456, 'DUMAREE', 1, 4, 26, 344, NULL, NULL, NULL),
(5457, 'GAURIPUNDAH', 1, 4, 26, 344, NULL, NULL, NULL),
(5458, 'JAITA', 1, 4, 26, 344, NULL, NULL, NULL),
(5459, 'JETHULI', 1, 4, 26, 344, NULL, NULL, NULL),
(5460, 'KOLHAR', 1, 4, 26, 344, NULL, NULL, NULL),
(5461, 'MASADHI', 1, 4, 26, 344, NULL, NULL, NULL),
(5462, 'MAUJIPUR', 1, 4, 26, 344, NULL, NULL, NULL),
(5463, 'MINSINGPUR', 1, 4, 26, 344, NULL, NULL, NULL),
(5464, 'MOHIUDDINPUR', 1, 4, 26, 344, NULL, NULL, NULL),
(5465, 'MOMINDPUR', 1, 4, 26, 344, NULL, NULL, NULL),
(5466, 'PITAMBARPUR', 1, 4, 26, 344, NULL, NULL, NULL),
(5467, 'RUKUNPUR', 1, 4, 26, 344, NULL, NULL, NULL),
(5468, 'USFA', 1, 4, 26, 344, NULL, NULL, NULL),
(5469, ': TARTAR', 1, 4, 26, 345, NULL, NULL, NULL),
(5470, ':GOSAIGAON', 1, 4, 26, 345, NULL, NULL, NULL),
(5471, 'GHOSWARI', 1, 4, 26, 345, NULL, NULL, NULL),
(5472, 'KUMHARA', 1, 4, 26, 345, NULL, NULL, NULL),
(5473, 'KURMICHAK', 1, 4, 26, 345, NULL, NULL, NULL),
(5474, 'PAIJANA', 1, 4, 26, 345, NULL, NULL, NULL),
(5475, 'SAMYAGARH', 1, 4, 26, 345, NULL, NULL, NULL),
(5476, 'TRIMUHAN', 1, 4, 26, 345, NULL, NULL, NULL),
(5477, 'ALAWALPUR', 1, 4, 26, 346, NULL, NULL, NULL),
(5478, 'BAIKATHPUR', 1, 4, 26, 346, NULL, NULL, NULL),
(5479, 'CHAURA', 1, 4, 26, 346, NULL, NULL, NULL),
(5480, 'HAIBATPUR', 1, 4, 26, 346, NULL, NULL, NULL),
(5481, 'HARDASBIGHA', 1, 4, 26, 346, NULL, NULL, NULL),
(5482, 'MOSIMPUR', 1, 4, 26, 346, NULL, NULL, NULL),
(5483, 'SUKERBEG CHAK', 1, 4, 26, 346, NULL, NULL, NULL),
(5484, 'BALUWA', 1, 4, 26, 347, NULL, NULL, NULL),
(5485, 'BANK', 1, 4, 26, 347, NULL, NULL, NULL),
(5486, 'BIYAPUR', 1, 4, 26, 347, NULL, NULL, NULL),
(5487, 'DARWESHPUR SOUTH', 1, 4, 26, 347, NULL, NULL, NULL),
(5488, 'DARWESMPUR NORTH', 1, 4, 26, 347, NULL, NULL, NULL),
(5489, 'GIYASPUR', 1, 4, 26, 347, NULL, NULL, NULL),
(5490, 'KHASHPUR', 1, 4, 26, 347, NULL, NULL, NULL),
(5491, 'KITA CHAUHATTAR EAST', 1, 4, 26, 347, NULL, NULL, NULL),
(5492, 'KITA CHAUHATTAR MIDDLE', 1, 4, 26, 347, NULL, NULL, NULL),
(5493, 'KITA CHAUHATTAR WEST', 1, 4, 26, 347, NULL, NULL, NULL),
(5494, 'MADHOPUR', 1, 4, 26, 347, NULL, NULL, NULL),
(5495, 'MAGARPAL', 1, 4, 26, 347, NULL, NULL, NULL),
(5496, 'RAMPUR DIYARA TAUFFIR', 1, 4, 26, 347, NULL, NULL, NULL),
(5497, 'SADIKPUR', 1, 4, 26, 347, NULL, NULL, NULL),
(5498, 'SARAI', 1, 4, 26, 347, NULL, NULL, NULL),
(5499, 'SHERPUR EAST', 1, 4, 26, 347, NULL, NULL, NULL),
(5500, 'SHERPUR WEST', 1, 4, 26, 347, NULL, NULL, NULL),
(5501, 'SINGHARA', 1, 4, 26, 347, NULL, NULL, NULL),
(5502, 'SUWARMARWAH', 1, 4, 26, 347, NULL, NULL, NULL),
(5503, 'BARA', 1, 4, 26, 348, NULL, NULL, NULL),
(5504, 'BERRA', 1, 4, 26, 348, NULL, NULL, NULL),
(5505, 'BHADAURA', 1, 4, 26, 348, NULL, NULL, NULL),
(5506, 'BHAGWANGANJ -', 1, 4, 26, 348, NULL, NULL, NULL),
(5507, 'BHAISAWAN', 1, 4, 26, 348, NULL, NULL, NULL),
(5508, 'CHAPAUR', 1, 4, 26, 348, NULL, NULL, NULL),
(5509, 'DAULATPUR', 1, 4, 26, 348, NULL, NULL, NULL),
(5510, 'DEORIA', 1, 4, 26, 348, NULL, NULL, NULL),
(5511, 'KARAI', 1, 4, 26, 348, NULL, NULL, NULL),
(5512, 'KHARANT-', 1, 4, 26, 348, NULL, NULL, NULL),
(5513, 'LAKHNAUR - BEDAULI -', 1, 4, 26, 348, NULL, NULL, NULL),
(5514, 'NADAUL', 1, 4, 26, 348, NULL, NULL, NULL),
(5515, 'NISHIAWAN', 1, 4, 26, 348, NULL, NULL, NULL),
(5516, 'NURA', 1, 4, 26, 348, NULL, NULL, NULL),
(5517, 'REWAN', 1, 4, 26, 348, NULL, NULL, NULL),
(5518, 'SHAHABAD', 1, 4, 26, 348, NULL, NULL, NULL),
(5519, 'TINERI', 1, 4, 26, 348, NULL, NULL, NULL),
(5520, 'CHARMA', 1, 4, 26, 348, NULL, NULL, NULL),
(5521, 'AUNTA', 1, 4, 26, 349, NULL, NULL, NULL),
(5522, 'BARAHPUR', 1, 4, 26, 349, NULL, NULL, NULL),
(5523, 'DARIAPUR', 1, 4, 26, 349, NULL, NULL, NULL),
(5524, 'HATHIDAH BUZURG', 1, 4, 26, 349, NULL, NULL, NULL),
(5525, 'KANHAIPUR', 1, 4, 26, 349, NULL, NULL, NULL),
(5526, 'KASAHA DIARA', 1, 4, 26, 349, NULL, NULL, NULL),
(5527, 'MALPUR', 1, 4, 26, 349, NULL, NULL, NULL),
(5528, 'MARANCHI (SOUTH)', 1, 4, 26, 349, NULL, NULL, NULL),
(5529, 'MARANCHI NORTH', 1, 4, 26, 349, NULL, NULL, NULL),
(5530, 'MEKRA', 1, 4, 26, 349, NULL, NULL, NULL),
(5531, 'MORE EAST', 1, 4, 26, 349, NULL, NULL, NULL),
(5532, 'MORE WEST', 1, 4, 26, 349, NULL, NULL, NULL),
(5533, 'NAURANGA JALALPUR', 1, 4, 26, 349, NULL, NULL, NULL),
(5534, 'RAMPUR DUMRA', 1, 4, 26, 349, NULL, NULL, NULL),
(5535, 'SHIVNAR', 1, 4, 26, 349, NULL, NULL, NULL),
(5536, '/ CHESI', 1, 4, 26, 350, NULL, NULL, NULL),
(5537, 'ADLA', 1, 4, 26, 350, NULL, NULL, NULL),
(5538, 'AJWAN', 1, 4, 26, 350, NULL, NULL, NULL),
(5539, 'BARA', 1, 4, 26, 350, NULL, NULL, NULL),
(5540, 'BARITAINGARELLA', 1, 4, 26, 350, NULL, NULL, NULL),
(5541, 'CHAKCHECHOL', 1, 4, 26, 350, NULL, NULL, NULL),
(5542, 'CHIRORA', 1, 4, 26, 350, NULL, NULL, NULL),
(5543, 'DARYAPUR', 1, 4, 26, 350, NULL, NULL, NULL),
(5544, 'DEORA', 1, 4, 26, 350, NULL, NULL, NULL),
(5545, 'FARIDPUR', 1, 4, 26, 350, NULL, NULL, NULL),
(5546, 'GONWAN', 1, 4, 26, 350, NULL, NULL, NULL),
(5547, 'IBRAHIMPUR', 1, 4, 26, 350, NULL, NULL, NULL),
(5548, 'JAITIPUR', 1, 4, 26, 350, NULL, NULL, NULL),
(5549, 'JAMALPURA', 1, 4, 26, 350, NULL, NULL, NULL),
(5550, 'KARANZA GOWAI', 1, 4, 26, 350, NULL, NULL, NULL),
(5551, 'KHAZURI', 1, 4, 26, 350, NULL, NULL, NULL),
(5552, 'NAUBATPUR', 1, 4, 26, 350, NULL, NULL, NULL),
(5553, 'NAVDIHYA', 1, 4, 26, 350, NULL, NULL, NULL),
(5554, 'NAVHI', 1, 4, 26, 350, NULL, NULL, NULL),
(5555, 'NISARPURA', 1, 4, 26, 350, NULL, NULL, NULL),
(5556, 'SAVARCHAK', 1, 4, 26, 350, NULL, NULL, NULL),
(5557, 'AKABARPUR RANIPUR', 1, 4, 26, 351, NULL, NULL, NULL),
(5558, 'AZADASIKARIA', 1, 4, 26, 351, NULL, NULL, NULL),
(5559, 'BHELARIASAI RAMPUR', 1, 4, 26, 351, NULL, NULL, NULL),
(5560, 'CHANDHOS', 1, 4, 26, 351, NULL, NULL, NULL),
(5561, 'CHIKSI', 1, 4, 26, 351, NULL, NULL, NULL),
(5562, 'DAHIA', 1, 4, 26, 351, NULL, NULL, NULL),
(5563, 'DHARHARA', 1, 4, 26, 351, NULL, NULL, NULL),
(5564, 'JAMHARU IMAMGANJ', 1, 4, 26, 351, NULL, NULL, NULL),
(5565, 'JARKHA', 1, 4, 26, 351, NULL, NULL, NULL),
(5566, 'KALAYANPUR PAYPURA', 1, 4, 26, 351, NULL, NULL, NULL),
(5567, 'KATKA PAGAMBERPUR', 1, 4, 26, 351, NULL, NULL, NULL),
(5568, 'KHANPUR TRANPUR', 1, 4, 26, 351, NULL, NULL, NULL),
(5569, 'LALGANJ SAHERA', 1, 4, 26, 351, NULL, NULL, NULL),
(5570, 'MADHMA MAKHMIL PUR', 1, 4, 26, 351, NULL, NULL, NULL),
(5571, 'MAHABALIPUR CHOK', 1, 4, 26, 351, NULL, NULL, NULL),
(5572, 'MASHORA JALPURA', 1, 4, 26, 351, NULL, NULL, NULL),
(5573, 'MERA PATONA', 1, 4, 26, 351, NULL, NULL, NULL),
(5574, 'MORIPERPURA', 1, 4, 26, 351, NULL, NULL, NULL),
(5575, 'MURIKA', 1, 4, 26, 351, NULL, NULL, NULL),
(5576, 'NADHARI KODHARI', 1, 4, 26, 351, NULL, NULL, NULL),
(5577, 'NIRAKHPUR PALI', 1, 4, 26, 351, NULL, NULL, NULL),
(5578, 'RAMPUR NAGMA', 1, 4, 26, 351, NULL, NULL, NULL),
(5579, 'RANIPUR KURKURI', 1, 4, 26, 351, NULL, NULL, NULL),
(5580, 'SHARJI PIPARDAHA', 1, 4, 26, 351, NULL, NULL, NULL),
(5581, 'SIGORI', 1, 4, 26, 351, NULL, NULL, NULL),
(5582, 'AJGARA BAKAWAN', 1, 4, 26, 352, NULL, NULL, NULL),
(5583, 'BARUANE BATHOI', 1, 4, 26, 352, NULL, NULL, NULL),
(5584, 'BIHARI BIGHA', 1, 4, 26, 352, NULL, NULL, NULL),
(5585, 'CHAK JALAL', 1, 4, 26, 352, NULL, NULL, NULL),
(5586, 'DARWE BHADAUR', 1, 4, 26, 352, NULL, NULL, NULL),
(5587, 'DHIWAR .', 1, 4, 26, 352, NULL, NULL, NULL),
(5588, 'DHOBHAWAN', 1, 4, 26, 352, NULL, NULL, NULL),
(5589, 'EAST PANDARAKH', 1, 4, 26, 352, NULL, NULL, NULL),
(5590, 'GOASA SHEKHPURA', 1, 4, 26, 352, NULL, NULL, NULL),
(5591, 'KHUSHHAL CHAK', 1, 4, 26, 352, NULL, NULL, NULL),
(5592, 'KUNDI', 1, 4, 26, 352, NULL, NULL, NULL),
(5593, 'LEMUABAD', 1, 4, 26, 352, NULL, NULL, NULL),
(5594, 'PARSAMAN', 1, 4, 26, 352, NULL, NULL, NULL),
(5595, 'RAILI', 1, 4, 26, 352, NULL, NULL, NULL),
(5596, 'WEST PANDARAKH', 1, 4, 26, 352, NULL, NULL, NULL),
(5597, 'EAST DIGHA', 1, 4, 26, 353, NULL, NULL, NULL),
(5598, 'EAST MAINPURA', 1, 4, 26, 353, NULL, NULL, NULL),
(5599, 'FATEHPUR', 1, 4, 26, 353, NULL, NULL, NULL),
(5600, 'MAHULI', 1, 4, 26, 353, NULL, NULL, NULL),
(5601, 'MARCHI', 1, 4, 26, 353, NULL, NULL, NULL),
(5602, 'NAKTA DIYARA', 1, 4, 26, 353, NULL, NULL, NULL),
(5603, 'NORTH MAINPURA', 1, 4, 26, 353, NULL, NULL, NULL),
(5604, 'PUNADIH', 1, 4, 26, 353, NULL, NULL, NULL),
(5605, 'SABAL PUR', 1, 4, 26, 353, NULL, NULL, NULL),
(5606, 'SONWA PUR', 1, 4, 26, 353, NULL, NULL, NULL),
(5607, 'WEST DIGHA', 1, 4, 26, 353, NULL, NULL, NULL),
(5608, 'WEST MAINPURA', 1, 4, 26, 353, NULL, NULL, NULL),
(5609, 'BHUSHAULA DANAPUR', 1, 4, 26, 354, NULL, NULL, NULL),
(5610, 'CHILBILLI', 1, 4, 26, 354, NULL, NULL, NULL),
(5611, 'DHIBRA', 1, 4, 26, 354, NULL, NULL, NULL),
(5612, 'GONPURA', 1, 4, 26, 354, NULL, NULL, NULL),
(5613, 'KORIYAWAN', 1, 4, 26, 354, NULL, NULL, NULL),
(5614, 'KURKURI', 1, 4, 26, 354, NULL, NULL, NULL),
(5615, 'KURTHOUL', 1, 4, 26, 354, NULL, NULL, NULL),
(5616, 'MENPURA ANDA', 1, 4, 26, 354, NULL, NULL, NULL),
(5617, 'NOHASA', 1, 4, 26, 354, NULL, NULL, NULL),
(5618, 'PARSA', 1, 4, 26, 354, NULL, NULL, NULL),
(5619, 'RAMPUR PHRIDPUR', 1, 4, 26, 354, NULL, NULL, NULL),
(5620, 'SAKRAICHA', 1, 4, 26, 354, NULL, NULL, NULL),
(5621, 'SHORAMPUR', 1, 4, 26, 354, NULL, NULL, NULL),
(5622, 'SUITHA', 1, 4, 26, 354, NULL, NULL, NULL),
(5623, 'AKAUNA', 1, 4, 26, 355, NULL, NULL, NULL),
(5624, 'BARAH', 1, 4, 26, 355, NULL, NULL, NULL),
(5625, 'BARANWA', 1, 4, 26, 355, NULL, NULL, NULL),
(5626, 'BEHRANWA', 1, 4, 26, 355, NULL, NULL, NULL),
(5627, 'DUMRI', 1, 4, 26, 355, NULL, NULL, NULL),
(5628, 'KALYANPUR', 1, 4, 26, 355, NULL, NULL, NULL),
(5629, 'KEWRAH', 1, 4, 26, 355, NULL, NULL, NULL),
(5630, 'LAKHANPUR', 1, 4, 26, 355, NULL, NULL, NULL),
(5631, 'LAKHNA (EAST)', 1, 4, 26, 355, NULL, NULL, NULL),
(5632, 'LAKHNA (NORTH WEST)', 1, 4, 26, 355, NULL, NULL, NULL),
(5633, 'PAIMAR', 1, 4, 26, 355, NULL, NULL, NULL),
(5634, 'PARTHU', 1, 4, 26, 355, NULL, NULL, NULL),
(5635, 'POTHHI', 1, 4, 26, 355, NULL, NULL, NULL),
(5636, 'PUNPUN', 1, 4, 26, 355, NULL, NULL, NULL),
(5637, 'BAIRIA KARANPPUR', 1, 4, 26, 356, NULL, NULL, NULL),
(5638, 'BHELWARA DARIYAPUR', 1, 4, 26, 356, NULL, NULL, NULL),
(5639, 'CHIPURA', 1, 4, 26, 356, NULL, NULL, NULL),
(5640, 'KANAUJI KCHHUARA', 1, 4, 26, 356, NULL, NULL, NULL),
(5641, 'KANDAP TARANPUR', 1, 4, 26, 356, NULL, NULL, NULL),
(5642, 'LANKA KACHHUARA', 1, 4, 26, 356, NULL, NULL, NULL),
(5643, 'SONA GOPALPUR', 1, 4, 26, 356, NULL, NULL, NULL),
(5644, 'BANBHAG CHUNAPUR', 1, 4, 27, 357, NULL, NULL, NULL),
(5645, 'BELA RIKABGANJ', 1, 4, 27, 357, NULL, NULL, NULL),
(5646, 'BITHNOULI KHEMCHAND EAST BHAG', 1, 4, 27, 357, NULL, NULL, NULL),
(5647, 'BITHNOULI KHEMCHAND WEST BHAG', 1, 4, 27, 357, NULL, NULL, NULL),
(5648, 'GANESHPUR', 1, 4, 27, 357, NULL, NULL, NULL),
(5649, 'GANGAILI', 1, 4, 27, 357, NULL, NULL, NULL),
(5650, 'GOKULPUR', 1, 4, 27, 357, NULL, NULL, NULL),
(5651, 'GOWASI', 1, 4, 27, 357, NULL, NULL, NULL),
(5652, 'JAGNI', 1, 4, 27, 357, NULL, NULL, NULL),
(5653, 'JHUNNI ISTAMBRAR', 1, 4, 27, 357, NULL, NULL, NULL),
(5654, 'KAJHA', 1, 4, 27, 357, NULL, NULL, NULL),
(5655, 'KOHBARA', 1, 4, 27, 357, NULL, NULL, NULL),
(5656, 'MAJRA', 1, 4, 27, 357, NULL, NULL, NULL),
(5657, 'PARORA', 1, 4, 27, 357, NULL, NULL, NULL),
(5658, 'POTHIA RAMPUR', 1, 4, 27, 357, NULL, NULL, NULL),
(5659, 'RAHUWA', 1, 4, 27, 357, NULL, NULL, NULL),
(5660, 'SAHARA', 1, 4, 27, 357, NULL, NULL, NULL),
(5661, 'SATKODARIYA', 1, 4, 27, 357, NULL, NULL, NULL),
(5662, 'BANELI', 1, 4, 27, 358, NULL, NULL, NULL),
(5663, 'BARETA', 1, 4, 27, 358, NULL, NULL, NULL),
(5664, 'BHAMRA LAGAN', 1, 4, 27, 358, NULL, NULL, NULL),
(5665, 'BOCHGOAN', 1, 4, 27, 358, NULL, NULL, NULL),
(5666, 'GHORDOR', 1, 4, 27, 358, NULL, NULL, NULL),
(5667, 'GURHI', 1, 4, 27, 358, NULL, NULL, NULL),
(5668, 'KULLAKHAS', 1, 4, 27, 358, NULL, NULL, NULL),
(5669, 'LAKHANA', 1, 4, 27, 358, NULL, NULL, NULL),
(5670, 'MALHARIA', 1, 4, 27, 358, NULL, NULL, NULL),
(5671, 'MOHNI', 1, 4, 27, 358, NULL, NULL, NULL),
(5672, 'SADHUBELI', 1, 4, 27, 358, NULL, NULL, NULL),
(5673, 'SANJHELI', 1, 4, 27, 358, NULL, NULL, NULL),
(5674, 'SHABDALPUR', 1, 4, 27, 358, NULL, NULL, NULL),
(5675, 'ABDULLA NAGAR', 1, 4, 27, 359, NULL, NULL, NULL),
(5676, 'BELORI', 1, 4, 27, 359, NULL, NULL, NULL),
(5677, 'BHOGA KARIYAT', 1, 4, 27, 359, NULL, NULL, NULL),
(5678, 'BIKRAMPUR', 1, 4, 27, 359, NULL, NULL, NULL),
(5679, 'BIRPUR', 1, 4, 27, 359, NULL, NULL, NULL),
(5680, 'BIYARPUR', 1, 4, 27, 359, NULL, NULL, NULL),
(5681, 'CHANDI', 1, 4, 27, 359, NULL, NULL, NULL),
(5682, 'DIMIYA CHHATARJAN', 1, 4, 27, 359, NULL, NULL, NULL),
(5683, 'GOURA', 1, 4, 27, 359, NULL, NULL, NULL),
(5684, 'HANSDA', 1, 4, 27, 359, NULL, NULL, NULL),
(5685, 'HARDA', 1, 4, 27, 359, NULL, NULL, NULL),
(5686, 'KABAIYA', 1, 4, 27, 359, NULL, NULL, NULL),
(5687, 'LALGANJ', 1, 4, 27, 359, NULL, NULL, NULL),
(5688, 'MAHARJPUR', 1, 4, 27, 359, NULL, NULL, NULL),
(5689, 'MARANGA EAST', 1, 4, 27, 359, NULL, NULL, NULL),
(5690, 'MARANGA WEST', 1, 4, 27, 359, NULL, NULL, NULL),
(5691, 'RAJIGANJ', 1, 4, 27, 359, NULL, NULL, NULL),
(5692, 'RAMPUR', 1, 4, 27, 359, NULL, NULL, NULL),
(5693, 'SIKANDARPUR', 1, 4, 27, 359, NULL, NULL, NULL),
(5694, 'BASANTPUR', 1, 4, 27, 360, NULL, NULL, NULL),
(5695, 'BHIKHNA', 1, 4, 27, 360, NULL, NULL, NULL),
(5696, 'BHOUWA PARWAL', 1, 4, 27, 360, NULL, NULL, NULL),
(5697, 'BIJAY LALGANJ', 1, 4, 27, 360, NULL, NULL, NULL),
(5698, 'BIJAY MOHANPUR', 1, 4, 27, 360, NULL, NULL, NULL),
(5699, 'DHOBGIDHA', 1, 4, 27, 360, NULL, NULL, NULL),
(5700, 'DHUSAR TIKAPATTI', 1, 4, 27, 360, NULL, NULL, NULL),
(5701, 'DOBHA MILIK', 1, 4, 27, 360, NULL, NULL, NULL),
(5702, 'GORIYAR EAST', 1, 4, 27, 360, NULL, NULL, NULL),
(5703, 'GORIYAR PATTI SRIMATTA', 1, 4, 27, 360, NULL, NULL, NULL),
(5704, 'GORIYAR WEST', 1, 4, 27, 360, NULL, NULL, NULL),
(5705, 'KANP', 1, 4, 27, 360, NULL, NULL, NULL),
(5706, 'KOILI SIMRA EAST', 1, 4, 27, 360, NULL, NULL, NULL),
(5707, 'KOILI SIMRA WEST', 1, 4, 27, 360, NULL, NULL, NULL),
(5708, 'LAKSHMIPUR CHHARRAPATTI', 1, 4, 27, 360, NULL, NULL, NULL),
(5709, 'LAKSHMIPUR GRIDHAR', 1, 4, 27, 360, NULL, NULL, NULL),
(5710, 'MATELI KHEMCHAND', 1, 4, 27, 360, NULL, NULL, NULL),
(5711, 'NATHPUR', 1, 4, 27, 360, NULL, NULL, NULL),
(5712, 'RAMPUR PARIHAT', 1, 4, 27, 360, NULL, NULL, NULL),
(5713, 'SINGHPUR DIYARA', 1, 4, 27, 360, NULL, NULL, NULL),
(5714, 'CHANKA', 1, 4, 27, 361, NULL, NULL, NULL),
(5715, 'GARHIYA BALWA', 1, 4, 27, 361, NULL, NULL, NULL),
(5716, 'JAGAILI', 1, 4, 27, 361, NULL, NULL, NULL),
(5717, 'JHUNNI KALA', 1, 4, 27, 361, NULL, NULL, NULL),
(5718, 'KHOKHA DAKSHIN', 1, 4, 27, 361, NULL, NULL, NULL),
(5719, 'KHOKHA UTTAR', 1, 4, 27, 361, NULL, NULL, NULL),
(5720, 'KHUTTI DHUNAILI', 1, 4, 27, 361, NULL, NULL, NULL),
(5721, 'KHUTTI HASAILI', 1, 4, 27, 361, NULL, NULL, NULL),
(5722, 'SINGHIA', 1, 4, 27, 361, NULL, NULL, NULL),
(5723, 'ADHANG', 1, 4, 27, 362, NULL, NULL, NULL),
(5724, 'AMGACHHI', 1, 4, 27, 362, NULL, NULL, NULL),
(5725, 'AMOUR', 1, 4, 27, 362, NULL, NULL, NULL),
(5726, 'BAKANIA BARAILI', 1, 4, 27, 362, NULL, NULL, NULL),
(5727, 'BARA IDGAH', 1, 4, 27, 362, NULL, NULL, NULL),
(5728, 'BARBATTA', 1, 4, 27, 362, NULL, NULL, NULL),
(5729, 'BENGRA MEHNDIPUR', 1, 4, 27, 362, NULL, NULL, NULL),
(5730, 'BHAWANIPUR', 1, 4, 27, 362, NULL, NULL, NULL),
(5731, 'BISHANPUR', 1, 4, 27, 362, NULL, NULL, NULL),
(5732, 'DAHUA BARI', 1, 4, 27, 362, NULL, NULL, NULL),
(5733, 'DALMALPUR', 1, 4, 27, 362, NULL, NULL, NULL),
(5734, 'DHURPAILI', 1, 4, 27, 362, NULL, NULL, NULL),
(5735, 'GYANDOBH', 1, 4, 27, 362, NULL, NULL, NULL),
(5736, 'HAFANIYA', 1, 4, 27, 362, NULL, NULL, NULL),
(5737, 'HARIPUR', 1, 4, 27, 362, NULL, NULL, NULL),
(5738, 'JHOUWARI', 1, 4, 27, 362, NULL, NULL, NULL),
(5739, 'KHARHIYA', 1, 4, 27, 362, NULL, NULL, NULL),
(5740, 'KHARI MAHINGAON', 1, 4, 27, 362, NULL, NULL, NULL),
(5741, 'MACHHATTA', 1, 4, 27, 362, NULL, NULL, NULL),
(5742, 'MAJHUWA HAT', 1, 4, 27, 362, NULL, NULL, NULL),
(5743, 'NITENDAR', 1, 4, 27, 362, NULL, NULL, NULL),
(5744, 'POTHIA GANGAILI', 1, 4, 27, 362, NULL, NULL, NULL),
(5745, 'RANGRAIYA LAL TOLI', 1, 4, 27, 362, NULL, NULL, NULL),
(5746, 'TALBARI', 1, 4, 27, 362, NULL, NULL, NULL),
(5747, 'TIYARPARA', 1, 4, 27, 362, NULL, NULL, NULL),
(5748, 'AASIYANI', 1, 4, 27, 363, NULL, NULL, NULL),
(5749, 'BALUWA GOSTARA', 1, 4, 27, 363, NULL, NULL, NULL),
(5750, 'CHANDEL', 1, 4, 27, 363, NULL, NULL, NULL),
(5751, 'CHANDWAR', 1, 4, 27, 363, NULL, NULL, NULL),
(5752, 'GHUSMAL', 1, 4, 27, 363, NULL, NULL, NULL),
(5753, 'KANJIA', 1, 4, 27, 363, NULL, NULL, NULL),
(5754, 'KANPAHLIA', 1, 4, 27, 363, NULL, NULL, NULL),
(5755, 'KHAPRA', 1, 4, 27, 363, NULL, NULL, NULL),
(5756, 'MAJOK', 1, 4, 27, 363, NULL, NULL, NULL),
(5757, 'MALOPARA', 1, 4, 27, 363, NULL, NULL, NULL),
(5758, 'MUNGRA PIYAJI', 1, 4, 27, 363, NULL, NULL, NULL),
(5759, 'NANDNIYA', 1, 4, 27, 363, NULL, NULL, NULL),
(5760, 'RAIBER', 1, 4, 27, 363, NULL, NULL, NULL),
(5761, 'ROUTA', 1, 4, 27, 363, NULL, NULL, NULL),
(5762, 'SIRSI', 1, 4, 27, 363, NULL, NULL, NULL),
(5763, 'SISABARI', 1, 4, 27, 363, NULL, NULL, NULL),
(5764, 'ASJA MOBAIYA', 1, 4, 27, 364, NULL, NULL, NULL),
(5765, 'BAISI', 1, 4, 27, 364, NULL, NULL, NULL),
(5766, 'BANGAMA', 1, 4, 27, 364, NULL, NULL, NULL),
(5767, 'CHANDRAGAMA', 1, 4, 27, 364, NULL, NULL, NULL),
(5768, 'CHARAIYA', 1, 4, 27, 364, NULL, NULL, NULL),
(5769, 'CHOPRA', 1, 4, 27, 364, NULL, NULL, NULL),
(5770, 'GANGAR', 1, 4, 27, 364, NULL, NULL, NULL),
(5771, 'HARIN TOR', 1, 4, 27, 364, NULL, NULL, NULL),
(5772, 'KHAPRA', 1, 4, 27, 364, NULL, NULL, NULL),
(5773, 'KHUTIYA', 1, 4, 27, 364, NULL, NULL, NULL),
(5774, 'MALHARIYA', 1, 4, 27, 364, NULL, NULL, NULL),
(5775, 'MINAPUR', 1, 4, 27, 364, NULL, NULL, NULL),
(5776, 'PURANAGANJ', 1, 4, 27, 364, NULL, NULL, NULL),
(5777, 'SHADIPUR BHUTAHA', 1, 4, 27, 364, NULL, NULL, NULL),
(5778, 'SRIPUR MALLAH TOLI', 1, 4, 27, 364, NULL, NULL, NULL),
(5779, 'SUGAWA MAHANANDPUR', 1, 4, 27, 364, NULL, NULL, NULL),
(5780, 'TARABARI', 1, 4, 27, 364, NULL, NULL, NULL),
(5781, 'ABHAY RAM CHAKLA', 1, 4, 27, 365, NULL, NULL, NULL),
(5782, 'BAHORA', 1, 4, 27, 365, NULL, NULL, NULL),
(5783, 'BISHANPUR DATT', 1, 4, 27, 365, NULL, NULL, NULL),
(5784, 'CHANDPUR BHANGAHA', 1, 4, 27, 365, NULL, NULL, NULL),
(5785, 'DHARHARA', 1, 4, 27, 365, NULL, NULL, NULL),
(5786, 'DHARHARA CHAKLA BHUNAYEE', 1, 4, 27, 365, NULL, NULL, NULL),
(5787, 'GANGAPUR', 1, 4, 27, 365, NULL, NULL, NULL),
(5788, 'HARIMURHI', 1, 4, 27, 365, NULL, NULL, NULL),
(5789, 'JIYANGANJ', 1, 4, 27, 365, NULL, NULL, NULL),
(5790, 'KAJHI HRIDAYNAGAR', 1, 4, 27, 365, NULL, NULL, NULL),
(5791, 'KOSHI SHARAN DEVOTTAR', 1, 4, 27, 365, NULL, NULL, NULL),
(5792, 'KUTCHAHARI BALWA', 1, 4, 27, 365, NULL, NULL, NULL),
(5793, 'LADUGARH', 1, 4, 27, 365, NULL, NULL, NULL),
(5794, 'MADHUBAN', 1, 4, 27, 365, NULL, NULL, NULL),
(5795, 'MAHADEOPUR', 1, 4, 27, 365, NULL, NULL, NULL),
(5796, 'MAHARAJGANJ - I', 1, 4, 27, 365, NULL, NULL, NULL),
(5797, 'MAHARAJGANJ - II', 1, 4, 27, 365, NULL, NULL, NULL),
(5798, 'MAJHUWA PREMRAJ', 1, 4, 27, 365, NULL, NULL, NULL),
(5799, 'MOHANIYA CHAKLA', 1, 4, 27, 365, NULL, NULL, NULL),
(5800, 'NOULAKHI', 1, 4, 27, 365, NULL, NULL, NULL),
(5801, 'PIPRA', 1, 4, 27, 365, NULL, NULL, NULL),
(5802, 'RAMNAGAR FARSAHI', 1, 4, 27, 365, NULL, NULL, NULL),
(5803, 'RAMNAGAR FARSAHI MILIK', 1, 4, 27, 365, NULL, NULL, NULL),
(5804, 'RAMPUR TILAK', 1, 4, 27, 365, NULL, NULL, NULL),
(5805, 'RUPOULI DAKSHIN', 1, 4, 27, 365, NULL, NULL, NULL),
(5806, 'RUPOULI UTTAR', 1, 4, 27, 365, NULL, NULL, NULL),
(5807, 'SAHURIYA SUBHAY MILIK', 1, 4, 27, 365, NULL, NULL, NULL),
(5808, 'ARBANNA CHAKLA', 1, 4, 27, 366, NULL, NULL, NULL),
(5809, 'AURAHI', 1, 4, 27, 366, NULL, NULL, NULL),
(5810, 'AURLAHA', 1, 4, 27, 366, NULL, NULL, NULL),
(5811, 'BARHARA', 1, 4, 27, 366, NULL, NULL, NULL);
INSERT INTO `villages` (`id`, `name`, `country_id`, `state_id`, `district_id`, `block_id`, `created_at`, `updated_at`, `deleted_at`) VALUES
(5812, 'BASUDEOPUR', 1, 4, 27, 366, NULL, NULL, NULL),
(5813, 'BHATSARA', 1, 4, 27, 366, NULL, NULL, NULL),
(5814, 'DIBARA DHANI', 1, 4, 27, 366, NULL, NULL, NULL),
(5815, 'GOURIPUR', 1, 4, 27, 366, NULL, NULL, NULL),
(5816, 'LATRAHA', 1, 4, 27, 366, NULL, NULL, NULL),
(5817, 'LAXMIPUR', 1, 4, 27, 366, NULL, NULL, NULL),
(5818, 'MATIHANI', 1, 4, 27, 366, NULL, NULL, NULL),
(5819, 'MULKIYA', 1, 4, 27, 366, NULL, NULL, NULL),
(5820, 'NATHPUR', 1, 4, 27, 366, NULL, NULL, NULL),
(5821, 'NIPANIA', 1, 4, 27, 366, NULL, NULL, NULL),
(5822, 'PATRAHA', 1, 4, 27, 366, NULL, NULL, NULL),
(5823, 'RUSTAMPUR', 1, 4, 27, 366, NULL, NULL, NULL),
(5824, 'SUKHSENA EAST', 1, 4, 27, 366, NULL, NULL, NULL),
(5825, 'SUKHSENA WEST', 1, 4, 27, 366, NULL, NULL, NULL),
(5826, 'THARI', 1, 4, 27, 366, NULL, NULL, NULL),
(5827, 'BARHARI', 1, 4, 27, 367, NULL, NULL, NULL),
(5828, 'BASANTPUR CHINTAMAN', 1, 4, 27, 367, NULL, NULL, NULL),
(5829, 'BHAWANIPUR EAST', 1, 4, 27, 367, NULL, NULL, NULL),
(5830, 'BHAWANIPUR WEST', 1, 4, 27, 367, NULL, NULL, NULL),
(5831, 'GONDWARA PATKAILI', 1, 4, 27, 367, NULL, NULL, NULL),
(5832, 'JAWE', 1, 4, 27, 367, NULL, NULL, NULL),
(5833, 'LATHI', 1, 4, 27, 367, NULL, NULL, NULL),
(5834, 'RAGHUNATHPUR', 1, 4, 27, 367, NULL, NULL, NULL),
(5835, 'SHAHIDGANJ', 1, 4, 27, 367, NULL, NULL, NULL),
(5836, 'SONAMA', 1, 4, 27, 367, NULL, NULL, NULL),
(5837, 'SONDIP MILIK', 1, 4, 27, 367, NULL, NULL, NULL),
(5838, 'SRIPUR MILIK', 1, 4, 27, 367, NULL, NULL, NULL),
(5839, 'SUPOULI', 1, 4, 27, 367, NULL, NULL, NULL),
(5840, 'SURAITI', 1, 4, 27, 367, NULL, NULL, NULL),
(5841, 'ADKELI', 1, 4, 27, 368, NULL, NULL, NULL),
(5842, 'BELGACHHI', 1, 4, 27, 368, NULL, NULL, NULL),
(5843, 'BHABHNI', 1, 4, 27, 368, NULL, NULL, NULL),
(5844, 'BUWARI', 1, 4, 27, 368, NULL, NULL, NULL),
(5845, 'CHANPI', 1, 4, 27, 368, NULL, NULL, NULL),
(5846, 'DAGARUA', 1, 4, 27, 368, NULL, NULL, NULL),
(5847, 'DARIAPUR', 1, 4, 27, 368, NULL, NULL, NULL),
(5848, 'DUWELI', 1, 4, 27, 368, NULL, NULL, NULL),
(5849, 'ECHALO', 1, 4, 27, 368, NULL, NULL, NULL),
(5850, 'HARKHELI', 1, 4, 27, 368, NULL, NULL, NULL),
(5851, 'KOHILA', 1, 4, 27, 368, NULL, NULL, NULL),
(5852, 'MAHTHOR', 1, 4, 27, 368, NULL, NULL, NULL),
(5853, 'MAJGAMA', 1, 4, 27, 368, NULL, NULL, NULL),
(5854, 'MAKELI', 1, 4, 27, 368, NULL, NULL, NULL),
(5855, 'RAMPUR', 1, 4, 27, 368, NULL, NULL, NULL),
(5856, 'TEGRA', 1, 4, 27, 368, NULL, NULL, NULL),
(5857, 'THATHOL', 1, 4, 27, 368, NULL, NULL, NULL),
(5858, 'TOLI', 1, 4, 27, 368, NULL, NULL, NULL),
(5859, 'BARDELA', 1, 4, 27, 369, NULL, NULL, NULL),
(5860, 'BISHANPUR', 1, 4, 27, 369, NULL, NULL, NULL),
(5861, 'CHAMPAWATI', 1, 4, 27, 369, NULL, NULL, NULL),
(5862, 'CHIKNI DUMARIYA', 1, 4, 27, 369, NULL, NULL, NULL),
(5863, 'DAMAILI', 1, 4, 27, 369, NULL, NULL, NULL),
(5864, 'DAMGARA', 1, 4, 27, 369, NULL, NULL, NULL),
(5865, 'DHAMDAHA DAKSHIN', 1, 4, 27, 369, NULL, NULL, NULL),
(5866, 'DHAMDAHA EAST', 1, 4, 27, 369, NULL, NULL, NULL),
(5867, 'DHAMDAHA MIDDLE', 1, 4, 27, 369, NULL, NULL, NULL),
(5868, 'DHAMDAHA UTTAR', 1, 4, 27, 369, NULL, NULL, NULL),
(5869, 'ETAHARI', 1, 4, 27, 369, NULL, NULL, NULL),
(5870, 'KISHANPUR BALWA', 1, 4, 27, 369, NULL, NULL, NULL),
(5871, 'KUKROUN EAST', 1, 4, 27, 369, NULL, NULL, NULL),
(5872, 'KUKROUN WEST', 1, 4, 27, 369, NULL, NULL, NULL),
(5873, 'KUNWARI', 1, 4, 27, 369, NULL, NULL, NULL),
(5874, 'MALI', 1, 4, 27, 369, NULL, NULL, NULL),
(5875, 'MOGALIYA PURANDAHA EAST', 1, 4, 27, 369, NULL, NULL, NULL),
(5876, 'MOGALIYA PURANDAHA WEST', 1, 4, 27, 369, NULL, NULL, NULL),
(5877, 'NIRPUR', 1, 4, 27, 369, NULL, NULL, NULL),
(5878, 'PARASMANI', 1, 4, 27, 369, NULL, NULL, NULL),
(5879, 'RAJGHAT GARAIL', 1, 4, 27, 369, NULL, NULL, NULL),
(5880, 'RANGPURA DAKSHIN', 1, 4, 27, 369, NULL, NULL, NULL),
(5881, 'RANGPURA UTTAR', 1, 4, 27, 369, NULL, NULL, NULL),
(5882, 'RUPASPUR KHAGAHA', 1, 4, 27, 369, NULL, NULL, NULL),
(5883, 'SARSI', 1, 4, 27, 369, NULL, NULL, NULL),
(5884, 'THARI RAJO', 1, 4, 27, 369, NULL, NULL, NULL),
(5885, 'AKAMBA', 1, 4, 27, 370, NULL, NULL, NULL),
(5886, 'CHAK', 1, 4, 27, 370, NULL, NULL, NULL),
(5887, 'DANSAR', 1, 4, 27, 370, NULL, NULL, NULL),
(5888, 'DIMIYA', 1, 4, 27, 370, NULL, NULL, NULL),
(5889, 'HANSI BEGAMPUR', 1, 4, 27, 370, NULL, NULL, NULL),
(5890, 'JALAGARH', 1, 4, 27, 370, NULL, NULL, NULL),
(5891, 'NIJ GEHUNWA', 1, 4, 27, 370, NULL, NULL, NULL),
(5892, 'RAMDAILI', 1, 4, 27, 370, NULL, NULL, NULL),
(5893, 'SARSOUNI', 1, 4, 27, 370, NULL, NULL, NULL),
(5894, 'SOUTHA', 1, 4, 27, 370, NULL, NULL, NULL),
(5895, 'AKORIH', 1, 4, 28, 371, NULL, NULL, NULL),
(5896, 'BAGHAKHO', 1, 4, 28, 371, NULL, NULL, NULL),
(5897, 'BALIGAON', 1, 4, 28, 371, NULL, NULL, NULL),
(5898, 'BANKE', 1, 4, 28, 371, NULL, NULL, NULL),
(5899, 'BARARIH', 1, 4, 28, 371, NULL, NULL, NULL),
(5900, 'BARUNA', 1, 4, 28, 371, NULL, NULL, NULL),
(5901, 'BISAINI K', 1, 4, 28, 371, NULL, NULL, NULL),
(5902, 'CHANDI', 1, 4, 28, 371, NULL, NULL, NULL),
(5903, 'MURIYARH', 1, 4, 28, 371, NULL, NULL, NULL),
(5904, 'PAKARIYA', 1, 4, 28, 371, NULL, NULL, NULL),
(5905, 'TETRAR', 1, 4, 28, 371, NULL, NULL, NULL),
(5906, 'GHOSIYA Khurd', 1, 4, 28, 372, NULL, NULL, NULL),
(5907, 'GHUSIA KALA', 1, 4, 28, 372, NULL, NULL, NULL),
(5908, 'JAMORHI', 1, 4, 28, 372, NULL, NULL, NULL),
(5909, 'JONHI', 1, 4, 28, 372, NULL, NULL, NULL),
(5910, 'KHAIRABHU', 1, 4, 28, 372, NULL, NULL, NULL),
(5911, 'KUSAMHRA', 1, 4, 28, 372, NULL, NULL, NULL),
(5912, 'MANI', 1, 4, 28, 372, NULL, NULL, NULL),
(5913, 'MANPUR', 1, 4, 28, 372, NULL, NULL, NULL),
(5914, 'MOHNI', 1, 4, 28, 372, NULL, NULL, NULL),
(5915, 'MORAUNA', 1, 4, 28, 372, NULL, NULL, NULL),
(5916, 'NONHAR', 1, 4, 28, 372, NULL, NULL, NULL),
(5917, 'SHEOPUR', 1, 4, 28, 372, NULL, NULL, NULL),
(5918, 'BANAULI', 1, 4, 28, 373, NULL, NULL, NULL),
(5919, 'CHENARI', 1, 4, 28, 373, NULL, NULL, NULL),
(5920, 'DEHRIA', 1, 4, 28, 373, NULL, NULL, NULL),
(5921, 'DEWDIHI', 1, 4, 28, 373, NULL, NULL, NULL),
(5922, 'HATA', 1, 4, 28, 373, NULL, NULL, NULL),
(5923, 'KENAR KAL', 1, 4, 28, 373, NULL, NULL, NULL),
(5924, 'KHURMABAD', 1, 4, 28, 373, NULL, NULL, NULL),
(5925, 'MALHIPUR', 1, 4, 28, 373, NULL, NULL, NULL),
(5926, 'PEWANDI', 1, 4, 28, 373, NULL, NULL, NULL),
(5927, 'PHULWARIA', 1, 4, 28, 373, NULL, NULL, NULL),
(5928, 'SADOKHAR', 1, 4, 28, 373, NULL, NULL, NULL),
(5929, 'UGAHNI', 1, 4, 28, 373, NULL, NULL, NULL),
(5930, 'BABHNAUL', 1, 4, 28, 374, NULL, NULL, NULL),
(5931, 'DAWATH', 1, 4, 28, 374, NULL, NULL, NULL),
(5932, 'DERHGAON', 1, 4, 28, 374, NULL, NULL, NULL),
(5933, 'GIDHA', 1, 4, 28, 374, NULL, NULL, NULL),
(5934, 'ITIWA', 1, 4, 28, 374, NULL, NULL, NULL),
(5935, 'JAMSONA', 1, 4, 28, 374, NULL, NULL, NULL),
(5936, 'SAHINAON', 1, 4, 28, 374, NULL, NULL, NULL),
(5937, 'SEMARI', 1, 4, 28, 374, NULL, NULL, NULL),
(5938, 'USARI', 1, 4, 28, 374, NULL, NULL, NULL),
(5939, 'BARAWON', 1, 4, 28, 375, NULL, NULL, NULL),
(5940, 'BERKAP', 1, 4, 28, 375, NULL, NULL, NULL),
(5941, 'BHAINSAHA', 1, 4, 28, 375, NULL, NULL, NULL),
(5942, 'BHALUARI', 1, 4, 28, 375, NULL, NULL, NULL),
(5943, 'CHAKNAHA', 1, 4, 28, 375, NULL, NULL, NULL),
(5944, 'DAHAUR', 1, 4, 28, 375, NULL, NULL, NULL),
(5945, 'DARIHAT', 1, 4, 28, 375, NULL, NULL, NULL),
(5946, 'GANGAULI', 1, 4, 28, 375, NULL, NULL, NULL),
(5947, 'JAMUHAR', 1, 4, 28, 375, NULL, NULL, NULL),
(5948, 'MAJHIAWAN', 1, 4, 28, 375, NULL, NULL, NULL),
(5949, 'MATHURI', 1, 4, 28, 375, NULL, NULL, NULL),
(5950, 'PAHLEZA', 1, 4, 28, 375, NULL, NULL, NULL),
(5951, 'PATPURA', 1, 4, 28, 375, NULL, NULL, NULL),
(5952, 'ANKORHA', 1, 4, 28, 376, NULL, NULL, NULL),
(5953, 'ARANG', 1, 4, 28, 376, NULL, NULL, NULL),
(5954, 'BALIA', 1, 4, 28, 376, NULL, NULL, NULL),
(5955, 'BHANPUR', 1, 4, 28, 376, NULL, NULL, NULL),
(5956, 'BHARSARA', 1, 4, 28, 376, NULL, NULL, NULL),
(5957, 'BHUI', 1, 4, 28, 376, NULL, NULL, NULL),
(5958, 'BISIKALA', 1, 4, 28, 376, NULL, NULL, NULL),
(5959, 'CHILHARUA', 1, 4, 28, 376, NULL, NULL, NULL),
(5960, 'DINARA', 1, 4, 28, 376, NULL, NULL, NULL),
(5961, 'GUNSEJ', 1, 4, 28, 376, NULL, NULL, NULL),
(5962, 'HARBANSPUR', 1, 4, 28, 376, NULL, NULL, NULL),
(5963, 'JAMRAURH', 1, 4, 28, 376, NULL, NULL, NULL),
(5964, 'KARANJ', 1, 4, 28, 376, NULL, NULL, NULL),
(5965, 'KARHANSI', 1, 4, 28, 376, NULL, NULL, NULL),
(5966, 'LILWACHH', 1, 4, 28, 376, NULL, NULL, NULL),
(5967, 'MEDANIPUR', 1, 4, 28, 376, NULL, NULL, NULL),
(5968, 'MOHRAWRH', 1, 4, 28, 376, NULL, NULL, NULL),
(5969, 'RAJPUR', 1, 4, 28, 376, NULL, NULL, NULL),
(5970, 'SAISAR', 1, 4, 28, 376, NULL, NULL, NULL),
(5971, 'SAMHAUTI', 1, 4, 28, 376, NULL, NULL, NULL),
(5972, 'SARAWN', 1, 4, 28, 376, NULL, NULL, NULL),
(5973, 'TENUAJ', 1, 4, 28, 376, NULL, NULL, NULL),
(5974, 'AMONA', 1, 4, 28, 377, NULL, NULL, NULL),
(5975, 'AMRATHA', 1, 4, 28, 377, NULL, NULL, NULL),
(5976, 'BARADIH', 1, 4, 28, 377, NULL, NULL, NULL),
(5977, 'BENSAGAR', 1, 4, 28, 377, NULL, NULL, NULL),
(5978, 'BURHAWAL', 1, 4, 28, 377, NULL, NULL, NULL),
(5979, 'CHIKSIL', 1, 4, 28, 377, NULL, NULL, NULL),
(5980, 'DANWAR', 1, 4, 28, 377, NULL, NULL, NULL),
(5981, 'DEO', 1, 4, 28, 377, NULL, NULL, NULL),
(5982, 'DHANHARA', 1, 4, 28, 377, NULL, NULL, NULL),
(5983, 'GAMHARIYA', 1, 4, 28, 377, NULL, NULL, NULL),
(5984, 'GORARI', 1, 4, 28, 377, NULL, NULL, NULL),
(5985, 'JAISARI', 1, 4, 28, 377, NULL, NULL, NULL),
(5986, 'KARAKAT', 1, 4, 28, 377, NULL, NULL, NULL),
(5987, 'KARUP', 1, 4, 28, 377, NULL, NULL, NULL),
(5988, 'KIRHI', 1, 4, 28, 377, NULL, NULL, NULL),
(5989, 'MOTHA', 1, 4, 28, 377, NULL, NULL, NULL),
(5990, 'MUNJI', 1, 4, 28, 377, NULL, NULL, NULL),
(5991, 'SAKLA', 1, 4, 28, 377, NULL, NULL, NULL),
(5992, 'SIKARIA', 1, 4, 28, 377, NULL, NULL, NULL),
(5993, 'SONBARSA', 1, 4, 28, 377, NULL, NULL, NULL),
(5994, 'AKORHI', 1, 4, 28, 378, NULL, NULL, NULL),
(5995, 'ARARUA', 1, 4, 28, 378, NULL, NULL, NULL),
(5996, 'BABHANI', 1, 4, 28, 378, NULL, NULL, NULL),
(5997, 'BAKSARA', 1, 4, 28, 378, NULL, NULL, NULL),
(5998, 'BARHARI', 1, 4, 28, 378, NULL, NULL, NULL),
(5999, 'BASDIHA', 1, 4, 28, 378, NULL, NULL, NULL),
(6000, 'BHOKHARI', 1, 4, 28, 378, NULL, NULL, NULL),
(6001, 'DUMRA', 1, 4, 28, 378, NULL, NULL, NULL),
(6002, 'KALYANPUR', 1, 4, 28, 378, NULL, NULL, NULL),
(6003, 'KARGAHAR', 1, 4, 28, 378, NULL, NULL, NULL),
(6004, 'KHAIRA SAHMAL', 1, 4, 28, 378, NULL, NULL, NULL),
(6005, 'KHARARI', 1, 4, 28, 378, NULL, NULL, NULL),
(6006, 'RAMPUR', 1, 4, 28, 378, NULL, NULL, NULL),
(6007, 'RIVAN', 1, 4, 28, 378, NULL, NULL, NULL),
(6008, 'RUPAITHA', 1, 4, 28, 378, NULL, NULL, NULL),
(6009, 'SAMARDIHA', 1, 4, 28, 378, NULL, NULL, NULL),
(6010, 'SEMRI', 1, 4, 28, 378, NULL, NULL, NULL),
(6011, 'SENDUWAR', 1, 4, 28, 378, NULL, NULL, NULL),
(6012, 'SIWAN', 1, 4, 28, 378, NULL, NULL, NULL),
(6013, 'THORSAN', 1, 4, 28, 378, NULL, NULL, NULL),
(6014, 'AGARSI DI', 1, 4, 28, 379, NULL, NULL, NULL),
(6015, 'BALTHARI', 1, 4, 28, 379, NULL, NULL, NULL),
(6016, 'CHITAINI', 1, 4, 28, 379, NULL, NULL, NULL),
(6017, 'CHITAON', 1, 4, 28, 379, NULL, NULL, NULL),
(6018, 'GARA', 1, 4, 28, 379, NULL, NULL, NULL),
(6019, 'KAPASIA', 1, 4, 28, 379, NULL, NULL, NULL),
(6020, 'KATHARAI', 1, 4, 28, 379, NULL, NULL, NULL),
(6021, 'KENJAR', 1, 4, 28, 379, NULL, NULL, NULL),
(6022, 'KOCHAS', 1, 4, 28, 379, NULL, NULL, NULL),
(6023, 'KUCHILA', 1, 4, 28, 379, NULL, NULL, NULL),
(6024, 'LAHERI', 1, 4, 28, 379, NULL, NULL, NULL),
(6025, 'NARWAR', 1, 4, 28, 379, NULL, NULL, NULL),
(6026, 'NAUWA', 1, 4, 28, 379, NULL, NULL, NULL),
(6027, 'RERIYA', 1, 4, 28, 379, NULL, NULL, NULL),
(6028, 'SARAIYA', 1, 4, 28, 379, NULL, NULL, NULL),
(6029, 'AMIAWAR', 1, 4, 28, 380, NULL, NULL, NULL),
(6030, 'ATIMI', 1, 4, 28, 380, NULL, NULL, NULL),
(6031, 'DEBHRI', 1, 4, 28, 380, NULL, NULL, NULL),
(6032, 'DHANAWAN', 1, 4, 28, 380, NULL, NULL, NULL),
(6033, 'ITAMHA', 1, 4, 28, 380, NULL, NULL, NULL),
(6034, 'KAITHI', 1, 4, 28, 380, NULL, NULL, NULL),
(6035, 'KHIRIAWAN', 1, 4, 28, 380, NULL, NULL, NULL),
(6036, 'MANGRAWAN', 1, 4, 28, 380, NULL, NULL, NULL),
(6037, 'PANRURI', 1, 4, 28, 380, NULL, NULL, NULL),
(6038, 'PARASIA', 1, 4, 28, 380, NULL, NULL, NULL),
(6039, 'PAUNI', 1, 4, 28, 380, NULL, NULL, NULL),
(6040, 'POKHARAHA', 1, 4, 28, 380, NULL, NULL, NULL),
(6041, 'BHADARA', 1, 4, 28, 381, NULL, NULL, NULL),
(6042, 'DARANAGAR', 1, 4, 28, 381, NULL, NULL, NULL),
(6043, 'JADUNATIPUR', 1, 4, 28, 381, NULL, NULL, NULL),
(6044, 'JAITAIPUR', 1, 4, 28, 381, NULL, NULL, NULL),
(6045, 'NAUHATTA', 1, 4, 28, 381, NULL, NULL, NULL),
(6046, 'PIPRADIH', 1, 4, 28, 381, NULL, NULL, NULL),
(6047, 'SAHPUR', 1, 4, 28, 381, NULL, NULL, NULL),
(6048, 'TIARA KHU', 1, 4, 28, 381, NULL, NULL, NULL),
(6049, 'TILOKHAR', 1, 4, 28, 381, NULL, NULL, NULL),
(6050, 'TIURA', 1, 4, 28, 381, NULL, NULL, NULL),
(6051, 'ULI BANAH', 1, 4, 28, 381, NULL, NULL, NULL),
(6052, 'CHANKI', 1, 4, 28, 382, NULL, NULL, NULL),
(6053, 'CHHATAUNA', 1, 4, 28, 382, NULL, NULL, NULL),
(6054, 'DAKSHANI BARAW', 1, 4, 28, 382, NULL, NULL, NULL),
(6055, 'DHARAMPUR', 1, 4, 28, 382, NULL, NULL, NULL),
(6056, 'GHUSIA', 1, 4, 28, 382, NULL, NULL, NULL),
(6057, 'HATHANI', 1, 4, 28, 382, NULL, NULL, NULL),
(6058, 'KADWAN', 1, 4, 28, 382, NULL, NULL, NULL),
(6059, 'KURI', 1, 4, 28, 382, NULL, NULL, NULL),
(6060, 'MAUDIHA', 1, 4, 28, 382, NULL, NULL, NULL),
(6061, 'NONSARI', 1, 4, 28, 382, NULL, NULL, NULL),
(6062, 'SIRKHINDA', 1, 4, 28, 382, NULL, NULL, NULL),
(6063, 'SISIRTA', 1, 4, 28, 382, NULL, NULL, NULL),
(6064, 'SOTAWAN', 1, 4, 28, 382, NULL, NULL, NULL),
(6065, 'UTRI BARA', 1, 4, 28, 382, NULL, NULL, NULL),
(6066, 'BARANA', 1, 4, 28, 383, NULL, NULL, NULL),
(6067, 'BARAON', 1, 4, 28, 383, NULL, NULL, NULL),
(6068, 'MANGRAULI', 1, 4, 28, 383, NULL, NULL, NULL),
(6069, 'PARARIYA', 1, 4, 28, 383, NULL, NULL, NULL),
(6070, 'RAJANDIH', 1, 4, 28, 383, NULL, NULL, NULL),
(6071, 'RAJPUR', 1, 4, 28, 383, NULL, NULL, NULL),
(6072, 'ROTWAN', 1, 4, 28, 383, NULL, NULL, NULL),
(6073, 'SIYAWAK', 1, 4, 28, 383, NULL, NULL, NULL),
(6074, 'AKBARPUR', 1, 4, 28, 384, NULL, NULL, NULL),
(6075, 'BAKNAUR', 1, 4, 28, 384, NULL, NULL, NULL),
(6076, 'BANJARI', 1, 4, 28, 384, NULL, NULL, NULL),
(6077, 'NAWADIH', 1, 4, 28, 384, NULL, NULL, NULL),
(6078, 'RASULPUR', 1, 4, 28, 384, NULL, NULL, NULL),
(6079, 'ROHTAS', 1, 4, 28, 384, NULL, NULL, NULL),
(6080, 'SAMHUTA', 1, 4, 28, 384, NULL, NULL, NULL),
(6081, 'TELKAP', 1, 4, 28, 384, NULL, NULL, NULL),
(6082, 'TUMBA', 1, 4, 28, 384, NULL, NULL, NULL),
(6083, 'UCHAILA', 1, 4, 28, 384, NULL, NULL, NULL),
(6084, 'AMAITHI', 1, 4, 28, 385, NULL, NULL, NULL),
(6085, 'CHANDI EN', 1, 4, 28, 385, NULL, NULL, NULL),
(6086, 'KARMAINI', 1, 4, 28, 385, NULL, NULL, NULL),
(6087, 'MANJHOULI', 1, 4, 28, 385, NULL, NULL, NULL),
(6088, 'SANJHOULI', 1, 4, 28, 385, NULL, NULL, NULL),
(6089, 'UDAIPUR', 1, 4, 28, 385, NULL, NULL, NULL),
(6090, 'AKASI', 1, 4, 28, 386, NULL, NULL, NULL),
(6091, 'AMARI', 1, 4, 28, 386, NULL, NULL, NULL),
(6092, 'BELARHI', 1, 4, 28, 386, NULL, NULL, NULL),
(6093, 'BHADOKHAR', 1, 4, 28, 386, NULL, NULL, NULL),
(6094, 'DARIGAWA', 1, 4, 28, 386, NULL, NULL, NULL),
(6095, 'DHANKARHA', 1, 4, 28, 386, NULL, NULL, NULL),
(6096, 'DHAUDARH', 1, 4, 28, 386, NULL, NULL, NULL),
(6097, 'GANSADIH', 1, 4, 28, 386, NULL, NULL, NULL),
(6098, 'KARSERUA', 1, 4, 28, 386, NULL, NULL, NULL),
(6099, 'KARUP', 1, 4, 28, 386, NULL, NULL, NULL),
(6100, 'KARWANDIY', 1, 4, 28, 386, NULL, NULL, NULL),
(6101, 'MOHADDIGANJ', 1, 4, 28, 386, NULL, NULL, NULL),
(6102, 'MOKAR', 1, 4, 28, 386, NULL, NULL, NULL),
(6103, 'MURADABAD', 1, 4, 28, 386, NULL, NULL, NULL),
(6104, 'NAHAUNA', 1, 4, 28, 386, NULL, NULL, NULL),
(6105, 'RAMPUR', 1, 4, 28, 386, NULL, NULL, NULL),
(6106, 'SAMARDIHA', 1, 4, 28, 386, NULL, NULL, NULL),
(6107, 'SIKARIA', 1, 4, 28, 386, NULL, NULL, NULL),
(6108, 'UCHITPUR', 1, 4, 28, 386, NULL, NULL, NULL),
(6109, 'ALAMPUR', 1, 4, 28, 387, NULL, NULL, NULL),
(6110, 'DUMARI', 1, 4, 28, 387, NULL, NULL, NULL),
(6111, 'KARUP', 1, 4, 28, 387, NULL, NULL, NULL),
(6112, 'KONAR', 1, 4, 28, 387, NULL, NULL, NULL),
(6113, 'KONKI', 1, 4, 28, 387, NULL, NULL, NULL),
(6114, 'KUMAHU', 1, 4, 28, 387, NULL, NULL, NULL),
(6115, 'MOHAMMADP', 1, 4, 28, 387, NULL, NULL, NULL),
(6116, 'NAD', 1, 4, 28, 387, NULL, NULL, NULL),
(6117, 'PARARI', 1, 4, 28, 387, NULL, NULL, NULL),
(6118, 'PATARHI', 1, 4, 28, 387, NULL, NULL, NULL),
(6119, 'RAIPUR CHOR', 1, 4, 28, 387, NULL, NULL, NULL),
(6120, 'SHEOSAGAR', 1, 4, 28, 387, NULL, NULL, NULL),
(6121, 'SIKRAUR', 1, 4, 28, 387, NULL, NULL, NULL),
(6122, 'SILARI', 1, 4, 28, 387, NULL, NULL, NULL),
(6123, 'SONAHAR', 1, 4, 28, 387, NULL, NULL, NULL),
(6124, 'ULOH', 1, 4, 28, 387, NULL, NULL, NULL),
(6125, 'AGRER KAL', 1, 4, 28, 388, NULL, NULL, NULL),
(6126, 'BALIHAR', 1, 4, 28, 388, NULL, NULL, NULL),
(6127, 'GOSALDIH', 1, 4, 28, 388, NULL, NULL, NULL),
(6128, 'SHIWA BAH', 1, 4, 28, 388, NULL, NULL, NULL),
(6129, 'SURAJPURA', 1, 4, 28, 388, NULL, NULL, NULL),
(6130, 'BHADOKHAR', 1, 4, 28, 389, NULL, NULL, NULL),
(6131, 'CHANDANPURA', 1, 4, 28, 389, NULL, NULL, NULL),
(6132, 'CHITOULI', 1, 4, 28, 389, NULL, NULL, NULL),
(6133, 'HURKA', 1, 4, 28, 389, NULL, NULL, NULL),
(6134, 'INDRAPURI', 1, 4, 28, 389, NULL, NULL, NULL),
(6135, 'KERPA', 1, 4, 28, 389, NULL, NULL, NULL),
(6136, 'RAMDIHARA', 1, 4, 28, 389, NULL, NULL, NULL),
(6137, 'SARAIYAN', 1, 4, 28, 389, NULL, NULL, NULL),
(6138, 'SEWAHI', 1, 4, 28, 389, NULL, NULL, NULL),
(6139, 'TILOUTHU (EAST)', 1, 4, 28, 389, NULL, NULL, NULL),
(6140, 'TILOUTHU( WEST', 1, 4, 28, 389, NULL, NULL, NULL),
(6141, 'ALANI', 1, 4, 29, 390, NULL, NULL, NULL),
(6142, 'CHANAN', 1, 4, 29, 390, NULL, NULL, NULL),
(6143, 'GORDAH', 1, 4, 29, 390, NULL, NULL, NULL),
(6144, 'HAREBA', 1, 4, 29, 390, NULL, NULL, NULL),
(6145, 'KABIRA', 1, 4, 29, 390, NULL, NULL, NULL),
(6146, 'KOPARYA', 1, 4, 29, 390, NULL, NULL, NULL),
(6147, 'MUBARAKPUR', 1, 4, 29, 390, NULL, NULL, NULL),
(6148, 'SALKHUA', 1, 4, 29, 390, NULL, NULL, NULL),
(6149, 'SAMHAR KHURD', 1, 4, 29, 390, NULL, NULL, NULL),
(6150, 'SITUAHA', 1, 4, 29, 390, NULL, NULL, NULL),
(6151, 'UTESRA', 1, 4, 29, 390, NULL, NULL, NULL),
(6152, 'BAGHWA', 1, 4, 29, 391, NULL, NULL, NULL),
(6153, 'BELWARA', 1, 4, 29, 391, NULL, NULL, NULL),
(6154, 'BHAKHTIYARPUR', 1, 4, 29, 391, NULL, NULL, NULL),
(6155, 'BHATONI', 1, 4, 29, 391, NULL, NULL, NULL),
(6156, 'CHAKBHARO', 1, 4, 29, 391, NULL, NULL, NULL),
(6157, 'DHANPURA', 1, 4, 29, 391, NULL, NULL, NULL),
(6158, 'GHOGHESAM', 1, 4, 29, 391, NULL, NULL, NULL),
(6159, 'KANTHO', 1, 4, 29, 391, NULL, NULL, NULL),
(6160, 'KATHDUMAR', 1, 4, 29, 391, NULL, NULL, NULL),
(6161, 'KHAJURI', 1, 4, 29, 391, NULL, NULL, NULL),
(6162, 'KHAMAUTI', 1, 4, 29, 391, NULL, NULL, NULL),
(6163, 'MAHKHAR', 1, 4, 29, 391, NULL, NULL, NULL),
(6164, 'MAHMADPUR', 1, 4, 29, 391, NULL, NULL, NULL),
(6165, 'MOHANPUR', 1, 4, 29, 391, NULL, NULL, NULL),
(6166, 'PAHARPUR', 1, 4, 29, 391, NULL, NULL, NULL),
(6167, 'RAIPURA', 1, 4, 29, 391, NULL, NULL, NULL),
(6168, 'SARAUJA', 1, 4, 29, 391, NULL, NULL, NULL),
(6169, 'SARDIHA', 1, 4, 29, 391, NULL, NULL, NULL),
(6170, 'SIMRI', 1, 4, 29, 391, NULL, NULL, NULL),
(6171, 'SIMRI BHAKHTIYARPUR', 1, 4, 29, 391, NULL, NULL, NULL),
(6172, 'SITANABAD NORTH', 1, 4, 29, 391, NULL, NULL, NULL),
(6173, 'SITANABAD SOUTH', 1, 4, 29, 391, NULL, NULL, NULL),
(6174, 'SONPURA', 1, 4, 29, 391, NULL, NULL, NULL),
(6175, 'TARYAMA', 1, 4, 29, 391, NULL, NULL, NULL),
(6176, 'GORDAH', 1, 4, 29, 392, NULL, NULL, NULL),
(6177, 'ITAHRI', 1, 4, 29, 392, NULL, NULL, NULL),
(6178, 'JAMAL NAGAR', 1, 4, 29, 392, NULL, NULL, NULL),
(6179, 'MAHARAS', 1, 4, 29, 392, NULL, NULL, NULL),
(6180, 'RASALPUR', 1, 4, 29, 392, NULL, NULL, NULL),
(6181, 'SAHURIA', 1, 4, 29, 392, NULL, NULL, NULL),
(6182, 'SARVELA', 1, 4, 29, 392, NULL, NULL, NULL),
(6183, 'AMARPUR', 1, 4, 29, 393, NULL, NULL, NULL),
(6184, 'BALAHAPATTI', 1, 4, 29, 393, NULL, NULL, NULL),
(6185, 'BANGAUN (EAST)', 1, 4, 29, 393, NULL, NULL, NULL),
(6186, 'BANGAUN NORTH', 1, 4, 29, 393, NULL, NULL, NULL),
(6187, 'BANGAUN SOUTH', 1, 4, 29, 393, NULL, NULL, NULL),
(6188, 'BARIAHA', 1, 4, 29, 393, NULL, NULL, NULL),
(6189, 'CHAINPUR', 1, 4, 29, 393, NULL, NULL, NULL),
(6190, 'DIWARI', 1, 4, 29, 393, NULL, NULL, NULL),
(6191, 'MOHANPUR', 1, 4, 29, 393, NULL, NULL, NULL),
(6192, 'MURLI BASANTPUR', 1, 4, 29, 393, NULL, NULL, NULL),
(6193, 'NARIYAR', 1, 4, 29, 393, NULL, NULL, NULL),
(6194, 'PARRI', 1, 4, 29, 393, NULL, NULL, NULL),
(6195, 'PATUAHA', 1, 4, 29, 393, NULL, NULL, NULL),
(6196, 'SIRADAIEPATTI', 1, 4, 29, 393, NULL, NULL, NULL),
(6197, 'SULINDABAD', 1, 4, 29, 393, NULL, NULL, NULL),
(6198, 'AEINA', 1, 4, 29, 394, NULL, NULL, NULL),
(6199, 'ARAPATTI', 1, 4, 29, 394, NULL, NULL, NULL),
(6200, 'BAGHWA', 1, 4, 29, 394, NULL, NULL, NULL),
(6201, 'BHALAHI', 1, 4, 29, 394, NULL, NULL, NULL),
(6202, 'BIRGAUN', 1, 4, 29, 394, NULL, NULL, NULL),
(6203, 'GHOGHEPUR', 1, 4, 29, 394, NULL, NULL, NULL),
(6204, 'JHARA', 1, 4, 29, 394, NULL, NULL, NULL),
(6205, 'KUNDAH', 1, 4, 29, 394, NULL, NULL, NULL),
(6206, 'MAHESHI NORTH', 1, 4, 29, 394, NULL, NULL, NULL),
(6207, 'MAHESHI SOUTH', 1, 4, 29, 394, NULL, NULL, NULL),
(6208, 'MAHISARHO', 1, 4, 29, 394, NULL, NULL, NULL),
(6209, 'MANWAR', 1, 4, 29, 394, NULL, NULL, NULL),
(6210, 'NAHARWAR', 1, 4, 29, 394, NULL, NULL, NULL),
(6211, 'PASTPAR', 1, 4, 29, 394, NULL, NULL, NULL),
(6212, 'RAJANPUR', 1, 4, 29, 394, NULL, NULL, NULL),
(6213, 'SIRWAR', 1, 4, 29, 394, NULL, NULL, NULL),
(6214, 'TELHAR', 1, 4, 29, 394, NULL, NULL, NULL),
(6215, 'TELWA (EAST)', 1, 4, 29, 394, NULL, NULL, NULL),
(6216, 'TELWA WEST', 1, 4, 29, 394, NULL, NULL, NULL),
(6217, 'BAKUNIA', 1, 4, 29, 395, NULL, NULL, NULL),
(6218, 'CHANDRAYAN', 1, 4, 29, 395, NULL, NULL, NULL),
(6219, 'DARHAR', 1, 4, 29, 395, NULL, NULL, NULL),
(6220, 'HATI', 1, 4, 29, 395, NULL, NULL, NULL),
(6221, 'KASHIMPUR', 1, 4, 29, 395, NULL, NULL, NULL),
(6222, 'KEDLI', 1, 4, 29, 395, NULL, NULL, NULL),
(6223, 'KHARKA TELWA', 1, 4, 29, 395, NULL, NULL, NULL),
(6224, 'MOHANPUR', 1, 4, 29, 395, NULL, NULL, NULL),
(6225, 'MURADPUR', 1, 4, 29, 395, NULL, NULL, NULL),
(6226, 'NAUHATTA (EAST)', 1, 4, 29, 395, NULL, NULL, NULL),
(6227, 'NAUHATTA WEST', 1, 4, 29, 395, NULL, NULL, NULL),
(6228, 'NAULA', 1, 4, 29, 395, NULL, NULL, NULL),
(6229, 'SAHPUR', 1, 4, 29, 395, NULL, NULL, NULL),
(6230, 'SATTAUR', 1, 4, 29, 395, NULL, NULL, NULL),
(6231, 'BISHANPUR', 1, 4, 29, 396, NULL, NULL, NULL),
(6232, 'DHABAULI (EAST)', 1, 4, 29, 396, NULL, NULL, NULL),
(6233, 'DHABAULI SOUTH', 1, 4, 29, 396, NULL, NULL, NULL),
(6234, 'DHABAULI WEST', 1, 4, 29, 396, NULL, NULL, NULL),
(6235, 'GOLMA (EAST)', 1, 4, 29, 396, NULL, NULL, NULL),
(6236, 'GOLMA WEST', 1, 4, 29, 396, NULL, NULL, NULL),
(6237, 'JAMHARA', 1, 4, 29, 396, NULL, NULL, NULL),
(6238, 'KISHANPUR', 1, 4, 29, 396, NULL, NULL, NULL),
(6239, 'PAMA', 1, 4, 29, 396, NULL, NULL, NULL),
(6240, 'PASTPAR', 1, 4, 29, 396, NULL, NULL, NULL),
(6241, 'PATARGHAT', 1, 4, 29, 396, NULL, NULL, NULL),
(6242, 'BARA', 1, 4, 29, 397, NULL, NULL, NULL),
(6243, 'BARAHSER', 1, 4, 29, 397, NULL, NULL, NULL),
(6244, 'BHELWA', 1, 4, 29, 397, NULL, NULL, NULL),
(6245, 'BIHRA', 1, 4, 29, 397, NULL, NULL, NULL),
(6246, 'BIJALPUR', 1, 4, 29, 397, NULL, NULL, NULL),
(6247, 'BISHANPUR', 1, 4, 29, 397, NULL, NULL, NULL),
(6248, 'OKAHI', 1, 4, 29, 397, NULL, NULL, NULL),
(6249, 'PANCHGACHHIA', 1, 4, 29, 397, NULL, NULL, NULL),
(6250, 'PATORI', 1, 4, 29, 397, NULL, NULL, NULL),
(6251, 'PURIKH', 1, 4, 29, 397, NULL, NULL, NULL),
(6252, 'RAKIYA', 1, 4, 29, 397, NULL, NULL, NULL),
(6253, 'SATTAR', 1, 4, 29, 397, NULL, NULL, NULL),
(6254, 'SHAHPUR', 1, 4, 29, 397, NULL, NULL, NULL),
(6255, 'SIHAUL', 1, 4, 29, 397, NULL, NULL, NULL),
(6256, 'AJGEBA', 1, 4, 29, 398, NULL, NULL, NULL),
(6257, 'BAIDHNATHPUR', 1, 4, 29, 398, NULL, NULL, NULL),
(6258, 'CHANDOUR', 1, 4, 29, 398, NULL, NULL, NULL),
(6259, 'CHANDOUR (EAST)', 1, 4, 29, 398, NULL, NULL, NULL),
(6260, 'GAMHARIYA', 1, 4, 29, 398, NULL, NULL, NULL),
(6261, 'KANP WEST', 1, 4, 29, 398, NULL, NULL, NULL),
(6262, 'KANP WEST', 1, 4, 29, 398, NULL, NULL, NULL),
(6263, 'KARHAIYA', 1, 4, 29, 398, NULL, NULL, NULL),
(6264, 'KHAJURI', 1, 4, 29, 398, NULL, NULL, NULL),
(6265, 'NADO', 1, 4, 29, 398, NULL, NULL, NULL),
(6266, 'RAMPUR', 1, 4, 29, 398, NULL, NULL, NULL),
(6267, 'RAUTA', 1, 4, 29, 398, NULL, NULL, NULL),
(6268, 'SAHURIYA (EAST)', 1, 4, 29, 398, NULL, NULL, NULL),
(6269, 'SAHURIYA WEST', 1, 4, 29, 398, NULL, NULL, NULL),
(6270, 'SOUR BAZAR', 1, 4, 29, 398, NULL, NULL, NULL),
(6271, 'SUHATH', 1, 4, 29, 398, NULL, NULL, NULL),
(6272, 'TIRI', 1, 4, 29, 398, NULL, NULL, NULL),
(6273, 'ATALKHA', 1, 4, 29, 399, NULL, NULL, NULL),
(6274, 'BAITH MUSAHHARI', 1, 4, 29, 399, NULL, NULL, NULL),
(6275, 'BARAITH', 1, 4, 29, 399, NULL, NULL, NULL),
(6276, 'BARGAUN', 1, 4, 29, 399, NULL, NULL, NULL),
(6277, 'BARSAM', 1, 4, 29, 399, NULL, NULL, NULL),
(6278, 'BIRATPURPAITA', 1, 4, 29, 399, NULL, NULL, NULL),
(6279, 'DEHAD', 1, 4, 29, 399, NULL, NULL, NULL),
(6280, 'KASHNAGAR', 1, 4, 29, 399, NULL, NULL, NULL),
(6281, 'KHAJURAHA', 1, 4, 29, 399, NULL, NULL, NULL),
(6282, 'KOPA', 1, 4, 29, 399, NULL, NULL, NULL),
(6283, 'LAGMA', 1, 4, 29, 399, NULL, NULL, NULL),
(6284, 'MAHUA NORTH', 1, 4, 29, 399, NULL, NULL, NULL),
(6285, 'MANGWAR', 1, 4, 29, 399, NULL, NULL, NULL),
(6286, 'MOKMA', 1, 4, 29, 399, NULL, NULL, NULL),
(6287, 'PARARIA', 1, 4, 29, 399, NULL, NULL, NULL),
(6288, 'RAGHUNATHPUR', 1, 4, 29, 399, NULL, NULL, NULL),
(6289, 'SAHPUR', 1, 4, 29, 399, NULL, NULL, NULL),
(6290, 'SAHSAUL', 1, 4, 29, 399, NULL, NULL, NULL),
(6291, 'SARAUNI MADHEPURA', 1, 4, 29, 399, NULL, NULL, NULL),
(6292, 'SOHA', 1, 4, 29, 399, NULL, NULL, NULL),
(6293, 'SONBARSA', 1, 4, 29, 399, NULL, NULL, NULL),
(6294, 'BAHADURPUR PATORI', 1, 4, 30, 400, NULL, NULL, NULL),
(6295, 'CHAKSAHO', 1, 4, 30, 400, NULL, NULL, NULL),
(6296, 'CHAKSALEM', 1, 4, 30, 400, NULL, NULL, NULL),
(6297, 'DARBA', 1, 4, 30, 400, NULL, NULL, NULL),
(6298, 'HARPUR SAIDABAD', 1, 4, 30, 400, NULL, NULL, NULL),
(6299, 'IMANSARAI', 1, 4, 30, 400, NULL, NULL, NULL),
(6300, 'RUPAULI', 1, 4, 30, 400, NULL, NULL, NULL),
(6301, 'SEORA', 1, 4, 30, 400, NULL, NULL, NULL),
(6302, 'DAKSHINI DHAMAUN', 1, 4, 30, 400, NULL, NULL, NULL),
(6303, 'HASANPUR SURAT', 1, 4, 30, 400, NULL, NULL, NULL),
(6304, 'HETTANPUR', 1, 4, 30, 400, NULL, NULL, NULL),
(6305, 'INAYATPUR', 1, 4, 30, 400, NULL, NULL, NULL),
(6306, 'JORPURA', 1, 4, 30, 400, NULL, NULL, NULL),
(6307, 'SHAHPUR UNDI', 1, 4, 30, 400, NULL, NULL, NULL),
(6308, 'SIRDILPUR SUPAUL', 1, 4, 30, 400, NULL, NULL, NULL),
(6309, 'TARA DHAMAUN', 1, 4, 30, 400, NULL, NULL, NULL),
(6310, 'UTTRI DHAMAUN', 1, 4, 30, 400, NULL, NULL, NULL),
(6311, 'ALAMPUR KODARIA', 1, 4, 30, 401, NULL, NULL, NULL),
(6312, 'BAJITPUR BAMBAIYA', 1, 4, 30, 401, NULL, NULL, NULL),
(6313, 'BELSANDI TARA', 1, 4, 30, 401, NULL, NULL, NULL),
(6314, 'BHARPURA PATPARA', 1, 4, 30, 401, NULL, NULL, NULL),
(6315, 'BHUSWAR', 1, 4, 30, 401, NULL, NULL, NULL),
(6316, 'BIBHUTIPUR (EAST)', 1, 4, 30, 401, NULL, NULL, NULL),
(6317, 'BIBHUTIPUR NORTH', 1, 4, 30, 401, NULL, NULL, NULL),
(6318, 'BORIA', 1, 4, 30, 401, NULL, NULL, NULL),
(6319, 'CHAKHABIB', 1, 4, 30, 401, NULL, NULL, NULL),
(6320, 'CHORA TABHAKA', 1, 4, 30, 401, NULL, NULL, NULL),
(6321, 'DESHARI KARRAKH', 1, 4, 30, 401, NULL, NULL, NULL),
(6322, 'GANGOLI MANDA', 1, 4, 30, 401, NULL, NULL, NULL),
(6323, 'KALYANPUR NORTH', 1, 4, 30, 401, NULL, NULL, NULL),
(6324, 'KALYANPUR SOUTH', 1, 4, 30, 401, NULL, NULL, NULL),
(6325, 'KERAI', 1, 4, 30, 401, NULL, NULL, NULL),
(6326, 'KHAS TABHAKA NORTH', 1, 4, 30, 401, NULL, NULL, NULL),
(6327, 'KHAS TABHAKA SOUTH', 1, 4, 30, 401, NULL, NULL, NULL),
(6328, 'MAHATHI NORTH', 1, 4, 30, 401, NULL, NULL, NULL),
(6329, 'MAHATHI SOUTH', 1, 4, 30, 401, NULL, NULL, NULL),
(6330, 'MEHASHI', 1, 4, 30, 401, NULL, NULL, NULL),
(6331, 'MUHAMMADPUR SAKRA', 1, 4, 30, 401, NULL, NULL, NULL),
(6332, 'MUSTAFAPUR', 1, 4, 30, 401, NULL, NULL, NULL),
(6333, 'NARHAN', 1, 4, 30, 401, NULL, NULL, NULL),
(6334, 'PATAILIYA', 1, 4, 30, 401, NULL, NULL, NULL),
(6335, 'SAKH MOHAN', 1, 4, 30, 401, NULL, NULL, NULL),
(6336, 'SINGHIA BUJURG NORTH', 1, 4, 30, 401, NULL, NULL, NULL),
(6337, 'SINGHIA BUJURG SOUTH', 1, 4, 30, 401, NULL, NULL, NULL),
(6338, 'SURAULI', 1, 4, 30, 401, NULL, NULL, NULL),
(6339, 'TABHAKA', 1, 4, 30, 401, NULL, NULL, NULL),
(6340, 'BELSANDI', 1, 4, 30, 402, NULL, NULL, NULL),
(6341, 'BITHAN', 1, 4, 30, 402, NULL, NULL, NULL),
(6342, 'JAGMOHRA', 1, 4, 30, 402, NULL, NULL, NULL),
(6343, 'KARANCHI', 1, 4, 30, 402, NULL, NULL, NULL),
(6344, 'MARTHUA', 1, 4, 30, 402, NULL, NULL, NULL),
(6345, 'NARPA', 1, 4, 30, 402, NULL, NULL, NULL),
(6346, 'PUSAHO', 1, 4, 30, 402, NULL, NULL, NULL),
(6347, 'SAKHWA', 1, 4, 30, 402, NULL, NULL, NULL),
(6348, 'SALHA BUJURG', 1, 4, 30, 402, NULL, NULL, NULL),
(6349, 'SALHA CHANDAN', 1, 4, 30, 402, NULL, NULL, NULL),
(6350, 'SIHMA', 1, 4, 30, 402, NULL, NULL, NULL),
(6351, 'SOHMA', 1, 4, 30, 402, NULL, NULL, NULL),
(6352, 'UJAN', 1, 4, 30, 402, NULL, NULL, NULL),
(6353, 'AJNAUL', 1, 4, 30, 403, NULL, NULL, NULL),
(6354, 'BAMBAIYA HARLAL', 1, 4, 30, 403, NULL, NULL, NULL),
(6355, 'BASARIYA', 1, 4, 30, 403, NULL, NULL, NULL),
(6356, 'BULAKIPUR', 1, 4, 30, 403, NULL, NULL, NULL),
(6357, 'CHAKBAHUDDIN', 1, 4, 30, 403, NULL, NULL, NULL),
(6358, 'HARISHANKARPUR', 1, 4, 30, 403, NULL, NULL, NULL),
(6359, 'KAMRAWN', 1, 4, 30, 403, NULL, NULL, NULL),
(6360, 'KEWANTA', 1, 4, 30, 403, NULL, NULL, NULL),
(6361, 'MALPUR PURWARIPATTI', 1, 4, 30, 403, NULL, NULL, NULL),
(6362, 'MOKHTIYARPUR SALKHANI', 1, 4, 30, 403, NULL, NULL, NULL),
(6363, 'NAGARGAMA', 1, 4, 30, 403, NULL, NULL, NULL),
(6364, 'NAWADA', 1, 4, 30, 403, NULL, NULL, NULL),
(6365, 'PAGRA', 1, 4, 30, 403, NULL, NULL, NULL),
(6366, 'PANR', 1, 4, 30, 403, NULL, NULL, NULL),
(6367, 'RAMPUR JALALPUR', 1, 4, 30, 403, NULL, NULL, NULL),
(6368, 'SULTANPUR GHATAHO', 1, 4, 30, 403, NULL, NULL, NULL),
(6369, 'AHILWAR', 1, 4, 30, 404, NULL, NULL, NULL),
(6370, 'AURA', 1, 4, 30, 404, NULL, NULL, NULL),
(6371, 'BARGAON', 1, 4, 30, 404, NULL, NULL, NULL),
(6372, 'BHATWAN', 1, 4, 30, 404, NULL, NULL, NULL),
(6373, 'DEODHA', 1, 4, 30, 404, NULL, NULL, NULL),
(6374, 'DEVRA', 1, 4, 30, 404, NULL, NULL, NULL),
(6375, 'DUDHPURA', 1, 4, 30, 404, NULL, NULL, NULL),
(6376, 'HASANPUR', 1, 4, 30, 404, NULL, NULL, NULL),
(6377, 'MANGALGARH', 1, 4, 30, 404, NULL, NULL, NULL),
(6378, 'MARANCHI UJAGAR', 1, 4, 30, 404, NULL, NULL, NULL),
(6379, 'MAUJI', 1, 4, 30, 404, NULL, NULL, NULL),
(6380, 'NAKUNI', 1, 4, 30, 404, NULL, NULL, NULL),
(6381, 'NAYANAGAR', 1, 4, 30, 404, NULL, NULL, NULL),
(6382, 'PARIDAH', 1, 4, 30, 404, NULL, NULL, NULL),
(6383, 'PARORIYA', 1, 4, 30, 404, NULL, NULL, NULL),
(6384, 'PHULHARA', 1, 4, 30, 404, NULL, NULL, NULL),
(6385, 'RAMPUR', 1, 4, 30, 404, NULL, NULL, NULL),
(6386, 'SAKARPURA', 1, 4, 30, 404, NULL, NULL, NULL),
(6387, 'SHASHAN', 1, 4, 30, 404, NULL, NULL, NULL),
(6388, 'SURHA BASANTPUR', 1, 4, 30, 404, NULL, NULL, NULL),
(6389, 'AJNA', 1, 4, 30, 405, NULL, NULL, NULL),
(6390, 'BARHETA', 1, 4, 30, 405, NULL, NULL, NULL),
(6391, 'BASUDEOPUR', 1, 4, 30, 405, NULL, NULL, NULL),
(6392, 'BELSANDI', 1, 4, 30, 405, NULL, NULL, NULL),
(6393, 'BHAGIRATHPUR', 1, 4, 30, 405, NULL, NULL, NULL),
(6394, 'BIRSINUR', 1, 4, 30, 405, NULL, NULL, NULL),
(6395, 'CHAKMEHSI', 1, 4, 30, 405, NULL, NULL, NULL),
(6396, 'DHRUBGAMA', 1, 4, 30, 405, NULL, NULL, NULL),
(6397, 'GOBINDPUR KHAJURI', 1, 4, 30, 405, NULL, NULL, NULL),
(6398, 'GOPALPUR', 1, 4, 30, 405, NULL, NULL, NULL),
(6399, 'KALYANPUR', 1, 4, 30, 405, NULL, NULL, NULL),
(6400, 'KHARSAND (EAST)', 1, 4, 30, 405, NULL, NULL, NULL),
(6401, 'KHARSAND WEST', 1, 4, 30, 405, NULL, NULL, NULL),
(6402, 'KUDHWA', 1, 4, 30, 405, NULL, NULL, NULL),
(6403, 'LADNIA', 1, 4, 30, 405, NULL, NULL, NULL),
(6404, 'MUKTAPUR', 1, 4, 30, 405, NULL, NULL, NULL),
(6405, 'NAMAPUR', 1, 4, 30, 405, NULL, NULL, NULL),
(6406, 'PURUSHOTTAMPUR', 1, 4, 30, 405, NULL, NULL, NULL),
(6407, 'RAM BHADRAPUR', 1, 4, 30, 405, NULL, NULL, NULL),
(6408, 'RATABARA', 1, 4, 30, 405, NULL, NULL, NULL),
(6409, 'SEMARIYA BHINDI', 1, 4, 30, 405, NULL, NULL, NULL),
(6410, 'TERA', 1, 4, 30, 405, NULL, NULL, NULL),
(6411, 'GORAI', 1, 4, 30, 405, NULL, NULL, NULL),
(6412, 'HAJPURWA', 1, 4, 30, 405, NULL, NULL, NULL),
(6413, 'JITWARIA', 1, 4, 30, 405, NULL, NULL, NULL),
(6414, 'KALOJAR', 1, 4, 30, 405, NULL, NULL, NULL),
(6415, 'MADHURAPUR', 1, 4, 30, 405, NULL, NULL, NULL),
(6416, 'MALINAGAR', 1, 4, 30, 405, NULL, NULL, NULL),
(6417, 'SAIDPUR', 1, 4, 30, 405, NULL, NULL, NULL),
(6418, 'SOMNAHA', 1, 4, 30, 405, NULL, NULL, NULL),
(6419, 'SORMAR', 1, 4, 30, 405, NULL, NULL, NULL),
(6420, 'DINMANPUR DAKSHIN', 1, 4, 30, 406, NULL, NULL, NULL),
(6421, 'DINMANPUR UTTAR', 1, 4, 30, 406, NULL, NULL, NULL),
(6422, 'HANSOPUR', 1, 4, 30, 406, NULL, NULL, NULL),
(6423, 'KHANPUR DAKSHIN', 1, 4, 30, 406, NULL, NULL, NULL),
(6424, 'KHANPUR UTTAR', 1, 4, 30, 406, NULL, NULL, NULL),
(6425, 'REBRA', 1, 4, 30, 406, NULL, NULL, NULL),
(6426, 'SADIPUR', 1, 4, 30, 406, NULL, NULL, NULL),
(6427, 'SRIPUR GAHAR PASCHIM', 1, 4, 30, 406, NULL, NULL, NULL),
(6428, 'SRIPUR GAHAR PURBI', 1, 4, 30, 406, NULL, NULL, NULL),
(6429, 'BACHAWLI', 1, 4, 30, 406, NULL, NULL, NULL),
(6430, 'BHORE JAYRAM', 1, 4, 30, 406, NULL, NULL, NULL),
(6431, 'BISHANPUR', 1, 4, 30, 406, NULL, NULL, NULL),
(6432, 'JAHANGIRPUR', 1, 4, 30, 406, NULL, NULL, NULL),
(6433, 'KANUBISHANPUR', 1, 4, 30, 406, NULL, NULL, NULL),
(6434, 'KHAIRI', 1, 4, 30, 406, NULL, NULL, NULL),
(6435, 'NATHUDWAR', 1, 4, 30, 406, NULL, NULL, NULL),
(6436, 'PUROSHOTTAMPUR ANNU', 1, 4, 30, 406, NULL, NULL, NULL),
(6437, 'SHIVAISINUR', 1, 4, 30, 406, NULL, NULL, NULL),
(6438, 'SOBHAN', 1, 4, 30, 406, NULL, NULL, NULL),
(6439, 'BAGHRA', 1, 4, 30, 407, NULL, NULL, NULL),
(6440, 'BISHANPUR BERI', 1, 4, 30, 407, NULL, NULL, NULL),
(6441, 'DASHAHARA', 1, 4, 30, 407, NULL, NULL, NULL),
(6442, 'DHARNIPATTI PASICHIM', 1, 4, 30, 407, NULL, NULL, NULL),
(6443, 'DHARNIPATTI PURBI', 1, 4, 30, 407, NULL, NULL, NULL),
(6444, 'DUMRI DAKSHINI', 1, 4, 30, 407, NULL, NULL, NULL),
(6445, 'JALALPUR', 1, 4, 30, 407, NULL, NULL, NULL),
(6446, 'MADHOPUR SARARI', 1, 4, 30, 407, NULL, NULL, NULL),
(6447, 'MOHANPUR', 1, 4, 30, 407, NULL, NULL, NULL),
(6448, 'RAJPUR', 1, 4, 30, 407, NULL, NULL, NULL),
(6449, 'UTTRI DUMRI', 1, 4, 30, 407, NULL, NULL, NULL),
(6450, 'BHADAIYA', 1, 4, 30, 408, NULL, NULL, NULL),
(6451, 'BOACHHA', 1, 4, 30, 408, NULL, NULL, NULL),
(6452, 'DUBHA', 1, 4, 30, 408, NULL, NULL, NULL),
(6453, 'HARAIL', 1, 4, 30, 408, NULL, NULL, NULL),
(6454, 'KALYANPUR PASCHIM', 1, 4, 30, 408, NULL, NULL, NULL),
(6455, 'KALYANPUR PURAB', 1, 4, 30, 408, NULL, NULL, NULL),
(6456, 'KARIMNAGAR', 1, 4, 30, 408, NULL, NULL, NULL),
(6457, 'KURSAHA', 1, 4, 30, 408, NULL, NULL, NULL),
(6458, 'MADUDABAD', 1, 4, 30, 408, NULL, NULL, NULL),
(6459, 'MAHMADDIPUR', 1, 4, 30, 408, NULL, NULL, NULL),
(6460, 'MOHIUDDINNAGAR DAKSHIN', 1, 4, 30, 408, NULL, NULL, NULL),
(6461, 'MOHIUDDINNAGAR UTTAR', 1, 4, 30, 408, NULL, NULL, NULL),
(6462, 'RAJAJAN', 1, 4, 30, 408, NULL, NULL, NULL),
(6463, 'RASPUR PATASIA PASCHIM', 1, 4, 30, 408, NULL, NULL, NULL),
(6464, 'RASPUR PATASIA PURAB', 1, 4, 30, 408, NULL, NULL, NULL),
(6465, 'SHIBAISINUR', 1, 4, 30, 408, NULL, NULL, NULL),
(6466, 'TETARPUR', 1, 4, 30, 408, NULL, NULL, NULL),
(6467, 'BAJITPUR KARNAIL', 1, 4, 30, 409, NULL, NULL, NULL),
(6468, 'BANBIRA', 1, 4, 30, 409, NULL, NULL, NULL),
(6469, 'DHARAMPUR BANDE', 1, 4, 30, 409, NULL, NULL, NULL),
(6470, 'INDRAWARA', 1, 4, 30, 409, NULL, NULL, NULL),
(6471, 'KESHONARAYANPUR', 1, 4, 30, 409, NULL, NULL, NULL),
(6472, 'LARUA', 1, 4, 30, 409, NULL, NULL, NULL),
(6473, 'MARICHA', 1, 4, 30, 409, NULL, NULL, NULL),
(6474, 'RARIYAHI', 1, 4, 30, 409, NULL, NULL, NULL),
(6475, 'SARANUR PACHAMI', 1, 4, 30, 409, NULL, NULL, NULL),
(6476, 'CHAKPAHAR', 1, 4, 30, 409, NULL, NULL, NULL),
(6477, 'CHAKSIKANDAR', 1, 4, 30, 409, NULL, NULL, NULL),
(6478, 'GUNAI BASHI', 1, 4, 30, 409, NULL, NULL, NULL),
(6479, 'HARPUR BHINDI', 1, 4, 30, 409, NULL, NULL, NULL),
(6480, 'MORWA DAKSHNI', 1, 4, 30, 409, NULL, NULL, NULL),
(6481, 'MORWA UTARI', 1, 4, 30, 409, NULL, NULL, NULL),
(6482, 'NIKASPUR', 1, 4, 30, 409, NULL, NULL, NULL),
(6483, 'SARANUR PURBI', 1, 4, 30, 409, NULL, NULL, NULL),
(6484, 'SONGAR', 1, 4, 30, 409, NULL, NULL, NULL),
(6485, 'BHARWARI', 1, 4, 30, 410, NULL, NULL, NULL),
(6486, 'BHIRAHA PURAB', 1, 4, 30, 410, NULL, NULL, NULL),
(6487, 'BHIRAHA SOUTH', 1, 4, 30, 410, NULL, NULL, NULL),
(6488, 'BHIRAHA WEST', 1, 4, 30, 410, NULL, NULL, NULL),
(6489, 'CHAKTHAT (EAST)', 1, 4, 30, 410, NULL, NULL, NULL),
(6490, 'CHAKTHAT WEST', 1, 4, 30, 410, NULL, NULL, NULL),
(6491, 'HARIPUR', 1, 4, 30, 410, NULL, NULL, NULL),
(6492, 'JAHANGIRPUR NORTH', 1, 4, 30, 410, NULL, NULL, NULL),
(6493, 'JAHANGIRPUR SOUTH', 1, 4, 30, 410, NULL, NULL, NULL),
(6494, 'MNAGAR URF ROSARA PURB', 1, 4, 30, 410, NULL, NULL, NULL),
(6495, 'MNAGAR URF RWEST', 1, 4, 30, 410, NULL, NULL, NULL),
(6496, 'MOTIPUR', 1, 4, 30, 410, NULL, NULL, NULL),
(6497, 'RAHUA', 1, 4, 30, 410, NULL, NULL, NULL),
(6498, 'SONUPUR MIRZAPUR SOUTH', 1, 4, 30, 410, NULL, NULL, NULL),
(6499, 'SONUPUR NORTH', 1, 4, 30, 410, NULL, NULL, NULL),
(6500, 'THAHAR BASADHIA', 1, 4, 30, 410, NULL, NULL, NULL),
(6501, 'BEGHADIH', 1, 4, 30, 411, NULL, NULL, NULL),
(6502, 'BIKRAMPUR BANDEY', 1, 4, 30, 411, NULL, NULL, NULL),
(6503, 'BISHANPUR', 1, 4, 30, 411, NULL, NULL, NULL),
(6504, 'CHHATAUNA', 1, 4, 30, 411, NULL, NULL, NULL),
(6505, 'DHURLAKH', 1, 4, 30, 411, NULL, NULL, NULL),
(6506, 'HAKIMABAD', 1, 4, 30, 411, NULL, NULL, NULL),
(6507, 'HARPUR ALOTH', 1, 4, 30, 411, NULL, NULL, NULL),
(6508, 'JITWARPUR CHAUTH', 1, 4, 30, 411, NULL, NULL, NULL),
(6509, 'JITWARPUR NIJAMAT', 1, 4, 30, 411, NULL, NULL, NULL),
(6510, 'KARPOORIGRAM', 1, 4, 30, 411, NULL, NULL, NULL),
(6511, 'KEWAS NIJAMAT', 1, 4, 30, 411, NULL, NULL, NULL),
(6512, 'LAGUNIA RAGHUKANTH', 1, 4, 30, 411, NULL, NULL, NULL),
(6513, 'LAGUNIA SURYAKANTH', 1, 4, 30, 411, NULL, NULL, NULL),
(6514, 'MOHANPUR', 1, 4, 30, 411, NULL, NULL, NULL),
(6515, 'MORDIWA', 1, 4, 30, 411, NULL, NULL, NULL),
(6516, 'NIRPUR', 1, 4, 30, 411, NULL, NULL, NULL),
(6517, 'RAHIMPUR RUDAULI', 1, 4, 30, 411, NULL, NULL, NULL),
(6518, 'BAJITPUR', 1, 4, 30, 411, NULL, NULL, NULL),
(6519, 'CHAKNOOR', 1, 4, 30, 411, NULL, NULL, NULL),
(6520, 'DOODHPURA', 1, 4, 30, 411, NULL, NULL, NULL),
(6521, 'MUSAPUR', 1, 4, 30, 411, NULL, NULL, NULL),
(6522, 'POKHRAIRA', 1, 4, 30, 411, NULL, NULL, NULL),
(6523, 'PUNAS', 1, 4, 30, 411, NULL, NULL, NULL),
(6524, 'ROOP NARAYANPUR BELA', 1, 4, 30, 411, NULL, NULL, NULL),
(6525, 'SHAMBHUPATTI', 1, 4, 30, 411, NULL, NULL, NULL),
(6526, 'SINGHIA KHURD', 1, 4, 30, 411, NULL, NULL, NULL),
(6527, 'AKHTIYARPUR BALBHADRAPUR', 1, 4, 30, 412, NULL, NULL, NULL),
(6528, 'BAJITPUR MEYARI', 1, 4, 30, 412, NULL, NULL, NULL),
(6529, 'BHAGWATPUR', 1, 4, 30, 412, NULL, NULL, NULL),
(6530, 'DHARAMPUR', 1, 4, 30, 412, NULL, NULL, NULL),
(6531, 'GANGSARA', 1, 4, 30, 412, NULL, NULL, NULL),
(6532, 'HARPUR BARHETA', 1, 4, 30, 412, NULL, NULL, NULL),
(6533, 'JHAKHRA', 1, 4, 30, 412, NULL, NULL, NULL),
(6534, 'KISHANPUR YUSUF', 1, 4, 30, 412, NULL, NULL, NULL),
(6535, 'MANIKPUR', 1, 4, 30, 412, NULL, NULL, NULL),
(6536, 'MUSAPUR', 1, 4, 30, 412, NULL, NULL, NULL),
(6537, 'NARGHOGHI', 1, 4, 30, 412, NULL, NULL, NULL),
(6538, 'RAIPUR BUZURG', 1, 4, 30, 412, NULL, NULL, NULL),
(6539, 'SARAIRANJAN (EAST)', 1, 4, 30, 412, NULL, NULL, NULL),
(6540, 'SARAIRANJAN WEST', 1, 4, 30, 412, NULL, NULL, NULL),
(6541, 'BAKHRI BUZURG', 1, 4, 30, 412, NULL, NULL, NULL),
(6542, 'BARBATTA', 1, 4, 30, 412, NULL, NULL, NULL),
(6543, 'BATHUA BUZURG', 1, 4, 30, 412, NULL, NULL, NULL),
(6544, 'BISHAMBHARPUR ALOTH', 1, 4, 30, 412, NULL, NULL, NULL),
(6545, 'GANGAPUR', 1, 4, 30, 412, NULL, NULL, NULL),
(6546, 'JITWARPUR', 1, 4, 30, 412, NULL, NULL, NULL),
(6547, 'LATBASEPURA', 1, 4, 30, 412, NULL, NULL, NULL),
(6548, 'NAUCHAK', 1, 4, 30, 412, NULL, NULL, NULL),
(6549, 'RUPAULI BUZURG', 1, 4, 30, 412, NULL, NULL, NULL),
(6550, 'BALLIPUR', 1, 4, 30, 413, NULL, NULL, NULL),
(6551, 'BANDHAR', 1, 4, 30, 413, NULL, NULL, NULL),
(6552, 'BHATAURA', 1, 4, 30, 413, NULL, NULL, NULL),
(6553, 'DAHIYAR RANNA', 1, 4, 30, 413, NULL, NULL, NULL),
(6554, 'DASAUT', 1, 4, 30, 413, NULL, NULL, NULL),
(6555, 'DUMRA MOHAN', 1, 4, 30, 413, NULL, NULL, NULL),
(6556, 'GHIWAHI', 1, 4, 30, 413, NULL, NULL, NULL),
(6557, 'JAKHAR DHARAMPUR', 1, 4, 30, 413, NULL, NULL, NULL),
(6558, 'KARIAN', 1, 4, 30, 413, NULL, NULL, NULL),
(6559, 'MADHURAPUR', 1, 4, 30, 413, NULL, NULL, NULL),
(6560, 'PARSA', 1, 4, 30, 413, NULL, NULL, NULL),
(6561, 'RAHIAR NORTH', 1, 4, 30, 413, NULL, NULL, NULL),
(6562, 'RAHIAR SOUTH', 1, 4, 30, 413, NULL, NULL, NULL),
(6563, 'RAHTAULI', 1, 4, 30, 413, NULL, NULL, NULL),
(6564, 'RAJAUR RAMBHADRAPUR', 1, 4, 30, 413, NULL, NULL, NULL),
(6565, 'RANIPARDI', 1, 4, 30, 413, NULL, NULL, NULL),
(6566, 'SHANKARPUR', 1, 4, 30, 413, NULL, NULL, NULL),
(6567, 'BANGARAHTA', 1, 4, 30, 414, NULL, NULL, NULL),
(6568, 'BISHNUPUR DIHA', 1, 4, 30, 414, NULL, NULL, NULL),
(6569, 'HARDIA', 1, 4, 30, 414, NULL, NULL, NULL),
(6570, 'JAHANGIRPUR', 1, 4, 30, 414, NULL, NULL, NULL),
(6571, 'KEOTHAR', 1, 4, 30, 414, NULL, NULL, NULL),
(6572, 'KUNDAL IIND', 1, 4, 30, 414, NULL, NULL, NULL),
(6573, 'KUNDAL IST', 1, 4, 30, 414, NULL, NULL, NULL),
(6574, 'LILHAUL', 1, 4, 30, 414, NULL, NULL, NULL),
(6575, 'MAHEN', 1, 4, 30, 414, NULL, NULL, NULL),
(6576, 'MAHRA', 1, 4, 30, 414, NULL, NULL, NULL),
(6577, 'NIRPUR BHARIRIYA', 1, 4, 30, 414, NULL, NULL, NULL),
(6578, 'PHULHARA', 1, 4, 30, 414, NULL, NULL, NULL),
(6579, 'SHALEPUR', 1, 4, 30, 414, NULL, NULL, NULL),
(6580, 'SINGHIA IIIRD', 1, 4, 30, 414, NULL, NULL, NULL),
(6581, 'SINGHIA IIND', 1, 4, 30, 414, NULL, NULL, NULL),
(6582, 'SINGHIA IST', 1, 4, 30, 414, NULL, NULL, NULL),
(6583, 'WARI', 1, 4, 30, 414, NULL, NULL, NULL),
(6584, 'ADHARPUR', 1, 4, 30, 415, NULL, NULL, NULL),
(6585, 'BAGHI', 1, 4, 30, 415, NULL, NULL, NULL),
(6586, 'BHEROKHARA', 1, 4, 30, 415, NULL, NULL, NULL),
(6587, 'FATEHPUR', 1, 4, 30, 415, NULL, NULL, NULL),
(6588, 'RAJWA', 1, 4, 30, 415, NULL, NULL, NULL),
(6589, 'SHAHPUR BAGHAUNI', 1, 4, 30, 415, NULL, NULL, NULL),
(6590, 'TAJPUR', 1, 4, 30, 415, NULL, NULL, NULL),
(6591, 'GAUSPUR SARSAUNA', 1, 4, 30, 415, NULL, NULL, NULL),
(6592, 'HARISHANKARPUR BAGHAUNI', 1, 4, 30, 415, NULL, NULL, NULL),
(6593, 'KASEE AHAR', 1, 4, 30, 415, NULL, NULL, NULL),
(6594, 'KOTHIYA', 1, 4, 30, 415, NULL, NULL, NULL),
(6595, 'MADHOPUR DHGHARUA', 1, 4, 30, 415, NULL, NULL, NULL),
(6596, 'MANPURA', 1, 4, 30, 415, NULL, NULL, NULL),
(6597, 'MURADPUR BANGRA', 1, 4, 30, 415, NULL, NULL, NULL),
(6598, 'RAHIMABAD', 1, 4, 30, 415, NULL, NULL, NULL),
(6599, 'RAMPUR MAHESHPUR', 1, 4, 30, 415, NULL, NULL, NULL),
(6600, 'BAIKUNTHPUR BARHANDA', 1, 4, 30, 416, NULL, NULL, NULL),
(6601, 'BELAMEGH', 1, 4, 30, 416, NULL, NULL, NULL),
(6602, 'BELARI', 1, 4, 30, 416, NULL, NULL, NULL),
(6603, 'BHAGWANPUR DESUA', 1, 4, 30, 416, NULL, NULL, NULL),
(6604, 'BHAGWANPUR KAMLA', 1, 4, 30, 416, NULL, NULL, NULL),
(6605, 'BIRNAMA TULA', 1, 4, 30, 416, NULL, NULL, NULL),
(6606, 'CHAITA NORTH', 1, 4, 30, 416, NULL, NULL, NULL),
(6607, 'CHAITA SOUTH', 1, 4, 30, 416, NULL, NULL, NULL),
(6608, 'CHANDCHAUR (EAST)', 1, 4, 30, 416, NULL, NULL, NULL),
(6609, 'CHANDCHAUR KARIHARA', 1, 4, 30, 416, NULL, NULL, NULL),
(6610, 'CHANDCHAUR MIDDLE', 1, 4, 30, 416, NULL, NULL, NULL),
(6611, 'CHANDCHAUR WEST', 1, 4, 30, 416, NULL, NULL, NULL),
(6612, 'DADHIA MURIARO', 1, 4, 30, 416, NULL, NULL, NULL),
(6613, 'GAUPUR', 1, 4, 30, 416, NULL, NULL, NULL),
(6614, 'HARPUR REWARI', 1, 4, 30, 416, NULL, NULL, NULL),
(6615, 'LAKHANIPUR MAHESHPATTI', 1, 4, 30, 416, NULL, NULL, NULL),
(6616, 'LOHAGIR', 1, 4, 30, 416, NULL, NULL, NULL),
(6617, 'MAHISARI', 1, 4, 30, 416, NULL, NULL, NULL),
(6618, 'MALTI', 1, 4, 30, 416, NULL, NULL, NULL),
(6619, 'NAZIRPUR', 1, 4, 30, 416, NULL, NULL, NULL),
(6620, 'NIKASPUR', 1, 4, 30, 416, NULL, NULL, NULL),
(6621, 'PARORIA', 1, 4, 30, 416, NULL, NULL, NULL),
(6622, 'PATAILI (EAST)', 1, 4, 30, 416, NULL, NULL, NULL),
(6623, 'PATAILI WEST', 1, 4, 30, 416, NULL, NULL, NULL),
(6624, 'RAIPUR', 1, 4, 30, 416, NULL, NULL, NULL),
(6625, 'RAMCHANDRAPUR ANDHAIL', 1, 4, 30, 416, NULL, NULL, NULL),
(6626, 'SATANPUR', 1, 4, 30, 416, NULL, NULL, NULL),
(6627, 'ANGAR', 1, 4, 30, 416, NULL, NULL, NULL),
(6628, 'BADHOUNA', 1, 4, 30, 417, NULL, NULL, NULL),
(6629, 'BALKRISHANPUR MARWA', 1, 4, 30, 417, NULL, NULL, NULL),
(6630, 'BANGRAHA', 1, 4, 30, 417, NULL, NULL, NULL),
(6631, 'BAZIDPUR', 1, 4, 30, 417, NULL, NULL, NULL),
(6632, 'GARDHSISAI', 1, 4, 30, 417, NULL, NULL, NULL),
(6633, 'HARPUR BOCHAHA', 1, 4, 30, 417, NULL, NULL, NULL),
(6634, 'KANCHA', 1, 4, 30, 417, NULL, NULL, NULL),
(6635, 'MANIYARPUR', 1, 4, 30, 417, NULL, NULL, NULL),
(6636, 'MOW DHANESHPUR NORTH', 1, 4, 30, 417, NULL, NULL, NULL),
(6637, 'MOW DHANESHPUR SOUTH', 1, 4, 30, 417, NULL, NULL, NULL),
(6638, 'SERPUR DHEPURA', 1, 4, 30, 417, NULL, NULL, NULL),
(6639, 'SIMRI', 1, 4, 30, 417, NULL, NULL, NULL),
(6640, 'SOTHGAMA', 1, 4, 30, 417, NULL, NULL, NULL),
(6641, 'SAHIT', 1, 4, 30, 417, NULL, NULL, NULL),
(6642, 'CHHATNESHWAR', 1, 4, 30, 418, NULL, NULL, NULL),
(6643, 'DURLAKH', 1, 4, 30, 418, NULL, NULL, NULL),
(6644, 'HANSA', 1, 4, 30, 418, NULL, NULL, NULL),
(6645, 'KUSAIYA', 1, 4, 30, 418, NULL, NULL, NULL),
(6646, 'LAKHANPATTI', 1, 4, 30, 418, NULL, NULL, NULL),
(6647, 'MATHURAPUR', 1, 4, 30, 418, NULL, NULL, NULL),
(6648, 'MOHIUDDINPUR', 1, 4, 30, 418, NULL, NULL, NULL),
(6649, 'PURNAHI', 1, 4, 30, 418, NULL, NULL, NULL),
(6650, 'RAIPUR', 1, 4, 30, 418, NULL, NULL, NULL),
(6651, 'SARI', 1, 4, 30, 418, NULL, NULL, NULL),
(6652, 'SATMALPUR', 1, 4, 30, 418, NULL, NULL, NULL),
(6653, 'SHEKHOPUR', 1, 4, 30, 418, NULL, NULL, NULL),
(6654, 'BASANTPUR RAMANI', 1, 4, 30, 418, NULL, NULL, NULL),
(6655, 'DARSUR', 1, 4, 30, 418, NULL, NULL, NULL),
(6656, 'DHANHAR', 1, 4, 30, 418, NULL, NULL, NULL),
(6657, 'GOHI', 1, 4, 30, 418, NULL, NULL, NULL),
(6658, 'MANIYARPUR', 1, 4, 30, 418, NULL, NULL, NULL),
(6659, 'RAMPUR BISUN', 1, 4, 30, 418, NULL, NULL, NULL),
(6660, 'ROHUA (EAST)', 1, 4, 30, 418, NULL, NULL, NULL),
(6661, 'ROHUA WEST', 1, 4, 30, 418, NULL, NULL, NULL),
(6662, 'CHANDAULI', 1, 4, 30, 419, NULL, NULL, NULL),
(6663, 'GANGAPUR', 1, 4, 30, 419, NULL, NULL, NULL),
(6664, 'KUBOULI RAM', 1, 4, 30, 419, NULL, NULL, NULL),
(6665, 'MAHMADPUR KOUARI', 1, 4, 30, 419, NULL, NULL, NULL),
(6666, 'BISHANPUR BATHUA', 1, 4, 30, 419, NULL, NULL, NULL),
(6667, 'CHAKLA WAINI', 1, 4, 30, 419, NULL, NULL, NULL),
(6668, 'DEGHARA', 1, 4, 30, 419, NULL, NULL, NULL),
(6669, 'DHOBGAMA', 1, 4, 30, 419, NULL, NULL, NULL),
(6670, 'HARPUR MAHAMADA', 1, 4, 30, 419, NULL, NULL, NULL),
(6671, 'MAHAMADPUR DEOPAR', 1, 4, 30, 419, NULL, NULL, NULL),
(6672, 'MORSAND', 1, 4, 30, 419, NULL, NULL, NULL),
(6673, 'SHAUTH HARPUR PUSA', 1, 4, 30, 419, NULL, NULL, NULL),
(6674, 'THARAHA', 1, 4, 30, 419, NULL, NULL, NULL),
(6675, 'AMNOUR HARNARAYAN', 1, 4, 31, 420, NULL, NULL, NULL),
(6676, 'AMNOUR KALYAN', 1, 4, 31, 420, NULL, NULL, NULL),
(6677, 'APAHAR', 1, 4, 31, 420, NULL, NULL, NULL),
(6678, 'BASANTPUR', 1, 4, 31, 420, NULL, NULL, NULL),
(6679, 'DHARAMPUR JAFAR', 1, 4, 31, 420, NULL, NULL, NULL),
(6680, 'DHARHARA KHURD', 1, 4, 31, 420, NULL, NULL, NULL),
(6681, 'DHORLAHI KAITHAL', 1, 4, 31, 420, NULL, NULL, NULL),
(6682, 'HUSSEPUR', 1, 4, 31, 420, NULL, NULL, NULL),
(6683, 'KATSA', 1, 4, 31, 420, NULL, NULL, NULL),
(6684, 'KOREYA', 1, 4, 31, 420, NULL, NULL, NULL),
(6685, 'MADARPUR', 1, 4, 31, 420, NULL, NULL, NULL),
(6686, 'MANORPUR JAKHARI', 1, 4, 31, 420, NULL, NULL, NULL),
(6687, 'PAIGA MITRASEN', 1, 4, 31, 420, NULL, NULL, NULL),
(6688, 'PARSA', 1, 4, 31, 420, NULL, NULL, NULL),
(6689, 'RAIPURA', 1, 4, 31, 420, NULL, NULL, NULL),
(6690, 'RASULPUR', 1, 4, 31, 420, NULL, NULL, NULL),
(6691, 'SHEKHPURA', 1, 4, 31, 420, NULL, NULL, NULL),
(6692, 'TARWAR', 1, 4, 31, 420, NULL, NULL, NULL),
(6693, 'AKILPUR', 1, 4, 31, 421, NULL, NULL, NULL),
(6694, 'BARUA', 1, 4, 31, 421, NULL, NULL, NULL),
(6695, 'BASTI JALAL', 1, 4, 31, 421, NULL, NULL, NULL),
(6696, 'HARAJI', 1, 4, 31, 421, NULL, NULL, NULL),
(6697, 'JHOUWA', 1, 4, 31, 421, NULL, NULL, NULL),
(6698, 'KURAIYA', 1, 4, 31, 421, NULL, NULL, NULL),
(6699, 'MANUPUR', 1, 4, 31, 421, NULL, NULL, NULL),
(6700, 'RAMPUR AAMI', 1, 4, 31, 421, NULL, NULL, NULL),
(6701, 'SITALPUR', 1, 4, 31, 421, NULL, NULL, NULL),
(6702, 'TRILOK CHAK', 1, 4, 31, 421, NULL, NULL, NULL),
(6703, 'BAJITPUR', 1, 4, 31, 422, NULL, NULL, NULL),
(6704, 'FERUSA', 1, 4, 31, 422, NULL, NULL, NULL),
(6705, 'GARKHA', 1, 4, 31, 422, NULL, NULL, NULL),
(6706, 'HASANPURA', 1, 4, 31, 422, NULL, NULL, NULL),
(6707, 'ITWA', 1, 4, 31, 422, NULL, NULL, NULL),
(6708, 'JALAL BASANT', 1, 4, 31, 422, NULL, NULL, NULL),
(6709, 'KOTHIA', 1, 4, 31, 422, NULL, NULL, NULL),
(6710, 'KUDARBADHA', 1, 4, 31, 422, NULL, NULL, NULL),
(6711, 'MAHAMDA', 1, 4, 31, 422, NULL, NULL, NULL),
(6712, 'MAKIMPUR', 1, 4, 31, 422, NULL, NULL, NULL),
(6713, 'MIRJAPUR', 1, 4, 31, 422, NULL, NULL, NULL),
(6714, 'MIRPUR JUARA', 1, 4, 31, 422, NULL, NULL, NULL),
(6715, 'MITHEPUR', 1, 4, 31, 422, NULL, NULL, NULL),
(6716, 'MOHMMADPUR', 1, 4, 31, 422, NULL, NULL, NULL),
(6717, 'MOTIRAJPUR', 1, 4, 31, 422, NULL, NULL, NULL),
(6718, 'MOUJAMPUR', 1, 4, 31, 422, NULL, NULL, NULL),
(6719, 'NARAW', 1, 4, 31, 422, NULL, NULL, NULL),
(6720, 'PACHA PATIYA', 1, 4, 31, 422, NULL, NULL, NULL),
(6721, 'PIROUNA', 1, 4, 31, 422, NULL, NULL, NULL),
(6722, 'RAMPUR', 1, 4, 31, 422, NULL, NULL, NULL),
(6723, 'SADHPUR', 1, 4, 31, 422, NULL, NULL, NULL),
(6724, 'SARGATTI', 1, 4, 31, 422, NULL, NULL, NULL),
(6725, 'SRIPAL BASANT', 1, 4, 31, 422, NULL, NULL, NULL),
(6726, 'AATA NAGAR', 1, 4, 31, 423, NULL, NULL, NULL),
(6727, 'AGOUTHAR SUNDAR', 1, 4, 31, 423, NULL, NULL, NULL),
(6728, 'CHAKHAN', 1, 4, 31, 423, NULL, NULL, NULL),
(6729, 'CHHAPIYA', 1, 4, 31, 423, NULL, NULL, NULL),
(6730, 'DATRA PURSHOULI', 1, 4, 31, 423, NULL, NULL, NULL),
(6731, 'ISHUAPUR', 1, 4, 31, 423, NULL, NULL, NULL),
(6732, 'JAITHAR', 1, 4, 31, 423, NULL, NULL, NULL),
(6733, 'KERWA', 1, 4, 31, 423, NULL, NULL, NULL),
(6734, 'LAUWA', 1, 4, 31, 423, NULL, NULL, NULL),
(6735, 'NIPANIYA', 1, 4, 31, 423, NULL, NULL, NULL),
(6736, 'RAMCHOURA', 1, 4, 31, 423, NULL, NULL, NULL),
(6737, 'RAMPUR ATOULI', 1, 4, 31, 423, NULL, NULL, NULL),
(6738, 'SAHWA', 1, 4, 31, 423, NULL, NULL, NULL),
(6739, 'AGHARA', 1, 4, 31, 424, NULL, NULL, NULL),
(6740, 'AWARI', 1, 4, 31, 424, NULL, NULL, NULL),
(6741, 'BAHUARAPATTI', 1, 4, 31, 424, NULL, NULL, NULL),
(6742, 'BARDAHIYA', 1, 4, 31, 424, NULL, NULL, NULL),
(6743, 'BHAWALPUR', 1, 4, 31, 424, NULL, NULL, NULL),
(6744, 'BHUALPUR', 1, 4, 31, 424, NULL, NULL, NULL),
(6745, 'GOURA', 1, 4, 31, 424, NULL, NULL, NULL),
(6746, 'HASANPURA', 1, 4, 31, 424, NULL, NULL, NULL),
(6747, 'HATISAR', 1, 4, 31, 424, NULL, NULL, NULL),
(6748, 'ISHROULI', 1, 4, 31, 424, NULL, NULL, NULL),
(6749, 'MADHOPUR', 1, 4, 31, 424, NULL, NULL, NULL),
(6750, 'MIRJAPUR', 1, 4, 31, 424, NULL, NULL, NULL),
(6751, 'MUBARAKPUR', 1, 4, 31, 424, NULL, NULL, NULL),
(6752, 'NARHARPUR', 1, 4, 31, 424, NULL, NULL, NULL),
(6753, 'NAUTAN', 1, 4, 31, 424, NULL, NULL, NULL),
(6754, 'OLHANPUR', 1, 4, 31, 424, NULL, NULL, NULL),
(6755, 'RAMPUR', 1, 4, 31, 424, NULL, NULL, NULL),
(6756, 'RASULPUR', 1, 4, 31, 424, NULL, NULL, NULL),
(6757, 'SALIMAPUR', 1, 4, 31, 424, NULL, NULL, NULL),
(6758, 'SILHOURI', 1, 4, 31, 424, NULL, NULL, NULL),
(6759, 'TEJPURWA', 1, 4, 31, 424, NULL, NULL, NULL),
(6760, 'ARNA', 1, 4, 31, 425, NULL, NULL, NULL),
(6761, 'BAHROULI', 1, 4, 31, 425, NULL, NULL, NULL),
(6762, 'BANGARA', 1, 4, 31, 425, NULL, NULL, NULL),
(6763, 'CHAND KUDARIYA', 1, 4, 31, 425, NULL, NULL, NULL),
(6764, 'DUMARSAN', 1, 4, 31, 425, NULL, NULL, NULL),
(6765, 'DURGOULI', 1, 4, 31, 425, NULL, NULL, NULL),
(6766, 'GANGOULI', 1, 4, 31, 425, NULL, NULL, NULL),
(6767, 'JAJOULI', 1, 4, 31, 425, NULL, NULL, NULL);
INSERT INTO `villages` (`id`, `name`, `country_id`, `state_id`, `district_id`, `block_id`, `created_at`, `updated_at`, `deleted_at`) VALUES
(6768, 'KARN KUDARIYA', 1, 4, 31, 425, NULL, NULL, NULL),
(6769, 'KAWALPURA', 1, 4, 31, 425, NULL, NULL, NULL),
(6770, 'KHAJURI', 1, 4, 31, 425, NULL, NULL, NULL),
(6771, 'MADARPUR', 1, 4, 31, 425, NULL, NULL, NULL),
(6772, 'MASHRAKH EAST PART', 1, 4, 31, 425, NULL, NULL, NULL),
(6773, 'MASHRAKH WEST PART', 1, 4, 31, 425, NULL, NULL, NULL),
(6774, 'NAWADA', 1, 4, 31, 425, NULL, NULL, NULL),
(6775, 'SEMARI', 1, 4, 31, 425, NULL, NULL, NULL),
(6776, 'SONHOULI', 1, 4, 31, 425, NULL, NULL, NULL),
(6777, 'BAKAWA', 1, 4, 31, 426, NULL, NULL, NULL),
(6778, 'BASAHIYA', 1, 4, 31, 426, NULL, NULL, NULL),
(6779, 'BELOR', 1, 4, 31, 426, NULL, NULL, NULL),
(6780, 'BHORHA', 1, 4, 31, 426, NULL, NULL, NULL),
(6781, 'CHAKIYA', 1, 4, 31, 426, NULL, NULL, NULL),
(6782, 'DHENUKI', 1, 4, 31, 426, NULL, NULL, NULL),
(6783, 'KONDH', 1, 4, 31, 426, NULL, NULL, NULL),
(6784, 'MOHMMADPUR', 1, 4, 31, 426, NULL, NULL, NULL),
(6785, 'RASOULI', 1, 4, 31, 426, NULL, NULL, NULL),
(6786, 'SATJORA', 1, 4, 31, 426, NULL, NULL, NULL),
(6787, 'TOTAHA JAGATPUR', 1, 4, 31, 426, NULL, NULL, NULL),
(6788, 'ANJANI', 1, 4, 31, 427, NULL, NULL, NULL),
(6789, 'ANYAY', 1, 4, 31, 427, NULL, NULL, NULL),
(6790, 'BAHAR MADAR', 1, 4, 31, 427, NULL, NULL, NULL),
(6791, 'BALIGAW', 1, 4, 31, 427, NULL, NULL, NULL),
(6792, 'BANOUTA', 1, 4, 31, 427, NULL, NULL, NULL),
(6793, 'BHELDI', 1, 4, 31, 427, NULL, NULL, NULL),
(6794, 'CHANDPURA', 1, 4, 31, 427, NULL, NULL, NULL),
(6795, 'MADAR', 1, 4, 31, 427, NULL, NULL, NULL),
(6796, 'PACHALAKH', 1, 4, 31, 427, NULL, NULL, NULL),
(6797, 'PACHRUKHI', 1, 4, 31, 427, NULL, NULL, NULL),
(6798, 'PARSOUNA', 1, 4, 31, 427, NULL, NULL, NULL),
(6799, 'SAGUNI', 1, 4, 31, 427, NULL, NULL, NULL),
(6800, 'SHANKARDIH', 1, 4, 31, 427, NULL, NULL, NULL),
(6801, 'SOBHEPUR', 1, 4, 31, 427, NULL, NULL, NULL),
(6802, 'BHARPURA', 1, 4, 31, 428, NULL, NULL, NULL),
(6803, 'CHATURPUR', 1, 4, 31, 428, NULL, NULL, NULL),
(6804, 'DUDHOULA', 1, 4, 31, 428, NULL, NULL, NULL),
(6805, 'DUMARI BUJURG', 1, 4, 31, 428, NULL, NULL, NULL),
(6806, 'GANGAJAL', 1, 4, 31, 428, NULL, NULL, NULL),
(6807, 'GOPALPUR', 1, 4, 31, 428, NULL, NULL, NULL),
(6808, 'GOVIND CHAK', 1, 4, 31, 428, NULL, NULL, NULL),
(6809, 'HASILPUR', 1, 4, 31, 428, NULL, NULL, NULL),
(6810, 'JAHANGIRPUR', 1, 4, 31, 428, NULL, NULL, NULL),
(6811, 'KALYANPUR', 1, 4, 31, 428, NULL, NULL, NULL),
(6812, 'KASMAT', 1, 4, 31, 428, NULL, NULL, NULL),
(6813, 'KHARIKA', 1, 4, 31, 428, NULL, NULL, NULL),
(6814, 'NAJARMIRA', 1, 4, 31, 428, NULL, NULL, NULL),
(6815, 'NAYA GAWAN', 1, 4, 31, 428, NULL, NULL, NULL),
(6816, 'PARMANADPUR', 1, 4, 31, 428, NULL, NULL, NULL),
(6817, 'RASULPUR', 1, 4, 31, 428, NULL, NULL, NULL),
(6818, 'SAIDPUR', 1, 4, 31, 428, NULL, NULL, NULL),
(6819, 'SAWALPUR EASTERN', 1, 4, 31, 428, NULL, NULL, NULL),
(6820, 'SAWALPUR PACHHIYARI', 1, 4, 31, 428, NULL, NULL, NULL),
(6821, 'SAWALPUR UTTARY', 1, 4, 31, 428, NULL, NULL, NULL),
(6822, 'SHAHPUR DIYARA', 1, 4, 31, 428, NULL, NULL, NULL),
(6823, 'SIKARPUR', 1, 4, 31, 428, NULL, NULL, NULL),
(6824, 'SWALPUR MIDDLE', 1, 4, 31, 428, NULL, NULL, NULL),
(6825, 'BHAGWATPUR', 1, 4, 31, 429, NULL, NULL, NULL),
(6826, 'BHATGAI', 1, 4, 31, 429, NULL, NULL, NULL),
(6827, 'CHAINPUR', 1, 4, 31, 429, NULL, NULL, NULL),
(6828, 'CHANCHALIYA', 1, 4, 31, 429, NULL, NULL, NULL),
(6829, 'DEORI', 1, 4, 31, 429, NULL, NULL, NULL),
(6830, 'DUMARI', 1, 4, 31, 429, NULL, NULL, NULL),
(6831, 'MADHOPUR', 1, 4, 31, 429, NULL, NULL, NULL),
(6832, 'NARAYANPUR', 1, 4, 31, 429, NULL, NULL, NULL),
(6833, 'PACHBHINDA', 1, 4, 31, 429, NULL, NULL, NULL),
(6834, 'PACHROUR', 1, 4, 31, 429, NULL, NULL, NULL),
(6835, 'POKHRERA', 1, 4, 31, 429, NULL, NULL, NULL),
(6836, 'SAREYA RATNAKAR', 1, 4, 31, 429, NULL, NULL, NULL),
(6837, 'TRAIYAN', 1, 4, 31, 429, NULL, NULL, NULL),
(6838, 'BANIYAPUR', 1, 4, 31, 430, NULL, NULL, NULL),
(6839, 'BEDAULI', 1, 4, 31, 430, NULL, NULL, NULL),
(6840, 'BHITTI SAHABUDDIN', 1, 4, 31, 430, NULL, NULL, NULL),
(6841, 'BHUSHAW', 1, 4, 31, 430, NULL, NULL, NULL),
(6842, 'DHANGARHA', 1, 4, 31, 430, NULL, NULL, NULL),
(6843, 'GHAWARI', 1, 4, 31, 430, NULL, NULL, NULL),
(6844, 'GOA PIPARPATI', 1, 4, 31, 430, NULL, NULL, NULL),
(6845, 'HARPUR', 1, 4, 31, 430, NULL, NULL, NULL),
(6846, 'KAMTA', 1, 4, 31, 430, NULL, NULL, NULL),
(6847, 'KANHOULI MANOHAR', 1, 4, 31, 430, NULL, NULL, NULL),
(6848, 'KARAH', 1, 4, 31, 430, NULL, NULL, NULL),
(6849, 'KARHI', 1, 4, 31, 430, NULL, NULL, NULL),
(6850, 'LAUWA KALA', 1, 4, 31, 430, NULL, NULL, NULL),
(6851, 'MANIKPURA', 1, 4, 31, 430, NULL, NULL, NULL),
(6852, 'MANOPALI', 1, 4, 31, 430, NULL, NULL, NULL),
(6853, 'MARICHA', 1, 4, 31, 430, NULL, NULL, NULL),
(6854, 'PAIGAMBARPUR', 1, 4, 31, 430, NULL, NULL, NULL),
(6855, 'PIROUTA KHAS', 1, 4, 31, 430, NULL, NULL, NULL),
(6856, 'PITHOURI', 1, 4, 31, 430, NULL, NULL, NULL),
(6857, 'RAM DHANAW', 1, 4, 31, 430, NULL, NULL, NULL),
(6858, 'SAHAJITPUR', 1, 4, 31, 430, NULL, NULL, NULL),
(6859, 'SAREYAN', 1, 4, 31, 430, NULL, NULL, NULL),
(6860, 'SATUA', 1, 4, 31, 430, NULL, NULL, NULL),
(6861, 'SISHAI', 1, 4, 31, 430, NULL, NULL, NULL),
(6862, 'SUROUNDHA', 1, 4, 31, 430, NULL, NULL, NULL),
(6863, 'BADLU TOLA', 1, 4, 31, 431, NULL, NULL, NULL),
(6864, 'BHAIROPUR NIJAMAT', 1, 4, 31, 431, NULL, NULL, NULL),
(6865, 'BISHUNUPURA', 1, 4, 31, 431, NULL, NULL, NULL),
(6866, 'CHARHARA MAHAJI', 1, 4, 31, 431, NULL, NULL, NULL),
(6867, 'CHIRAND', 1, 4, 31, 431, NULL, NULL, NULL),
(6868, 'DUMARI', 1, 4, 31, 431, NULL, NULL, NULL),
(6869, 'FAKULI', 1, 4, 31, 431, NULL, NULL, NULL),
(6870, 'JALALPUR', 1, 4, 31, 431, NULL, NULL, NULL),
(6871, 'KARINGA', 1, 4, 31, 431, NULL, NULL, NULL),
(6872, 'KHALPURA BALA', 1, 4, 31, 431, NULL, NULL, NULL),
(6873, 'KOTWA PATTI RAMPUR', 1, 4, 31, 431, NULL, NULL, NULL),
(6874, 'LOHARI', 1, 4, 31, 431, NULL, NULL, NULL),
(6875, 'MAHARAJGANJ', 1, 4, 31, 431, NULL, NULL, NULL),
(6876, 'MOUNA', 1, 4, 31, 431, NULL, NULL, NULL),
(6877, 'MUSEPUR', 1, 4, 31, 431, NULL, NULL, NULL),
(6878, 'NAINI', 1, 4, 31, 431, NULL, NULL, NULL),
(6879, 'PURWI TELPA', 1, 4, 31, 431, NULL, NULL, NULL),
(6880, 'RAIPUR BINGAWA', 1, 4, 31, 431, NULL, NULL, NULL),
(6881, 'SADHA', 1, 4, 31, 431, NULL, NULL, NULL),
(6882, 'SHERPUR', 1, 4, 31, 431, NULL, NULL, NULL),
(6883, 'TENUA', 1, 4, 31, 431, NULL, NULL, NULL),
(6884, 'AKBARPUR', 1, 4, 31, 432, NULL, NULL, NULL),
(6885, 'BAJHIYA', 1, 4, 31, 432, NULL, NULL, NULL),
(6886, 'BARWE', 1, 4, 31, 432, NULL, NULL, NULL),
(6887, 'BELA', 1, 4, 31, 432, NULL, NULL, NULL),
(6888, 'BISAHI', 1, 4, 31, 432, NULL, NULL, NULL),
(6889, 'BISHAMBHARPUR', 1, 4, 31, 432, NULL, NULL, NULL),
(6890, 'DARIHARA', 1, 4, 31, 432, NULL, NULL, NULL),
(6891, 'DARIYAPUR', 1, 4, 31, 432, NULL, NULL, NULL),
(6892, 'FATAHPUR CHAIN', 1, 4, 31, 432, NULL, NULL, NULL),
(6893, 'HARIHARPUR', 1, 4, 31, 432, NULL, NULL, NULL),
(6894, 'HARNA', 1, 4, 31, 432, NULL, NULL, NULL),
(6895, 'JITWARPUR', 1, 4, 31, 432, NULL, NULL, NULL),
(6896, 'KAKARHAT', 1, 4, 31, 432, NULL, NULL, NULL),
(6897, 'KHANPUR', 1, 4, 31, 432, NULL, NULL, NULL),
(6898, 'MAGARPAL', 1, 4, 31, 432, NULL, NULL, NULL),
(6899, 'MANPURA', 1, 4, 31, 432, NULL, NULL, NULL),
(6900, 'MOHMMADPUR', 1, 4, 31, 432, NULL, NULL, NULL),
(6901, 'MUJOUNA', 1, 4, 31, 432, NULL, NULL, NULL),
(6902, 'NATHA CHAPRA', 1, 4, 31, 432, NULL, NULL, NULL),
(6903, 'PIRARI DIH', 1, 4, 31, 432, NULL, NULL, NULL),
(6904, 'POJHI KHAJOULI', 1, 4, 31, 432, NULL, NULL, NULL),
(6905, 'PRATAPPUR', 1, 4, 31, 432, NULL, NULL, NULL),
(6906, 'SAIDPUR', 1, 4, 31, 432, NULL, NULL, NULL),
(6907, 'SAJANPUR MATIHAN', 1, 4, 31, 432, NULL, NULL, NULL),
(6908, 'SUTIHAR', 1, 4, 31, 432, NULL, NULL, NULL),
(6909, 'AAM DARHI', 1, 4, 31, 433, NULL, NULL, NULL),
(6910, 'ASHAHNI', 1, 4, 31, 433, NULL, NULL, NULL),
(6911, 'ATARSHAN', 1, 4, 31, 433, NULL, NULL, NULL),
(6912, 'BALIA', 1, 4, 31, 433, NULL, NULL, NULL),
(6913, 'BANPURA', 1, 4, 31, 433, NULL, NULL, NULL),
(6914, 'BHARHOPUR', 1, 4, 31, 433, NULL, NULL, NULL),
(6915, 'CHANCHOURA', 1, 4, 31, 433, NULL, NULL, NULL),
(6916, 'DEOPURA', 1, 4, 31, 433, NULL, NULL, NULL),
(6917, 'EKAMA', 1, 4, 31, 433, NULL, NULL, NULL),
(6918, 'EKSAR', 1, 4, 31, 433, NULL, NULL, NULL),
(6919, 'HANSRAJPUR', 1, 4, 31, 433, NULL, NULL, NULL),
(6920, 'HUSSEPUR', 1, 4, 31, 433, NULL, NULL, NULL),
(6921, 'MANE', 1, 4, 31, 433, NULL, NULL, NULL),
(6922, 'NAWADA', 1, 4, 31, 433, NULL, NULL, NULL),
(6923, 'PACHUA', 1, 4, 31, 433, NULL, NULL, NULL),
(6924, 'PARSA DAKSHNI (PARSA GARH)', 1, 4, 31, 433, NULL, NULL, NULL),
(6925, 'PARSA EAST PART', 1, 4, 31, 433, NULL, NULL, NULL),
(6926, 'PARSA UTTARI(PARSA BAZAR)', 1, 4, 31, 433, NULL, NULL, NULL),
(6927, 'PHUCHATI KALA', 1, 4, 31, 433, NULL, NULL, NULL),
(6928, 'RAMPUR BINDALAL', 1, 4, 31, 433, NULL, NULL, NULL),
(6929, 'RASHULPUR', 1, 4, 31, 433, NULL, NULL, NULL),
(6930, 'ANWAL', 1, 4, 31, 434, NULL, NULL, NULL),
(6931, 'ASHOK NAGAR CHOUKHRA', 1, 4, 31, 434, NULL, NULL, NULL),
(6932, 'BHATKESHRI', 1, 4, 31, 434, NULL, NULL, NULL),
(6933, 'BISHUNPURA', 1, 4, 31, 434, NULL, NULL, NULL),
(6934, 'DEORIYA', 1, 4, 31, 434, NULL, NULL, NULL),
(6935, 'KISHUNPUR', 1, 4, 31, 434, NULL, NULL, NULL),
(6936, 'KOPA', 1, 4, 31, 434, NULL, NULL, NULL),
(6937, 'KUMNA', 1, 4, 31, 434, NULL, NULL, NULL),
(6938, 'MADHOPUR', 1, 4, 31, 434, NULL, NULL, NULL),
(6939, 'NAWADA', 1, 4, 31, 434, NULL, NULL, NULL),
(6940, 'RAMPUR NOORNAGAR', 1, 4, 31, 434, NULL, NULL, NULL),
(6941, 'REWARI', 1, 4, 31, 434, NULL, NULL, NULL),
(6942, 'SAKADDI', 1, 4, 31, 434, NULL, NULL, NULL),
(6943, 'SAMHOUTA', 1, 4, 31, 434, NULL, NULL, NULL),
(6944, 'SAWARI', 1, 4, 31, 434, NULL, NULL, NULL),
(6945, 'BANPURA', 1, 4, 31, 435, NULL, NULL, NULL),
(6946, 'BASHI', 1, 4, 31, 435, NULL, NULL, NULL),
(6947, 'DANDASHPUR', 1, 4, 31, 435, NULL, NULL, NULL),
(6948, 'KATEYAN', 1, 4, 31, 435, NULL, NULL, NULL),
(6949, 'KISHUNPUR LOUWAR', 1, 4, 31, 435, NULL, NULL, NULL),
(6950, 'MIRJAPUR', 1, 4, 31, 435, NULL, NULL, NULL),
(6951, 'PURSHOTAMPUR', 1, 4, 31, 435, NULL, NULL, NULL),
(6952, 'YALPUR', 1, 4, 31, 435, NULL, NULL, NULL),
(6953, 'BAGHA KOL', 1, 4, 31, 436, NULL, NULL, NULL),
(6954, 'BHATHA', 1, 4, 31, 436, NULL, NULL, NULL),
(6955, 'KAUTAKA LACHHI', 1, 4, 31, 436, NULL, NULL, NULL),
(6956, 'KAUTAKA NANDAN', 1, 4, 31, 436, NULL, NULL, NULL),
(6957, 'MAKER', 1, 4, 31, 436, NULL, NULL, NULL),
(6958, 'PHULWARIYA', 1, 4, 31, 436, NULL, NULL, NULL),
(6959, 'PIR MAKER', 1, 4, 31, 436, NULL, NULL, NULL),
(6960, 'TARA AMNOUR', 1, 4, 31, 436, NULL, NULL, NULL),
(6961, 'BALESHRA', 1, 4, 31, 436, NULL, NULL, NULL),
(6962, 'BANGARA', 1, 4, 31, 436, NULL, NULL, NULL),
(6963, 'BAREJA', 1, 4, 31, 436, NULL, NULL, NULL),
(6964, 'BHALUA BUJURG', 1, 4, 31, 436, NULL, NULL, NULL),
(6965, 'CHEPHUL', 1, 4, 31, 436, NULL, NULL, NULL),
(6966, 'DAUDPUR', 1, 4, 31, 436, NULL, NULL, NULL),
(6967, 'DUMARI', 1, 4, 31, 436, NULL, NULL, NULL),
(6968, 'GHORHAT', 1, 4, 31, 436, NULL, NULL, NULL),
(6969, 'GOBRAHI', 1, 4, 31, 436, NULL, NULL, NULL),
(6970, 'INAYATPUR', 1, 4, 31, 436, NULL, NULL, NULL),
(6971, 'JAITPUR', 1, 4, 31, 436, NULL, NULL, NULL),
(6972, 'KOURU-DHOURU', 1, 4, 31, 436, NULL, NULL, NULL),
(6973, 'LEJUAR', 1, 4, 31, 436, NULL, NULL, NULL),
(6974, 'MADAN SATH', 1, 4, 31, 436, NULL, NULL, NULL),
(6975, 'MAJOUNA NACHAP', 1, 4, 31, 436, NULL, NULL, NULL),
(6976, 'MANJHI EAST PART', 1, 4, 31, 436, NULL, NULL, NULL),
(6977, 'MANJHI WEST PART', 1, 4, 31, 436, NULL, NULL, NULL),
(6978, 'MARHAN', 1, 4, 31, 436, NULL, NULL, NULL),
(6979, 'MATIYAR', 1, 4, 31, 436, NULL, NULL, NULL),
(6980, 'MOBARAKPUR', 1, 4, 31, 436, NULL, NULL, NULL),
(6981, 'MOHMMADPUR', 1, 4, 31, 436, NULL, NULL, NULL),
(6982, 'NASIRA', 1, 4, 31, 436, NULL, NULL, NULL),
(6983, 'SITALPUR', 1, 4, 31, 436, NULL, NULL, NULL),
(6984, 'SONBARSA', 1, 4, 31, 436, NULL, NULL, NULL),
(6985, 'TAJPUR', 1, 4, 31, 436, NULL, NULL, NULL),
(6986, 'APHOUR', 1, 4, 31, 437, NULL, NULL, NULL),
(6987, 'DHUPNAGAR DHOBWAL', 1, 4, 31, 437, NULL, NULL, NULL),
(6988, 'DUMARI', 1, 4, 31, 437, NULL, NULL, NULL),
(6989, 'JAGDISHPUR', 1, 4, 31, 437, NULL, NULL, NULL),
(6990, 'KADIPUR', 1, 4, 31, 437, NULL, NULL, NULL),
(6991, 'KHAIRAH', 1, 4, 31, 437, NULL, NULL, NULL),
(6992, 'KOREYA', 1, 4, 31, 437, NULL, NULL, NULL),
(6993, 'NAGARA', 1, 4, 31, 437, NULL, NULL, NULL),
(6994, 'TAKIYA', 1, 4, 31, 437, NULL, NULL, NULL),
(6995, 'TUJARPUR', 1, 4, 31, 437, NULL, NULL, NULL),
(6996, 'DAKHINWARI CHAKKI', 1, 4, 31, 438, NULL, NULL, NULL),
(6997, 'DILIA RAHIMPUR', 1, 4, 31, 438, NULL, NULL, NULL),
(6998, 'INAI', 1, 4, 31, 438, NULL, NULL, NULL),
(6999, 'KACHNAR', 1, 4, 31, 438, NULL, NULL, NULL),
(7000, 'KHAIRWAR', 1, 4, 31, 438, NULL, NULL, NULL),
(7001, 'MOHABBAT PARSA', 1, 4, 31, 438, NULL, NULL, NULL),
(7002, 'MUKRERA', 1, 4, 31, 438, NULL, NULL, NULL),
(7003, 'SITAB DIYARA', 1, 4, 31, 438, NULL, NULL, NULL),
(7004, 'TEKNIWAS', 1, 4, 31, 438, NULL, NULL, NULL),
(7005, 'AFANI', 1, 4, 32, 439, NULL, NULL, NULL),
(7006, 'BARUNA', 1, 4, 32, 439, NULL, NULL, NULL),
(7007, 'BIMAN', 1, 4, 32, 439, NULL, NULL, NULL),
(7008, 'CHORDARGAH', 1, 4, 32, 439, NULL, NULL, NULL),
(7009, 'CHORWAR', 1, 4, 32, 439, NULL, NULL, NULL),
(7010, 'DIHA', 1, 4, 32, 439, NULL, NULL, NULL),
(7011, 'HAZARATPUR MARARO', 1, 4, 32, 439, NULL, NULL, NULL),
(7012, 'HUSAINABAD', 1, 4, 32, 439, NULL, NULL, NULL),
(7013, 'KASAR', 1, 4, 32, 439, NULL, NULL, NULL),
(7014, 'SANAIYA', 1, 4, 32, 439, NULL, NULL, NULL),
(7015, 'JAGISHPUR', 1, 4, 32, 440, NULL, NULL, NULL),
(7016, 'KEWATI', 1, 4, 32, 440, NULL, NULL, NULL),
(7017, 'KUTOUT', 1, 4, 32, 440, NULL, NULL, NULL),
(7018, 'MALDAH', 1, 4, 32, 440, NULL, NULL, NULL),
(7019, 'PANK', 1, 4, 32, 440, NULL, NULL, NULL),
(7020, 'PINJARI', 1, 4, 32, 440, NULL, NULL, NULL),
(7021, 'SAMASBHJURANCHAYAT', 1, 4, 32, 440, NULL, NULL, NULL),
(7022, 'SAMASKHURD', 1, 4, 32, 440, NULL, NULL, NULL),
(7023, 'SARWA', 1, 4, 32, 440, NULL, NULL, NULL),
(7024, 'TEUS', 1, 4, 32, 440, NULL, NULL, NULL),
(7025, 'CHAKANDRA', 1, 4, 32, 441, NULL, NULL, NULL),
(7026, 'CHATHIYARA', 1, 4, 32, 441, NULL, NULL, NULL),
(7027, 'CHEWARA', 1, 4, 32, 441, NULL, NULL, NULL),
(7028, 'EKARAMA A', 1, 4, 32, 441, NULL, NULL, NULL),
(7029, 'LAHANA', 1, 4, 32, 441, NULL, NULL, NULL),
(7030, 'LOHAN', 1, 4, 32, 441, NULL, NULL, NULL),
(7031, 'SIYANI', 1, 4, 32, 441, NULL, NULL, NULL),
(7032, 'DIHKUSHUMBHA', 1, 4, 32, 442, NULL, NULL, NULL),
(7033, 'GAGAUR', 1, 4, 32, 442, NULL, NULL, NULL),
(7034, 'MAFO', 1, 4, 32, 442, NULL, NULL, NULL),
(7035, 'PANAPUR', 1, 4, 32, 442, NULL, NULL, NULL),
(7036, 'VADAUSI', 1, 4, 32, 442, NULL, NULL, NULL),
(7037, 'AMBARI', 1, 4, 32, 443, NULL, NULL, NULL),
(7038, 'BELAW', 1, 4, 32, 443, NULL, NULL, NULL),
(7039, 'CHARIAWAN', 1, 4, 32, 443, NULL, NULL, NULL),
(7040, 'MOHABBATPUR PANCH', 1, 4, 32, 443, NULL, NULL, NULL),
(7041, 'NIMI', 1, 4, 32, 443, NULL, NULL, NULL),
(7042, 'ONAMA', 1, 4, 32, 443, NULL, NULL, NULL),
(7043, 'PANCHI', 1, 4, 32, 443, NULL, NULL, NULL),
(7044, 'AUDHE', 1, 4, 32, 444, NULL, NULL, NULL),
(7045, 'GAGARI', 1, 4, 32, 444, NULL, NULL, NULL),
(7046, 'GAWAY', 1, 4, 32, 444, NULL, NULL, NULL),
(7047, 'HATHIYAWAN', 1, 4, 32, 444, NULL, NULL, NULL),
(7048, 'KAITHAWAN', 1, 4, 32, 444, NULL, NULL, NULL),
(7049, 'KARE', 1, 4, 32, 444, NULL, NULL, NULL),
(7050, 'KATARI', 1, 4, 32, 444, NULL, NULL, NULL),
(7051, 'KOSARA', 1, 4, 32, 444, NULL, NULL, NULL),
(7052, 'KUSUMBHA', 1, 4, 32, 444, NULL, NULL, NULL),
(7053, 'LODIPUR', 1, 4, 32, 444, NULL, NULL, NULL),
(7054, 'MAHSAR', 1, 4, 32, 444, NULL, NULL, NULL),
(7055, 'MEHUS', 1, 4, 32, 444, NULL, NULL, NULL),
(7056, 'PACHNA', 1, 4, 32, 444, NULL, NULL, NULL),
(7057, 'PAIN', 1, 4, 32, 444, NULL, NULL, NULL),
(7058, 'PURAINA', 1, 4, 32, 444, NULL, NULL, NULL),
(7059, 'ABHIRAJPUR BAIRIYA', 1, 4, 33, 445, NULL, NULL, NULL),
(7060, 'ADAURI', 1, 4, 33, 445, NULL, NULL, NULL),
(7061, 'BAKHAR CHANDIHA', 1, 4, 33, 445, NULL, NULL, NULL),
(7062, 'BARAHI JAGDISH', 1, 4, 33, 445, NULL, NULL, NULL),
(7063, 'BASANT JAGJIWAN', 1, 4, 33, 445, NULL, NULL, NULL),
(7064, 'BASANTPATTI', 1, 4, 33, 445, NULL, NULL, NULL),
(7065, 'DOSTIYA', 1, 4, 33, 445, NULL, NULL, NULL),
(7066, 'KOLHUA THIKHA', 1, 4, 33, 445, NULL, NULL, NULL),
(7067, 'JAHANGIRPUR', 1, 4, 33, 446, NULL, NULL, NULL),
(7068, 'MAHMADPUR KATSARI', 1, 4, 33, 446, NULL, NULL, NULL),
(7069, 'MAHMADPUR KATSARI', 1, 4, 33, 446, NULL, NULL, NULL),
(7070, 'NAYAGAON PASCHIMI', 1, 4, 33, 446, NULL, NULL, NULL),
(7071, 'NAYAGAON PURVI', 1, 4, 33, 446, NULL, NULL, NULL),
(7072, 'PHOOLKAHAN', 1, 4, 33, 446, NULL, NULL, NULL),
(7073, 'ROHUA', 1, 4, 33, 446, NULL, NULL, NULL),
(7074, 'SHYAMPUR', 1, 4, 33, 446, NULL, NULL, NULL),
(7075, 'AMBA DAKSANI', 1, 4, 33, 447, NULL, NULL, NULL),
(7076, 'AMBA UTTRI', 1, 4, 33, 447, NULL, NULL, NULL),
(7077, 'BASAHIYA SHEKH', 1, 4, 33, 447, NULL, NULL, NULL),
(7078, 'BELBA', 1, 4, 33, 447, NULL, NULL, NULL),
(7079, 'DHANKAUL', 1, 4, 33, 447, NULL, NULL, NULL),
(7080, 'KAMRAULI', 1, 4, 33, 447, NULL, NULL, NULL),
(7081, 'KUAMA', 1, 4, 33, 447, NULL, NULL, NULL),
(7082, 'MINAPUR BALHA', 1, 4, 33, 447, NULL, NULL, NULL),
(7083, 'MOHANPUR', 1, 4, 33, 447, NULL, NULL, NULL),
(7084, 'PARSAUNI BAIJ', 1, 4, 33, 447, NULL, NULL, NULL),
(7085, 'PIPRAHI', 1, 4, 33, 447, NULL, NULL, NULL),
(7086, 'CHAMANPUR', 1, 4, 33, 448, NULL, NULL, NULL),
(7087, 'HARNAHI', 1, 4, 33, 448, NULL, NULL, NULL),
(7088, 'KHAIRWADARP', 1, 4, 33, 448, NULL, NULL, NULL),
(7089, 'KUSHAHAR', 1, 4, 33, 448, NULL, NULL, NULL),
(7090, 'MALIPOKHARBHINDA', 1, 4, 33, 448, NULL, NULL, NULL),
(7091, 'PHATAHPUR', 1, 4, 33, 448, NULL, NULL, NULL),
(7092, 'PHATMACHAK', 1, 4, 33, 448, NULL, NULL, NULL),
(7093, 'SARSAULA KHURD', 1, 4, 33, 448, NULL, NULL, NULL),
(7094, 'SUGIYA', 1, 4, 33, 448, NULL, NULL, NULL),
(7095, 'TAJPUR', 1, 4, 33, 448, NULL, NULL, NULL),
(7096, 'ATHKONI', 1, 4, 33, 449, NULL, NULL, NULL),
(7097, 'BELHIYA (BELHIYA BAIJNATHPUR', 1, 4, 33, 449, NULL, NULL, NULL),
(7098, 'BRINDAVAN', 1, 4, 33, 449, NULL, NULL, NULL),
(7099, 'CHATAUNI', 1, 4, 33, 449, NULL, NULL, NULL),
(7100, 'HIRAUTA DUMMA', 1, 4, 33, 449, NULL, NULL, NULL),
(7101, 'KHURPATTI KHORTHA', 1, 4, 33, 449, NULL, NULL, NULL),
(7102, 'KUMRAR', 1, 4, 33, 449, NULL, NULL, NULL),
(7103, 'MADHOPUR CHATA', 1, 4, 33, 449, NULL, NULL, NULL),
(7104, 'NARWARA', 1, 4, 33, 449, NULL, NULL, NULL),
(7105, 'POJHIYA', 1, 4, 33, 449, NULL, NULL, NULL),
(7106, 'SALEMPUR', 1, 4, 33, 449, NULL, NULL, NULL),
(7107, 'SHARIPH NAGAR', 1, 4, 33, 449, NULL, NULL, NULL),
(7108, 'SONBARSA', 1, 4, 33, 449, NULL, NULL, NULL),
(7109, 'SURGAHI', 1, 4, 33, 449, NULL, NULL, NULL),
(7110, 'TARIYANI CHHAPRA', 1, 4, 33, 449, NULL, NULL, NULL),
(7111, 'VISAMBHARPUR', 1, 4, 33, 449, NULL, NULL, NULL),
(7112, 'AKHTA PASCHIMI', 1, 4, 34, 450, NULL, NULL, NULL),
(7113, 'BELAGANJ', 1, 4, 34, 450, NULL, NULL, NULL),
(7114, 'JAMUA', 1, 4, 34, 450, NULL, NULL, NULL),
(7115, 'MUSACHAK', 1, 4, 34, 450, NULL, NULL, NULL),
(7116, 'NANDWARA', 1, 4, 34, 450, NULL, NULL, NULL),
(7117, 'PACHTAKI JADU', 1, 4, 34, 450, NULL, NULL, NULL),
(7118, 'PARSAUNI', 1, 4, 34, 450, NULL, NULL, NULL),
(7119, 'PATAHI', 1, 4, 34, 450, NULL, NULL, NULL),
(7120, 'BACHOPATTI NARHA', 1, 4, 34, 451, NULL, NULL, NULL),
(7121, 'BAJITPUR', 1, 4, 34, 451, NULL, NULL, NULL),
(7122, 'BAJPATTI', 1, 4, 34, 451, NULL, NULL, NULL),
(7123, 'BANGAON DAKSHINI', 1, 4, 34, 451, NULL, NULL, NULL),
(7124, 'BANGAON UTTARI', 1, 4, 34, 451, NULL, NULL, NULL),
(7125, 'BARRI PHULWARIA', 1, 4, 34, 451, NULL, NULL, NULL),
(7126, 'BELAHIYA', 1, 4, 34, 451, NULL, NULL, NULL),
(7127, 'HARPURWA', 1, 4, 34, 451, NULL, NULL, NULL),
(7128, 'HUMAYUPUR', 1, 4, 34, 451, NULL, NULL, NULL),
(7129, 'MADARIPUR', 1, 4, 34, 451, NULL, NULL, NULL),
(7130, 'MADHOPUR', 1, 4, 34, 451, NULL, NULL, NULL),
(7131, 'MADHUBAN BASHA PASCHIMI', 1, 4, 34, 451, NULL, NULL, NULL),
(7132, 'MADHUBAN BASHA PURVI', 1, 4, 34, 451, NULL, NULL, NULL),
(7133, 'MADHURAPUR', 1, 4, 34, 451, NULL, NULL, NULL),
(7134, 'PACHRA NIMAHI', 1, 4, 34, 451, NULL, NULL, NULL),
(7135, 'PATDAURA', 1, 4, 34, 451, NULL, NULL, NULL),
(7136, 'PIPRAHI', 1, 4, 34, 451, NULL, NULL, NULL),
(7137, 'RASALPUR', 1, 4, 34, 451, NULL, NULL, NULL),
(7138, 'RATWARA', 1, 4, 34, 451, NULL, NULL, NULL),
(7139, 'BAIRHA BARAHI JIVA', 1, 4, 34, 452, NULL, NULL, NULL),
(7140, 'BAKHRI', 1, 4, 34, 452, NULL, NULL, NULL),
(7141, 'BATHNAHA PASCHIMI', 1, 4, 34, 452, NULL, NULL, NULL),
(7142, 'BATHNAHA PURVI', 1, 4, 34, 452, NULL, NULL, NULL),
(7143, 'DAYAN CHHAPRA', 1, 4, 34, 452, NULL, NULL, NULL),
(7144, 'DIGGHI', 1, 4, 34, 452, NULL, NULL, NULL),
(7145, 'HARNAHIA', 1, 4, 34, 452, NULL, NULL, NULL),
(7146, 'HARPUR BHALAHA', 1, 4, 34, 452, NULL, NULL, NULL),
(7147, 'KAMALDAH', 1, 4, 34, 452, NULL, NULL, NULL),
(7148, 'MAHUAWA', 1, 4, 34, 452, NULL, NULL, NULL),
(7149, 'MAJHAULIA', 1, 4, 34, 452, NULL, NULL, NULL),
(7150, 'MATIYAR KALA', 1, 4, 34, 452, NULL, NULL, NULL),
(7151, 'MAUDAH', 1, 4, 34, 452, NULL, NULL, NULL),
(7152, 'NARHA', 1, 4, 34, 452, NULL, NULL, NULL),
(7153, 'PANDAUL URF PANTHPAKAR', 1, 4, 34, 452, NULL, NULL, NULL),
(7154, 'RANAULI', 1, 4, 34, 452, NULL, NULL, NULL),
(7155, 'RUPAULI RUPHARA', 1, 4, 34, 452, NULL, NULL, NULL),
(7156, 'SAHIYARA', 1, 4, 34, 452, NULL, NULL, NULL),
(7157, 'SHAHPUR SHITALPATTI', 1, 4, 34, 452, NULL, NULL, NULL),
(7158, 'SINGRAHIA', 1, 4, 34, 452, NULL, NULL, NULL),
(7159, 'TURKAULIA', 1, 4, 34, 452, NULL, NULL, NULL),
(7160, 'BHANDARI', 1, 4, 34, 453, NULL, NULL, NULL),
(7161, 'CHANDAULI', 1, 4, 34, 453, NULL, NULL, NULL),
(7162, 'DUMRA', 1, 4, 34, 453, NULL, NULL, NULL),
(7163, 'JAFARPUR', 1, 4, 34, 453, NULL, NULL, NULL),
(7164, 'KANSAR', 1, 4, 34, 453, NULL, NULL, NULL),
(7165, 'LOHASI', 1, 4, 34, 453, NULL, NULL, NULL),
(7166, 'PACHNAUR', 1, 4, 34, 453, NULL, NULL, NULL),
(7167, 'PATAHI', 1, 4, 34, 453, NULL, NULL, NULL),
(7168, 'SAULI RUPAULI PANCHAYA', 1, 4, 34, 453, NULL, NULL, NULL),
(7169, 'BAJITPUR BHAOUR', 1, 4, 34, 454, NULL, NULL, NULL),
(7170, 'BANAUL', 1, 4, 34, 454, NULL, NULL, NULL),
(7171, 'BOKHRA', 1, 4, 34, 454, NULL, NULL, NULL),
(7172, 'BUDHNAGRA', 1, 4, 34, 454, NULL, NULL, NULL),
(7173, 'CHAKAUTI', 1, 4, 34, 454, NULL, NULL, NULL),
(7174, 'KHARKA BASANT DAKSHINI', 1, 4, 34, 454, NULL, NULL, NULL),
(7175, 'KHARKA BASANT UTTARI', 1, 4, 34, 454, NULL, NULL, NULL),
(7176, 'KURHAR', 1, 4, 34, 454, NULL, NULL, NULL),
(7177, 'MADHUSUDANPUR DUMRI URF MAHISAUTHA', 1, 4, 34, 454, NULL, NULL, NULL),
(7178, 'POKHRAIRA', 1, 4, 34, 454, NULL, NULL, NULL),
(7179, 'SINGHACHAURI', 1, 4, 34, 454, NULL, NULL, NULL),
(7180, 'BARRI BEHTA', 1, 4, 34, 455, NULL, NULL, NULL),
(7181, 'BHANTAWARI', 1, 4, 34, 455, NULL, NULL, NULL),
(7182, 'CHORAUT PASCHIMI', 1, 4, 34, 455, NULL, NULL, NULL),
(7183, 'CHORAUT PURVI', 1, 4, 34, 455, NULL, NULL, NULL),
(7184, 'CHORAUT UTTAR', 1, 4, 34, 455, NULL, NULL, NULL),
(7185, 'PARIGAMA', 1, 4, 34, 455, NULL, NULL, NULL),
(7186, 'YADUPATTI', 1, 4, 34, 455, NULL, NULL, NULL),
(7187, 'AZAMGARH', 1, 4, 34, 456, NULL, NULL, NULL),
(7188, 'BARIYARPUR', 1, 4, 34, 456, NULL, NULL, NULL),
(7189, 'BERBAS', 1, 4, 34, 456, NULL, NULL, NULL),
(7190, 'BHASAR MACHHAHA DAKSHIN', 1, 4, 34, 456, NULL, NULL, NULL),
(7191, 'BHASAR MACHHAHA UTTAR', 1, 4, 34, 456, NULL, NULL, NULL),
(7192, 'BHUP BHAIRO', 1, 4, 34, 456, NULL, NULL, NULL),
(7193, 'BISHUNPUR', 1, 4, 34, 456, NULL, NULL, NULL),
(7194, 'CHAK RAJOPATTI', 1, 4, 34, 456, NULL, NULL, NULL),
(7195, 'HARI CHHAPRA', 1, 4, 34, 456, NULL, NULL, NULL),
(7196, 'KHAIRWA', 1, 4, 34, 456, NULL, NULL, NULL),
(7197, 'KUMHARA BISHUNPUR', 1, 4, 34, 456, NULL, NULL, NULL),
(7198, 'LAGMA', 1, 4, 34, 456, NULL, NULL, NULL),
(7199, 'MADHOPUR ROSHAN', 1, 4, 34, 456, NULL, NULL, NULL),
(7200, 'MADHUBAN', 1, 4, 34, 456, NULL, NULL, NULL),
(7201, 'MEHSAUL GOT', 1, 4, 34, 456, NULL, NULL, NULL),
(7202, 'MEHSAUL PASCHIM', 1, 4, 34, 456, NULL, NULL, NULL),
(7203, 'MEHSAUL PURVI', 1, 4, 34, 456, NULL, NULL, NULL),
(7204, 'METHAURA', 1, 4, 34, 456, NULL, NULL, NULL),
(7205, 'MIRJAPUR', 1, 4, 34, 456, NULL, NULL, NULL),
(7206, 'MISRAULIA', 1, 4, 34, 456, NULL, NULL, NULL),
(7207, 'MURADPUR', 1, 4, 34, 456, NULL, NULL, NULL),
(7208, 'PAROHA', 1, 4, 34, 456, NULL, NULL, NULL),
(7209, 'PUNAURA PASCHIM', 1, 4, 34, 456, NULL, NULL, NULL),
(7210, 'PUNAURA PURVI', 1, 4, 34, 456, NULL, NULL, NULL),
(7211, 'RAMPUR PARORI', 1, 4, 34, 456, NULL, NULL, NULL),
(7212, 'RANJITPUR PASCHIM', 1, 4, 34, 456, NULL, NULL, NULL),
(7213, 'RANJITPUR PURVI', 1, 4, 34, 456, NULL, NULL, NULL),
(7214, 'RASALPUR', 1, 4, 34, 456, NULL, NULL, NULL),
(7215, 'BAHERA', 1, 4, 34, 457, NULL, NULL, NULL),
(7216, 'BASBITTA', 1, 4, 34, 457, NULL, NULL, NULL),
(7217, 'DUMRI KALA', 1, 4, 34, 457, NULL, NULL, NULL),
(7218, 'KHAIRWA', 1, 4, 34, 457, NULL, NULL, NULL),
(7219, 'KUARI MADAN', 1, 4, 34, 457, NULL, NULL, NULL),
(7220, 'MEJORGANJ', 1, 4, 34, 457, NULL, NULL, NULL),
(7221, 'PACHHARWA', 1, 4, 34, 457, NULL, NULL, NULL),
(7222, 'RATANPUR', 1, 4, 34, 457, NULL, NULL, NULL),
(7223, 'BAHERA JAHIDPUR', 1, 4, 34, 458, NULL, NULL, NULL),
(7224, 'BATH ASLI', 1, 4, 34, 458, NULL, NULL, NULL),
(7225, 'BHADIYAN', 1, 4, 34, 458, NULL, NULL, NULL),
(7226, 'BIRAR', 1, 4, 34, 458, NULL, NULL, NULL),
(7227, 'DADRI', 1, 4, 34, 458, NULL, NULL, NULL),
(7228, 'DORPUR', 1, 4, 34, 458, NULL, NULL, NULL),
(7229, 'GAURA', 1, 4, 34, 458, NULL, NULL, NULL),
(7230, 'GAURI', 1, 4, 34, 458, NULL, NULL, NULL),
(7231, 'JANIPUR', 1, 4, 34, 458, NULL, NULL, NULL),
(7232, 'KAURIA RAIPUR', 1, 4, 34, 458, NULL, NULL, NULL),
(7233, 'MAJHAUR', 1, 4, 34, 458, NULL, NULL, NULL),
(7234, 'MOHINI', 1, 4, 34, 458, NULL, NULL, NULL),
(7235, 'NANPUR DAKSHINI', 1, 4, 34, 458, NULL, NULL, NULL),
(7236, 'NANPUR UTTARI', 1, 4, 34, 458, NULL, NULL, NULL),
(7237, 'PANDAUL BUZURANCHAYAT', 1, 4, 34, 458, NULL, NULL, NULL),
(7238, 'RASULGANJ URF KOILI', 1, 4, 34, 458, NULL, NULL, NULL),
(7239, 'SIRSI', 1, 4, 34, 458, NULL, NULL, NULL),
(7240, 'BABURBAN', 1, 4, 34, 459, NULL, NULL, NULL),
(7241, 'BARAHI', 1, 4, 34, 459, NULL, NULL, NULL),
(7242, 'BATHUARA', 1, 4, 34, 459, NULL, NULL, NULL),
(7243, 'BAYA', 1, 4, 34, 459, NULL, NULL, NULL),
(7244, 'BELA MACHHPAKAUNI', 1, 4, 34, 459, NULL, NULL, NULL),
(7245, 'BETAHA', 1, 4, 34, 459, NULL, NULL, NULL),
(7246, 'BHERRAHIA', 1, 4, 34, 459, NULL, NULL, NULL),
(7247, 'BISHANPUR', 1, 4, 34, 459, NULL, NULL, NULL),
(7248, 'DHANAHA', 1, 4, 34, 459, NULL, NULL, NULL),
(7249, 'DHARHARWA', 1, 4, 34, 459, NULL, NULL, NULL),
(7250, 'JAGDAR', 1, 4, 34, 459, NULL, NULL, NULL),
(7251, 'KANHWA', 1, 4, 34, 459, NULL, NULL, NULL),
(7252, 'KHAIRWA MALAHI', 1, 4, 34, 459, NULL, NULL, NULL),
(7253, 'KOIRIYA PIPRA', 1, 4, 34, 459, NULL, NULL, NULL),
(7254, 'LAHURIA', 1, 4, 34, 459, NULL, NULL, NULL),
(7255, 'MAHADEOPATTI', 1, 4, 34, 459, NULL, NULL, NULL),
(7256, 'MANIKPUR MUSHHARNIA', 1, 4, 34, 459, NULL, NULL, NULL),
(7257, 'MANPAUR', 1, 4, 34, 459, NULL, NULL, NULL),
(7258, 'NARANGA DAKSHINI', 1, 4, 34, 459, NULL, NULL, NULL),
(7259, 'NARANGA UTTARI', 1, 4, 34, 459, NULL, NULL, NULL),
(7260, 'PARIHAR DAKSHINI', 1, 4, 34, 459, NULL, NULL, NULL),
(7261, 'PARIHAR UTTARI', 1, 4, 34, 459, NULL, NULL, NULL),
(7262, 'PARSA', 1, 4, 34, 459, NULL, NULL, NULL),
(7263, 'PARSANDI', 1, 4, 34, 459, NULL, NULL, NULL),
(7264, 'PIPRA BISHANPUR', 1, 4, 34, 459, NULL, NULL, NULL),
(7265, 'SIRSIYA', 1, 4, 34, 459, NULL, NULL, NULL),
(7266, 'SUTIHARA', 1, 4, 34, 459, NULL, NULL, NULL),
(7267, 'DEMA', 1, 4, 34, 460, NULL, NULL, NULL),
(7268, 'GISARA', 1, 4, 34, 460, NULL, NULL, NULL),
(7269, 'KATHAUR', 1, 4, 34, 460, NULL, NULL, NULL),
(7270, 'MADANPUR', 1, 4, 34, 460, NULL, NULL, NULL),
(7271, 'PARSAUNI KHIRODHAR', 1, 4, 34, 460, NULL, NULL, NULL),
(7272, 'PARSAUNI MAILWAR', 1, 4, 34, 460, NULL, NULL, NULL),
(7273, 'PARSHURAMPUR', 1, 4, 34, 460, NULL, NULL, NULL),
(7274, 'AWAPUR DAKSHINI', 1, 4, 34, 461, NULL, NULL, NULL),
(7275, 'AWAPUR UTARI', 1, 4, 34, 461, NULL, NULL, NULL),
(7276, 'BACHHARPUR', 1, 4, 34, 461, NULL, NULL, NULL),
(7277, 'BAJITPUR BAURA', 1, 4, 34, 461, NULL, NULL, NULL),
(7278, 'BALHA MAKSUDAN', 1, 4, 34, 461, NULL, NULL, NULL),
(7279, 'BHITTHA DHARAMPUR', 1, 4, 34, 461, NULL, NULL, NULL),
(7280, 'GANGTI', 1, 4, 34, 461, NULL, NULL, NULL),
(7281, 'GARHA', 1, 4, 34, 461, NULL, NULL, NULL),
(7282, 'HARDIYA', 1, 4, 34, 461, NULL, NULL, NULL),
(7283, 'HARIHARPUR', 1, 4, 34, 461, NULL, NULL, NULL),
(7284, 'JHAJHIHAT', 1, 4, 34, 461, NULL, NULL, NULL),
(7285, 'PUPRI', 1, 4, 34, 461, NULL, NULL, NULL),
(7286, 'RAMNAGAR BEDAUL', 1, 4, 34, 461, NULL, NULL, NULL),
(7287, 'ANHARI', 1, 4, 34, 462, NULL, NULL, NULL),
(7288, 'BHABDEPUR', 1, 4, 34, 462, NULL, NULL, NULL),
(7289, 'BHAGWANPUR', 1, 4, 34, 462, NULL, NULL, NULL),
(7290, 'BULAKIPUR', 1, 4, 34, 462, NULL, NULL, NULL),
(7291, 'GANESHPUR BABHANGAWAN', 1, 4, 34, 462, NULL, NULL, NULL),
(7292, 'KUSUMARI', 1, 4, 34, 462, NULL, NULL, NULL),
(7293, 'MEHSIYA', 1, 4, 34, 462, NULL, NULL, NULL),
(7294, 'PAKRI', 1, 4, 34, 462, NULL, NULL, NULL),
(7295, 'POSUA PATANIA', 1, 4, 34, 462, NULL, NULL, NULL),
(7296, 'REWASI', 1, 4, 34, 462, NULL, NULL, NULL),
(7297, 'RIGA FIRST', 1, 4, 34, 462, NULL, NULL, NULL),
(7298, 'RIGA SECOND', 1, 4, 34, 462, NULL, NULL, NULL),
(7299, 'SAHWAJPUR', 1, 4, 34, 462, NULL, NULL, NULL),
(7300, 'SIRAHI', 1, 4, 34, 462, NULL, NULL, NULL),
(7301, 'SIRAULI FIRST', 1, 4, 34, 462, NULL, NULL, NULL),
(7302, 'SIRAULI SECOND', 1, 4, 34, 462, NULL, NULL, NULL),
(7303, 'ATHARI', 1, 4, 34, 463, NULL, NULL, NULL),
(7304, 'BAGHARI', 1, 4, 34, 463, NULL, NULL, NULL),
(7305, 'BAHILWARA URF GARHA', 1, 4, 34, 463, NULL, NULL, NULL),
(7306, 'BALUA', 1, 4, 34, 463, NULL, NULL, NULL),
(7307, 'BARHETA', 1, 4, 34, 463, NULL, NULL, NULL),
(7308, 'BELAHI NILKANTH', 1, 4, 34, 463, NULL, NULL, NULL),
(7309, 'BENGAHI RAMNAGAR', 1, 4, 34, 463, NULL, NULL, NULL),
(7310, 'BULANDPUR', 1, 4, 34, 463, NULL, NULL, NULL),
(7311, 'DEONA BUZURANCHAYAT', 1, 4, 34, 463, NULL, NULL, NULL),
(7312, 'DHANUKHI', 1, 4, 34, 463, NULL, NULL, NULL),
(7313, 'GANGWARA BUZURANCHAYAT', 1, 4, 34, 463, NULL, NULL, NULL),
(7314, 'GIDDHA PHULWARIA', 1, 4, 34, 463, NULL, NULL, NULL),
(7315, 'GURDAH URF GAUSNAGAR', 1, 4, 34, 463, NULL, NULL, NULL),
(7316, 'KAURIYA LALPUR', 1, 4, 34, 463, NULL, NULL, NULL),
(7317, 'KHARKA', 1, 4, 34, 463, NULL, NULL, NULL),
(7318, 'MADHAUL SANI', 1, 4, 34, 463, NULL, NULL, NULL),
(7319, 'MAHESHA FARAKPUR UTTAR', 1, 4, 34, 463, NULL, NULL, NULL),
(7320, 'MAHINDWARA', 1, 4, 34, 463, NULL, NULL, NULL),
(7321, 'MAHISAR', 1, 4, 34, 463, NULL, NULL, NULL),
(7322, 'MANIK CHAUK DAKSHINI', 1, 4, 34, 463, NULL, NULL, NULL),
(7323, 'MANIK CHAUK PASCHIMI', 1, 4, 34, 463, NULL, NULL, NULL),
(7324, 'MANIK CHAUK UTTARI', 1, 4, 34, 463, NULL, NULL, NULL),
(7325, 'MORSAND', 1, 4, 34, 463, NULL, NULL, NULL),
(7326, 'OLIPUR SARHACHIYA', 1, 4, 34, 463, NULL, NULL, NULL),
(7327, 'PREMNAGAR', 1, 4, 34, 463, NULL, NULL, NULL),
(7328, 'RAIN VISHUNI', 1, 4, 34, 463, NULL, NULL, NULL),
(7329, 'RUNNISAIDPUR DAKSHINI', 1, 4, 34, 463, NULL, NULL, NULL),
(7330, 'RUNNISAIDPUR UTTAR', 1, 4, 34, 463, NULL, NULL, NULL),
(7331, 'SAIDPUR MADHYA', 1, 4, 34, 463, NULL, NULL, NULL),
(7332, 'SIRKHIRIYA', 1, 4, 34, 463, NULL, NULL, NULL),
(7333, 'THUMMA', 1, 4, 34, 463, NULL, NULL, NULL),
(7334, 'TIKAULI', 1, 4, 34, 463, NULL, NULL, NULL),
(7335, 'TILAK TAJPUR', 1, 4, 34, 463, NULL, NULL, NULL),
(7336, 'BAGHA', 1, 4, 34, 464, NULL, NULL, NULL),
(7337, 'BHALUAHA', 1, 4, 34, 464, NULL, NULL, NULL),
(7338, 'BHUTAHI', 1, 4, 34, 464, NULL, NULL, NULL),
(7339, 'BISHANPUR GONAHI', 1, 4, 34, 464, NULL, NULL, NULL),
(7340, 'BISHUNPUR AADHAR', 1, 4, 34, 464, NULL, NULL, NULL),
(7341, 'DOSTIA', 1, 4, 34, 464, NULL, NULL, NULL),
(7342, 'GHURGHURA HANUMAN NAGAR', 1, 4, 34, 464, NULL, NULL, NULL),
(7343, 'INDARWA', 1, 4, 34, 464, NULL, NULL, NULL),
(7344, 'JAINAGAR', 1, 4, 34, 464, NULL, NULL, NULL),
(7345, 'KACHOR', 1, 4, 34, 464, NULL, NULL, NULL),
(7346, 'KANHAULI', 1, 4, 34, 464, NULL, NULL, NULL),
(7347, 'KHAP KHOPRAHA', 1, 4, 34, 464, NULL, NULL, NULL),
(7348, 'MADHESRA', 1, 4, 34, 464, NULL, NULL, NULL),
(7349, 'MADHIYA', 1, 4, 34, 464, NULL, NULL, NULL),
(7350, 'MARPA', 1, 4, 34, 464, NULL, NULL, NULL),
(7351, 'PIPRA PARSAIN', 1, 4, 34, 464, NULL, NULL, NULL),
(7352, 'PURANDAHA RAJWARA PASCHIMI', 1, 4, 34, 464, NULL, NULL, NULL),
(7353, 'PURANDAHA RAJWARA PURVI', 1, 4, 34, 464, NULL, NULL, NULL),
(7354, 'SINGHWAHINI', 1, 4, 34, 464, NULL, NULL, NULL),
(7355, 'SONBARSA', 1, 4, 34, 464, NULL, NULL, NULL),
(7356, 'AKHTA PURAB', 1, 4, 34, 465, NULL, NULL, NULL),
(7357, 'AKHTA UTTAR', 1, 4, 34, 465, NULL, NULL, NULL),
(7358, 'BABHANGAWAN', 1, 4, 34, 465, NULL, NULL, NULL),
(7359, 'BARHARWA', 1, 4, 34, 465, NULL, NULL, NULL),
(7360, 'DHARWARA', 1, 4, 34, 465, NULL, NULL, NULL),
(7361, 'HARPUR PIPRA', 1, 4, 34, 465, NULL, NULL, NULL),
(7362, 'KOTHIA RAI', 1, 4, 34, 465, NULL, NULL, NULL),
(7363, 'MANIARI', 1, 4, 34, 465, NULL, NULL, NULL),
(7364, 'MOHINI MANDAL', 1, 4, 34, 465, NULL, NULL, NULL),
(7365, 'NARHA', 1, 4, 34, 465, NULL, NULL, NULL),
(7366, 'SASAULA', 1, 4, 34, 465, NULL, NULL, NULL),
(7367, 'AMANA', 1, 4, 34, 466, NULL, NULL, NULL),
(7368, 'BAGHARI', 1, 4, 34, 466, NULL, NULL, NULL),
(7369, 'BANAULI', 1, 4, 34, 466, NULL, NULL, NULL),
(7370, 'BIRRAKH', 1, 4, 34, 466, NULL, NULL, NULL),
(7371, 'DADHAWARI', 1, 4, 34, 466, NULL, NULL, NULL),
(7372, 'DIWARI MATAUNA', 1, 4, 34, 466, NULL, NULL, NULL),
(7373, 'KARARWANA', 1, 4, 34, 466, NULL, NULL, NULL),
(7374, 'KORIYAHI', 1, 4, 34, 466, NULL, NULL, NULL),
(7375, 'KUMMA', 1, 4, 34, 466, NULL, NULL, NULL),
(7376, 'MALAHI', 1, 4, 34, 466, NULL, NULL, NULL),
(7377, 'MARUKI', 1, 4, 34, 466, NULL, NULL, NULL),
(7378, 'PATHANPURA', 1, 4, 34, 466, NULL, NULL, NULL),
(7379, 'RADHAUR', 1, 4, 34, 466, NULL, NULL, NULL),
(7380, 'SIRKHANDI BHITHA PASCHIMI', 1, 4, 34, 466, NULL, NULL, NULL),
(7381, 'SIRKHANDI BHITHA PURVI', 1, 4, 34, 466, NULL, NULL, NULL),
(7382, 'SURSAND PASCHIMI', 1, 4, 34, 466, NULL, NULL, NULL),
(7383, 'SURSAND PURVI', 1, 4, 34, 466, NULL, NULL, NULL),
(7384, 'SURSAND UTTARI', 1, 4, 34, 466, NULL, NULL, NULL),
(7385, 'AURAE', 1, 4, 35, 467, NULL, NULL, NULL),
(7386, 'BAHADURPUR', 1, 4, 35, 467, NULL, NULL, NULL),
(7387, 'BAHUARA KADIR', 1, 4, 35, 467, NULL, NULL, NULL),
(7388, 'BALAPUR', 1, 4, 35, 467, NULL, NULL, NULL),
(7389, 'BARHARIA', 1, 4, 35, 467, NULL, NULL, NULL),
(7390, 'BHALUARA', 1, 4, 35, 467, NULL, NULL, NULL),
(7391, 'BHAMOPALI', 1, 4, 35, 467, NULL, NULL, NULL),
(7392, 'BHOPATPUR', 1, 4, 35, 467, NULL, NULL, NULL),
(7393, 'CHAUKHI HASAN', 1, 4, 35, 467, NULL, NULL, NULL),
(7394, 'DINDAYALPUR', 1, 4, 35, 467, NULL, NULL, NULL),
(7395, 'HARDOBARA', 1, 4, 35, 467, NULL, NULL, NULL),
(7396, 'HARIHARPURLALGARH', 1, 4, 35, 467, NULL, NULL, NULL),
(7397, 'HATHIGAI', 1, 4, 35, 467, NULL, NULL, NULL),
(7398, 'KAILGARH DAKHIN', 1, 4, 35, 467, NULL, NULL, NULL),
(7399, 'KAILGARH UTTAR', 1, 4, 35, 467, NULL, NULL, NULL),
(7400, 'KOIRIGAWA', 1, 4, 35, 467, NULL, NULL, NULL),
(7401, 'KUNWA', 1, 4, 35, 467, NULL, NULL, NULL),
(7402, 'LAKRI - P C', 1, 4, 35, 467, NULL, NULL, NULL),
(7403, 'LAKRIDARGAH', 1, 4, 35, 467, NULL, NULL, NULL),
(7404, 'MADHOPUR', 1, 4, 35, 467, NULL, NULL, NULL),
(7405, 'NAWALPUR', 1, 4, 35, 467, NULL, NULL, NULL),
(7406, 'PADRAUNA KHURD', 1, 4, 35, 467, NULL, NULL, NULL),
(7407, 'PAKRI', 1, 4, 35, 467, NULL, NULL, NULL),
(7408, 'RACHHOPALI', 1, 4, 35, 467, NULL, NULL, NULL),
(7409, 'RAMPUR', 1, 4, 35, 467, NULL, NULL, NULL),
(7410, 'RASULPUR', 1, 4, 35, 467, NULL, NULL, NULL),
(7411, 'SADARPUR', 1, 4, 35, 467, NULL, NULL, NULL),
(7412, 'SIKANDARPUR', 1, 4, 35, 467, NULL, NULL, NULL),
(7413, 'SUNDERPUR', 1, 4, 35, 467, NULL, NULL, NULL),
(7414, 'TETAHLI', 1, 4, 35, 467, NULL, NULL, NULL),
(7415, 'BAIJUBARHOGA', 1, 4, 35, 468, NULL, NULL, NULL),
(7416, 'BASANT PUR', 1, 4, 35, 468, NULL, NULL, NULL),
(7417, 'BASAO PC', 1, 4, 35, 468, NULL, NULL, NULL),
(7418, 'KANHAULI', 1, 4, 35, 468, NULL, NULL, NULL),
(7419, 'KUMKUM PUR', 1, 4, 35, 468, NULL, NULL, NULL),
(7420, 'MOLANAPUR', 1, 4, 35, 468, NULL, NULL, NULL),
(7421, 'RAJAPUR', 1, 4, 35, 468, NULL, NULL, NULL),
(7422, 'SARAIYA SRIKANT', 1, 4, 35, 468, NULL, NULL, NULL),
(7423, 'SURYA PURA', 1, 4, 35, 468, NULL, NULL, NULL),
(7424, 'BAGAURA', 1, 4, 35, 469, NULL, NULL, NULL),
(7425, 'BALBANGARA', 1, 4, 35, 469, NULL, NULL, NULL),
(7426, 'CHHERHI', 1, 4, 35, 469, NULL, NULL, NULL),
(7427, 'HADSAR', 1, 4, 35, 469, NULL, NULL, NULL),
(7428, 'HARPUR KOTWA', 1, 4, 35, 469, NULL, NULL, NULL),
(7429, 'JALALPUR', 1, 4, 35, 469, NULL, NULL, NULL),
(7430, 'KARSAUT', 1, 4, 35, 469, NULL, NULL, NULL),
(7431, 'KODARI KALA', 1, 4, 35, 469, NULL, NULL, NULL),
(7432, 'KOTHUA SARANGPUR', 1, 4, 35, 469, NULL, NULL, NULL),
(7433, 'MADASARA', 1, 4, 35, 469, NULL, NULL, NULL),
(7434, 'PAKADI', 1, 4, 35, 469, NULL, NULL, NULL),
(7435, 'PAKWALIA', 1, 4, 35, 469, NULL, NULL, NULL),
(7436, 'PANDEY PUR', 1, 4, 35, 469, NULL, NULL, NULL),
(7437, 'PINARHU KHURD(PC)', 1, 4, 35, 469, NULL, NULL, NULL),
(7438, 'RAJANPURA', 1, 4, 35, 469, NULL, NULL, NULL),
(7439, 'RAMGADHA', 1, 4, 35, 469, NULL, NULL, NULL),
(7440, 'RAMSAPUR', 1, 4, 35, 469, NULL, NULL, NULL),
(7441, 'RASULPUR', 1, 4, 35, 469, NULL, NULL, NULL),
(7442, 'RUKUNDIPUR', 1, 4, 35, 469, NULL, NULL, NULL),
(7443, 'SIRSANW', 1, 4, 35, 469, NULL, NULL, NULL),
(7444, 'BALAU', 1, 4, 35, 470, NULL, NULL, NULL),
(7445, 'BALIA', 1, 4, 35, 470, NULL, NULL, NULL),
(7446, 'DEWRIA', 1, 4, 35, 470, NULL, NULL, NULL),
(7447, 'HAJPURWA', 1, 4, 35, 470, NULL, NULL, NULL),
(7448, 'JIGRAWA', 1, 4, 35, 470, NULL, NULL, NULL),
(7449, 'KASDAWARA', 1, 4, 35, 470, NULL, NULL, NULL),
(7450, 'MADHOPUR', 1, 4, 35, 470, NULL, NULL, NULL),
(7451, 'PATEDHA', 1, 4, 35, 470, NULL, NULL, NULL),
(7452, 'POKHRA', 1, 4, 35, 470, NULL, NULL, NULL),
(7453, 'RISOURA', 1, 4, 35, 470, NULL, NULL, NULL),
(7454, 'SARANGPUR', 1, 4, 35, 470, NULL, NULL, NULL),
(7455, 'SHIWDEH', 1, 4, 35, 470, NULL, NULL, NULL),
(7456, 'SIKTIA', 1, 4, 35, 470, NULL, NULL, NULL),
(7457, 'TAKKIPUR', 1, 4, 35, 470, NULL, NULL, NULL),
(7458, 'TEGHRA', 1, 4, 35, 470, NULL, NULL, NULL),
(7459, 'TEWTHA', 1, 4, 35, 470, NULL, NULL, NULL),
(7460, 'BADUYA', 1, 4, 35, 471, NULL, NULL, NULL),
(7461, 'CHAKARA', 1, 4, 35, 471, NULL, NULL, NULL),
(7462, 'FULWARIYA', 1, 4, 35, 471, NULL, NULL, NULL),
(7463, 'GABHIRAR', 1, 4, 35, 471, NULL, NULL, NULL),
(7464, 'GAYGHAT', 1, 4, 35, 471, NULL, NULL, NULL),
(7465, 'GOPI PATIAW', 1, 4, 35, 471, NULL, NULL, NULL),
(7466, 'KARSAR', 1, 4, 35, 471, NULL, NULL, NULL),
(7467, 'KHUJAN', 1, 4, 35, 471, NULL, NULL, NULL),
(7468, 'KUSHHARA', 1, 4, 35, 471, NULL, NULL, NULL),
(7469, 'NARHAN', 1, 4, 35, 471, NULL, NULL, NULL),
(7470, 'NIKHATI KALA', 1, 4, 35, 471, NULL, NULL, NULL),
(7471, 'PANJI WAR', 1, 4, 35, 471, NULL, NULL, NULL),
(7472, 'RAGHUNATH PUR', 1, 4, 35, 471, NULL, NULL, NULL),
(7473, 'RAJ PUR', 1, 4, 35, 471, NULL, NULL, NULL),
(7474, 'SANTHI', 1, 4, 35, 471, NULL, NULL, NULL),
(7475, 'SIDHAWALIA', 1, 4, 35, 471, NULL, NULL, NULL),
(7476, 'TANDI', 1, 4, 35, 471, NULL, NULL, NULL),
(7477, 'USARI BUJURG', 1, 4, 35, 471, NULL, NULL, NULL),
(7478, 'BALAYAN', 1, 4, 35, 472, NULL, NULL, NULL),
(7479, 'BARHAN', 1, 4, 35, 472, NULL, NULL, NULL),
(7480, 'BHANTA POKHAR', 1, 4, 35, 472, NULL, NULL, NULL),
(7481, 'BHARA', 1, 4, 35, 472, NULL, NULL, NULL),
(7482, 'CHANAUR', 1, 4, 35, 472, NULL, NULL, NULL),
(7483, 'DHANOOTI', 1, 4, 35, 472, NULL, NULL, NULL),
(7484, 'JEYAEN', 1, 4, 35, 472, NULL, NULL, NULL),
(7485, 'KARANPURA', 1, 4, 35, 472, NULL, NULL, NULL),
(7486, 'MAHOARI', 1, 4, 35, 472, NULL, NULL, NULL),
(7487, 'MAKRIYAR', 1, 4, 35, 472, NULL, NULL, NULL),
(7488, 'NATHUCHAP', 1, 4, 35, 472, NULL, NULL, NULL),
(7489, 'ORMA MUKUND', 1, 4, 35, 472, NULL, NULL, NULL),
(7490, 'PACHLAKHI', 1, 4, 35, 472, NULL, NULL, NULL),
(7491, 'PITHORI', 1, 4, 35, 472, NULL, NULL, NULL),
(7492, 'RAMAPALI', 1, 4, 35, 472, NULL, NULL, NULL),
(7493, 'SARAVAY', 1, 4, 35, 472, NULL, NULL, NULL),
(7494, 'SARSAR', 1, 4, 35, 472, NULL, NULL, NULL),
(7495, 'SIYARI', 1, 4, 35, 472, NULL, NULL, NULL),
(7496, 'TARWA', 1, 4, 35, 472, NULL, NULL, NULL),
(7497, 'AKPUR', 1, 4, 35, 473, NULL, NULL, NULL),
(7498, 'ANDAR', 1, 4, 35, 473, NULL, NULL, NULL),
(7499, 'ASAW', 1, 4, 35, 473, NULL, NULL, NULL),
(7500, 'BALIA', 1, 4, 35, 473, NULL, NULL, NULL),
(7501, 'BHARAWALI', 1, 4, 35, 473, NULL, NULL, NULL),
(7502, 'BHAWARJPUR', 1, 4, 35, 473, NULL, NULL, NULL),
(7503, 'CHADAULI GANGAOLI', 1, 4, 35, 473, NULL, NULL, NULL),
(7504, 'GARAR', 1, 4, 35, 473, NULL, NULL, NULL),
(7505, 'JAIJOR', 1, 4, 35, 473, NULL, NULL, NULL),
(7506, 'JAMALPUR', 1, 4, 35, 473, NULL, NULL, NULL),
(7507, 'KHERAY', 1, 4, 35, 473, NULL, NULL, NULL),
(7508, 'MAJHAWALIA', 1, 4, 35, 473, NULL, NULL, NULL),
(7509, 'MANPUR PATIGI', 1, 4, 35, 473, NULL, NULL, NULL),
(7510, 'MIAKE BHATKAN', 1, 4, 35, 473, NULL, NULL, NULL),
(7511, 'NARENDRAPUR', 1, 4, 35, 473, NULL, NULL, NULL),
(7512, 'PATAR', 1, 4, 35, 473, NULL, NULL, NULL),
(7513, 'SAKARA', 1, 4, 35, 473, NULL, NULL, NULL),
(7514, 'SASARAW', 1, 4, 35, 473, NULL, NULL, NULL),
(7515, 'ARAZI BALAHA', 1, 4, 35, 474, NULL, NULL, NULL),
(7516, 'BADKAGAON', 1, 4, 35, 474, NULL, NULL, NULL),
(7517, 'BANSOHI', 1, 4, 35, 474, NULL, NULL, NULL),
(7518, 'BHIKHAMPUR', 1, 4, 35, 474, NULL, NULL, NULL),
(7519, 'BILASPUR', 1, 4, 35, 474, NULL, NULL, NULL),
(7520, 'BITHUNA', 1, 4, 35, 474, NULL, NULL, NULL),
(7521, 'BRAHMSTHAN', 1, 4, 35, 474, NULL, NULL, NULL),
(7522, 'GOPALPUR', 1, 4, 35, 474, NULL, NULL, NULL),
(7523, 'KAUDIA', 1, 4, 35, 474, NULL, NULL, NULL),
(7524, 'KHEDWA', 1, 4, 35, 474, NULL, NULL, NULL),
(7525, 'MAHAMDA', 1, 4, 35, 474, NULL, NULL, NULL),
(7526, 'MAHAMMADPUR', 1, 4, 35, 474, NULL, NULL, NULL),
(7527, 'MIRJU MLA', 1, 4, 35, 474, NULL, NULL, NULL),
(7528, 'MORA KHAS', 1, 4, 35, 474, NULL, NULL, NULL),
(7529, 'SAGAR SULTANPUR', 1, 4, 35, 474, NULL, NULL, NULL),
(7530, 'SAGARSULTANPUR DAKSHIN', 1, 4, 35, 474, NULL, NULL, NULL),
(7531, 'SARAIPADAULI', 1, 4, 35, 474, NULL, NULL, NULL),
(7532, 'SHAARHRAON', 1, 4, 35, 474, NULL, NULL, NULL),
(7533, 'SHANKARPUR', 1, 4, 35, 474, NULL, NULL, NULL),
(7534, 'SODHANI', 1, 4, 35, 474, NULL, NULL, NULL),
(7535, 'AMARPUR', 1, 4, 35, 475, NULL, NULL, NULL),
(7536, 'BALHY', 1, 4, 35, 475, NULL, NULL, NULL),
(7537, 'BELAW', 1, 4, 35, 475, NULL, NULL, NULL),
(7538, 'BHITOULI', 1, 4, 35, 475, NULL, NULL, NULL),
(7539, 'CHAKARI', 1, 4, 35, 475, NULL, NULL, NULL),
(7540, 'DARDULI', 1, 4, 35, 475, NULL, NULL, NULL),
(7541, 'DHRAILIMATHIYA', 1, 4, 35, 475, NULL, NULL, NULL),
(7542, 'DONBUJURG', 1, 4, 35, 475, NULL, NULL, NULL),
(7543, 'DUMARHARBUJAL', 1, 4, 35, 475, NULL, NULL, NULL),
(7544, 'HARNATAR', 1, 4, 35, 475, NULL, NULL, NULL),
(7545, 'KAROM', 1, 4, 35, 475, NULL, NULL, NULL),
(7546, 'KASHILAPACHBENIYA', 1, 4, 35, 475, NULL, NULL, NULL),
(7547, 'KRISHNAPALI', 1, 4, 35, 475, NULL, NULL, NULL),
(7548, 'SARANA', 1, 4, 35, 475, NULL, NULL, NULL),
(7549, 'SARHARWA', 1, 4, 35, 475, NULL, NULL, NULL),
(7550, 'TIYAR', 1, 4, 35, 475, NULL, NULL, NULL),
(7551, 'AGYA', 1, 4, 35, 476, NULL, NULL, NULL),
(7552, 'BARAHOGAPROSOTIM', 1, 4, 35, 476, NULL, NULL, NULL),
(7553, 'BHITTI', 1, 4, 35, 476, NULL, NULL, NULL),
(7554, 'BINDWAL', 1, 4, 35, 476, NULL, NULL, NULL),
(7555, 'DUDHARA', 1, 4, 35, 476, NULL, NULL, NULL),
(7556, 'GORIYAKOTHI', 1, 4, 35, 476, NULL, NULL, NULL),
(7557, 'HARDPUR', 1, 4, 35, 476, NULL, NULL, NULL),
(7558, 'HARIHARPUR KALA', 1, 4, 35, 476, NULL, NULL, NULL),
(7559, 'HETIMPUR', 1, 4, 35, 476, NULL, NULL, NULL),
(7560, 'JAMO', 1, 4, 35, 476, NULL, NULL, NULL),
(7561, 'KARANPURA', 1, 4, 35, 476, NULL, NULL, NULL),
(7562, 'LILARO AURANGABAD', 1, 4, 35, 476, NULL, NULL, NULL),
(7563, 'MAHAMAD PUR', 1, 4, 35, 476, NULL, NULL, NULL),
(7564, 'MAJHAWALIA', 1, 4, 35, 476, NULL, NULL, NULL),
(7565, 'MUSTAFABAD', 1, 4, 35, 476, NULL, NULL, NULL),
(7566, 'SADIPUR', 1, 4, 35, 476, NULL, NULL, NULL),
(7567, 'SAIDPUR', 1, 4, 35, 476, NULL, NULL, NULL),
(7568, 'SANI BASANTPUR', 1, 4, 35, 476, NULL, NULL, NULL),
(7569, 'SARARI DACHCHIN', 1, 4, 35, 476, NULL, NULL, NULL),
(7570, 'SARARI UTTR', 1, 4, 35, 476, NULL, NULL, NULL),
(7571, 'SATWAR', 1, 4, 35, 476, NULL, NULL, NULL),
(7572, 'SISAI', 1, 4, 35, 476, NULL, NULL, NULL),
(7573, 'BALUA', 1, 4, 35, 477, NULL, NULL, NULL),
(7574, 'BARPALIA', 1, 4, 35, 477, NULL, NULL, NULL),
(7575, 'BELOUR', 1, 4, 35, 477, NULL, NULL, NULL),
(7576, 'BISHWAR', 1, 4, 35, 477, NULL, NULL, NULL),
(7577, 'CHITAKHAL', 1, 4, 35, 477, NULL, NULL, NULL),
(7578, 'JATAUR', 1, 4, 35, 477, NULL, NULL, NULL),
(7579, 'PACHHIM GUTHANI', 1, 4, 35, 477, NULL, NULL, NULL),
(7580, 'PARARI', 1, 4, 35, 477, NULL, NULL, NULL),
(7581, 'PURVI GUTHANI', 1, 4, 35, 477, NULL, NULL, NULL),
(7582, 'SOHAGRA', 1, 4, 35, 477, NULL, NULL, NULL),
(7583, 'SONHULA', 1, 4, 35, 477, NULL, NULL, NULL),
(7584, 'TARWA KHURD', 1, 4, 35, 477, NULL, NULL, NULL),
(7585, 'ARANDA', 1, 4, 35, 478, NULL, NULL, NULL),
(7586, 'BADRAM', 1, 4, 35, 478, NULL, NULL, NULL),
(7587, 'BADYA', 1, 4, 35, 478, NULL, NULL, NULL),
(7588, 'BAGHAUNI', 1, 4, 35, 478, NULL, NULL, NULL),
(7589, 'CHAP', 1, 4, 35, 478, NULL, NULL, NULL),
(7590, 'CHAPIA', 1, 4, 35, 478, NULL, NULL, NULL),
(7591, 'CHATTA', 1, 4, 35, 478, NULL, NULL, NULL),
(7592, 'GOPALPUR', 1, 4, 35, 478, NULL, NULL, NULL),
(7593, 'HABIBNAGAR', 1, 4, 35, 478, NULL, NULL, NULL),
(7594, 'HASANPURA', 1, 4, 35, 478, NULL, NULL, NULL),
(7595, 'HATHORA', 1, 4, 35, 478, NULL, NULL, NULL),
(7596, 'JAMAPUR', 1, 4, 35, 478, NULL, NULL, NULL),
(7597, 'KHANPUR KHRATTI', 1, 4, 35, 478, NULL, NULL, NULL),
(7598, 'KHARSANDA', 1, 4, 35, 478, NULL, NULL, NULL),
(7599, 'MACHKANA', 1, 4, 35, 478, NULL, NULL, NULL),
(7600, 'MARKAN', 1, 4, 35, 478, NULL, NULL, NULL),
(7601, 'PACHIMI HARIHANS', 1, 4, 35, 478, NULL, NULL, NULL),
(7602, 'PAKAWALIA', 1, 4, 35, 478, NULL, NULL, NULL),
(7603, 'PIYAUR', 1, 4, 35, 478, NULL, NULL, NULL),
(7604, 'PURVI HARIHANS', 1, 4, 35, 478, NULL, NULL, NULL),
(7605, 'SAHULI', 1, 4, 35, 478, NULL, NULL, NULL),
(7606, 'SIDHWAL', 1, 4, 35, 478, NULL, NULL, NULL),
(7607, 'TELKHTHU', 1, 4, 35, 478, NULL, NULL, NULL),
(7608, 'ZERADEI', 1, 4, 35, 478, NULL, NULL, NULL),
(7609, 'BALDIHA', 1, 4, 35, 479, NULL, NULL, NULL),
(7610, 'BASAWALI', 1, 4, 35, 479, NULL, NULL, NULL),
(7611, 'BHADA KHURD PC', 1, 4, 35, 479, NULL, NULL, NULL),
(7612, 'BHOPAT PUR', 1, 4, 35, 479, NULL, NULL, NULL),
(7613, 'DUMARA', 1, 4, 35, 479, NULL, NULL, NULL),
(7614, 'GOPAL PUR', 1, 4, 35, 479, NULL, NULL, NULL),
(7615, 'JAGAT PUR', 1, 4, 35, 479, NULL, NULL, NULL),
(7616, 'KHAWAS PUR', 1, 4, 35, 479, NULL, NULL, NULL),
(7617, 'LAKHNORA', 1, 4, 35, 479, NULL, NULL, NULL),
(7618, 'LAKRI', 1, 4, 35, 479, NULL, NULL, NULL),
(7619, 'PARAULI', 1, 4, 35, 479, NULL, NULL, NULL),
(7620, 'AKOLHI', 1, 4, 35, 480, NULL, NULL, NULL),
(7621, 'ANGAUTA', 1, 4, 35, 480, NULL, NULL, NULL),
(7622, 'BABHNAULI', 1, 4, 35, 480, NULL, NULL, NULL),
(7623, 'BARGAON', 1, 4, 35, 480, NULL, NULL, NULL),
(7624, 'BARKA MANJHA', 1, 4, 35, 480, NULL, NULL, NULL),
(7625, 'CHANDPALI', 1, 4, 35, 480, NULL, NULL, NULL),
(7626, 'CHOTKA MANJHA', 1, 4, 35, 480, NULL, NULL, NULL),
(7627, 'ENGLISH', 1, 4, 35, 480, NULL, NULL, NULL),
(7628, 'GAMBHIRPUR', 1, 4, 35, 480, NULL, NULL, NULL),
(7629, 'HASUA', 1, 4, 35, 480, NULL, NULL, NULL),
(7630, 'KABIRPUR', 1, 4, 35, 480, NULL, NULL, NULL),
(7631, 'KHALWAN', 1, 4, 35, 480, NULL, NULL, NULL),
(7632, 'KHAP BANKAT', 1, 4, 35, 480, NULL, NULL, NULL),
(7633, 'MATHIYA', 1, 4, 35, 480, NULL, NULL, NULL),
(7634, 'MURARPATTI (PC)', 1, 4, 35, 480, NULL, NULL, NULL),
(7635, 'MURIYARI', 1, 4, 35, 480, NULL, NULL, NULL),
(7636, 'NARKATIA', 1, 4, 35, 480, NULL, NULL, NULL),
(7637, 'NAUTAN', 1, 4, 35, 480, NULL, NULL, NULL),
(7638, 'SEMARA', 1, 4, 35, 480, NULL, NULL, NULL),
(7639, 'SEMARIA', 1, 4, 35, 480, NULL, NULL, NULL),
(7640, 'SEVATAPUR', 1, 4, 35, 480, NULL, NULL, NULL),
(7641, 'THEPHAN', 1, 4, 35, 480, NULL, NULL, NULL),
(7642, 'TITRA', 1, 4, 35, 480, NULL, NULL, NULL),
(7643, 'BENUSAR BUJURG', 1, 4, 35, 481, NULL, NULL, NULL),
(7644, 'BHARAT PUR', 1, 4, 35, 481, NULL, NULL, NULL),
(7645, 'BHATWALIA', 1, 4, 35, 481, NULL, NULL, NULL),
(7646, 'GOPAL PUR', 1, 4, 35, 481, NULL, NULL, NULL),
(7647, 'HARDIYAN', 1, 4, 35, 481, NULL, NULL, NULL),
(7648, 'JASAULI', 1, 4, 35, 481, NULL, NULL, NULL),
(7649, 'LAHEJI', 1, 4, 35, 481, NULL, NULL, NULL),
(7650, 'MAHUARI', 1, 4, 35, 481, NULL, NULL, NULL),
(7651, 'MAKHNUPUR', 1, 4, 35, 481, NULL, NULL, NULL),
(7652, 'MANDARAPALI', 1, 4, 35, 481, NULL, NULL, NULL),
(7653, 'PACHRUKHI', 1, 4, 35, 481, NULL, NULL, NULL),
(7654, 'PAPAUR', 1, 4, 35, 481, NULL, NULL, NULL),
(7655, 'PHALPURA', 1, 4, 35, 481, NULL, NULL, NULL),
(7656, 'PIPARA', 1, 4, 35, 481, NULL, NULL, NULL),
(7657, 'SAHLUR', 1, 4, 35, 481, NULL, NULL, NULL),
(7658, 'SARAUTI', 1, 4, 35, 481, NULL, NULL, NULL),
(7659, 'SHAMBHO PUR', 1, 4, 35, 481, NULL, NULL, NULL),
(7660, 'SUPAULI', 1, 4, 35, 481, NULL, NULL, NULL),
(7661, 'SUR BALA', 1, 4, 35, 481, NULL, NULL, NULL),
(7662, 'TARWARA', 1, 4, 35, 481, NULL, NULL, NULL),
(7663, 'UKHAEEN', 1, 4, 35, 481, NULL, NULL, NULL),
(7664, 'BAGHAUNA', 1, 4, 35, 482, NULL, NULL, NULL),
(7665, 'BAKHRI', 1, 4, 35, 482, NULL, NULL, NULL),
(7666, 'BHAGAR', 1, 4, 35, 482, NULL, NULL, NULL),
(7667, 'BHIKHPUR', 1, 4, 35, 482, NULL, NULL, NULL),
(7668, 'CHAINPUR-MUBARAKPUR', 1, 4, 35, 482, NULL, NULL, NULL),
(7669, 'GANGPUR SISWAN', 1, 4, 35, 482, NULL, NULL, NULL),
(7670, 'GAYESPUR', 1, 4, 35, 482, NULL, NULL, NULL),
(7671, 'GHURGHAT', 1, 4, 35, 482, NULL, NULL, NULL),
(7672, 'KACHNAAR', 1, 4, 35, 482, NULL, NULL, NULL),
(7673, 'NAYAGAON', 1, 4, 35, 482, NULL, NULL, NULL),
(7674, 'RAMGARH', 1, 4, 35, 482, NULL, NULL, NULL),
(7675, 'RAMPUR', 1, 4, 35, 482, NULL, NULL, NULL),
(7676, 'SHEKPURA', 1, 4, 35, 482, NULL, NULL, NULL),
(7677, 'SISWAN KALA', 1, 4, 35, 482, NULL, NULL, NULL),
(7678, 'BEENA', 1, 4, 36, 483, NULL, NULL, NULL),
(7679, 'GOPALPUR SIRE', 1, 4, 36, 483, NULL, NULL, NULL),
(7680, 'BAKAUR', 1, 4, 36, 483, NULL, NULL, NULL),
(7681, 'GHURAN', 1, 4, 36, 483, NULL, NULL, NULL),
(7682, 'BARUARI', 1, 4, 36, 483, NULL, NULL, NULL),
(7683, 'PIPRA KHURD', 1, 4, 36, 483, NULL, NULL, NULL),
(7684, 'RAMDATT PATTI', 1, 4, 36, 483, NULL, NULL, NULL),
(7685, 'BALBA', 1, 4, 36, 483, NULL, NULL, NULL),
(7686, 'KARNPUR', 1, 4, 36, 483, NULL, NULL, NULL),
(7687, 'LAURH', 1, 4, 36, 483, NULL, NULL, NULL),
(7688, 'LAUKHA', 1, 4, 36, 483, NULL, NULL, NULL),
(7689, 'BASBITTI', 1, 4, 36, 483, NULL, NULL, NULL),
(7690, 'GOTH BARUARI', 1, 4, 36, 483, NULL, NULL, NULL),
(7691, 'KARHIO', 1, 4, 36, 483, NULL, NULL, NULL),
(7692, 'EKMA', 1, 4, 36, 483, NULL, NULL, NULL),
(7693, 'BALHA', 1, 4, 36, 483, NULL, NULL, NULL),
(7694, 'BAIRO PANCHAYT', 1, 4, 36, 483, NULL, NULL, NULL),
(7695, 'SUKHPUR SOLHNI', 1, 4, 36, 483, NULL, NULL, NULL),
(7696, 'AMHA PANHAYAT', 1, 4, 36, 483, NULL, NULL, NULL),
(7697, 'TELWA', 1, 4, 36, 483, NULL, NULL, NULL),
(7698, 'BARIYA', 1, 4, 36, 483, NULL, NULL, NULL),
(7699, 'CHAINSING PATTI', 1, 4, 36, 483, NULL, NULL, NULL),
(7700, 'MALHNI PANCHYAT', 1, 4, 36, 483, NULL, NULL, NULL),
(7701, 'PARSARMA PARSAUNI', 1, 4, 36, 483, NULL, NULL, NULL),
(7702, 'HARDI EAST', 1, 4, 36, 483, NULL, NULL, NULL),
(7703, 'HARDI {WEST}', 1, 4, 36, 483, NULL, NULL, NULL),
(7704, 'PARSA MADHO PNACHYAT', 1, 4, 36, 484, NULL, NULL, NULL),
(7705, 'BOURAHA', 1, 4, 36, 484, NULL, NULL, NULL),
(7706, 'NAUA BAKHAR', 1, 4, 36, 484, NULL, NULL, NULL),
(7707, 'MAUJHA', 1, 4, 36, 484, NULL, NULL, NULL),
(7708, 'DUBYAHI', 1, 4, 36, 484, NULL, NULL, NULL),
(7709, 'KATHRA KADAMPURA', 1, 4, 36, 484, NULL, NULL, NULL),
(7710, 'RAJPUR', 1, 4, 36, 484, NULL, NULL, NULL),
(7711, 'KISHANPUR NORTH', 1, 4, 36, 484, NULL, NULL, NULL),
(7712, 'KISHANPUR SOUTH', 1, 4, 36, 484, NULL, NULL, NULL),
(7713, 'SHIVPURI', 1, 4, 36, 484, NULL, NULL, NULL),
(7714, 'KARAHIA', 1, 4, 36, 484, NULL, NULL, NULL),
(7715, 'MALARH', 1, 4, 36, 484, NULL, NULL, NULL),
(7716, 'ANDOLI', 1, 4, 36, 484, NULL, NULL, NULL),
(7717, 'MAHASIMAR', 1, 4, 36, 484, NULL, NULL, NULL),
(7718, 'SUKHASHAN', 1, 4, 36, 484, NULL, NULL, NULL);
INSERT INTO `villages` (`id`, `name`, `country_id`, `state_id`, `district_id`, `block_id`, `created_at`, `updated_at`, `deleted_at`) VALUES
(7719, 'TULA PATTI', 1, 4, 36, 484, NULL, NULL, NULL),
(7720, 'BANANIYA', 1, 4, 36, 485, NULL, NULL, NULL),
(7721, 'SARAIGARH', 1, 4, 36, 485, NULL, NULL, NULL),
(7722, 'MURLAI', 1, 4, 36, 485, NULL, NULL, NULL),
(7723, 'CHAND PIPAR', 1, 4, 36, 485, NULL, NULL, NULL),
(7724, 'LALGANG BAGAVA TENGRAHA', 1, 4, 36, 485, NULL, NULL, NULL),
(7725, 'LAUKHA', 1, 4, 36, 485, NULL, NULL, NULL),
(7726, 'CHITHI HANUMAN NAGAR', 1, 4, 36, 485, NULL, NULL, NULL),
(7727, 'SAHPUR PIRTHI PATTI', 1, 4, 36, 485, NULL, NULL, NULL),
(7728, 'PIPRA KHURD', 1, 4, 36, 485, NULL, NULL, NULL),
(7729, 'BHAPTIYAHI', 1, 4, 36, 485, NULL, NULL, NULL),
(7730, 'GHILA DUMRI', 1, 4, 36, 485, NULL, NULL, NULL),
(7731, 'DHOLI', 1, 4, 36, 485, NULL, NULL, NULL),
(7732, 'RATAULI', 1, 4, 36, 486, NULL, NULL, NULL),
(7733, 'PATHRA NORTH', 1, 4, 36, 486, NULL, NULL, NULL),
(7734, 'PATHRA SOUTH', 1, 4, 36, 486, NULL, NULL, NULL),
(7735, 'NIRMALI', 1, 4, 36, 486, NULL, NULL, NULL),
(7736, 'KATAIYA MAHE', 1, 4, 36, 486, NULL, NULL, NULL),
(7737, 'TULAPATTI', 1, 4, 36, 486, NULL, NULL, NULL),
(7738, 'RAMNAGAR', 1, 4, 36, 486, NULL, NULL, NULL),
(7739, 'BASHA', 1, 4, 36, 486, NULL, NULL, NULL),
(7740, 'THUMHA', 1, 4, 36, 486, NULL, NULL, NULL),
(7741, 'DINAPATTI', 1, 4, 36, 486, NULL, NULL, NULL),
(7742, 'THADI BHAWANIPUR', 1, 4, 36, 486, NULL, NULL, NULL),
(7743, 'MAHESPUR', 1, 4, 36, 486, NULL, NULL, NULL),
(7744, 'DUBIYAHI', 1, 4, 36, 486, NULL, NULL, NULL),
(7745, 'PIPRA', 1, 4, 36, 486, NULL, NULL, NULL),
(7746, 'AMHA', 1, 4, 36, 486, NULL, NULL, NULL),
(7747, 'RAMPUR', 1, 4, 36, 486, NULL, NULL, NULL),
(7748, 'BHIM NAGAR', 1, 4, 36, 487, NULL, NULL, NULL),
(7749, 'BHAGWANPUR', 1, 4, 36, 487, NULL, NULL, NULL),
(7750, 'RATANPUR', 1, 4, 36, 487, NULL, NULL, NULL),
(7751, 'SATANPATTI', 1, 4, 36, 487, NULL, NULL, NULL),
(7752, 'NIRMALI', 1, 4, 36, 487, NULL, NULL, NULL),
(7753, 'DIN BANDHI', 1, 4, 36, 487, NULL, NULL, NULL),
(7754, 'BASANTPUR', 1, 4, 36, 487, NULL, NULL, NULL),
(7755, 'BANAILI PATTI', 1, 4, 36, 487, NULL, NULL, NULL),
(7756, 'PARMANND PUR', 1, 4, 36, 487, NULL, NULL, NULL),
(7757, 'KOCH GAMA', 1, 4, 36, 487, NULL, NULL, NULL),
(7758, 'BALBHADRA PUR', 1, 4, 36, 487, NULL, NULL, NULL),
(7759, 'BISHANPUR SIV RAM', 1, 4, 36, 487, NULL, NULL, NULL),
(7760, 'HIRDAY NAGAR', 1, 4, 36, 487, NULL, NULL, NULL),
(7761, 'KUSHER', 1, 4, 36, 487, NULL, NULL, NULL),
(7762, 'VAYSI', 1, 4, 36, 488, NULL, NULL, NULL),
(7763, 'KARJAIN', 1, 4, 36, 488, NULL, NULL, NULL),
(7764, 'PARMANANDPUR', 1, 4, 36, 488, NULL, NULL, NULL),
(7765, 'BAURAHA', 1, 4, 36, 488, NULL, NULL, NULL),
(7766, 'HARIRAHA', 1, 4, 36, 488, NULL, NULL, NULL),
(7767, 'BISANPUR DAULAT', 1, 4, 36, 488, NULL, NULL, NULL),
(7768, 'MOTIPUR', 1, 4, 36, 488, NULL, NULL, NULL),
(7769, 'FINGLAS', 1, 4, 36, 488, NULL, NULL, NULL),
(7770, 'SIMRAHI', 1, 4, 36, 488, NULL, NULL, NULL),
(7771, 'PIPRAHI', 1, 4, 36, 488, NULL, NULL, NULL),
(7772, 'RAGHOPUR', 1, 4, 36, 488, NULL, NULL, NULL),
(7773, 'RAM BISHANPUR', 1, 4, 36, 488, NULL, NULL, NULL),
(7774, 'HARIPUR', 1, 4, 36, 488, NULL, NULL, NULL),
(7775, '. DAVIPUR', 1, 4, 36, 488, NULL, NULL, NULL),
(7776, 'DHARHARA', 1, 4, 36, 488, NULL, NULL, NULL),
(7777, 'DUMRI', 1, 4, 36, 488, NULL, NULL, NULL),
(7778, 'HULAS', 1, 4, 36, 488, NULL, NULL, NULL),
(7779, 'CHAMPA NAGAR', 1, 4, 36, 488, NULL, NULL, NULL),
(7780, 'SRIPUR', 1, 4, 36, 489, NULL, NULL, NULL),
(7781, 'GOVINDPUR', 1, 4, 36, 489, NULL, NULL, NULL),
(7782, 'BHAWANIPUR NORTH', 1, 4, 36, 489, NULL, NULL, NULL),
(7783, 'BHAWANIPUR SOUTH', 1, 4, 36, 489, NULL, NULL, NULL),
(7784, 'CHILAUNI NORTH', 1, 4, 36, 489, NULL, NULL, NULL),
(7785, 'CHILAUNI SOUTH', 1, 4, 36, 489, NULL, NULL, NULL),
(7786, 'SUKHANAGAR', 1, 4, 36, 489, NULL, NULL, NULL),
(7787, 'TAKUNA', 1, 4, 36, 489, NULL, NULL, NULL),
(7788, 'SURYAPUR PANHAYAT', 1, 4, 36, 489, NULL, NULL, NULL),
(7789, 'KARHERWA', 1, 4, 36, 490, NULL, NULL, NULL),
(7790, 'SIMARIA', 1, 4, 36, 490, NULL, NULL, NULL),
(7791, 'THALHA GAHRIA NORTH', 1, 4, 36, 490, NULL, NULL, NULL),
(7792, 'THALHA GARHIA SOUTH', 1, 4, 36, 490, NULL, NULL, NULL),
(7793, 'MIRJAWA', 1, 4, 36, 490, NULL, NULL, NULL),
(7794, 'GONHA', 1, 4, 36, 490, NULL, NULL, NULL),
(7795, 'HARIHAR PATTI', 1, 4, 36, 490, NULL, NULL, NULL),
(7796, 'AURLAHA', 1, 4, 36, 490, NULL, NULL, NULL),
(7797, 'GURIA', 1, 4, 36, 490, NULL, NULL, NULL),
(7798, 'BARAH KURWA', 1, 4, 36, 490, NULL, NULL, NULL),
(7799, 'BABHANGAMA', 1, 4, 36, 490, NULL, NULL, NULL),
(7800, 'PATHRA GAOUR DHOI', 1, 4, 36, 490, NULL, NULL, NULL),
(7801, 'MAHESHUA', 1, 4, 36, 490, NULL, NULL, NULL),
(7802, 'LATAUNA NORTH', 1, 4, 36, 490, NULL, NULL, NULL),
(7803, 'LATAUNA SOUTH', 1, 4, 36, 490, NULL, NULL, NULL),
(7804, 'DAPARKHA', 1, 4, 36, 490, NULL, NULL, NULL),
(7805, 'KUSHA', 1, 4, 36, 490, NULL, NULL, NULL),
(7806, 'PILUWAHA', 1, 4, 36, 490, NULL, NULL, NULL),
(7807, 'MANGANJ EAST', 1, 4, 36, 490, NULL, NULL, NULL),
(7808, 'MANGANJ WEST', 1, 4, 36, 490, NULL, NULL, NULL),
(7809, 'KORIAPATTI EAST', 1, 4, 36, 490, NULL, NULL, NULL),
(7810, 'KORIAPATTI WEST', 1, 4, 36, 490, NULL, NULL, NULL),
(7811, 'JADIYA', 1, 4, 36, 490, NULL, NULL, NULL),
(7812, 'BAGHAILI', 1, 4, 36, 490, NULL, NULL, NULL),
(7813, 'PARSA GARHI NORTH PANCHYAT', 1, 4, 36, 490, NULL, NULL, NULL),
(7814, 'PARSA GARHI SOUTH', 1, 4, 36, 490, NULL, NULL, NULL),
(7815, 'NANDANA', 1, 4, 36, 490, NULL, NULL, NULL),
(7816, 'BALUA', 1, 4, 36, 491, NULL, NULL, NULL),
(7817, 'THUTHI', 1, 4, 36, 491, NULL, NULL, NULL),
(7818, 'BHIMPUR', 1, 4, 36, 491, NULL, NULL, NULL),
(7819, 'LAXMINIA', 1, 4, 36, 491, NULL, NULL, NULL),
(7820, 'MADHUBANI', 1, 4, 36, 491, NULL, NULL, NULL),
(7821, 'JIWACHHPUR', 1, 4, 36, 491, NULL, NULL, NULL),
(7822, 'UDHAMPUR', 1, 4, 36, 491, NULL, NULL, NULL),
(7823, 'MADHOPUR', 1, 4, 36, 491, NULL, NULL, NULL),
(7824, 'RAMPUR', 1, 4, 36, 491, NULL, NULL, NULL),
(7825, 'LALGANJ', 1, 4, 36, 491, NULL, NULL, NULL),
(7826, 'CHHATAPUR', 1, 4, 36, 491, NULL, NULL, NULL),
(7827, 'DAHARIYA', 1, 4, 36, 491, NULL, NULL, NULL),
(7828, 'GHIWHA', 1, 4, 36, 491, NULL, NULL, NULL),
(7829, 'RAJESHWARI EAST', 1, 4, 36, 491, NULL, NULL, NULL),
(7830, 'RAJESHWARI WEST', 1, 4, 36, 491, NULL, NULL, NULL),
(7831, 'MOHAMMADGANJ', 1, 4, 36, 491, NULL, NULL, NULL),
(7832, 'CHUNNI', 1, 4, 36, 491, NULL, NULL, NULL),
(7833, 'KATHARA', 1, 4, 36, 491, NULL, NULL, NULL),
(7834, 'SOHTA', 1, 4, 36, 491, NULL, NULL, NULL),
(7835, 'GWALPARA', 1, 4, 36, 491, NULL, NULL, NULL),
(7836, 'CHARNE', 1, 4, 36, 491, NULL, NULL, NULL),
(7837, 'LAXMIPUR', 1, 4, 36, 491, NULL, NULL, NULL),
(7838, 'JHAKHARGARDH', 1, 4, 36, 491, NULL, NULL, NULL),
(7839, 'KUNAULI', 1, 4, 36, 492, NULL, NULL, NULL),
(7840, 'KAMALPUR', 1, 4, 36, 492, NULL, NULL, NULL),
(7841, 'DAGMARA', 1, 4, 36, 492, NULL, NULL, NULL),
(7842, 'DIGHYA PANCHYAT', 1, 4, 36, 492, NULL, NULL, NULL),
(7843, 'BELA SINGAR MOTI', 1, 4, 36, 492, NULL, NULL, NULL),
(7844, 'MAJHARI', 1, 4, 36, 492, NULL, NULL, NULL),
(7845, 'HARIYAHI', 1, 4, 36, 492, NULL, NULL, NULL),
(7846, 'BELHI', 1, 4, 36, 493, NULL, NULL, NULL),
(7847, 'SAROJA BELA', 1, 4, 36, 493, NULL, NULL, NULL),
(7848, 'LALMINYA', 1, 4, 36, 493, NULL, NULL, NULL),
(7849, 'KADMAHA', 1, 4, 36, 493, NULL, NULL, NULL),
(7850, 'BERHARA', 1, 4, 36, 493, NULL, NULL, NULL),
(7851, 'SISAWNI', 1, 4, 36, 493, NULL, NULL, NULL),
(7852, 'GHOGHARDIHA', 1, 4, 36, 493, NULL, NULL, NULL),
(7853, 'MARAUNA NORTH', 1, 4, 36, 493, NULL, NULL, NULL),
(7854, 'MARAUNA SOUTH', 1, 4, 36, 493, NULL, NULL, NULL),
(7855, 'HARRI', 1, 4, 36, 493, NULL, NULL, NULL),
(7856, 'PARICOACH', 1, 4, 36, 493, NULL, NULL, NULL),
(7857, 'KAMRAIL', 1, 4, 36, 493, NULL, NULL, NULL),
(7858, 'GANAURA', 1, 4, 36, 493, NULL, NULL, NULL),
(7859, 'Ababakarpur', 1, 4, 37, 494, NULL, NULL, NULL),
(7860, 'Akhtiyarpur Sehan', 1, 4, 37, 494, NULL, NULL, NULL),
(7861, 'Basti Sarsikan', 1, 4, 37, 494, NULL, NULL, NULL),
(7862, 'Bishunpur Arrah', 1, 4, 37, 494, NULL, NULL, NULL),
(7863, 'Chehrakala', 1, 4, 37, 494, NULL, NULL, NULL),
(7864, 'Chhaurahi', 1, 4, 37, 494, NULL, NULL, NULL),
(7865, 'Karhatiya Buzurg', 1, 4, 37, 494, NULL, NULL, NULL),
(7866, 'Khajechand Chhapra', 1, 4, 37, 494, NULL, NULL, NULL),
(7867, 'Mansurpur Halaiya', 1, 4, 37, 494, NULL, NULL, NULL),
(7868, 'Mathana Milik', 1, 4, 37, 494, NULL, NULL, NULL),
(7869, 'Rasulpur Fatah', 1, 4, 37, 494, NULL, NULL, NULL),
(7870, 'Shahpur Khurd', 1, 4, 37, 494, NULL, NULL, NULL),
(7871, 'Ajampur', 1, 4, 37, 495, NULL, NULL, NULL),
(7872, 'Bhikhanpura', 1, 4, 37, 495, NULL, NULL, NULL),
(7873, 'Desri', 1, 4, 37, 495, NULL, NULL, NULL),
(7874, 'Dharampur Ramrai', 1, 4, 37, 495, NULL, NULL, NULL),
(7875, 'Jahangirpur Sam', 1, 4, 37, 495, NULL, NULL, NULL),
(7876, 'Rasalpur Habib', 1, 4, 37, 495, NULL, NULL, NULL),
(7877, 'Ufraul', 1, 4, 37, 495, NULL, NULL, NULL),
(7878, 'Zafarabad', 1, 4, 37, 495, NULL, NULL, NULL),
(7879, 'Baksama', 1, 4, 37, 496, NULL, NULL, NULL),
(7880, 'Bhanpur Warewa', 1, 4, 37, 496, NULL, NULL, NULL),
(7881, 'Bhualpur urf Bahadurpur', 1, 4, 37, 496, NULL, NULL, NULL),
(7882, 'Goraul Bhagwanpur', 1, 4, 37, 496, NULL, NULL, NULL),
(7883, 'Inayatnagar', 1, 4, 37, 496, NULL, NULL, NULL),
(7884, 'Ismailpur', 1, 4, 37, 496, NULL, NULL, NULL),
(7885, 'Kanhauli Bisanparsi', 1, 4, 37, 496, NULL, NULL, NULL),
(7886, 'Kanhauli Dhanraj', 1, 4, 37, 496, NULL, NULL, NULL),
(7887, 'Katarmala', 1, 4, 37, 496, NULL, NULL, NULL),
(7888, 'Lodipur', 1, 4, 37, 496, NULL, NULL, NULL),
(7889, 'Mahammadpur Pojha', 1, 4, 37, 496, NULL, NULL, NULL),
(7890, 'Pirapur Mathura', 1, 4, 37, 496, NULL, NULL, NULL),
(7891, 'Piroi urf Rasulpur Samsuddin', 1, 4, 37, 496, NULL, NULL, NULL),
(7892, 'Rasalpur Turki', 1, 4, 37, 496, NULL, NULL, NULL),
(7893, 'Rasulpur Korigawan', 1, 4, 37, 496, NULL, NULL, NULL),
(7894, 'Sondho Dulah', 1, 4, 37, 496, NULL, NULL, NULL),
(7895, 'Adalpur', 1, 4, 37, 497, NULL, NULL, NULL),
(7896, 'Arniya', 1, 4, 37, 497, NULL, NULL, NULL),
(7897, 'Bahsi Saiyadpur', 1, 4, 37, 497, NULL, NULL, NULL),
(7898, 'Basantpur', 1, 4, 37, 497, NULL, NULL, NULL),
(7899, 'Bishanpur Bedauliya', 1, 4, 37, 497, NULL, NULL, NULL),
(7900, 'Borhan urf Rasulpur Gaus', 1, 4, 37, 497, NULL, NULL, NULL),
(7901, 'Chandsarai', 1, 4, 37, 497, NULL, NULL, NULL),
(7902, 'Dihbuchauli', 1, 4, 37, 497, NULL, NULL, NULL),
(7903, 'Harprasad', 1, 4, 37, 497, NULL, NULL, NULL),
(7904, 'Hazrat Jandaha', 1, 4, 37, 497, NULL, NULL, NULL),
(7905, 'Khopi', 1, 4, 37, 497, NULL, NULL, NULL),
(7906, 'Laxmipur Barbatta', 1, 4, 37, 497, NULL, NULL, NULL),
(7907, 'Loma', 1, 4, 37, 497, NULL, NULL, NULL),
(7908, 'Mahipura', 1, 4, 37, 497, NULL, NULL, NULL),
(7909, 'Mahisaur', 1, 4, 37, 497, NULL, NULL, NULL),
(7910, 'Mansinghpur Bijhrauli', 1, 4, 37, 497, NULL, NULL, NULL),
(7911, 'Mohiuddinpur Garahi', 1, 4, 37, 497, NULL, NULL, NULL),
(7912, 'Mukundpur Bhath', 1, 4, 37, 497, NULL, NULL, NULL),
(7913, 'Nari Khurd', 1, 4, 37, 497, NULL, NULL, NULL),
(7914, 'Pirapur', 1, 4, 37, 497, NULL, NULL, NULL),
(7915, 'Rasulpur Purshotam', 1, 4, 37, 497, NULL, NULL, NULL),
(7916, 'Saiyad Mahammad urf Salha', 1, 4, 37, 497, NULL, NULL, NULL),
(7917, 'Soharthi', 1, 4, 37, 497, NULL, NULL, NULL),
(7918, 'Bhadwas', 1, 4, 37, 498, NULL, NULL, NULL),
(7919, 'Bishunpur Hiraram', 1, 4, 37, 498, NULL, NULL, NULL),
(7920, 'Fatahpur Pakri', 1, 4, 37, 498, NULL, NULL, NULL),
(7921, 'Fulwariya', 1, 4, 37, 498, NULL, NULL, NULL),
(7922, 'Gauspur Chakmajahid', 1, 4, 37, 498, NULL, NULL, NULL),
(7923, 'Gobindpur', 1, 4, 37, 498, NULL, NULL, NULL),
(7924, 'Hasanpur Osti', 1, 4, 37, 498, NULL, NULL, NULL),
(7925, 'Jahangirpur Salkhanni', 1, 4, 37, 498, NULL, NULL, NULL),
(7926, 'Jalalpur Gangati', 1, 4, 37, 498, NULL, NULL, NULL),
(7927, 'Laxminarayanpur', 1, 4, 37, 498, NULL, NULL, NULL),
(7928, 'Mahua Mukundpur', 1, 4, 37, 498, NULL, NULL, NULL),
(7929, 'Mahua Singhrai', 1, 4, 37, 498, NULL, NULL, NULL),
(7930, 'Mangurahi', 1, 4, 37, 498, NULL, NULL, NULL),
(7931, 'Mirjanagar', 1, 4, 37, 498, NULL, NULL, NULL),
(7932, 'Rampur Chandrabhan urf Dagru', 1, 4, 37, 498, NULL, NULL, NULL),
(7933, 'Rasulpur urf Madhaul', 1, 4, 37, 498, NULL, NULL, NULL),
(7934, 'Rusulpur Mubarak', 1, 4, 37, 498, NULL, NULL, NULL),
(7935, 'Samspura', 1, 4, 37, 498, NULL, NULL, NULL),
(7936, 'Sherpur Chhatwara', 1, 4, 37, 498, NULL, NULL, NULL),
(7937, 'Sherpur Manikpur', 1, 4, 37, 498, NULL, NULL, NULL),
(7938, 'Singhara North', 1, 4, 37, 498, NULL, NULL, NULL),
(7939, 'Singhara South', 1, 4, 37, 498, NULL, NULL, NULL),
(7940, 'Supaul Taria', 1, 4, 37, 498, NULL, NULL, NULL),
(7941, 'Tajpur Buzurg', 1, 4, 37, 498, NULL, NULL, NULL),
(7942, 'Ababakarpur Kwahi', 1, 4, 37, 499, NULL, NULL, NULL),
(7943, 'Agrail Khurd', 1, 4, 37, 499, NULL, NULL, NULL),
(7944, 'Ajijpur Chande', 1, 4, 37, 499, NULL, NULL, NULL),
(7945, 'Alinagar Lewdhan', 1, 4, 37, 499, NULL, NULL, NULL),
(7946, 'Bahuara', 1, 4, 37, 499, NULL, NULL, NULL),
(7947, 'Bakadh', 1, 4, 37, 499, NULL, NULL, NULL),
(7948, 'Baligaon', 1, 4, 37, 499, NULL, NULL, NULL),
(7949, 'Bardiha Turki', 1, 4, 37, 499, NULL, NULL, NULL),
(7950, 'Bela Dargah', 1, 4, 37, 499, NULL, NULL, NULL),
(7951, 'Bhairokhara', 1, 4, 37, 499, NULL, NULL, NULL),
(7952, 'Chakjado', 1, 4, 37, 499, NULL, NULL, NULL),
(7953, 'Chandpur Fateh', 1, 4, 37, 499, NULL, NULL, NULL),
(7954, 'Dabhaich', 1, 4, 37, 499, NULL, NULL, NULL),
(7955, 'Dedhua', 1, 4, 37, 499, NULL, NULL, NULL),
(7956, 'Govindpur Bela', 1, 4, 37, 499, NULL, NULL, NULL),
(7957, 'Harlochanpur Sukki', 1, 4, 37, 499, NULL, NULL, NULL),
(7958, 'Khesrahi', 1, 4, 37, 499, NULL, NULL, NULL),
(7959, 'Khoajpur Basti', 1, 4, 37, 499, NULL, NULL, NULL),
(7960, 'Ladho', 1, 4, 37, 499, NULL, NULL, NULL),
(7961, 'Mahthi Dharmchand', 1, 4, 37, 499, NULL, NULL, NULL),
(7962, 'Malpur', 1, 4, 37, 499, NULL, NULL, NULL),
(7963, 'Mandai Dih', 1, 4, 37, 499, NULL, NULL, NULL),
(7964, 'Marui', 1, 4, 37, 499, NULL, NULL, NULL),
(7965, 'Maudah Chatur', 1, 4, 37, 499, NULL, NULL, NULL),
(7966, 'Mudah Buzurg', 1, 4, 37, 499, NULL, NULL, NULL),
(7967, 'Nilo Rukundpur', 1, 4, 37, 499, NULL, NULL, NULL),
(7968, 'Nirpur', 1, 4, 37, 499, NULL, NULL, NULL),
(7969, 'Raghopur Narsanda', 1, 4, 37, 499, NULL, NULL, NULL),
(7970, 'Saidpur Dumra', 1, 4, 37, 499, NULL, NULL, NULL),
(7971, 'Siamrbara', 1, 4, 37, 499, NULL, NULL, NULL),
(7972, 'Teknari', 1, 4, 37, 499, NULL, NULL, NULL),
(7973, 'Tisiauta Dharmpur', 1, 4, 37, 499, NULL, NULL, NULL),
(7974, 'Baikunthpur', 1, 4, 37, 500, NULL, NULL, NULL),
(7975, 'Bakarpur', 1, 4, 37, 500, NULL, NULL, NULL),
(7976, 'Bakhari Barai', 1, 4, 37, 500, NULL, NULL, NULL),
(7977, 'Berai', 1, 4, 37, 500, NULL, NULL, NULL),
(7978, 'Bhalui', 1, 4, 37, 500, NULL, NULL, NULL),
(7979, 'Bishunpur Balbhadra urf Gaushpur', 1, 4, 37, 500, NULL, NULL, NULL),
(7980, 'Jafarpatti', 1, 4, 37, 500, NULL, NULL, NULL),
(7981, 'Lagurao Bilandpur', 1, 4, 37, 500, NULL, NULL, NULL),
(7982, 'Mirpur Patadh', 1, 4, 37, 500, NULL, NULL, NULL),
(7983, 'Narayanpur Buzurg', 1, 4, 37, 500, NULL, NULL, NULL),
(7984, 'Rajapakar North', 1, 4, 37, 500, NULL, NULL, NULL),
(7985, 'Rajapakar South', 1, 4, 37, 500, NULL, NULL, NULL),
(7986, 'Rampur Ratnakar', 1, 4, 37, 500, NULL, NULL, NULL),
(7987, 'Akbar Malahi', 1, 4, 37, 501, NULL, NULL, NULL),
(7988, 'Asoi Laxiram', 1, 4, 37, 501, NULL, NULL, NULL),
(7989, 'Harbanshpur', 1, 4, 37, 501, NULL, NULL, NULL),
(7990, 'Husena Khurd', 1, 4, 37, 501, NULL, NULL, NULL),
(7991, 'Jahangirpur Patedha', 1, 4, 37, 501, NULL, NULL, NULL),
(7992, 'Karhari', 1, 4, 37, 501, NULL, NULL, NULL),
(7993, 'Kiratpur Rajaram', 1, 4, 37, 501, NULL, NULL, NULL),
(7994, 'Madhopur Mahodat', 1, 4, 37, 501, NULL, NULL, NULL),
(7995, 'Madhopur Ram', 1, 4, 37, 501, NULL, NULL, NULL),
(7996, 'Mahmadabad', 1, 4, 37, 501, NULL, NULL, NULL),
(7997, 'Majhauli Mahmadpur Buzurg', 1, 4, 37, 501, NULL, NULL, NULL),
(7998, 'Manganpur', 1, 4, 37, 501, NULL, NULL, NULL),
(7999, 'Miyan Bairo', 1, 4, 37, 501, NULL, NULL, NULL),
(8000, 'Prataptand East', 1, 4, 37, 501, NULL, NULL, NULL),
(8001, 'Prataptand west', 1, 4, 37, 501, NULL, NULL, NULL),
(8002, 'Raghunathpur Imadpur', 1, 4, 37, 501, NULL, NULL, NULL),
(8003, 'Ratanpura', 1, 4, 37, 501, NULL, NULL, NULL),
(8004, 'Sahtha', 1, 4, 37, 501, NULL, NULL, NULL),
(8005, 'Shahmiyan Rohua', 1, 4, 37, 501, NULL, NULL, NULL),
(8006, 'Shambhopur Koari', 1, 4, 37, 501, NULL, NULL, NULL),
(8007, 'Wafapur Banthu', 1, 4, 37, 501, NULL, NULL, NULL),
(8008, 'Amer', 1, 4, 37, 502, NULL, NULL, NULL),
(8009, 'Bajitpur Saidad', 1, 4, 37, 502, NULL, NULL, NULL),
(8010, 'Bidupur', 1, 4, 37, 502, NULL, NULL, NULL),
(8011, 'Chaksikandar (Kalyanpur)', 1, 4, 37, 502, NULL, NULL, NULL),
(8012, 'Chakthakurshi Kusyari', 1, 4, 37, 502, NULL, NULL, NULL),
(8013, 'Cheehar', 1, 4, 37, 502, NULL, NULL, NULL),
(8014, 'Daudnagar', 1, 4, 37, 502, NULL, NULL, NULL),
(8015, 'Dilawarpur Gowardhan', 1, 4, 37, 502, NULL, NULL, NULL),
(8016, 'Jurawanpur', 1, 4, 37, 502, NULL, NULL, NULL),
(8017, 'Kanchanpur', 1, 4, 37, 502, NULL, NULL, NULL),
(8018, 'Kathauliya', 1, 4, 37, 502, NULL, NULL, NULL),
(8019, 'Khanpur Pakri', 1, 4, 37, 502, NULL, NULL, NULL),
(8020, 'Khilwat', 1, 4, 37, 502, NULL, NULL, NULL),
(8021, 'Kutubpur', 1, 4, 37, 502, NULL, NULL, NULL),
(8022, 'Majhauli', 1, 4, 37, 502, NULL, NULL, NULL),
(8023, 'Majilispur', 1, 4, 37, 502, NULL, NULL, NULL),
(8024, 'Mathura', 1, 4, 37, 502, NULL, NULL, NULL),
(8025, 'Mayil', 1, 4, 37, 502, NULL, NULL, NULL),
(8026, 'Nawanagar', 1, 4, 37, 502, NULL, NULL, NULL),
(8027, 'Rahimapur', 1, 4, 37, 502, NULL, NULL, NULL),
(8028, 'Rajasan', 1, 4, 37, 502, NULL, NULL, NULL),
(8029, 'Sahdullahpur Dhasbauli', 1, 4, 37, 502, NULL, NULL, NULL),
(8030, 'Saidpur Ganesh', 1, 4, 37, 502, NULL, NULL, NULL),
(8031, 'Sitalpur Kamalpur', 1, 4, 37, 502, NULL, NULL, NULL),
(8032, 'Afzalpur Dhobghatti', 1, 4, 37, 503, NULL, NULL, NULL),
(8033, 'Andhrawara', 1, 4, 37, 503, NULL, NULL, NULL),
(8034, 'Arrah', 1, 4, 37, 503, NULL, NULL, NULL),
(8035, 'Bahuara', 1, 4, 37, 503, NULL, NULL, NULL),
(8036, 'Bishunpur Baladhari', 1, 4, 37, 503, NULL, NULL, NULL),
(8037, 'Bishunpur Basand', 1, 4, 37, 503, NULL, NULL, NULL),
(8038, 'Bishunpur Basand urf Shubhai', 1, 4, 37, 503, NULL, NULL, NULL),
(8039, 'Chakunda urf Milki', 1, 4, 37, 503, NULL, NULL, NULL),
(8040, 'Daulatpur Chandi', 1, 4, 37, 503, NULL, NULL, NULL),
(8041, 'Daulatpur Dewariya', 1, 4, 37, 503, NULL, NULL, NULL),
(8042, 'Dayalpur', 1, 4, 37, 503, NULL, NULL, NULL),
(8043, 'Dighi Kala East', 1, 4, 37, 503, NULL, NULL, NULL),
(8044, 'Dighi Kala West', 1, 4, 37, 503, NULL, NULL, NULL),
(8045, 'Gadai Sarai', 1, 4, 37, 503, NULL, NULL, NULL),
(8046, 'Gauspur Ijra', 1, 4, 37, 503, NULL, NULL, NULL),
(8047, 'Hilalpur', 1, 4, 37, 503, NULL, NULL, NULL),
(8048, 'Ismailpur', 1, 4, 37, 503, NULL, NULL, NULL),
(8049, 'Karnpura', 1, 4, 37, 503, NULL, NULL, NULL),
(8050, 'Kashipur Chakbibi', 1, 4, 37, 503, NULL, NULL, NULL),
(8051, 'Manua', 1, 4, 37, 503, NULL, NULL, NULL),
(8052, 'Pahetia', 1, 4, 37, 503, NULL, NULL, NULL),
(8053, 'Panapur Langa', 1, 4, 37, 503, NULL, NULL, NULL),
(8054, 'Sahdullahpur Satan', 1, 4, 37, 503, NULL, NULL, NULL),
(8055, 'Senduari', 1, 4, 37, 503, NULL, NULL, NULL),
(8056, 'Sultanpur', 1, 4, 37, 503, NULL, NULL, NULL),
(8057, 'Thathan Buzurg', 1, 4, 37, 503, NULL, NULL, NULL),
(8058, 'Anwarpur', 1, 4, 37, 504, NULL, NULL, NULL),
(8059, 'Basanta Jahanabad', 1, 4, 37, 504, NULL, NULL, NULL),
(8060, 'Bhatauli Bhagwan', 1, 4, 37, 504, NULL, NULL, NULL),
(8061, 'Etwarpur Sisaula', 1, 4, 37, 504, NULL, NULL, NULL),
(8062, 'Ghataro Chaturbhuj(Middle)', 1, 4, 37, 504, NULL, NULL, NULL),
(8063, 'Ghataro Chaturbhuj(South)', 1, 4, 37, 504, NULL, NULL, NULL),
(8064, 'Gurmiya', 1, 4, 37, 504, NULL, NULL, NULL),
(8065, 'Jalalpur', 1, 4, 37, 504, NULL, NULL, NULL),
(8066, 'Kartahan Buzurg', 1, 4, 37, 504, NULL, NULL, NULL),
(8067, 'Kharauna', 1, 4, 37, 504, NULL, NULL, NULL),
(8068, 'Laxminarayanpur', 1, 4, 37, 504, NULL, NULL, NULL),
(8069, 'Paura Madansingh', 1, 4, 37, 504, NULL, NULL, NULL),
(8070, 'Purainiya', 1, 4, 37, 504, NULL, NULL, NULL),
(8071, 'Purantand', 1, 4, 37, 504, NULL, NULL, NULL),
(8072, 'Purkhauli', 1, 4, 37, 504, NULL, NULL, NULL),
(8073, 'Rikhar', 1, 4, 37, 504, NULL, NULL, NULL),
(8074, 'Sahdullahpur', 1, 4, 37, 504, NULL, NULL, NULL),
(8075, 'Sarariya', 1, 4, 37, 504, NULL, NULL, NULL),
(8076, 'Shital Bhakurahar', 1, 4, 37, 504, NULL, NULL, NULL),
(8077, 'Sirsa Biran', 1, 4, 37, 504, NULL, NULL, NULL),
(8078, 'Yusufpur', 1, 4, 37, 504, NULL, NULL, NULL),
(8079, 'Alipur Hatta', 1, 4, 37, 505, NULL, NULL, NULL),
(8080, 'Basudeopur Chandel', 1, 4, 37, 505, NULL, NULL, NULL),
(8081, 'Chamarhara', 1, 4, 37, 505, NULL, NULL, NULL),
(8082, 'Dedhpura', 1, 4, 37, 505, NULL, NULL, NULL),
(8083, 'Gorigama', 1, 4, 37, 505, NULL, NULL, NULL),
(8084, 'Hasanpur North', 1, 4, 37, 505, NULL, NULL, NULL),
(8085, 'Hasanpur South', 1, 4, 37, 505, NULL, NULL, NULL),
(8086, 'Karnauti', 1, 4, 37, 505, NULL, NULL, NULL),
(8087, 'Lawapur Mahnar', 1, 4, 37, 505, NULL, NULL, NULL),
(8088, 'Lawapur Narayan', 1, 4, 37, 505, NULL, NULL, NULL),
(8089, 'Mahammadpur', 1, 4, 37, 505, NULL, NULL, NULL),
(8090, 'Mahindwara', 1, 4, 37, 505, NULL, NULL, NULL),
(8091, 'Paharpur Bisanpur', 1, 4, 37, 505, NULL, NULL, NULL),
(8092, 'Sarmastpur', 1, 4, 37, 505, NULL, NULL, NULL),
(8093, 'Belsar', 1, 4, 37, 506, NULL, NULL, NULL),
(8094, 'Chakgulamuddin', 1, 4, 37, 506, NULL, NULL, NULL),
(8095, 'Jaran Rampur', 1, 4, 37, 506, NULL, NULL, NULL),
(8096, 'Karneji', 1, 4, 37, 506, NULL, NULL, NULL),
(8097, 'Manora', 1, 4, 37, 506, NULL, NULL, NULL),
(8098, 'Misroliya Afjalpur', 1, 4, 37, 506, NULL, NULL, NULL),
(8099, 'Nagwan', 1, 4, 37, 506, NULL, NULL, NULL),
(8100, 'Sayin', 1, 4, 37, 506, NULL, NULL, NULL),
(8101, 'Sorhatha', 1, 4, 37, 506, NULL, NULL, NULL),
(8102, 'Bahrampur', 1, 4, 37, 507, NULL, NULL, NULL),
(8103, 'Birpur', 1, 4, 37, 507, NULL, NULL, NULL),
(8104, 'Chaksingar', 1, 4, 37, 507, NULL, NULL, NULL),
(8105, 'Chandpura', 1, 4, 37, 507, NULL, NULL, NULL),
(8106, 'Fatehpur', 1, 4, 37, 507, NULL, NULL, NULL),
(8107, 'Jahangirpur', 1, 4, 37, 507, NULL, NULL, NULL),
(8108, 'Jurawanpur Barari', 1, 4, 37, 507, NULL, NULL, NULL),
(8109, 'Jurawanpur Karari', 1, 4, 37, 507, NULL, NULL, NULL),
(8110, 'Mallikpur', 1, 4, 37, 507, NULL, NULL, NULL),
(8111, 'Mohanpur', 1, 4, 37, 507, NULL, NULL, NULL),
(8112, 'Paharpur East', 1, 4, 37, 507, NULL, NULL, NULL),
(8113, 'Paharpur West', 1, 4, 37, 507, NULL, NULL, NULL),
(8114, 'Raghopur East', 1, 4, 37, 507, NULL, NULL, NULL),
(8115, 'Raghopur West', 1, 4, 37, 507, NULL, NULL, NULL),
(8116, 'Rampur Shyamchand', 1, 4, 37, 507, NULL, NULL, NULL),
(8117, 'Rustampur', 1, 4, 37, 507, NULL, NULL, NULL),
(8118, 'Saidabad', 1, 4, 37, 507, NULL, NULL, NULL),
(8119, 'Saraipur urf Diwantok', 1, 4, 37, 507, NULL, NULL, NULL),
(8120, 'Terasiya', 1, 4, 37, 507, NULL, NULL, NULL),
(8121, 'Zafarabad Tok', 1, 4, 37, 507, NULL, NULL, NULL),
(8122, 'Bajitpur Chakasturi', 1, 4, 37, 508, NULL, NULL, NULL),
(8123, 'Chakfaij', 1, 4, 37, 508, NULL, NULL, NULL),
(8124, 'Chakjamal', 1, 4, 37, 508, NULL, NULL, NULL),
(8125, 'Majrohi urf Sahariya', 1, 4, 37, 508, NULL, NULL, NULL),
(8126, 'Murauatpur', 1, 4, 37, 508, NULL, NULL, NULL),
(8127, 'Nayagaon East', 1, 4, 37, 508, NULL, NULL, NULL),
(8128, 'Nayagaon west', 1, 4, 37, 508, NULL, NULL, NULL),
(8129, 'Pohiyar Buzurg', 1, 4, 37, 508, NULL, NULL, NULL),
(8130, 'Sahdei Buzurg', 1, 4, 37, 508, NULL, NULL, NULL),
(8131, 'Salha', 1, 4, 37, 508, NULL, NULL, NULL),
(8132, 'Sultanpur', 1, 4, 37, 508, NULL, NULL, NULL),
(8133, 'Abulhasanpur', 1, 4, 37, 509, NULL, NULL, NULL),
(8134, 'Amritpur', 1, 4, 37, 509, NULL, NULL, NULL),
(8135, 'Basadh urf Vaishali', 1, 4, 37, 509, NULL, NULL, NULL),
(8136, 'Bhagwanpur Ratti', 1, 4, 37, 509, NULL, NULL, NULL),
(8137, 'Bhagwatpur', 1, 4, 37, 509, NULL, NULL, NULL),
(8138, 'Chintamanipur', 1, 4, 37, 509, NULL, NULL, NULL),
(8139, 'Chk Alhadad', 1, 4, 37, 509, NULL, NULL, NULL),
(8140, 'Daudnagar', 1, 4, 37, 509, NULL, NULL, NULL),
(8141, 'Fuladh', 1, 4, 37, 509, NULL, NULL, NULL),
(8142, 'Jatkauli', 1, 4, 37, 509, NULL, NULL, NULL),
(8143, 'Madarna', 1, 4, 37, 509, NULL, NULL, NULL),
(8144, 'Mahmadpur', 1, 4, 37, 509, NULL, NULL, NULL),
(8145, 'Majhauli', 1, 4, 37, 509, NULL, NULL, NULL),
(8146, 'Mataiya', 1, 4, 37, 509, NULL, NULL, NULL),
(8147, 'Rahimpur', 1, 4, 37, 509, NULL, NULL, NULL),
(8148, 'Salempur', 1, 4, 37, 509, NULL, NULL, NULL),
(8149, 'BARWA', 1, 4, 38, 510, NULL, NULL, NULL),
(8150, 'CHIURAHI', 1, 4, 38, 510, NULL, NULL, NULL),
(8151, 'DAUNAHAN', 1, 4, 38, 510, NULL, NULL, NULL),
(8152, 'DHANAHA PAUSHAHARI', 1, 4, 38, 510, NULL, NULL, NULL),
(8153, 'KATHAR', 1, 4, 38, 510, NULL, NULL, NULL),
(8154, 'KHOTAHWA', 1, 4, 38, 510, NULL, NULL, NULL),
(8155, 'MADHUA', 1, 4, 38, 510, NULL, NULL, NULL),
(8156, 'MADHUBANI', 1, 4, 38, 510, NULL, NULL, NULL),
(8157, 'SISAI', 1, 4, 38, 510, NULL, NULL, NULL),
(8158, 'TAMKUHA', 1, 4, 38, 510, NULL, NULL, NULL),
(8159, 'BARGAON', 1, 4, 38, 511, NULL, NULL, NULL),
(8160, 'BARIARAWA SALHA', 1, 4, 38, 511, NULL, NULL, NULL),
(8161, 'BASAWARIA', 1, 4, 38, 511, NULL, NULL, NULL),
(8162, 'BASGAWAN', 1, 4, 38, 511, NULL, NULL, NULL),
(8163, 'BATHUARIA TESRAHIYA', 1, 4, 38, 511, NULL, NULL, NULL),
(8164, 'BHAIROGANJ', 1, 4, 38, 511, NULL, NULL, NULL),
(8165, 'BHAISAHI PADARKHAP', 1, 4, 38, 511, NULL, NULL, NULL),
(8166, 'BIBI BANKATAWA', 1, 4, 38, 511, NULL, NULL, NULL),
(8167, 'CHANDRAHAN RUPWALIA', 1, 4, 38, 511, NULL, NULL, NULL),
(8168, 'CHANDRAPUR RATWAL', 1, 4, 38, 511, NULL, NULL, NULL),
(8169, 'ENGLISHIA', 1, 4, 38, 511, NULL, NULL, NULL),
(8170, 'HARDI NADWA', 1, 4, 38, 511, NULL, NULL, NULL),
(8171, 'KOLHUA CHAUTARAWA', 1, 4, 38, 511, NULL, NULL, NULL),
(8172, 'LAGUNAHA CHAUTARWA', 1, 4, 38, 511, NULL, NULL, NULL),
(8173, 'MAHIPUR BHATHAURA', 1, 4, 38, 511, NULL, NULL, NULL),
(8174, 'MAJHAUWA', 1, 4, 38, 511, NULL, NULL, NULL),
(8175, 'MEHURA', 1, 4, 38, 511, NULL, NULL, NULL),
(8176, 'NADDA', 1, 4, 38, 511, NULL, NULL, NULL),
(8177, 'PARSA BANCHAHARI', 1, 4, 38, 511, NULL, NULL, NULL),
(8178, 'PATILAR', 1, 4, 38, 511, NULL, NULL, NULL),
(8179, 'PIPARIA SINGARI', 1, 4, 38, 511, NULL, NULL, NULL),
(8180, 'RAIWARI MAHUAWA', 1, 4, 38, 511, NULL, NULL, NULL),
(8181, 'RAJWATIA CHAKHANI', 1, 4, 38, 511, NULL, NULL, NULL),
(8182, 'SISAWA BASANTPUR', 1, 4, 38, 511, NULL, NULL, NULL),
(8183, 'BAIRAGI SONABARASA', 1, 4, 38, 512, NULL, NULL, NULL),
(8184, 'BAKULI PANCHGWA', 1, 4, 38, 512, NULL, NULL, NULL),
(8185, 'BALMIKI NAGAR', 1, 4, 38, 512, NULL, NULL, NULL),
(8186, 'BALUA CHHATRAUL', 1, 4, 38, 512, NULL, NULL, NULL),
(8187, 'BARIARWA', 1, 4, 38, 512, NULL, NULL, NULL),
(8188, 'BELAHAWA MADANPUR', 1, 4, 38, 512, NULL, NULL, NULL),
(8189, 'BHARACHHI', 1, 4, 38, 512, NULL, NULL, NULL),
(8190, 'BINWALIA BODHSER', 1, 4, 38, 512, NULL, NULL, NULL),
(8191, 'BORAWAL NARAWAL', 1, 4, 38, 512, NULL, NULL, NULL),
(8192, 'CHAMAWALIA', 1, 4, 38, 512, NULL, NULL, NULL),
(8193, 'CHAMPAPUR GONAULI', 1, 4, 38, 512, NULL, NULL, NULL),
(8194, 'DHOLBAJWA LAXMIPUR', 1, 4, 38, 512, NULL, NULL, NULL),
(8195, 'HARNATAND', 1, 4, 38, 512, NULL, NULL, NULL),
(8196, 'JAMUNAPUR TARWAWALIA', 1, 4, 38, 512, NULL, NULL, NULL),
(8197, 'JIMARI NAUTANAWA', 1, 4, 38, 512, NULL, NULL, NULL),
(8198, 'KHARAHAR TIRBHAWNI', 1, 4, 38, 512, NULL, NULL, NULL),
(8199, 'LAXMIPUR RAMPURWA', 1, 4, 38, 512, NULL, NULL, NULL),
(8200, 'MAHUAWA KATHARAWA', 1, 4, 38, 512, NULL, NULL, NULL),
(8201, 'MANGALPUR AUSANI', 1, 4, 38, 512, NULL, NULL, NULL),
(8202, 'NAURANGIA DARDAHI', 1, 4, 38, 512, NULL, NULL, NULL),
(8203, 'NAYAGAON RAMPUR', 1, 4, 38, 512, NULL, NULL, NULL),
(8204, 'PAKWALIA MARJADPUR', 1, 4, 38, 512, NULL, NULL, NULL),
(8205, 'SANTPUR SOHARIA', 1, 4, 38, 512, NULL, NULL, NULL),
(8206, 'SEMRA KATHAKUIA', 1, 4, 38, 512, NULL, NULL, NULL),
(8207, 'TARUANAWA DEWARIA', 1, 4, 38, 512, NULL, NULL, NULL),
(8208, 'BAGAHI BAGHAMBERPUR', 1, 4, 38, 513, NULL, NULL, NULL),
(8209, 'BAGAHI RATANPUR', 1, 4, 38, 513, NULL, NULL, NULL),
(8210, 'BAIJUA', 1, 4, 38, 513, NULL, NULL, NULL),
(8211, 'BAIRIYA', 1, 4, 38, 513, NULL, NULL, NULL),
(8212, 'BATHANA', 1, 4, 38, 513, NULL, NULL, NULL),
(8213, 'BHITAHAN', 1, 4, 38, 513, NULL, NULL, NULL),
(8214, 'FULIAKHAND', 1, 4, 38, 513, NULL, NULL, NULL),
(8215, 'LAUKARIA', 1, 4, 38, 513, NULL, NULL, NULL),
(8216, 'MALAHI BALUA', 1, 4, 38, 513, NULL, NULL, NULL),
(8217, 'MIYAPUR', 1, 4, 38, 513, NULL, NULL, NULL),
(8218, 'PAKHANAHA DUMARIA', 1, 4, 38, 513, NULL, NULL, NULL),
(8219, 'PATJIRWA (NORTH)', 1, 4, 38, 513, NULL, NULL, NULL),
(8220, 'PATJIRWA (SOUTH)', 1, 4, 38, 513, NULL, NULL, NULL),
(8221, 'SISAWA SARAIYA', 1, 4, 38, 513, NULL, NULL, NULL),
(8222, 'SURYAPUR', 1, 4, 38, 513, NULL, NULL, NULL),
(8223, 'TADHAWA NANDPUR', 1, 4, 38, 513, NULL, NULL, NULL),
(8224, 'TUMKARIA', 1, 4, 38, 513, NULL, NULL, NULL),
(8225, 'AHAWAR MAJHARIA', 1, 4, 38, 514, NULL, NULL, NULL),
(8226, 'BANUCHHAPER', 1, 4, 38, 514, NULL, NULL, NULL),
(8227, 'BARAWAT PRASARAIN', 1, 4, 38, 514, NULL, NULL, NULL),
(8228, 'BARAWAT SENA', 1, 4, 38, 514, NULL, NULL, NULL),
(8229, 'GONAULI', 1, 4, 38, 514, NULL, NULL, NULL),
(8230, 'KARGAHIA PURABI', 1, 4, 38, 514, NULL, NULL, NULL),
(8231, 'PIPARA PAKARI', 1, 4, 38, 514, NULL, NULL, NULL),
(8232, 'BHUIDHARAWA', 1, 4, 38, 515, NULL, NULL, NULL),
(8233, 'CHILAWANIA', 1, 4, 38, 515, NULL, NULL, NULL),
(8234, 'DIHI PAKARI', 1, 4, 38, 515, NULL, NULL, NULL),
(8235, 'HATHUAHWA', 1, 4, 38, 515, NULL, NULL, NULL),
(8236, 'KHAIRA', 1, 4, 38, 515, NULL, NULL, NULL),
(8237, 'MACHHAHAN', 1, 4, 38, 515, NULL, NULL, NULL),
(8238, 'MANPUR', 1, 4, 38, 515, NULL, NULL, NULL),
(8239, 'PRASAUNA', 1, 4, 38, 515, NULL, NULL, NULL),
(8240, 'SEMARWARI', 1, 4, 38, 515, NULL, NULL, NULL),
(8241, 'AURAIYA', 1, 4, 38, 516, NULL, NULL, NULL),
(8242, 'BAKULAHAR', 1, 4, 38, 516, NULL, NULL, NULL),
(8243, 'BANKAT PURAINA', 1, 4, 38, 516, NULL, NULL, NULL),
(8244, 'BETTIAH DIH', 1, 4, 38, 516, NULL, NULL, NULL),
(8245, 'BHAISAHI POKHARIA', 1, 4, 38, 516, NULL, NULL, NULL),
(8246, 'CHARGAHAN', 1, 4, 38, 516, NULL, NULL, NULL),
(8247, 'CHUHARI', 1, 4, 38, 516, NULL, NULL, NULL),
(8248, 'GHOGHA (NORTH)', 1, 4, 38, 516, NULL, NULL, NULL),
(8249, 'GHOGHA (SOUTH)', 1, 4, 38, 516, NULL, NULL, NULL),
(8250, 'GIDHA', 1, 4, 38, 516, NULL, NULL, NULL),
(8251, 'GURWALIA', 1, 4, 38, 516, NULL, NULL, NULL),
(8252, 'JAITIA', 1, 4, 38, 516, NULL, NULL, NULL),
(8253, 'KURAWA MATHIA', 1, 4, 38, 516, NULL, NULL, NULL),
(8254, 'LAKHAURA', 1, 4, 38, 516, NULL, NULL, NULL),
(8255, 'LALGARH', 1, 4, 38, 516, NULL, NULL, NULL),
(8256, 'LOHIARIA', 1, 4, 38, 516, NULL, NULL, NULL),
(8257, 'MAHNA KULI', 1, 4, 38, 516, NULL, NULL, NULL),
(8258, 'MUSAHARI SENUARIA', 1, 4, 38, 516, NULL, NULL, NULL),
(8259, 'POKHARIA KHARZ', 1, 4, 38, 516, NULL, NULL, NULL),
(8260, 'RANIPUR RAMPURAWA', 1, 4, 38, 516, NULL, NULL, NULL),
(8261, 'SIRISIA', 1, 4, 38, 516, NULL, NULL, NULL),
(8262, 'TUNIA VISHUNPUR', 1, 4, 38, 516, NULL, NULL, NULL),
(8263, 'TURAHAPATTI (EAST)', 1, 4, 38, 516, NULL, NULL, NULL),
(8264, 'TURAHAPATTI (WEST)', 1, 4, 38, 516, NULL, NULL, NULL),
(8265, 'BAJARA', 1, 4, 38, 517, NULL, NULL, NULL),
(8266, 'BELAWA', 1, 4, 38, 517, NULL, NULL, NULL),
(8267, 'BELSANDI', 1, 4, 38, 517, NULL, NULL, NULL),
(8268, 'BHITIHARAWA', 1, 4, 38, 517, NULL, NULL, NULL),
(8269, 'DARAUL', 1, 4, 38, 517, NULL, NULL, NULL),
(8270, 'DHAMAURA', 1, 4, 38, 517, NULL, NULL, NULL),
(8271, 'DHANAUJI', 1, 4, 38, 517, NULL, NULL, NULL),
(8272, 'DOMATH', 1, 4, 38, 517, NULL, NULL, NULL),
(8273, 'GAUNAHA', 1, 4, 38, 517, NULL, NULL, NULL),
(8274, 'JAMUNIA', 1, 4, 38, 517, NULL, NULL, NULL),
(8275, 'LACHHANAUTA', 1, 4, 38, 517, NULL, NULL, NULL),
(8276, 'MADHOPUR', 1, 4, 38, 517, NULL, NULL, NULL),
(8277, 'MAHUI', 1, 4, 38, 517, NULL, NULL, NULL),
(8278, 'MAJHARIA', 1, 4, 38, 517, NULL, NULL, NULL),
(8279, 'MATIARAWA', 1, 4, 38, 517, NULL, NULL, NULL),
(8280, 'MEHNAUL', 1, 4, 38, 517, NULL, NULL, NULL),
(8281, 'RUPAULIUA', 1, 4, 38, 517, NULL, NULL, NULL),
(8282, 'SITHTHI', 1, 4, 38, 517, NULL, NULL, NULL),
(8283, 'BAGAHI PURAINA', 1, 4, 38, 518, NULL, NULL, NULL),
(8284, 'BAHUARAWA', 1, 4, 38, 518, NULL, NULL, NULL),
(8285, 'BALUA BHAWANIPUR', 1, 4, 38, 518, NULL, NULL, NULL),
(8286, 'BARWA OJHA', 1, 4, 38, 518, NULL, NULL, NULL),
(8287, 'BASOPATTI', 1, 4, 38, 518, NULL, NULL, NULL),
(8288, 'BHAWANIPUR', 1, 4, 38, 518, NULL, NULL, NULL),
(8289, 'CHAUMUKHA', 1, 4, 38, 518, NULL, NULL, NULL),
(8290, 'DHADHWA', 1, 4, 38, 518, NULL, NULL, NULL),
(8291, 'DONAWAR', 1, 4, 38, 518, NULL, NULL, NULL),
(8292, 'DUMARI', 1, 4, 38, 518, NULL, NULL, NULL),
(8293, 'FATEHPUR', 1, 4, 38, 518, NULL, NULL, NULL),
(8294, 'HATHIYA', 1, 4, 38, 518, NULL, NULL, NULL),
(8295, 'KHUTAWANIA JARALPUR', 1, 4, 38, 518, NULL, NULL, NULL),
(8296, 'MACHHARGAWAN', 1, 4, 38, 518, NULL, NULL, NULL),
(8297, 'NAWALPUR', 1, 4, 38, 518, NULL, NULL, NULL),
(8298, 'PIPARA NAURANGIA', 1, 4, 38, 518, NULL, NULL, NULL),
(8299, 'PIPARAHIYA', 1, 4, 38, 518, NULL, NULL, NULL),
(8300, 'SISAWA BHUMIHAR', 1, 4, 38, 518, NULL, NULL, NULL),
(8301, 'SISAWA MANGALPUR', 1, 4, 38, 518, NULL, NULL, NULL),
(8302, 'SISWA BAIRAGI', 1, 4, 38, 518, NULL, NULL, NULL),
(8303, 'BAHUARWA', 1, 4, 38, 519, NULL, NULL, NULL),
(8304, 'BASANTPUR', 1, 4, 38, 519, NULL, NULL, NULL),
(8305, 'BASAWARIA', 1, 4, 38, 519, NULL, NULL, NULL),
(8306, 'BASWARIYA PARAUTOLA', 1, 4, 38, 519, NULL, NULL, NULL),
(8307, 'BELWA LAKHANPUR', 1, 4, 38, 519, NULL, NULL, NULL),
(8308, 'DANIYAL PRASAUNA', 1, 4, 38, 519, NULL, NULL, NULL),
(8309, 'DEURAWA', 1, 4, 38, 519, NULL, NULL, NULL),
(8310, 'DHAMAURA', 1, 4, 38, 519, NULL, NULL, NULL),
(8311, 'DHOBANI DHARAMPUR', 1, 4, 38, 519, NULL, NULL, NULL),
(8312, 'DHOBINI', 1, 4, 38, 519, NULL, NULL, NULL),
(8313, 'GOBARAURA', 1, 4, 38, 519, NULL, NULL, NULL),
(8314, 'GONAULI DUMRA', 1, 4, 38, 519, NULL, NULL, NULL),
(8315, 'KATAIYA', 1, 4, 38, 519, NULL, NULL, NULL),
(8316, 'LAKAR SISAI', 1, 4, 38, 519, NULL, NULL, NULL),
(8317, 'LAURIYA', 1, 4, 38, 519, NULL, NULL, NULL),
(8318, 'MATHIA', 1, 4, 38, 519, NULL, NULL, NULL),
(8319, 'PAKARI BHARAHIYA', 1, 4, 38, 519, NULL, NULL, NULL),
(8320, 'SATHI', 1, 4, 38, 519, NULL, NULL, NULL),
(8321, 'SINGHPUR SATAWARIA', 1, 4, 38, 519, NULL, NULL, NULL),
(8322, 'SISWANIA', 1, 4, 38, 519, NULL, NULL, NULL),
(8323, 'TELPUR', 1, 4, 38, 519, NULL, NULL, NULL),
(8324, 'BARWA', 1, 4, 38, 520, NULL, NULL, NULL),
(8325, 'BHANGAHA', 1, 4, 38, 520, NULL, NULL, NULL),
(8326, 'BUSTHA', 1, 4, 38, 520, NULL, NULL, NULL),
(8327, 'CHAUHATTA', 1, 4, 38, 520, NULL, NULL, NULL),
(8328, 'DAMARAPUR', 1, 4, 38, 520, NULL, NULL, NULL),
(8329, 'INARAWA', 1, 4, 38, 520, NULL, NULL, NULL),
(8330, 'LAKSHMIPUR', 1, 4, 38, 520, NULL, NULL, NULL),
(8331, 'MADHURI', 1, 4, 38, 520, NULL, NULL, NULL),
(8332, 'MAHUAWA SANGRAUA', 1, 4, 38, 520, NULL, NULL, NULL),
(8333, 'MAINATAND', 1, 4, 38, 520, NULL, NULL, NULL),
(8334, 'PIRARI', 1, 4, 38, 520, NULL, NULL, NULL),
(8335, 'PURANIA', 1, 4, 38, 520, NULL, NULL, NULL),
(8336, 'RAMPUR', 1, 4, 38, 520, NULL, NULL, NULL),
(8337, 'SAKRAUL', 1, 4, 38, 520, NULL, NULL, NULL),
(8338, 'SUKHALAHI', 1, 4, 38, 520, NULL, NULL, NULL),
(8339, 'TOLA CHAPARIA', 1, 4, 38, 520, NULL, NULL, NULL),
(8340, 'AHAWAR KURIA', 1, 4, 38, 520, NULL, NULL, NULL),
(8341, 'AMAWA MAJHAR', 1, 4, 38, 520, NULL, NULL, NULL),
(8342, 'BAHUARAWA', 1, 4, 38, 520, NULL, NULL, NULL),
(8343, 'BAITHANIA BHANACHAK', 1, 4, 38, 520, NULL, NULL, NULL),
(8344, 'BAKHARIA', 1, 4, 38, 520, NULL, NULL, NULL),
(8345, 'BARAWA SEMARAGHAT', 1, 4, 38, 520, NULL, NULL, NULL),
(8346, 'BISHAMBHARPUR', 1, 4, 38, 520, NULL, NULL, NULL),
(8347, 'CHANAYAN BANDH', 1, 4, 38, 520, NULL, NULL, NULL),
(8348, 'DHOKARAHAN', 1, 4, 38, 520, NULL, NULL, NULL),
(8349, 'DUMARI', 1, 4, 38, 520, NULL, NULL, NULL),
(8350, 'GARAWA HARPUR', 1, 4, 38, 520, NULL, NULL, NULL),
(8351, 'GUDARA', 1, 4, 38, 520, NULL, NULL, NULL),
(8352, 'JAUKATIA', 1, 4, 38, 520, NULL, NULL, NULL),
(8353, 'KARAMAWA', 1, 4, 38, 520, NULL, NULL, NULL),
(8354, 'LAL SARAIYA', 1, 4, 38, 520, NULL, NULL, NULL),
(8355, 'MADHOPUR', 1, 4, 38, 520, NULL, NULL, NULL),
(8356, 'MAHANA GANI', 1, 4, 38, 520, NULL, NULL, NULL),
(8357, 'MAHANWA RAMPURWA', 1, 4, 38, 520, NULL, NULL, NULL),
(8358, 'MAHODDIPUR', 1, 4, 38, 520, NULL, NULL, NULL),
(8359, 'MAJHARIA SHEIKH', 1, 4, 38, 520, NULL, NULL, NULL),
(8360, 'MAJHAULIA', 1, 4, 38, 520, NULL, NULL, NULL),
(8361, 'NAUTAN KHURD', 1, 4, 38, 520, NULL, NULL, NULL),
(8362, 'PARSA', 1, 4, 38, 520, NULL, NULL, NULL),
(8363, 'RAJABHAR', 1, 4, 38, 520, NULL, NULL, NULL),
(8364, 'RAMNAGAR BANKAT', 1, 4, 38, 520, NULL, NULL, NULL),
(8365, 'RATANMALA', 1, 4, 38, 520, NULL, NULL, NULL),
(8366, 'RULAHI', 1, 4, 38, 520, NULL, NULL, NULL),
(8367, 'SARISAWA', 1, 4, 38, 520, NULL, NULL, NULL),
(8368, 'SENUARIA', 1, 4, 38, 520, NULL, NULL, NULL),
(8369, 'BANWARIA', 1, 4, 38, 521, NULL, NULL, NULL),
(8370, 'BARAWA BARAULI', 1, 4, 38, 521, NULL, NULL, NULL),
(8371, 'BHASURARI', 1, 4, 38, 521, NULL, NULL, NULL),
(8372, 'BHAVTA', 1, 4, 38, 521, NULL, NULL, NULL),
(8373, 'BHERIHARWA', 1, 4, 38, 521, NULL, NULL, NULL),
(8374, 'BINAWALIA', 1, 4, 38, 521, NULL, NULL, NULL),
(8375, 'CHAMUA', 1, 4, 38, 521, NULL, NULL, NULL),
(8376, 'DHUMNAGAR', 1, 4, 38, 521, NULL, NULL, NULL),
(8377, 'DUMARIA', 1, 4, 38, 521, NULL, NULL, NULL),
(8378, 'GOKHULA', 1, 4, 38, 521, NULL, NULL, NULL),
(8379, 'HARDI TEHRA', 1, 4, 38, 521, NULL, NULL, NULL),
(8380, 'KEHUNIA ROARI', 1, 4, 38, 521, NULL, NULL, NULL),
(8381, 'KESHARIA', 1, 4, 38, 521, NULL, NULL, NULL),
(8382, 'KUKURA', 1, 4, 38, 521, NULL, NULL, NULL),
(8383, 'KUNDILPUR', 1, 4, 38, 521, NULL, NULL, NULL),
(8384, 'MALDAHIYA POKHARIYA', 1, 4, 38, 521, NULL, NULL, NULL),
(8385, 'MANWA PARSI', 1, 4, 38, 521, NULL, NULL, NULL),
(8386, 'NAUTANWA', 1, 4, 38, 521, NULL, NULL, NULL),
(8387, 'PARORAHAN', 1, 4, 38, 521, NULL, NULL, NULL),
(8388, 'PURNIA HARSARI', 1, 4, 38, 521, NULL, NULL, NULL),
(8389, 'RAJPUR TUMKARIA', 1, 4, 38, 521, NULL, NULL, NULL),
(8390, 'RAKAHI CHAMPAPUR', 1, 4, 38, 521, NULL, NULL, NULL),
(8391, 'SEMARI', 1, 4, 38, 521, NULL, NULL, NULL),
(8392, 'SERAHWA', 1, 4, 38, 521, NULL, NULL, NULL),
(8393, 'SHIKARPUR', 1, 4, 38, 521, NULL, NULL, NULL),
(8394, 'SOMGARH', 1, 4, 38, 521, NULL, NULL, NULL),
(8395, 'SUGAULI', 1, 4, 38, 521, NULL, NULL, NULL),
(8396, 'BAIKUNTHAWA', 1, 4, 38, 522, NULL, NULL, NULL),
(8397, 'BARDAHA', 1, 4, 38, 522, NULL, NULL, NULL),
(8398, 'BHAGWANPUR', 1, 4, 38, 522, NULL, NULL, NULL),
(8399, 'DABARIYA', 1, 4, 38, 522, NULL, NULL, NULL),
(8400, 'DHUMNAGAR', 1, 4, 38, 522, NULL, NULL, NULL),
(8401, 'GAHIRI', 1, 4, 38, 522, NULL, NULL, NULL),
(8402, 'JAGADISHPUR', 1, 4, 38, 522, NULL, NULL, NULL),
(8403, 'JAMUNIA', 1, 4, 38, 522, NULL, NULL, NULL),
(8404, 'JHAKHARA', 1, 4, 38, 522, NULL, NULL, NULL),
(8405, 'KHADDA', 1, 4, 38, 522, NULL, NULL, NULL),
(8406, 'MANGALPUR GUDARIA', 1, 4, 38, 522, NULL, NULL, NULL),
(8407, 'MANGALPUR KALA', 1, 4, 38, 522, NULL, NULL, NULL),
(8408, 'NAUTAN (EAST)', 1, 4, 38, 522, NULL, NULL, NULL),
(8409, 'NAUTAN WEST', 1, 4, 38, 522, NULL, NULL, NULL),
(8410, 'PAKADIA', 1, 4, 38, 522, NULL, NULL, NULL),
(8411, 'SANSARAIYA', 1, 4, 38, 522, NULL, NULL, NULL),
(8412, 'SHIVARAJPUR', 1, 4, 38, 522, NULL, NULL, NULL),
(8413, 'SHYAMPUR KOTRAHA', 1, 4, 38, 522, NULL, NULL, NULL),
(8414, 'TELAHUA (NORTH)', 1, 4, 38, 522, NULL, NULL, NULL),
(8415, 'TELAHUA (SOUTH )', 1, 4, 38, 522, NULL, NULL, NULL),
(8416, 'BALUA', 1, 4, 38, 523, NULL, NULL, NULL),
(8417, 'DUMRI BHAGERAWA', 1, 4, 38, 523, NULL, NULL, NULL),
(8418, 'DUMRI MURADIH', 1, 4, 38, 523, NULL, NULL, NULL),
(8419, 'MAJHARIA', 1, 4, 38, 523, NULL, NULL, NULL),
(8420, 'PIPARASI', 1, 4, 38, 523, NULL, NULL, NULL),
(8421, 'SAURAHAN', 1, 4, 38, 523, NULL, NULL, NULL),
(8422, 'SEMARA LABEDAHAN', 1, 4, 38, 523, NULL, NULL, NULL),
(8423, 'BAGAHI', 1, 4, 38, 524, NULL, NULL, NULL),
(8424, 'BANKATWA KARAMAHIA', 1, 4, 38, 524, NULL, NULL, NULL),
(8425, 'BHAWAL', 1, 4, 38, 524, NULL, NULL, NULL),
(8426, 'DAINMARAWA', 1, 4, 38, 524, NULL, NULL, NULL),
(8427, 'DHOKARAHA', 1, 4, 38, 524, NULL, NULL, NULL),
(8428, 'GUDGUDDI', 1, 4, 38, 524, NULL, NULL, NULL),
(8429, 'KHATAURI', 1, 4, 38, 524, NULL, NULL, NULL),
(8430, 'MAHUI', 1, 4, 38, 524, NULL, NULL, NULL),
(8431, 'MANCHANGWA', 1, 4, 38, 524, NULL, NULL, NULL),
(8432, 'MATHIA', 1, 4, 38, 524, NULL, NULL, NULL),
(8433, 'NAURANGIA DONE', 1, 4, 38, 524, NULL, NULL, NULL),
(8434, 'PARSAUNI', 1, 4, 38, 524, NULL, NULL, NULL),
(8435, 'SABAIYA', 1, 4, 38, 524, NULL, NULL, NULL),
(8436, 'SAPAHI MADHUBANI', 1, 4, 38, 524, NULL, NULL, NULL),
(8437, 'SOHASA', 1, 4, 38, 524, NULL, NULL, NULL),
(8438, 'SONKHAR', 1, 4, 38, 524, NULL, NULL, NULL),
(8439, 'TAULAHAN', 1, 4, 38, 524, NULL, NULL, NULL),
(8440, 'YOGIA', 1, 4, 38, 524, NULL, NULL, NULL),
(8441, 'BAISHAKHAWA', 1, 4, 38, 525, NULL, NULL, NULL),
(8442, 'BALTHAR', 1, 4, 38, 525, NULL, NULL, NULL),
(8443, 'BEHARA', 1, 4, 38, 525, NULL, NULL, NULL),
(8444, 'DHANKUTAWA', 1, 4, 38, 525, NULL, NULL, NULL),
(8445, 'GOWCHARI', 1, 4, 38, 525, NULL, NULL, NULL),
(8446, 'JAGANNATHPUR', 1, 4, 38, 525, NULL, NULL, NULL),
(8447, 'KATHIA MATHIA', 1, 4, 38, 525, NULL, NULL, NULL),
(8448, 'MASWAS', 1, 4, 38, 525, NULL, NULL, NULL),
(8449, 'PRASAUNI', 1, 4, 38, 525, NULL, NULL, NULL),
(8450, 'PURAINA', 1, 4, 38, 525, NULL, NULL, NULL),
(8451, 'SARGATIA', 1, 4, 38, 525, NULL, NULL, NULL),
(8452, 'SHIKARPUR', 1, 4, 38, 525, NULL, NULL, NULL),
(8453, 'SIKTA', 1, 4, 38, 525, NULL, NULL, NULL),
(8454, 'SIRISIA', 1, 4, 38, 525, NULL, NULL, NULL),
(8455, 'SUGAHA BHAWANIPUR', 1, 4, 38, 525, NULL, NULL, NULL),
(8456, 'SURYAPUR', 1, 4, 38, 525, NULL, NULL, NULL),
(8457, 'DHUMNAGAR', 1, 4, 38, 526, NULL, NULL, NULL),
(8458, 'HARPUR', 1, 4, 38, 526, NULL, NULL, NULL),
(8459, 'JAGIRAHAN', 1, 4, 38, 526, NULL, NULL, NULL),
(8460, 'KOIRPATTI', 1, 4, 38, 526, NULL, NULL, NULL),
(8461, 'MOTIPUR', 1, 4, 38, 526, NULL, NULL, NULL),
(8462, 'SRI NAGAR', 1, 4, 38, 526, NULL, NULL, NULL),
(8463, 'THAKARAHAN', 1, 4, 38, 526, NULL, NULL, NULL),
(8464, 'Jamuhar', 1, 4, 28, 386, '2024-08-23 10:05:47', '2024-08-23 10:05:47', NULL),
(8465, 'Medanipur', 1, 4, 28, 386, '2024-08-23 14:49:09', '2024-08-23 14:49:09', NULL);

-- --------------------------------------------------------

--
-- Table structure for table `visit_types`
--

CREATE TABLE `visit_types` (
  `id` bigint(20) UNSIGNED NOT NULL,
  `name` varchar(50) NOT NULL,
  `created_by_id` bigint(20) UNSIGNED DEFAULT NULL,
  `updated_by_id` bigint(20) UNSIGNED DEFAULT NULL,
  `created_at` timestamp NULL DEFAULT NULL,
  `updated_at` timestamp NULL DEFAULT NULL,
  `deleted_at` timestamp NULL DEFAULT NULL
) ENGINE=InnoDB DEFAULT CHARSET=utf8mb4 COLLATE=utf8mb4_unicode_ci;

--
-- Dumping data for table `visit_types`
--

INSERT INTO `visit_types` (`id`, `name`, `created_by_id`, `updated_by_id`, `created_at`, `updated_at`, `deleted_at`) VALUES
(1, 'Normal', NULL, NULL, NULL, NULL, NULL),
(2, 'Emergency', NULL, NULL, NULL, NULL, NULL),
(3, 'Revisit', NULL, NULL, NULL, NULL, NULL);

-- --------------------------------------------------------

--
-- Table structure for table `vitals`
--

CREATE TABLE `vitals` (
  `id` bigint(20) UNSIGNED NOT NULL,
  `ipd_id` bigint(20) UNSIGNED NOT NULL,
  `patient_id` bigint(20) UNSIGNED NOT NULL,
  `date_time` datetime DEFAULT NULL,
  `bp` varchar(255) DEFAULT NULL,
  `bp_unit` varchar(255) NOT NULL DEFAULT 'mmHg',
  `temperature` varchar(255) DEFAULT NULL,
  `temperature_unit` varchar(255) NOT NULL DEFAULT '°F',
  `height` varchar(255) DEFAULT NULL,
  `height_unit` varchar(255) NOT NULL DEFAULT 'cm',
  `weight` varchar(255) DEFAULT NULL,
  `weight_unit` varchar(255) NOT NULL DEFAULT 'kg',
  `pulse` varchar(255) DEFAULT NULL,
  `pulse_unit` varchar(255) NOT NULL DEFAULT 'bpm',
  `respiration` varchar(255) DEFAULT NULL,
  `respiration_unit` varchar(255) NOT NULL DEFAULT 'breaths/min',
  `cvp` varchar(255) DEFAULT NULL,
  `cvp_unit` varchar(255) NOT NULL DEFAULT 'mmHg',
  `saturation` varchar(255) DEFAULT NULL,
  `saturation_unit` varchar(255) NOT NULL DEFAULT '%(SpO₂)',
  `nurse_station_id` bigint(20) UNSIGNED NOT NULL,
  `created_by_id` bigint(20) UNSIGNED NOT NULL,
  `created_at` timestamp NULL DEFAULT NULL,
  `updated_at` timestamp NULL DEFAULT NULL,
  `deleted_at` timestamp NULL DEFAULT NULL
) ENGINE=InnoDB DEFAULT CHARSET=utf8mb4 COLLATE=utf8mb4_unicode_ci;

--
-- Dumping data for table `vitals`
--

INSERT INTO `vitals` (`id`, `ipd_id`, `patient_id`, `date_time`, `bp`, `bp_unit`, `temperature`, `temperature_unit`, `height`, `height_unit`, `weight`, `weight_unit`, `pulse`, `pulse_unit`, `respiration`, `respiration_unit`, `cvp`, `cvp_unit`, `saturation`, `saturation_unit`, `nurse_station_id`, `created_by_id`, `created_at`, `updated_at`, `deleted_at`) VALUES
(1, 16, 46, '2025-04-04 13:12:00', '10', 'mmHg', '96', '°C', '168', 'cm', '50', 'kg', '200', 'bpm', '100', 'breaths/min', '10', 'mmHg', '10', '%(SpO₂)', 1, 14, '2025-04-04 07:43:25', '2025-04-04 07:43:25', NULL),
(2, 16, 46, '2025-04-05 13:16:00', '20', 'mmHg', '99', '°C', '169', 'cm', '53', 'kg', '120', 'bpm', '100', 'breaths/min', '60', 'mmHg', '100', '%(SpO₂)', 1, 14, '2025-04-04 07:46:52', '2025-04-04 07:46:52', NULL),
(3, 16, 46, '1970-01-01 05:30:00', NULL, 'mmHg', NULL, '°F', NULL, 'cm', NULL, 'kg', NULL, 'bpm', NULL, 'breaths/min', NULL, 'mmHg', NULL, '%(SpO₂)', 1, 14, '2025-04-07 05:37:53', '2025-04-07 05:37:53', NULL),
(4, 16, 46, '1970-01-01 05:30:00', NULL, 'mmHg', NULL, '°F', NULL, 'cm', NULL, 'kg', NULL, 'bpm', NULL, 'breaths/min', NULL, 'mmHg', NULL, '%(SpO₂)', 1, 14, '2025-04-07 05:37:55', '2025-04-07 05:37:55', NULL),
(5, 16, 46, '2025-04-11 10:48:00', '90_/60_', 'mmHg', NULL, '°F', NULL, 'cm', NULL, 'kg', NULL, 'bpm', NULL, 'breaths/min', NULL, 'mmHg', NULL, '%(SpO₂)', 1, 14, '2025-04-11 05:18:17', '2025-04-11 05:18:17', NULL),
(6, 24, 94, '2025-04-17 12:59:00', NULL, 'mmHg', NULL, '°F', NULL, 'cm', NULL, 'kg', NULL, 'bpm', NULL, 'breaths/min', NULL, 'mmHg', NULL, '%(SpO₂)', 1, 14, '2025-04-17 07:29:45', '2025-04-17 07:29:45', NULL),
(7, 24, 94, '2025-04-17 13:00:00', NULL, 'mmHg', NULL, '°F', NULL, 'cm', NULL, 'kg', NULL, 'bpm', NULL, 'breaths/min', NULL, 'mmHg', NULL, '%(SpO₂)', 1, 14, '2025-04-17 07:31:04', '2025-04-17 07:31:04', NULL),
(8, 29, 16, '2025-05-23 14:27:00', NULL, 'mmHg', NULL, '°F', NULL, 'cm', NULL, 'kg', NULL, 'bpm', NULL, 'breaths/min', NULL, 'mmHg', NULL, '%(SpO₂)', 1, 14, '2025-05-23 08:57:39', '2025-05-23 08:57:39', NULL);

-- --------------------------------------------------------

--
-- Table structure for table `wallets`
--

CREATE TABLE `wallets` (
  `id` bigint(20) UNSIGNED NOT NULL,
  `ipd_id` bigint(20) UNSIGNED NOT NULL,
  `patient_id` bigint(20) UNSIGNED NOT NULL,
  `amount` decimal(10,2) NOT NULL DEFAULT 0.00,
  `credit_limit` decimal(10,2) NOT NULL DEFAULT 0.00,
  `default_credit_limit` decimal(10,2) NOT NULL DEFAULT 0.00,
  `created_by_id` bigint(20) UNSIGNED DEFAULT NULL,
  `created_at` timestamp NULL DEFAULT NULL,
  `updated_at` timestamp NULL DEFAULT NULL,
  `deleted_at` timestamp NULL DEFAULT NULL
) ENGINE=InnoDB DEFAULT CHARSET=utf8mb4 COLLATE=utf8mb4_unicode_ci;

--
-- Dumping data for table `wallets`
--

INSERT INTO `wallets` (`id`, `ipd_id`, `patient_id`, `amount`, `credit_limit`, `default_credit_limit`, `created_by_id`, `created_at`, `updated_at`, `deleted_at`) VALUES
(1, 24, 94, 60.00, 3000.00, 1000.00, 1, '2025-04-11 07:48:37', '2025-04-23 09:21:37', NULL),
(2, 25, 95, 0.00, 1000.00, 1000.00, 1, '2025-04-25 06:02:26', '2025-04-25 06:02:26', NULL),
(3, 26, 95, 0.00, 1000.00, 1000.00, 1, '2025-05-05 07:16:39', '2025-05-05 07:16:39', NULL),
(4, 27, 96, 0.00, 850.00, 1000.00, 1, '2025-05-06 06:36:16', '2025-05-06 10:48:02', NULL),
(5, 28, 97, 300.00, 1000.00, 1000.00, 1, '2025-05-23 06:20:35', '2025-05-27 09:56:24', NULL),
(6, 29, 16, 0.00, 1000.00, 1000.00, 1, '2025-05-23 06:39:10', '2025-05-23 06:39:10', NULL);

-- --------------------------------------------------------

--
-- Table structure for table `wallet_transactions`
--

CREATE TABLE `wallet_transactions` (
  `id` bigint(20) UNSIGNED NOT NULL,
  `ipd_id` bigint(20) UNSIGNED NOT NULL,
  `patient_id` bigint(20) UNSIGNED NOT NULL,
  `type` enum('credit','debit') NOT NULL,
  `amount` decimal(10,2) NOT NULL,
  `mode` enum('cash','online','wallet') NOT NULL,
  `transaction_id` varchar(255) DEFAULT NULL,
  `status` enum('pending','success','failed') NOT NULL,
  `created_by_id` bigint(20) UNSIGNED DEFAULT NULL,
  `created_at` timestamp NULL DEFAULT NULL,
  `updated_at` timestamp NULL DEFAULT NULL,
  `deleted_at` timestamp NULL DEFAULT NULL
) ENGINE=InnoDB DEFAULT CHARSET=utf8mb4 COLLATE=utf8mb4_unicode_ci;

--
-- Dumping data for table `wallet_transactions`
--

INSERT INTO `wallet_transactions` (`id`, `ipd_id`, `patient_id`, `type`, `amount`, `mode`, `transaction_id`, `status`, `created_by_id`, `created_at`, `updated_at`, `deleted_at`) VALUES
(1, 24, 94, 'debit', 224.00, 'wallet', NULL, 'success', 4, '2025-04-18 09:55:56', '2025-04-18 09:55:56', NULL),
(2, 24, 94, 'credit', 1568.00, 'cash', NULL, 'success', 4, '2025-04-18 10:02:29', '2025-04-18 10:02:29', NULL),
(3, 24, 94, 'debit', 1568.00, 'cash', NULL, 'success', 4, '2025-04-18 10:02:29', '2025-04-18 10:02:29', NULL),
(4, 24, 94, 'debit', 504.00, 'wallet', NULL, 'success', 4, '2025-04-18 10:07:05', '2025-04-18 10:07:05', NULL),
(5, 24, 94, 'debit', 224.00, 'wallet', NULL, 'success', 4, '2025-04-18 10:24:20', '2025-04-18 10:24:20', NULL),
(6, 24, 94, 'credit', 560.00, 'cash', '123', 'success', 4, '2025-04-21 04:47:33', '2025-04-21 04:47:33', NULL),
(7, 24, 94, 'debit', 560.00, 'cash', '123', 'success', 4, '2025-04-21 04:47:33', '2025-04-21 04:47:33', NULL),
(8, 24, 94, 'credit', 22.40, 'cash', NULL, 'success', 4, '2025-04-21 05:03:29', '2025-04-21 05:03:29', NULL),
(9, 24, 94, 'debit', 22.40, 'cash', NULL, 'success', 4, '2025-04-21 05:03:29', '2025-04-21 05:03:29', NULL),
(10, 24, 94, 'credit', 1000.00, 'cash', '', 'success', 11, '2025-04-21 05:41:54', '2025-04-21 05:41:54', NULL),
(11, 24, 94, 'debit', 1000.00, 'cash', '', 'success', 11, '2025-04-21 05:41:54', '2025-04-21 05:41:54', NULL),
(12, 24, 94, 'credit', 1150.00, 'cash', NULL, 'success', 11, '2025-04-21 05:42:08', '2025-04-21 05:42:08', NULL),
(13, 24, 94, 'debit', 1150.00, 'cash', NULL, 'success', 11, '2025-04-21 05:42:08', '2025-04-21 05:42:08', NULL),
(14, 24, 94, 'credit', 224.00, 'cash', NULL, 'success', 4, '2025-04-21 09:52:33', '2025-04-21 09:52:33', NULL),
(15, 24, 94, 'debit', 224.00, 'cash', NULL, 'success', 4, '2025-04-21 09:52:33', '2025-04-21 09:52:33', NULL),
(16, 24, 94, 'credit', 650.00, 'cash', NULL, 'success', 11, '2025-04-21 11:35:47', '2025-04-21 11:35:47', NULL),
(17, 24, 94, 'debit', 650.00, 'cash', NULL, 'success', 11, '2025-04-21 11:35:47', '2025-04-21 11:35:47', NULL),
(18, 27, 96, 'credit', 784.00, 'cash', NULL, 'success', 4, '2025-05-06 06:43:46', '2025-05-06 06:43:46', NULL),
(19, 27, 96, 'debit', 784.00, 'cash', NULL, 'success', 4, '2025-05-06 06:43:46', '2025-05-06 06:43:46', NULL),
(20, 27, 96, 'debit', 150.00, 'wallet', NULL, 'success', 11, '2025-05-06 06:45:51', '2025-05-06 06:45:51', NULL),
(21, 27, 96, 'credit', 770.00, 'cash', NULL, 'success', 11, '2025-05-06 10:48:02', '2025-05-06 10:48:02', NULL),
(22, 27, 96, 'debit', 770.00, 'cash', NULL, 'success', 11, '2025-05-06 10:48:02', '2025-05-06 10:48:02', NULL),
(23, 28, 97, 'credit', 100.00, 'cash', NULL, 'success', 1, '2025-05-27 09:45:50', '2025-05-27 09:45:50', NULL),
(24, 28, 97, 'credit', 100.00, 'online', '123456789', 'success', 1, '2025-05-27 09:47:18', '2025-05-27 09:47:18', NULL),
(25, 28, 97, 'credit', 100.00, 'cash', NULL, 'success', 1, '2025-05-27 09:56:24', '2025-05-27 09:56:24', NULL);

-- --------------------------------------------------------

--
-- Table structure for table `wards`
--

CREATE TABLE `wards` (
  `id` bigint(20) UNSIGNED NOT NULL,
  `ward_group_id` bigint(20) UNSIGNED NOT NULL,
  `ward_tariff_id` bigint(20) UNSIGNED NOT NULL,
  `code` varchar(20) DEFAULT NULL,
  `name` varchar(255) DEFAULT NULL,
  `display_name` varchar(255) DEFAULT NULL,
  `priority` tinyint(4) DEFAULT NULL,
  `is_casuality` tinyint(1) NOT NULL DEFAULT 0,
  `status` tinyint(1) NOT NULL DEFAULT 1,
  `created_by_id` bigint(20) UNSIGNED DEFAULT NULL,
  `updated_by_id` bigint(20) UNSIGNED DEFAULT NULL,
  `deleted_at` timestamp NULL DEFAULT NULL,
  `created_at` timestamp NULL DEFAULT NULL,
  `updated_at` timestamp NULL DEFAULT NULL
) ENGINE=InnoDB DEFAULT CHARSET=utf8mb4 COLLATE=utf8mb4_unicode_ci;

--
-- Dumping data for table `wards`
--

INSERT INTO `wards` (`id`, `ward_group_id`, `ward_tariff_id`, `code`, `name`, `display_name`, `priority`, `is_casuality`, `status`, `created_by_id`, `updated_by_id`, `deleted_at`, `created_at`, `updated_at`) VALUES
(1, 1, 4, 'W', 'Gynecology', NULL, NULL, 0, 1, 1, 1, NULL, '2024-09-12 09:54:08', '2024-09-29 09:43:03'),
(2, 1, 4, 'W1', 'Cardiology', NULL, NULL, 0, 1, 1, 1, NULL, '2024-09-29 09:48:38', '2024-09-29 09:48:38');

-- --------------------------------------------------------

--
-- Table structure for table `ward_groups`
--

CREATE TABLE `ward_groups` (
  `id` bigint(20) UNSIGNED NOT NULL,
  `ward_tariff_id` bigint(20) UNSIGNED NOT NULL,
  `code` varchar(255) DEFAULT NULL,
  `name` varchar(255) DEFAULT NULL,
  `status` tinyint(1) NOT NULL DEFAULT 1,
  `created_by_id` bigint(20) UNSIGNED DEFAULT NULL,
  `updated_by_id` bigint(20) UNSIGNED DEFAULT NULL,
  `deleted_at` timestamp NULL DEFAULT NULL,
  `created_at` timestamp NULL DEFAULT NULL,
  `updated_at` timestamp NULL DEFAULT NULL
) ENGINE=InnoDB DEFAULT CHARSET=utf8mb4 COLLATE=utf8mb4_unicode_ci;

--
-- Dumping data for table `ward_groups`
--

INSERT INTO `ward_groups` (`id`, `ward_tariff_id`, `code`, `name`, `status`, `created_by_id`, `updated_by_id`, `deleted_at`, `created_at`, `updated_at`) VALUES
(1, 4, 'WG', 'General Ward', 1, 1, 1, NULL, '2024-09-12 08:26:21', '2024-09-29 09:39:49'),
(2, 1, 'WG1', 'Delux Ward', 1, 1, 1, NULL, '2024-09-29 09:40:05', '2024-09-29 09:40:05'),
(3, 2, 'WG2', 'ICU', 1, 1, 1, NULL, '2024-09-29 09:40:15', '2024-09-29 09:40:15'),
(4, 3, 'WG3', 'Semi Private', 1, 1, 1, NULL, '2024-09-29 09:40:32', '2024-09-29 09:40:32'),
(5, 5, 'WG4', 'Triple Sharing', 1, 1, 1, NULL, '2024-09-29 09:41:06', '2024-09-29 09:41:06'),
(6, 6, 'WG5', 'Private', 1, 1, 1, NULL, '2024-09-29 09:41:30', '2024-09-29 09:41:30');

-- --------------------------------------------------------

--
-- Table structure for table `ward_tariffs`
--

CREATE TABLE `ward_tariffs` (
  `id` bigint(20) UNSIGNED NOT NULL,
  `code` varchar(255) DEFAULT NULL,
  `name` varchar(255) DEFAULT NULL,
  `created_by_id` bigint(20) UNSIGNED DEFAULT NULL,
  `updated_by_id` bigint(20) UNSIGNED DEFAULT NULL,
  `deleted_at` timestamp NULL DEFAULT NULL,
  `created_at` timestamp NULL DEFAULT NULL,
  `updated_at` timestamp NULL DEFAULT NULL
) ENGINE=InnoDB DEFAULT CHARSET=utf8mb4 COLLATE=utf8mb4_unicode_ci;

--
-- Dumping data for table `ward_tariffs`
--

INSERT INTO `ward_tariffs` (`id`, `code`, `name`, `created_by_id`, `updated_by_id`, `deleted_at`, `created_at`, `updated_at`) VALUES
(1, 'T', 'Delux', 1, 1, NULL, '2024-09-12 06:06:09', '2024-09-29 09:38:24'),
(2, 'T', 'ICU', 1, 1, NULL, '2024-09-12 07:25:45', '2024-09-29 09:38:11'),
(3, 'w', 'Semi Private', 1, 1, NULL, '2024-09-12 07:26:51', '2024-09-29 09:38:01'),
(4, 'd', 'General Ward', 1, 1, NULL, '2024-09-12 07:30:32', '2024-09-29 09:37:41'),
(5, 'T', 'Tripple Sharing', 1, 1, NULL, '2024-09-29 09:38:39', '2024-09-29 09:38:39'),
(6, 'P', 'Private', 1, 1, NULL, '2024-09-29 09:38:47', '2024-09-29 09:38:47'),
(7, 'P', 'Private', 1, 1, NULL, '2024-09-29 09:38:58', '2024-09-29 09:38:58');

--
-- Indexes for dumped tables
--

--
-- Indexes for table `abnormals`
--
ALTER TABLE `abnormals`
  ADD PRIMARY KEY (`id`),
  ADD UNIQUE KEY `abnormals_name_unique` (`name`),
  ADD UNIQUE KEY `abnormals_code_unique` (`code`);

--
-- Indexes for table `abnormal_entries`
--
ALTER TABLE `abnormal_entries`
  ADD PRIMARY KEY (`id`),
  ADD UNIQUE KEY `abnormal_entries_code_unique` (`code`);

--
-- Indexes for table `abnormal_entry_items`
--
ALTER TABLE `abnormal_entry_items`
  ADD PRIMARY KEY (`id`);

--
-- Indexes for table `admin_types`
--
ALTER TABLE `admin_types`
  ADD PRIMARY KEY (`id`);

--
-- Indexes for table `admission_purposes`
--
ALTER TABLE `admission_purposes`
  ADD PRIMARY KEY (`id`);

--
-- Indexes for table `anesthesia_types`
--
ALTER TABLE `anesthesia_types`
  ADD PRIMARY KEY (`id`),
  ADD UNIQUE KEY `anesthesia_types_name_unique` (`name`),
  ADD UNIQUE KEY `anesthesia_types_code_unique` (`code`);

--
-- Indexes for table `antibiotics`
--
ALTER TABLE `antibiotics`
  ADD PRIMARY KEY (`id`),
  ADD KEY `antibiotics_created_by_id_foreign` (`created_by_id`),
  ADD KEY `antibiotics_updated_by_id_foreign` (`updated_by_id`);

--
-- Indexes for table `antibiotic_organisms`
--
ALTER TABLE `antibiotic_organisms`
  ADD PRIMARY KEY (`id`);

--
-- Indexes for table `attendents`
--
ALTER TABLE `attendents`
  ADD PRIMARY KEY (`id`),
  ADD KEY `attendents_relation_id_foreign` (`relation_id`);

--
-- Indexes for table `bag_types`
--
ALTER TABLE `bag_types`
  ADD PRIMARY KEY (`id`),
  ADD UNIQUE KEY `bag_types_name_unique` (`name`),
  ADD UNIQUE KEY `bag_types_code_unique` (`code`);

--
-- Indexes for table `beds`
--
ALTER TABLE `beds`
  ADD PRIMARY KEY (`id`),
  ADD KEY `beds_ward_id_foreign` (`ward_id`),
  ADD KEY `beds_room_id_foreign` (`room_id`),
  ADD KEY `beds_created_by_id_foreign` (`created_by_id`),
  ADD KEY `beds_updated_by_id_foreign` (`updated_by_id`);

--
-- Indexes for table `billing_heads`
--
ALTER TABLE `billing_heads`
  ADD PRIMARY KEY (`id`);

--
-- Indexes for table `bins`
--
ALTER TABLE `bins`
  ADD PRIMARY KEY (`id`),
  ADD KEY `bins_bin_group_id_foreign` (`bin_group_id`),
  ADD KEY `bins_stock_point_id_foreign` (`stock_point_id`);

--
-- Indexes for table `bin_groups`
--
ALTER TABLE `bin_groups`
  ADD PRIMARY KEY (`id`),
  ADD KEY `bin_groups_stock_point_id_foreign` (`stock_point_id`);

--
-- Indexes for table `bin_items`
--
ALTER TABLE `bin_items`
  ADD PRIMARY KEY (`id`),
  ADD KEY `bin_items_bin_group_id_foreign` (`bin_group_id`),
  ADD KEY `bin_items_stock_point_id_foreign` (`stock_point_id`),
  ADD KEY `bin_items_bin_id_foreign` (`bin_id`),
  ADD KEY `bin_items_item_id_foreign` (`item_id`);

--
-- Indexes for table `blocks`
--
ALTER TABLE `blocks`
  ADD PRIMARY KEY (`id`),
  ADD KEY `blocks_country_id_foreign` (`country_id`),
  ADD KEY `blocks_state_id_foreign` (`state_id`),
  ADD KEY `blocks_district_id_foreign` (`district_id`);

--
-- Indexes for table `bloodgroups`
--
ALTER TABLE `bloodgroups`
  ADD PRIMARY KEY (`id`);

--
-- Indexes for table `blood_donor_bleedings`
--
ALTER TABLE `blood_donor_bleedings`
  ADD PRIMARY KEY (`id`),
  ADD UNIQUE KEY `blood_donor_bleedings_code_unique` (`code`),
  ADD UNIQUE KEY `blood_donor_bleedings_blood_bag_no_unique` (`blood_bag_no`),
  ADD KEY `blood_donor_bleedings_donor_id_foreign` (`donor_id`),
  ADD KEY `blood_donor_bleedings_doctor_id_foreign` (`doctor_id`);

--
-- Indexes for table `blood_donor_questionnaire_consents`
--
ALTER TABLE `blood_donor_questionnaire_consents`
  ADD PRIMARY KEY (`id`),
  ADD KEY `blood_donor_questionnaire_consents_donor_id_foreign` (`donor_id`);

--
-- Indexes for table `blood_requisition_requests`
--
ALTER TABLE `blood_requisition_requests`
  ADD PRIMARY KEY (`id`),
  ADD UNIQUE KEY `blood_requisition_requests_code_unique` (`code`);

--
-- Indexes for table `blood_requisition_request_sample_blood_groups`
--
ALTER TABLE `blood_requisition_request_sample_blood_groups`
  ADD PRIMARY KEY (`id`);

--
-- Indexes for table `case_types`
--
ALTER TABLE `case_types`
  ADD PRIMARY KEY (`id`);

--
-- Indexes for table `categories`
--
ALTER TABLE `categories`
  ADD PRIMARY KEY (`id`),
  ADD KEY `categories_type_id_foreign` (`type_id`),
  ADD KEY `categories_cost_center_id_foreign` (`cost_center_id`);

--
-- Indexes for table `cities`
--
ALTER TABLE `cities`
  ADD PRIMARY KEY (`id`),
  ADD KEY `cities_country_id_foreign` (`country_id`),
  ADD KEY `cities_state_id_foreign` (`state_id`);

--
-- Indexes for table `colors`
--
ALTER TABLE `colors`
  ADD PRIMARY KEY (`id`),
  ADD UNIQUE KEY `colors_code_unique` (`code`);

--
-- Indexes for table `consultation_charges`
--
ALTER TABLE `consultation_charges`
  ADD PRIMARY KEY (`id`),
  ADD KEY `consultation_charges_patient_id_foreign` (`patient_id`),
  ADD KEY `consultation_charges_patient_visit_id_foreign` (`patient_visit_id`),
  ADD KEY `consultation_charges_received_by_id_foreign` (`received_by_id`),
  ADD KEY `consultation_charges_foc_by_id_foreign` (`foc_by_id`);

--
-- Indexes for table `consultation_types`
--
ALTER TABLE `consultation_types`
  ADD PRIMARY KEY (`id`);

--
-- Indexes for table `consulting_types`
--
ALTER TABLE `consulting_types`
  ADD PRIMARY KEY (`id`);

--
-- Indexes for table `corporate_consultations`
--
ALTER TABLE `corporate_consultations`
  ADD PRIMARY KEY (`id`),
  ADD UNIQUE KEY `corporate_consultations_code_unique` (`code`);

--
-- Indexes for table `corporate_registrations`
--
ALTER TABLE `corporate_registrations`
  ADD PRIMARY KEY (`id`);

--
-- Indexes for table `corporate_relations`
--
ALTER TABLE `corporate_relations`
  ADD PRIMARY KEY (`id`);

--
-- Indexes for table `cost_centers`
--
ALTER TABLE `cost_centers`
  ADD PRIMARY KEY (`id`);

--
-- Indexes for table `countries`
--
ALTER TABLE `countries`
  ADD PRIMARY KEY (`id`);

--
-- Indexes for table `departments`
--
ALTER TABLE `departments`
  ADD PRIMARY KEY (`id`);

--
-- Indexes for table `department_consultation_fees`
--
ALTER TABLE `department_consultation_fees`
  ADD PRIMARY KEY (`id`),
  ADD KEY `department_consultation_fees_department_id_foreign` (`department_id`),
  ADD KEY `department_consultation_fees_created_by_id_foreign` (`created_by_id`),
  ADD KEY `department_consultation_fees_updated_by_id_foreign` (`updated_by_id`),
  ADD KEY `department_consultation_fees_approved_by_id_foreign` (`approved_by_id`);

--
-- Indexes for table `diagnostic_results`
--
ALTER TABLE `diagnostic_results`
  ADD PRIMARY KEY (`id`),
  ADD KEY `diagnostic_results_patient_id_foreign` (`patient_id`),
  ADD KEY `diagnostic_results_patient_visit_id_foreign` (`patient_visit_id`),
  ADD KEY `diagnostic_results_out_side_patient_id_foreign` (`out_side_patient_id`),
  ADD KEY `diagnostic_results_doctor_id_foreign` (`doctor_id`),
  ADD KEY `diagnostic_results_created_by_id_foreign` (`created_by_id`),
  ADD KEY `diagnostic_results_updated_by_id_foreign` (`updated_by_id`),
  ADD KEY `diagnostic_results_approved_by_id_foreign` (`approved_by_id`);

--
-- Indexes for table `diagnostic_result_values`
--
ALTER TABLE `diagnostic_result_values`
  ADD PRIMARY KEY (`id`);

--
-- Indexes for table `diet_indent_entries`
--
ALTER TABLE `diet_indent_entries`
  ADD PRIMARY KEY (`id`),
  ADD UNIQUE KEY `diet_indent_entries_code_unique` (`code`);

--
-- Indexes for table `districts`
--
ALTER TABLE `districts`
  ADD PRIMARY KEY (`id`),
  ADD KEY `districts_country_id_foreign` (`country_id`),
  ADD KEY `districts_state_id_foreign` (`state_id`);

--
-- Indexes for table `doctors`
--
ALTER TABLE `doctors`
  ADD PRIMARY KEY (`id`),
  ADD UNIQUE KEY `doctors_email_unique` (`email`),
  ADD KEY `doctors_specialization1_foreign` (`specialization1`),
  ADD KEY `doctors_specialization2_foreign` (`specialization2`),
  ADD KEY `doctors_cost_center_id_foreign` (`cost_center_id`),
  ADD KEY `doctors_payment_type_id_foreign` (`payment_type_id`),
  ADD KEY `doctors_consultation_type_id_foreign` (`consultation_type_id`),
  ADD KEY `doctors_doctor_type_id_foreign` (`doctor_type_id`),
  ADD KEY `doctors_consulting_type_id_foreign` (`consulting_type_id`),
  ADD KEY `doctors_department_id_foreign` (`department_id`),
  ADD KEY `doctors_unit_id_foreign` (`unit_id`),
  ADD KEY `doctors_gender_id_foreign` (`gender_id`),
  ADD KEY `doctors_specialization_id_foreign` (`specialization_id`),
  ADD KEY `doctors_created_by_id_foreign` (`created_by_id`),
  ADD KEY `doctors_updated_by_id_foreign` (`updated_by_id`);

--
-- Indexes for table `doctor_messages`
--
ALTER TABLE `doctor_messages`
  ADD PRIMARY KEY (`id`);

--
-- Indexes for table `doctor_types`
--
ALTER TABLE `doctor_types`
  ADD PRIMARY KEY (`id`);

--
-- Indexes for table `doctor_units`
--
ALTER TABLE `doctor_units`
  ADD PRIMARY KEY (`id`),
  ADD KEY `doctor_units_unit_id_foreign` (`unit_id`),
  ADD KEY `doctor_units_department_id_foreign` (`department_id`),
  ADD KEY `doctor_units_doctor_id_foreign` (`doctor_id`),
  ADD KEY `doctor_units_created_by_id_foreign` (`created_by_id`),
  ADD KEY `doctor_units_updated_by_id_foreign` (`updated_by_id`);

--
-- Indexes for table `donors`
--
ALTER TABLE `donors`
  ADD PRIMARY KEY (`id`),
  ADD KEY `donors_title_id_foreign` (`title_id`),
  ADD KEY `donors_gender_id_foreign` (`gender_id`),
  ADD KEY `donors_marital_id_foreign` (`marital_id`),
  ADD KEY `donors_religion_id_foreign` (`religion_id`),
  ADD KEY `donors_occupation_id_foreign` (`occupation_id`),
  ADD KEY `donors_nationality_id_foreign` (`nationality_id`),
  ADD KEY `donors_relation_id_foreign` (`relation_id`),
  ADD KEY `donors_id_type_id_foreign` (`id_type_id`),
  ADD KEY `donors_created_by_id_foreign` (`created_by_id`),
  ADD KEY `donors_updated_by_id_foreign` (`updated_by_id`);

--
-- Indexes for table `equipment`
--
ALTER TABLE `equipment`
  ADD PRIMARY KEY (`id`),
  ADD UNIQUE KEY `equipment_name_unique` (`name`),
  ADD UNIQUE KEY `equipment_code_unique` (`code`);

--
-- Indexes for table `equipment_groups`
--
ALTER TABLE `equipment_groups`
  ADD PRIMARY KEY (`id`),
  ADD UNIQUE KEY `equipment_groups_name_unique` (`name`),
  ADD UNIQUE KEY `equipment_groups_code_unique` (`code`);

--
-- Indexes for table `failed_jobs`
--
ALTER TABLE `failed_jobs`
  ADD PRIMARY KEY (`id`),
  ADD UNIQUE KEY `failed_jobs_uuid_unique` (`uuid`);

--
-- Indexes for table `formats`
--
ALTER TABLE `formats`
  ADD PRIMARY KEY (`id`),
  ADD KEY `formats_time_ins_min_foreign` (`time_ins_min`),
  ADD KEY `formats_time_ins_max_foreign` (`time_ins_max`),
  ADD KEY `formats_created_by_id_foreign` (`created_by_id`),
  ADD KEY `formats_updated_by_id_foreign` (`updated_by_id`);

--
-- Indexes for table `format_parameters`
--
ALTER TABLE `format_parameters`
  ADD PRIMARY KEY (`id`);

--
-- Indexes for table `forms`
--
ALTER TABLE `forms`
  ADD PRIMARY KEY (`id`),
  ADD KEY `forms_type_id_foreign` (`type_id`),
  ADD KEY `forms_cost_center_id_foreign` (`cost_center_id`);

--
-- Indexes for table `genders`
--
ALTER TABLE `genders`
  ADD PRIMARY KEY (`id`);

--
-- Indexes for table `generics`
--
ALTER TABLE `generics`
  ADD PRIMARY KEY (`id`),
  ADD KEY `generics_type_id_foreign` (`type_id`),
  ADD KEY `generics_cost_center_id_foreign` (`cost_center_id`);

--
-- Indexes for table `gins`
--
ALTER TABLE `gins`
  ADD PRIMARY KEY (`id`),
  ADD KEY `gins_stock_point_id_foreign` (`stock_point_id`),
  ADD KEY `gins_mrq_id_foreign` (`mrq_id`),
  ADD KEY `gins_created_by_id_foreign` (`created_by_id`),
  ADD KEY `gins_approved_by_id_foreign` (`approved_by_id`),
  ADD KEY `gins_stock_point_from_id_foreign` (`stock_point_from_id`);

--
-- Indexes for table `gin_items`
--
ALTER TABLE `gin_items`
  ADD PRIMARY KEY (`id`),
  ADD KEY `gin_items_stock_point_id_foreign` (`stock_point_id`),
  ADD KEY `gin_items_gin_id_foreign` (`gin_id`),
  ADD KEY `gin_items_grn_id_foreign` (`grn_id`),
  ADD KEY `gin_items_item_id_foreign` (`item_id`),
  ADD KEY `gin_items_stock_point_from_id_foreign` (`stock_point_from_id`);

--
-- Indexes for table `grns`
--
ALTER TABLE `grns`
  ADD PRIMARY KEY (`id`),
  ADD KEY `grns_vendor_id_foreign` (`vendor_id`),
  ADD KEY `grns_purchase_order_id_foreign` (`purchase_order_id`),
  ADD KEY `grns_created_by_id_foreign` (`created_by_id`);

--
-- Indexes for table `health_coordinators`
--
ALTER TABLE `health_coordinators`
  ADD PRIMARY KEY (`id`),
  ADD UNIQUE KEY `health_coordinators_email_unique` (`email`),
  ADD KEY `health_coordinators_created_by_id_foreign` (`created_by_id`),
  ADD KEY `health_coordinators_updated_by_id_foreign` (`updated_by_id`);

--
-- Indexes for table `hospitals`
--
ALTER TABLE `hospitals`
  ADD PRIMARY KEY (`id`);

--
-- Indexes for table `id_types`
--
ALTER TABLE `id_types`
  ADD PRIMARY KEY (`id`);

--
-- Indexes for table `indent_items`
--
ALTER TABLE `indent_items`
  ADD PRIMARY KEY (`id`),
  ADD KEY `indent_items_purchase_indent_id_foreign` (`purchase_indent_id`),
  ADD KEY `indent_items_item_id_foreign` (`item_id`);

--
-- Indexes for table `intake_output_entries`
--
ALTER TABLE `intake_output_entries`
  ADD PRIMARY KEY (`id`);

--
-- Indexes for table `internal_sales_stores`
--
ALTER TABLE `internal_sales_stores`
  ADD PRIMARY KEY (`id`),
  ADD KEY `internal_sales_stores_stock_point_from_id_foreign` (`stock_point_from_id`),
  ADD KEY `internal_sales_stores_stock_point_id_foreign` (`stock_point_id`),
  ADD KEY `internal_sales_stores_gin_id_foreign` (`gin_id`),
  ADD KEY `internal_sales_stores_gin_item_id_foreign` (`gin_item_id`),
  ADD KEY `internal_sales_stores_item_id_foreign` (`item_id`);

--
-- Indexes for table `inventories`
--
ALTER TABLE `inventories`
  ADD PRIMARY KEY (`id`),
  ADD KEY `inventories_grn_id_foreign` (`grn_id`),
  ADD KEY `inventories_item_id_foreign` (`item_id`);

--
-- Indexes for table `ipds`
--
ALTER TABLE `ipds`
  ADD PRIMARY KEY (`id`),
  ADD KEY `ipds_patient_id_foreign` (`patient_id`),
  ADD KEY `ipds_patient_visit_id_foreign` (`patient_visit_id`),
  ADD KEY `ipds_cost_center_id_foreign` (`cost_center_id`),
  ADD KEY `ipds_department_id_foreign` (`department_id`),
  ADD KEY `ipds_unit_id_foreign` (`unit_id`),
  ADD KEY `ipds_ward_id_foreign` (`ward_id`),
  ADD KEY `ipds_room_id_foreign` (`room_id`),
  ADD KEY `ipds_bed_id_foreign` (`bed_id`),
  ADD KEY `ipds_referral_id_foreign` (`referral_id`),
  ADD KEY `ipds_nationality_id_foreign` (`nationality_id`),
  ADD KEY `ipds_admin_type_id_foreign` (`admin_type_id`),
  ADD KEY `ipds_case_type_id_foreign` (`case_type_id`),
  ADD KEY `ipds_admission_purpose_id_foreign` (`admission_purpose_id`);

--
-- Indexes for table `ipd_cross_consultations`
--
ALTER TABLE `ipd_cross_consultations`
  ADD PRIMARY KEY (`id`);

--
-- Indexes for table `ipd_diagnostic_results`
--
ALTER TABLE `ipd_diagnostic_results`
  ADD PRIMARY KEY (`id`),
  ADD KEY `ipd_diagnostic_results_patient_id_foreign` (`patient_id`),
  ADD KEY `ipd_diagnostic_results_patient_visit_id_foreign` (`patient_visit_id`),
  ADD KEY `ipd_diagnostic_results_doctor_id_foreign` (`doctor_id`),
  ADD KEY `ipd_diagnostic_results_created_by_id_foreign` (`created_by_id`),
  ADD KEY `ipd_diagnostic_results_updated_by_id_foreign` (`updated_by_id`),
  ADD KEY `ipd_diagnostic_results_approved_by_id_foreign` (`approved_by_id`);

--
-- Indexes for table `ipd_diagnostic_result_values`
--
ALTER TABLE `ipd_diagnostic_result_values`
  ADD PRIMARY KEY (`id`);

--
-- Indexes for table `ipd_doctor_visits`
--
ALTER TABLE `ipd_doctor_visits`
  ADD PRIMARY KEY (`id`),
  ADD UNIQUE KEY `ipd_doctor_visits_code_unique` (`code`);

--
-- Indexes for table `ipd_equipment_usages`
--
ALTER TABLE `ipd_equipment_usages`
  ADD PRIMARY KEY (`id`),
  ADD UNIQUE KEY `ipd_equipment_usages_code_unique` (`code`);

--
-- Indexes for table `ipd_equipment_usage_items`
--
ALTER TABLE `ipd_equipment_usage_items`
  ADD PRIMARY KEY (`id`);

--
-- Indexes for table `ipd_sample_collections`
--
ALTER TABLE `ipd_sample_collections`
  ADD PRIMARY KEY (`id`),
  ADD KEY `ipd_sample_collections_ip_service_billing_id_foreign` (`ip_service_billing_id`),
  ADD KEY `ipd_sample_collections_created_by_id_foreign` (`created_by_id`),
  ADD KEY `ipd_sample_collections_updated_by_id_foreign` (`updated_by_id`),
  ADD KEY `ipd_sample_collections_approved_by_id_foreign` (`approved_by_id`);

--
-- Indexes for table `ipd_sample_collection_items`
--
ALTER TABLE `ipd_sample_collection_items`
  ADD PRIMARY KEY (`id`);

--
-- Indexes for table `ip_lab_indents`
--
ALTER TABLE `ip_lab_indents`
  ADD PRIMARY KEY (`id`),
  ADD UNIQUE KEY `ip_lab_indents_code_unique` (`code`);

--
-- Indexes for table `ip_lab_indent_items`
--
ALTER TABLE `ip_lab_indent_items`
  ADD PRIMARY KEY (`id`);

--
-- Indexes for table `ip_pharmacy_billing_transactions`
--
ALTER TABLE `ip_pharmacy_billing_transactions`
  ADD PRIMARY KEY (`id`);

--
-- Indexes for table `ip_pharmacy_indents`
--
ALTER TABLE `ip_pharmacy_indents`
  ADD PRIMARY KEY (`id`),
  ADD UNIQUE KEY `ip_pharmacy_indents_nrq_code_unique` (`nrq_code`);

--
-- Indexes for table `ip_pharmacy_indent_billings`
--
ALTER TABLE `ip_pharmacy_indent_billings`
  ADD PRIMARY KEY (`id`),
  ADD UNIQUE KEY `ip_pharmacy_indent_billings_code_unique` (`code`);

--
-- Indexes for table `ip_pharmacy_indent_billing_items`
--
ALTER TABLE `ip_pharmacy_indent_billing_items`
  ADD PRIMARY KEY (`id`);

--
-- Indexes for table `ip_pharmacy_indent_items`
--
ALTER TABLE `ip_pharmacy_indent_items`
  ADD PRIMARY KEY (`id`);

--
-- Indexes for table `ip_service_billings`
--
ALTER TABLE `ip_service_billings`
  ADD PRIMARY KEY (`id`),
  ADD UNIQUE KEY `ip_service_billings_code_unique` (`code`);

--
-- Indexes for table `ip_service_billing_items`
--
ALTER TABLE `ip_service_billing_items`
  ADD PRIMARY KEY (`id`);

--
-- Indexes for table `ip_service_billing_transactions`
--
ALTER TABLE `ip_service_billing_transactions`
  ADD PRIMARY KEY (`id`);

--
-- Indexes for table `items`
--
ALTER TABLE `items`
  ADD PRIMARY KEY (`id`),
  ADD KEY `items_type_id_foreign` (`type_id`),
  ADD KEY `items_item_group_id_foreign` (`item_group_id`),
  ADD KEY `items_generic_id_foreign` (`generic_id`),
  ADD KEY `items_form_id_foreign` (`form_id`),
  ADD KEY `items_category_id_foreign` (`category_id`),
  ADD KEY `items_item_specialization_id_foreign` (`item_specialization_id`),
  ADD KEY `items_manufacturer_id_foreign` (`manufacturer_id`),
  ADD KEY `items_purchase_uom_id_foreign` (`purchase_uom_id`),
  ADD KEY `items_issue_uom_id_foreign` (`issue_uom_id`);

--
-- Indexes for table `item_groups`
--
ALTER TABLE `item_groups`
  ADD PRIMARY KEY (`id`),
  ADD KEY `item_groups_cost_center_id_foreign` (`cost_center_id`),
  ADD KEY `item_groups_type_id_foreign` (`type_id`);

--
-- Indexes for table `item_specializations`
--
ALTER TABLE `item_specializations`
  ADD PRIMARY KEY (`id`),
  ADD KEY `item_specializations_type_id_foreign` (`type_id`),
  ADD KEY `item_specializations_cost_center_id_foreign` (`cost_center_id`);

--
-- Indexes for table `locations`
--
ALTER TABLE `locations`
  ADD PRIMARY KEY (`id`);

--
-- Indexes for table `manufacturers`
--
ALTER TABLE `manufacturers`
  ADD PRIMARY KEY (`id`),
  ADD KEY `manufacturers_type_id_foreign` (`type_id`),
  ADD KEY `manufacturers_cost_center_id_foreign` (`cost_center_id`);

--
-- Indexes for table `maritals`
--
ALTER TABLE `maritals`
  ADD PRIMARY KEY (`id`);

--
-- Indexes for table `migrations`
--
ALTER TABLE `migrations`
  ADD PRIMARY KEY (`id`);

--
-- Indexes for table `model_has_permissions`
--
ALTER TABLE `model_has_permissions`
  ADD PRIMARY KEY (`permission_id`,`model_id`,`model_type`),
  ADD KEY `model_has_permissions_model_id_model_type_index` (`model_id`,`model_type`);

--
-- Indexes for table `model_has_roles`
--
ALTER TABLE `model_has_roles`
  ADD PRIMARY KEY (`role_id`,`model_id`,`model_type`),
  ADD KEY `model_has_roles_model_id_model_type_index` (`model_id`,`model_type`);

--
-- Indexes for table `mrqs`
--
ALTER TABLE `mrqs`
  ADD PRIMARY KEY (`id`),
  ADD KEY `mrqs_stock_point_to_id_foreign` (`stock_point_to_id`),
  ADD KEY `mrqs_stock_point_from_id_foreign` (`stock_point_from_id`),
  ADD KEY `mrqs_created_by_id_foreign` (`created_by_id`),
  ADD KEY `mrqs_approved_by_id_foreign` (`approved_by_id`);

--
-- Indexes for table `mrq_items`
--
ALTER TABLE `mrq_items`
  ADD PRIMARY KEY (`id`),
  ADD KEY `mrq_items_mrq_id_foreign` (`mrq_id`),
  ADD KEY `mrq_items_item_id_foreign` (`item_id`);

--
-- Indexes for table `nationalities`
--
ALTER TABLE `nationalities`
  ADD PRIMARY KEY (`id`);

--
-- Indexes for table `notes`
--
ALTER TABLE `notes`
  ADD PRIMARY KEY (`id`);

--
-- Indexes for table `nurse_stations`
--
ALTER TABLE `nurse_stations`
  ADD PRIMARY KEY (`id`),
  ADD KEY `nurse_stations_created_by_id_foreign` (`created_by_id`),
  ADD KEY `nurse_stations_updated_by_id_foreign` (`updated_by_id`);

--
-- Indexes for table `occupations`
--
ALTER TABLE `occupations`
  ADD PRIMARY KEY (`id`);

--
-- Indexes for table `opd_billings`
--
ALTER TABLE `opd_billings`
  ADD PRIMARY KEY (`id`),
  ADD KEY `opd_billings_patient_id_foreign` (`patient_id`),
  ADD KEY `opd_billings_patient_visit_id_foreign` (`patient_visit_id`),
  ADD KEY `opd_billings_out_side_patient_id_foreign` (`out_side_patient_id`),
  ADD KEY `opd_billings_created_by_id_foreign` (`created_by_id`),
  ADD KEY `opd_billings_cancle_by_id_foreign` (`cancle_by_id`);

--
-- Indexes for table `opd_billing_discounts`
--
ALTER TABLE `opd_billing_discounts`
  ADD PRIMARY KEY (`id`),
  ADD KEY `opd_billing_discounts_discount_approved_by_id_foreign` (`discount_approved_by_id`);

--
-- Indexes for table `opd_billing_items`
--
ALTER TABLE `opd_billing_items`
  ADD PRIMARY KEY (`id`),
  ADD KEY `opd_billing_items_opd_billing_id_foreign` (`opd_billing_id`),
  ADD KEY `opd_billing_items_service_id_foreign` (`service_id`),
  ADD KEY `opd_billing_items_discount_approved_by_id_foreign` (`discount_approved_by_id`);

--
-- Indexes for table `opd_medicine_receipts`
--
ALTER TABLE `opd_medicine_receipts`
  ADD PRIMARY KEY (`id`),
  ADD KEY `opd_medicine_receipts_stock_point_id_foreign` (`stock_point_id`),
  ADD KEY `opd_medicine_receipts_patient_id_foreign` (`patient_id`),
  ADD KEY `opd_medicine_receipts_patient_visit_id_foreign` (`patient_visit_id`),
  ADD KEY `opd_medicine_receipts_created_by_id_foreign` (`created_by_id`),
  ADD KEY `opd_medicine_receipts_out_side_patient_id_foreign` (`out_side_patient_id`),
  ADD KEY `opd_medicine_receipts_cancle_by_id_foreign` (`cancle_by_id`);

--
-- Indexes for table `opd_medicine_transactions`
--
ALTER TABLE `opd_medicine_transactions`
  ADD PRIMARY KEY (`id`),
  ADD KEY `opd_medicine_transactions_opd_medicine_receipt_id_foreign` (`opd_medicine_receipt_id`),
  ADD KEY `opd_medicine_transactions_item_id_foreign` (`item_id`),
  ADD KEY `opd_medicine_transactions_stock_point_id_foreign` (`stock_point_id`);

--
-- Indexes for table `organisms`
--
ALTER TABLE `organisms`
  ADD PRIMARY KEY (`id`),
  ADD KEY `organisms_created_by_id_foreign` (`created_by_id`),
  ADD KEY `organisms_updated_by_id_foreign` (`updated_by_id`);

--
-- Indexes for table `organism_antibiotics`
--
ALTER TABLE `organism_antibiotics`
  ADD PRIMARY KEY (`id`);

--
-- Indexes for table `organizations`
--
ALTER TABLE `organizations`
  ADD PRIMARY KEY (`id`),
  ADD KEY `organizations_contact_person_id_foreign` (`contact_person_id`),
  ADD KEY `organizations_created_by_id_foreign` (`created_by_id`),
  ADD KEY `organizations_updated_by_id_foreign` (`updated_by_id`);

--
-- Indexes for table `organization_pharmacy_discounts`
--
ALTER TABLE `organization_pharmacy_discounts`
  ADD PRIMARY KEY (`id`);

--
-- Indexes for table `organization_tariffs`
--
ALTER TABLE `organization_tariffs`
  ADD PRIMARY KEY (`id`);

--
-- Indexes for table `organization_tariff_priorities`
--
ALTER TABLE `organization_tariff_priorities`
  ADD PRIMARY KEY (`id`);

--
-- Indexes for table `others`
--
ALTER TABLE `others`
  ADD PRIMARY KEY (`id`);

--
-- Indexes for table `ots`
--
ALTER TABLE `ots`
  ADD PRIMARY KEY (`id`),
  ADD UNIQUE KEY `ots_name_unique` (`name`),
  ADD UNIQUE KEY `ots_code_unique` (`code`);

--
-- Indexes for table `ot_bookings`
--
ALTER TABLE `ot_bookings`
  ADD PRIMARY KEY (`id`),
  ADD UNIQUE KEY `ot_bookings_code_unique` (`code`);

--
-- Indexes for table `ot_booking_attendants`
--
ALTER TABLE `ot_booking_attendants`
  ADD PRIMARY KEY (`id`),
  ADD KEY `ot_booking_attendants_attendant_type_attendant_id_index` (`attendant_type`,`attendant_id`),
  ADD KEY `ot_booking_attendants_ot_booking_id_foreign` (`ot_booking_id`);

--
-- Indexes for table `ot_day_cares`
--
ALTER TABLE `ot_day_cares`
  ADD PRIMARY KEY (`id`),
  ADD UNIQUE KEY `ot_day_cares_code_unique` (`code`),
  ADD KEY `ot_day_cares_ot_booking_id_foreign` (`ot_booking_id`),
  ADD KEY `ot_day_cares_ipd_id_foreign` (`ipd_id`),
  ADD KEY `ot_day_cares_patient_id_foreign` (`patient_id`);

--
-- Indexes for table `ot_day_care_consultants`
--
ALTER TABLE `ot_day_care_consultants`
  ADD PRIMARY KEY (`id`),
  ADD KEY `ot_day_care_consultants_attendant_type_attendant_id_index` (`attendant_type`,`attendant_id`),
  ADD KEY `ot_day_care_consultants_ot_day_care_id_foreign` (`ot_day_care_id`);

--
-- Indexes for table `ot_post_operations`
--
ALTER TABLE `ot_post_operations`
  ADD PRIMARY KEY (`id`),
  ADD UNIQUE KEY `ot_post_operations_code_unique` (`code`),
  ADD KEY `ot_post_operations_ot_booking_id_foreign` (`ot_booking_id`),
  ADD KEY `ot_post_operations_ot_pre_operation_id_foreign` (`ot_pre_operation_id`),
  ADD KEY `ot_post_operations_ipd_id_foreign` (`ipd_id`),
  ADD KEY `ot_post_operations_patient_id_foreign` (`patient_id`),
  ADD KEY `ot_post_operations_ot_type_id_foreign` (`ot_type_id`);

--
-- Indexes for table `ot_post_operation_attendants`
--
ALTER TABLE `ot_post_operation_attendants`
  ADD PRIMARY KEY (`id`),
  ADD KEY `ot_post_operation_attendants_attendant_type_attendant_id_index` (`attendant_type`,`attendant_id`),
  ADD KEY `ot_post_operation_attendants_ot_post_operation_id_foreign` (`ot_post_operation_id`);

--
-- Indexes for table `ot_post_operation_notes`
--
ALTER TABLE `ot_post_operation_notes`
  ADD PRIMARY KEY (`id`);

--
-- Indexes for table `ot_post_operation_sample_collection_notes`
--
ALTER TABLE `ot_post_operation_sample_collection_notes`
  ADD PRIMARY KEY (`id`);

--
-- Indexes for table `ot_post_operation_surgeon_notes`
--
ALTER TABLE `ot_post_operation_surgeon_notes`
  ADD PRIMARY KEY (`id`);

--
-- Indexes for table `ot_post_operation_unit_records`
--
ALTER TABLE `ot_post_operation_unit_records`
  ADD PRIMARY KEY (`id`);

--
-- Indexes for table `ot_pre_bookings`
--
ALTER TABLE `ot_pre_bookings`
  ADD PRIMARY KEY (`id`),
  ADD UNIQUE KEY `ot_pre_bookings_code_unique` (`code`);

--
-- Indexes for table `ot_pre_operations`
--
ALTER TABLE `ot_pre_operations`
  ADD PRIMARY KEY (`id`),
  ADD UNIQUE KEY `ot_pre_operations_code_unique` (`code`),
  ADD KEY `ot_pre_operations_ot_booking_id_foreign` (`ot_booking_id`),
  ADD KEY `ot_pre_operations_ipd_id_foreign` (`ipd_id`),
  ADD KEY `ot_pre_operations_patient_id_foreign` (`patient_id`),
  ADD KEY `ot_pre_operations_service_id_foreign` (`service_id`),
  ADD KEY `ot_pre_operations_surgery_type_id_foreign` (`surgery_type_id`),
  ADD KEY `ot_pre_operations_ot_type_id_foreign` (`ot_type_id`),
  ADD KEY `ot_pre_operations_ot_id_foreign` (`ot_id`);

--
-- Indexes for table `ot_pre_operation_anaesthesia_check_first_records`
--
ALTER TABLE `ot_pre_operation_anaesthesia_check_first_records`
  ADD PRIMARY KEY (`id`);

--
-- Indexes for table `ot_pre_operation_anaesthesia_check_second_records`
--
ALTER TABLE `ot_pre_operation_anaesthesia_check_second_records`
  ADD PRIMARY KEY (`id`);

--
-- Indexes for table `ot_pre_operation_attendants`
--
ALTER TABLE `ot_pre_operation_attendants`
  ADD PRIMARY KEY (`id`),
  ADD KEY `ot_pre_operation_attendants_attendant_type_attendant_id_index` (`attendant_type`,`attendant_id`),
  ADD KEY `ot_pre_operation_attendants_ot_pre_operation_id_foreign` (`ot_pre_operation_id`);

--
-- Indexes for table `ot_pre_operation_check_lists`
--
ALTER TABLE `ot_pre_operation_check_lists`
  ADD PRIMARY KEY (`id`),
  ADD UNIQUE KEY `ot_pre_operation_check_lists_code_unique` (`code`),
  ADD KEY `ot_pre_operation_check_lists_ot_pre_operation_id_foreign` (`ot_pre_operation_id`),
  ADD KEY `ot_pre_operation_check_lists_ipd_id_foreign` (`ipd_id`),
  ADD KEY `ot_pre_operation_check_lists_patient_id_foreign` (`patient_id`),
  ADD KEY `ot_pre_operation_check_lists_service_id_foreign` (`service_id`),
  ADD KEY `ot_pre_operation_check_lists_bloodgroup_id_foreign` (`bloodgroup_id`);

--
-- Indexes for table `ot_pre_operation_patient_check_lists`
--
ALTER TABLE `ot_pre_operation_patient_check_lists`
  ADD PRIMARY KEY (`id`);

--
-- Indexes for table `ot_schedules`
--
ALTER TABLE `ot_schedules`
  ADD PRIMARY KEY (`id`),
  ADD KEY `ot_schedules_ot_id_foreign` (`ot_id`);

--
-- Indexes for table `ot_types`
--
ALTER TABLE `ot_types`
  ADD PRIMARY KEY (`id`),
  ADD UNIQUE KEY `ot_types_name_unique` (`name`),
  ADD UNIQUE KEY `ot_types_code_unique` (`code`);

--
-- Indexes for table `out_side_patients`
--
ALTER TABLE `out_side_patients`
  ADD PRIMARY KEY (`id`),
  ADD KEY `out_side_patients_title_id_foreign` (`title_id`),
  ADD KEY `out_side_patients_gender_id_foreign` (`gender_id`),
  ADD KEY `out_side_patients_created_by_id_foreign` (`created_by_id`),
  ADD KEY `out_side_patients_updated_by_id_foreign` (`updated_by_id`);
ALTER TABLE `out_side_patients` ADD FULLTEXT KEY `out_side_patients_name_fulltext` (`name`);

--
-- Indexes for table `packages`
--
ALTER TABLE `packages`
  ADD PRIMARY KEY (`id`),
  ADD KEY `packages_package_id_foreign` (`package_id`),
  ADD KEY `packages_service_id_foreign` (`service_id`),
  ADD KEY `packages_created_by_id_foreign` (`created_by_id`),
  ADD KEY `packages_updated_by_id_foreign` (`updated_by_id`);

--
-- Indexes for table `parameters`
--
ALTER TABLE `parameters`
  ADD PRIMARY KEY (`id`),
  ADD KEY `parameters_created_by_id_foreign` (`created_by_id`),
  ADD KEY `parameters_updated_by_id_foreign` (`updated_by_id`);

--
-- Indexes for table `parameter_units`
--
ALTER TABLE `parameter_units`
  ADD PRIMARY KEY (`id`);

--
-- Indexes for table `parameter_values`
--
ALTER TABLE `parameter_values`
  ADD PRIMARY KEY (`id`);

--
-- Indexes for table `password_resets`
--
ALTER TABLE `password_resets`
  ADD KEY `password_resets_email_index` (`email`);

--
-- Indexes for table `password_reset_tokens`
--
ALTER TABLE `password_reset_tokens`
  ADD PRIMARY KEY (`email`);

--
-- Indexes for table `patients`
--
ALTER TABLE `patients`
  ADD PRIMARY KEY (`id`),
  ADD KEY `patients_patient_type_id_foreign` (`patient_type_id`),
  ADD KEY `patients_title_id_foreign` (`title_id`),
  ADD KEY `patients_gender_id_foreign` (`gender_id`),
  ADD KEY `patients_marital_id_foreign` (`marital_id`),
  ADD KEY `patients_bloodgroup_id_foreign` (`bloodgroup_id`),
  ADD KEY `patients_religion_id_foreign` (`religion_id`),
  ADD KEY `patients_occupation_id_foreign` (`occupation_id`),
  ADD KEY `patients_nationality_id_foreign` (`nationality_id`),
  ADD KEY `patients_relation_id_foreign` (`relation_id`),
  ADD KEY `patients_created_by_id_foreign` (`created_by_id`),
  ADD KEY `patients_updated_by_id_foreign` (`updated_by_id`),
  ADD KEY `patients_id_type_id_foreign` (`id_type_id`);
ALTER TABLE `patients` ADD FULLTEXT KEY `patients_name_fulltext` (`name`);

--
-- Indexes for table `patient_beds`
--
ALTER TABLE `patient_beds`
  ADD PRIMARY KEY (`id`),
  ADD KEY `patient_beds_created_by_id_foreign` (`created_by_id`),
  ADD KEY `patient_beds_updated_by_id_foreign` (`updated_by_id`);

--
-- Indexes for table `patient_credit_limits`
--
ALTER TABLE `patient_credit_limits`
  ADD PRIMARY KEY (`id`);

--
-- Indexes for table `patient_discharges`
--
ALTER TABLE `patient_discharges`
  ADD PRIMARY KEY (`id`),
  ADD UNIQUE KEY `patient_discharges_code_unique` (`code`);

--
-- Indexes for table `patient_discharge_process_statuses`
--
ALTER TABLE `patient_discharge_process_statuses`
  ADD PRIMARY KEY (`id`);

--
-- Indexes for table `patient_types`
--
ALTER TABLE `patient_types`
  ADD PRIMARY KEY (`id`);

--
-- Indexes for table `patient_visits`
--
ALTER TABLE `patient_visits`
  ADD PRIMARY KEY (`id`),
  ADD KEY `patient_visits_patient_id_foreign` (`patient_id`),
  ADD KEY `patient_visits_unit_id_foreign` (`unit_id`),
  ADD KEY `patient_visits_department_id_foreign` (`department_id`),
  ADD KEY `patient_visits_created_by_id_foreign` (`created_by_id`),
  ADD KEY `patient_visits_updated_by_id_foreign` (`updated_by_id`);

--
-- Indexes for table `payment_types`
--
ALTER TABLE `payment_types`
  ADD PRIMARY KEY (`id`);

--
-- Indexes for table `permissions`
--
ALTER TABLE `permissions`
  ADD PRIMARY KEY (`id`),
  ADD UNIQUE KEY `permissions_name_guard_name_unique` (`name`,`guard_name`);

--
-- Indexes for table `personal_access_tokens`
--
ALTER TABLE `personal_access_tokens`
  ADD PRIMARY KEY (`id`),
  ADD UNIQUE KEY `personal_access_tokens_token_unique` (`token`),
  ADD KEY `personal_access_tokens_tokenable_type_tokenable_id_index` (`tokenable_type`,`tokenable_id`);

--
-- Indexes for table `pharmacy_dues`
--
ALTER TABLE `pharmacy_dues`
  ADD PRIMARY KEY (`id`),
  ADD KEY `pharmacy_dues_stock_point_id_foreign` (`stock_point_id`),
  ADD KEY `pharmacy_dues_patient_id_foreign` (`patient_id`),
  ADD KEY `pharmacy_dues_patient_visit_id_foreign` (`patient_visit_id`),
  ADD KEY `pharmacy_dues_opd_medicine_receipt_id_foreign` (`opd_medicine_receipt_id`),
  ADD KEY `pharmacy_dues_approved_by_id_foreign` (`approved_by_id`);

--
-- Indexes for table `pharmacy_returns`
--
ALTER TABLE `pharmacy_returns`
  ADD PRIMARY KEY (`id`),
  ADD KEY `pharmacy_returns_stock_point_id_foreign` (`stock_point_id`),
  ADD KEY `pharmacy_returns_patient_id_foreign` (`patient_id`),
  ADD KEY `pharmacy_returns_opd_medicine_receipt_id_foreign` (`opd_medicine_receipt_id`),
  ADD KEY `pharmacy_returns_created_by_id_foreign` (`created_by_id`),
  ADD KEY `pharmacy_returns_approved_by_id_foreign` (`approved_by_id`);

--
-- Indexes for table `pharmacy_return_items`
--
ALTER TABLE `pharmacy_return_items`
  ADD PRIMARY KEY (`id`),
  ADD KEY `pharmacy_return_items_opd_medicine_receipt_id_foreign` (`opd_medicine_receipt_id`),
  ADD KEY `pharmacy_return_items_pharmacy_return_id_foreign` (`pharmacy_return_id`),
  ADD KEY `pharmacy_return_items_item_id_foreign` (`item_id`),
  ADD KEY `pharmacy_return_items_stock_point_id_foreign` (`stock_point_id`),
  ADD KEY `pharmacy_return_items_created_by_id_foreign` (`created_by_id`),
  ADD KEY `pharmacy_return_items_approved_by_id_foreign` (`approved_by_id`);

--
-- Indexes for table `purchase_indents`
--
ALTER TABLE `purchase_indents`
  ADD PRIMARY KEY (`id`),
  ADD KEY `purchase_indents_stock_point_id_foreign` (`stock_point_id`),
  ADD KEY `purchase_indents_vendor_id_foreign` (`vendor_id`),
  ADD KEY `purchase_indents_type_id_foreign` (`type_id`),
  ADD KEY `purchase_indents_created_by_id_foreign` (`created_by_id`);

--
-- Indexes for table `purchase_orders`
--
ALTER TABLE `purchase_orders`
  ADD PRIMARY KEY (`id`),
  ADD KEY `purchase_orders_vendor_id_foreign` (`vendor_id`),
  ADD KEY `purchase_orders_stock_point_id_foreign` (`stock_point_id`),
  ADD KEY `purchase_orders_purchase_term_id_foreign` (`purchase_term_id`),
  ADD KEY `purchase_orders_purchase_indent_id_foreign` (`purchase_indent_id`),
  ADD KEY `purchase_orders_created_by_id_foreign` (`created_by_id`);

--
-- Indexes for table `purchase_order_items`
--
ALTER TABLE `purchase_order_items`
  ADD PRIMARY KEY (`id`),
  ADD KEY `purchase_order_items_purchase_order_id_foreign` (`purchase_order_id`),
  ADD KEY `purchase_order_items_item_id_foreign` (`item_id`);

--
-- Indexes for table `purchase_terms`
--
ALTER TABLE `purchase_terms`
  ADD PRIMARY KEY (`id`);

--
-- Indexes for table `rates`
--
ALTER TABLE `rates`
  ADD PRIMARY KEY (`id`),
  ADD KEY `rates_item_id_foreign` (`item_id`),
  ADD KEY `rates_approved_by_id_foreign` (`approved_by_id`);

--
-- Indexes for table `referrals`
--
ALTER TABLE `referrals`
  ADD PRIMARY KEY (`id`),
  ADD KEY `referrals_referrable_type_referrable_id_index` (`referrable_type`,`referrable_id`),
  ADD KEY `referrals_patient_id_foreign` (`patient_id`);

--
-- Indexes for table `referral_selves`
--
ALTER TABLE `referral_selves`
  ADD PRIMARY KEY (`id`);

--
-- Indexes for table `referral_walkings`
--
ALTER TABLE `referral_walkings`
  ADD PRIMARY KEY (`id`);

--
-- Indexes for table `refers`
--
ALTER TABLE `refers`
  ADD PRIMARY KEY (`id`),
  ADD KEY `refers_patient_id_foreign` (`patient_id`),
  ADD KEY `refers_patient_visit_id_foreign` (`patient_visit_id`),
  ADD KEY `refers_department_id_from_foreign` (`department_id_from`),
  ADD KEY `refers_unit_id_from_foreign` (`unit_id_from`),
  ADD KEY `refers_doctor_id_from_foreign` (`doctor_id_from`),
  ADD KEY `refers_department_id_to_foreign` (`department_id_to`),
  ADD KEY `refers_unit_id_to_foreign` (`unit_id_to`),
  ADD KEY `refers_doctor_id_to_foreign` (`doctor_id_to`),
  ADD KEY `refers_created_by_id_foreign` (`created_by_id`);

--
-- Indexes for table `relations`
--
ALTER TABLE `relations`
  ADD PRIMARY KEY (`id`);

--
-- Indexes for table `religions`
--
ALTER TABLE `religions`
  ADD PRIMARY KEY (`id`);

--
-- Indexes for table `roles`
--
ALTER TABLE `roles`
  ADD PRIMARY KEY (`id`),
  ADD UNIQUE KEY `roles_name_guard_name_unique` (`name`,`guard_name`);

--
-- Indexes for table `role_has_permissions`
--
ALTER TABLE `role_has_permissions`
  ADD PRIMARY KEY (`permission_id`,`role_id`),
  ADD KEY `role_has_permissions_role_id_foreign` (`role_id`);

--
-- Indexes for table `role_stock_points`
--
ALTER TABLE `role_stock_points`
  ADD PRIMARY KEY (`id`),
  ADD KEY `role_stock_points_role_id_foreign` (`role_id`),
  ADD KEY `role_stock_points_stock_point_id_foreign` (`stock_point_id`);

--
-- Indexes for table `rooms`
--
ALTER TABLE `rooms`
  ADD PRIMARY KEY (`id`),
  ADD KEY `rooms_ward_id_foreign` (`ward_id`),
  ADD KEY `rooms_nurse_station_id_foreign` (`nurse_station_id`),
  ADD KEY `rooms_cost_center_id_foreign` (`cost_center_id`),
  ADD KEY `rooms_created_by_id_foreign` (`created_by_id`),
  ADD KEY `rooms_updated_by_id_foreign` (`updated_by_id`);

--
-- Indexes for table `sale_stores`
--
ALTER TABLE `sale_stores`
  ADD PRIMARY KEY (`id`),
  ADD KEY `sale_stores_stock_point_id_foreign` (`stock_point_id`),
  ADD KEY `sale_stores_gin_id_foreign` (`gin_id`),
  ADD KEY `sale_stores_gin_item_id_foreign` (`gin_item_id`),
  ADD KEY `sale_stores_item_id_foreign` (`item_id`),
  ADD KEY `sale_stores_stock_point_from_id_foreign` (`stock_point_from_id`);

--
-- Indexes for table `sample_collections`
--
ALTER TABLE `sample_collections`
  ADD PRIMARY KEY (`id`),
  ADD KEY `sample_collections_opd_billing_id_foreign` (`opd_billing_id`),
  ADD KEY `sample_collections_created_by_id_foreign` (`created_by_id`),
  ADD KEY `sample_collections_updated_by_id_foreign` (`updated_by_id`),
  ADD KEY `sample_collections_approved_by_id_foreign` (`approved_by_id`);

--
-- Indexes for table `sample_collection_items`
--
ALTER TABLE `sample_collection_items`
  ADD PRIMARY KEY (`id`);

--
-- Indexes for table `scraps`
--
ALTER TABLE `scraps`
  ADD PRIMARY KEY (`id`),
  ADD KEY `scraps_stock_point_from_id_foreign` (`stock_point_from_id`),
  ADD KEY `scraps_stock_point_to_id_foreign` (`stock_point_to_id`),
  ADD KEY `scraps_created_by_id_foreign` (`created_by_id`),
  ADD KEY `scraps_updated_by_id_foreign` (`updated_by_id`),
  ADD KEY `scraps_approved_by_id_foreign` (`approved_by_id`);

--
-- Indexes for table `scrap_items`
--
ALTER TABLE `scrap_items`
  ADD PRIMARY KEY (`id`),
  ADD KEY `scrap_items_scrap_id_foreign` (`scrap_id`),
  ADD KEY `scrap_items_item_id_foreign` (`item_id`),
  ADD KEY `scrap_items_grn_id_foreign` (`grn_id`),
  ADD KEY `scrap_items_scrap_type_id_foreign` (`scrap_type_id`),
  ADD KEY `scrap_items_created_by_id_foreign` (`created_by_id`),
  ADD KEY `scrap_items_updated_by_id_foreign` (`updated_by_id`);

--
-- Indexes for table `scrap_types`
--
ALTER TABLE `scrap_types`
  ADD PRIMARY KEY (`id`);

--
-- Indexes for table `services`
--
ALTER TABLE `services`
  ADD PRIMARY KEY (`id`),
  ADD KEY `services_teriff_id_foreign` (`teriff_id`),
  ADD KEY `services_service_group_id_foreign` (`service_group_id`),
  ADD KEY `services_billing_head_id_foreign` (`billing_head_id`),
  ADD KEY `services_cost_center_id_foreign` (`cost_center_id`),
  ADD KEY `services_location_id_foreign` (`location_id`),
  ADD KEY `services_created_by_id_foreign` (`created_by_id`),
  ADD KEY `services_modified_by_id_foreign` (`modified_by_id`);

--
-- Indexes for table `service_dues`
--
ALTER TABLE `service_dues`
  ADD PRIMARY KEY (`id`),
  ADD KEY `service_dues_patient_id_foreign` (`patient_id`),
  ADD KEY `service_dues_patient_visit_id_foreign` (`patient_visit_id`),
  ADD KEY `service_dues_opd_billing_id_foreign` (`opd_billing_id`),
  ADD KEY `service_dues_approved_by_id_foreign` (`approved_by_id`);

--
-- Indexes for table `service_groups`
--
ALTER TABLE `service_groups`
  ADD PRIMARY KEY (`id`),
  ADD KEY `service_groups_department_id_foreign` (`department_id`);

--
-- Indexes for table `specializations`
--
ALTER TABLE `specializations`
  ADD PRIMARY KEY (`id`);

--
-- Indexes for table `specimen_masters`
--
ALTER TABLE `specimen_masters`
  ADD PRIMARY KEY (`id`),
  ADD KEY `specimen_masters_created_by_id_foreign` (`created_by_id`),
  ADD KEY `specimen_masters_updated_by_id_foreign` (`updated_by_id`);

--
-- Indexes for table `specimen_setups`
--
ALTER TABLE `specimen_setups`
  ADD PRIMARY KEY (`id`),
  ADD KEY `specimen_setups_created_by_id_foreign` (`created_by_id`),
  ADD KEY `specimen_setups_updated_by_id_foreign` (`updated_by_id`);

--
-- Indexes for table `staff`
--
ALTER TABLE `staff`
  ADD PRIMARY KEY (`id`),
  ADD KEY `staff_department_id_foreign` (`department_id`);

--
-- Indexes for table `states`
--
ALTER TABLE `states`
  ADD PRIMARY KEY (`id`),
  ADD KEY `states_country_id_foreign` (`country_id`);

--
-- Indexes for table `stock_points`
--
ALTER TABLE `stock_points`
  ADD PRIMARY KEY (`id`),
  ADD KEY `stock_points_type_id_foreign` (`type_id`),
  ADD KEY `stock_points_cost_center_id_foreign` (`cost_center_id`);

--
-- Indexes for table `surgeries`
--
ALTER TABLE `surgeries`
  ADD PRIMARY KEY (`id`),
  ADD KEY `surgeries_teriff_id_foreign` (`teriff_id`),
  ADD KEY `surgeries_service_id_foreign` (`service_id`),
  ADD KEY `surgeries_service_group_id_foreign` (`service_group_id`),
  ADD KEY `surgeries_surgery_type_id_foreign` (`surgery_type_id`),
  ADD KEY `surgeries_department_id_foreign` (`department_id`);

--
-- Indexes for table `surgery_types`
--
ALTER TABLE `surgery_types`
  ADD PRIMARY KEY (`id`),
  ADD UNIQUE KEY `surgery_types_name_unique` (`name`),
  ADD UNIQUE KEY `surgery_types_code_unique` (`code`);

--
-- Indexes for table `symbols`
--
ALTER TABLE `symbols`
  ADD PRIMARY KEY (`id`);

--
-- Indexes for table `templates`
--
ALTER TABLE `templates`
  ADD PRIMARY KEY (`id`),
  ADD KEY `templates_created_by_id_foreign` (`created_by_id`),
  ADD KEY `templates_updated_by_id_foreign` (`updated_by_id`);

--
-- Indexes for table `teriffs`
--
ALTER TABLE `teriffs`
  ADD PRIMARY KEY (`id`);

--
-- Indexes for table `test_types`
--
ALTER TABLE `test_types`
  ADD PRIMARY KEY (`id`);

--
-- Indexes for table `time_ins`
--
ALTER TABLE `time_ins`
  ADD PRIMARY KEY (`id`);

--
-- Indexes for table `titles`
--
ALTER TABLE `titles`
  ADD PRIMARY KEY (`id`);

--
-- Indexes for table `types`
--
ALTER TABLE `types`
  ADD PRIMARY KEY (`id`),
  ADD KEY `types_cost_center_id_foreign` (`cost_center_id`);

--
-- Indexes for table `units`
--
ALTER TABLE `units`
  ADD PRIMARY KEY (`id`),
  ADD KEY `units_department_id_foreign` (`department_id`),
  ADD KEY `units_created_by_id_foreign` (`created_by_id`),
  ADD KEY `units_updated_by_id_foreign` (`updated_by_id`);

--
-- Indexes for table `uoms`
--
ALTER TABLE `uoms`
  ADD PRIMARY KEY (`id`);

--
-- Indexes for table `users`
--
ALTER TABLE `users`
  ADD PRIMARY KEY (`id`),
  ADD UNIQUE KEY `users_email_unique` (`email`),
  ADD UNIQUE KEY `username` (`username`);

--
-- Indexes for table `vacutainers`
--
ALTER TABLE `vacutainers`
  ADD PRIMARY KEY (`id`);

--
-- Indexes for table `vendors`
--
ALTER TABLE `vendors`
  ADD PRIMARY KEY (`id`);

--
-- Indexes for table `villages`
--
ALTER TABLE `villages`
  ADD PRIMARY KEY (`id`),
  ADD KEY `villages_country_id_foreign` (`country_id`),
  ADD KEY `villages_state_id_foreign` (`state_id`),
  ADD KEY `villages_district_id_foreign` (`district_id`),
  ADD KEY `villages_block_id_foreign` (`block_id`);

--
-- Indexes for table `visit_types`
--
ALTER TABLE `visit_types`
  ADD PRIMARY KEY (`id`),
  ADD KEY `visit_types_created_by_id_foreign` (`created_by_id`),
  ADD KEY `visit_types_updated_by_id_foreign` (`updated_by_id`);

--
-- Indexes for table `vitals`
--
ALTER TABLE `vitals`
  ADD PRIMARY KEY (`id`);

--
-- Indexes for table `wallets`
--
ALTER TABLE `wallets`
  ADD PRIMARY KEY (`id`);

--
-- Indexes for table `wallet_transactions`
--
ALTER TABLE `wallet_transactions`
  ADD PRIMARY KEY (`id`);

--
-- Indexes for table `wards`
--
ALTER TABLE `wards`
  ADD PRIMARY KEY (`id`),
  ADD KEY `wards_ward_group_id_foreign` (`ward_group_id`),
  ADD KEY `wards_created_by_id_foreign` (`created_by_id`),
  ADD KEY `wards_updated_by_id_foreign` (`updated_by_id`);

--
-- Indexes for table `ward_groups`
--
ALTER TABLE `ward_groups`
  ADD PRIMARY KEY (`id`),
  ADD KEY `ward_groups_created_by_id_foreign` (`created_by_id`),
  ADD KEY `ward_groups_updated_by_id_foreign` (`updated_by_id`);

--
-- Indexes for table `ward_tariffs`
--
ALTER TABLE `ward_tariffs`
  ADD PRIMARY KEY (`id`),
  ADD KEY `ward_tariffs_created_by_id_foreign` (`created_by_id`),
  ADD KEY `ward_tariffs_updated_by_id_foreign` (`updated_by_id`);

--
-- AUTO_INCREMENT for dumped tables
--

--
-- AUTO_INCREMENT for table `abnormals`
--
ALTER TABLE `abnormals`
  MODIFY `id` bigint(20) UNSIGNED NOT NULL AUTO_INCREMENT, AUTO_INCREMENT=2;

--
-- AUTO_INCREMENT for table `abnormal_entries`
--
ALTER TABLE `abnormal_entries`
  MODIFY `id` bigint(20) UNSIGNED NOT NULL AUTO_INCREMENT, AUTO_INCREMENT=4;

--
-- AUTO_INCREMENT for table `abnormal_entry_items`
--
ALTER TABLE `abnormal_entry_items`
  MODIFY `id` bigint(20) UNSIGNED NOT NULL AUTO_INCREMENT, AUTO_INCREMENT=3;

--
-- AUTO_INCREMENT for table `admin_types`
--
ALTER TABLE `admin_types`
  MODIFY `id` bigint(20) UNSIGNED NOT NULL AUTO_INCREMENT, AUTO_INCREMENT=4;

--
-- AUTO_INCREMENT for table `admission_purposes`
--
ALTER TABLE `admission_purposes`
  MODIFY `id` bigint(20) UNSIGNED NOT NULL AUTO_INCREMENT, AUTO_INCREMENT=3;

--
-- AUTO_INCREMENT for table `anesthesia_types`
--
ALTER TABLE `anesthesia_types`
  MODIFY `id` bigint(20) UNSIGNED NOT NULL AUTO_INCREMENT, AUTO_INCREMENT=8;

--
-- AUTO_INCREMENT for table `antibiotics`
--
ALTER TABLE `antibiotics`
  MODIFY `id` bigint(20) UNSIGNED NOT NULL AUTO_INCREMENT;

--
-- AUTO_INCREMENT for table `antibiotic_organisms`
--
ALTER TABLE `antibiotic_organisms`
  MODIFY `id` bigint(20) UNSIGNED NOT NULL AUTO_INCREMENT;

--
-- AUTO_INCREMENT for table `attendents`
--
ALTER TABLE `attendents`
  MODIFY `id` bigint(20) UNSIGNED NOT NULL AUTO_INCREMENT, AUTO_INCREMENT=20;

--
-- AUTO_INCREMENT for table `bag_types`
--
ALTER TABLE `bag_types`
  MODIFY `id` bigint(20) UNSIGNED NOT NULL AUTO_INCREMENT, AUTO_INCREMENT=5;

--
-- AUTO_INCREMENT for table `beds`
--
ALTER TABLE `beds`
  MODIFY `id` bigint(20) UNSIGNED NOT NULL AUTO_INCREMENT, AUTO_INCREMENT=95;

--
-- AUTO_INCREMENT for table `billing_heads`
--
ALTER TABLE `billing_heads`
  MODIFY `id` bigint(20) UNSIGNED NOT NULL AUTO_INCREMENT, AUTO_INCREMENT=11;

--
-- AUTO_INCREMENT for table `bins`
--
ALTER TABLE `bins`
  MODIFY `id` bigint(20) UNSIGNED NOT NULL AUTO_INCREMENT, AUTO_INCREMENT=11;

--
-- AUTO_INCREMENT for table `bin_groups`
--
ALTER TABLE `bin_groups`
  MODIFY `id` bigint(20) UNSIGNED NOT NULL AUTO_INCREMENT, AUTO_INCREMENT=6;

--
-- AUTO_INCREMENT for table `bin_items`
--
ALTER TABLE `bin_items`
  MODIFY `id` bigint(20) UNSIGNED NOT NULL AUTO_INCREMENT, AUTO_INCREMENT=9;

--
-- AUTO_INCREMENT for table `blocks`
--
ALTER TABLE `blocks`
  MODIFY `id` bigint(20) UNSIGNED NOT NULL AUTO_INCREMENT, AUTO_INCREMENT=527;

--
-- AUTO_INCREMENT for table `bloodgroups`
--
ALTER TABLE `bloodgroups`
  MODIFY `id` bigint(20) UNSIGNED NOT NULL AUTO_INCREMENT, AUTO_INCREMENT=10;

--
-- AUTO_INCREMENT for table `blood_donor_bleedings`
--
ALTER TABLE `blood_donor_bleedings`
  MODIFY `id` bigint(20) UNSIGNED NOT NULL AUTO_INCREMENT, AUTO_INCREMENT=2;

--
-- AUTO_INCREMENT for table `blood_donor_questionnaire_consents`
--
ALTER TABLE `blood_donor_questionnaire_consents`
  MODIFY `id` bigint(20) UNSIGNED NOT NULL AUTO_INCREMENT, AUTO_INCREMENT=2;

--
-- AUTO_INCREMENT for table `blood_requisition_requests`
--
ALTER TABLE `blood_requisition_requests`
  MODIFY `id` bigint(20) UNSIGNED NOT NULL AUTO_INCREMENT, AUTO_INCREMENT=3;

--
-- AUTO_INCREMENT for table `blood_requisition_request_sample_blood_groups`
--
ALTER TABLE `blood_requisition_request_sample_blood_groups`
  MODIFY `id` bigint(20) UNSIGNED NOT NULL AUTO_INCREMENT, AUTO_INCREMENT=2;

--
-- AUTO_INCREMENT for table `case_types`
--
ALTER TABLE `case_types`
  MODIFY `id` bigint(20) UNSIGNED NOT NULL AUTO_INCREMENT, AUTO_INCREMENT=3;

--
-- AUTO_INCREMENT for table `categories`
--
ALTER TABLE `categories`
  MODIFY `id` bigint(20) UNSIGNED NOT NULL AUTO_INCREMENT, AUTO_INCREMENT=6;

--
-- AUTO_INCREMENT for table `cities`
--
ALTER TABLE `cities`
  MODIFY `id` bigint(20) UNSIGNED NOT NULL AUTO_INCREMENT;

--
-- AUTO_INCREMENT for table `colors`
--
ALTER TABLE `colors`
  MODIFY `id` bigint(20) UNSIGNED NOT NULL AUTO_INCREMENT, AUTO_INCREMENT=255;

--
-- AUTO_INCREMENT for table `consultation_charges`
--
ALTER TABLE `consultation_charges`
  MODIFY `id` bigint(20) UNSIGNED NOT NULL AUTO_INCREMENT, AUTO_INCREMENT=112;

--
-- AUTO_INCREMENT for table `consultation_types`
--
ALTER TABLE `consultation_types`
  MODIFY `id` bigint(20) UNSIGNED NOT NULL AUTO_INCREMENT, AUTO_INCREMENT=5;

--
-- AUTO_INCREMENT for table `consulting_types`
--
ALTER TABLE `consulting_types`
  MODIFY `id` bigint(20) UNSIGNED NOT NULL AUTO_INCREMENT, AUTO_INCREMENT=5;

--
-- AUTO_INCREMENT for table `corporate_consultations`
--
ALTER TABLE `corporate_consultations`
  MODIFY `id` bigint(20) UNSIGNED NOT NULL AUTO_INCREMENT, AUTO_INCREMENT=4;

--
-- AUTO_INCREMENT for table `corporate_registrations`
--
ALTER TABLE `corporate_registrations`
  MODIFY `id` bigint(20) UNSIGNED NOT NULL AUTO_INCREMENT, AUTO_INCREMENT=4;

--
-- AUTO_INCREMENT for table `corporate_relations`
--
ALTER TABLE `corporate_relations`
  MODIFY `id` bigint(20) UNSIGNED NOT NULL AUTO_INCREMENT, AUTO_INCREMENT=2;

--
-- AUTO_INCREMENT for table `cost_centers`
--
ALTER TABLE `cost_centers`
  MODIFY `id` bigint(20) UNSIGNED NOT NULL AUTO_INCREMENT, AUTO_INCREMENT=2;

--
-- AUTO_INCREMENT for table `countries`
--
ALTER TABLE `countries`
  MODIFY `id` bigint(20) UNSIGNED NOT NULL AUTO_INCREMENT, AUTO_INCREMENT=2;

--
-- AUTO_INCREMENT for table `departments`
--
ALTER TABLE `departments`
  MODIFY `id` bigint(20) UNSIGNED NOT NULL AUTO_INCREMENT, AUTO_INCREMENT=40;

--
-- AUTO_INCREMENT for table `department_consultation_fees`
--
ALTER TABLE `department_consultation_fees`
  MODIFY `id` bigint(20) UNSIGNED NOT NULL AUTO_INCREMENT, AUTO_INCREMENT=34;

--
-- AUTO_INCREMENT for table `diagnostic_results`
--
ALTER TABLE `diagnostic_results`
  MODIFY `id` bigint(20) UNSIGNED NOT NULL AUTO_INCREMENT;

--
-- AUTO_INCREMENT for table `diagnostic_result_values`
--
ALTER TABLE `diagnostic_result_values`
  MODIFY `id` bigint(20) UNSIGNED NOT NULL AUTO_INCREMENT;

--
-- AUTO_INCREMENT for table `diet_indent_entries`
--
ALTER TABLE `diet_indent_entries`
  MODIFY `id` bigint(20) UNSIGNED NOT NULL AUTO_INCREMENT, AUTO_INCREMENT=4;

--
-- AUTO_INCREMENT for table `districts`
--
ALTER TABLE `districts`
  MODIFY `id` bigint(20) UNSIGNED NOT NULL AUTO_INCREMENT, AUTO_INCREMENT=39;

--
-- AUTO_INCREMENT for table `doctors`
--
ALTER TABLE `doctors`
  MODIFY `id` bigint(20) UNSIGNED NOT NULL AUTO_INCREMENT, AUTO_INCREMENT=12;

--
-- AUTO_INCREMENT for table `doctor_messages`
--
ALTER TABLE `doctor_messages`
  MODIFY `id` bigint(20) UNSIGNED NOT NULL AUTO_INCREMENT, AUTO_INCREMENT=2;

--
-- AUTO_INCREMENT for table `doctor_types`
--
ALTER TABLE `doctor_types`
  MODIFY `id` bigint(20) UNSIGNED NOT NULL AUTO_INCREMENT, AUTO_INCREMENT=4;

--
-- AUTO_INCREMENT for table `doctor_units`
--
ALTER TABLE `doctor_units`
  MODIFY `id` bigint(20) UNSIGNED NOT NULL AUTO_INCREMENT;

--
-- AUTO_INCREMENT for table `donors`
--
ALTER TABLE `donors`
  MODIFY `id` bigint(20) UNSIGNED NOT NULL AUTO_INCREMENT, AUTO_INCREMENT=2;

--
-- AUTO_INCREMENT for table `equipment`
--
ALTER TABLE `equipment`
  MODIFY `id` bigint(20) UNSIGNED NOT NULL AUTO_INCREMENT, AUTO_INCREMENT=5;

--
-- AUTO_INCREMENT for table `equipment_groups`
--
ALTER TABLE `equipment_groups`
  MODIFY `id` bigint(20) UNSIGNED NOT NULL AUTO_INCREMENT, AUTO_INCREMENT=3;

--
-- AUTO_INCREMENT for table `failed_jobs`
--
ALTER TABLE `failed_jobs`
  MODIFY `id` bigint(20) UNSIGNED NOT NULL AUTO_INCREMENT;

--
-- AUTO_INCREMENT for table `formats`
--
ALTER TABLE `formats`
  MODIFY `id` bigint(20) UNSIGNED NOT NULL AUTO_INCREMENT;

--
-- AUTO_INCREMENT for table `format_parameters`
--
ALTER TABLE `format_parameters`
  MODIFY `id` bigint(20) UNSIGNED NOT NULL AUTO_INCREMENT;

--
-- AUTO_INCREMENT for table `forms`
--
ALTER TABLE `forms`
  MODIFY `id` bigint(20) UNSIGNED NOT NULL AUTO_INCREMENT, AUTO_INCREMENT=40;

--
-- AUTO_INCREMENT for table `genders`
--
ALTER TABLE `genders`
  MODIFY `id` bigint(20) UNSIGNED NOT NULL AUTO_INCREMENT, AUTO_INCREMENT=4;

--
-- AUTO_INCREMENT for table `generics`
--
ALTER TABLE `generics`
  MODIFY `id` bigint(20) UNSIGNED NOT NULL AUTO_INCREMENT, AUTO_INCREMENT=1034;

--
-- AUTO_INCREMENT for table `gins`
--
ALTER TABLE `gins`
  MODIFY `id` bigint(20) UNSIGNED NOT NULL AUTO_INCREMENT, AUTO_INCREMENT=13;

--
-- AUTO_INCREMENT for table `gin_items`
--
ALTER TABLE `gin_items`
  MODIFY `id` bigint(20) UNSIGNED NOT NULL AUTO_INCREMENT, AUTO_INCREMENT=21;

--
-- AUTO_INCREMENT for table `grns`
--
ALTER TABLE `grns`
  MODIFY `id` bigint(20) UNSIGNED NOT NULL AUTO_INCREMENT, AUTO_INCREMENT=15;

--
-- AUTO_INCREMENT for table `health_coordinators`
--
ALTER TABLE `health_coordinators`
  MODIFY `id` bigint(20) UNSIGNED NOT NULL AUTO_INCREMENT, AUTO_INCREMENT=3;

--
-- AUTO_INCREMENT for table `hospitals`
--
ALTER TABLE `hospitals`
  MODIFY `id` bigint(20) UNSIGNED NOT NULL AUTO_INCREMENT, AUTO_INCREMENT=2;

--
-- AUTO_INCREMENT for table `id_types`
--
ALTER TABLE `id_types`
  MODIFY `id` bigint(20) UNSIGNED NOT NULL AUTO_INCREMENT, AUTO_INCREMENT=7;

--
-- AUTO_INCREMENT for table `indent_items`
--
ALTER TABLE `indent_items`
  MODIFY `id` bigint(20) UNSIGNED NOT NULL AUTO_INCREMENT, AUTO_INCREMENT=32;

--
-- AUTO_INCREMENT for table `intake_output_entries`
--
ALTER TABLE `intake_output_entries`
  MODIFY `id` bigint(20) UNSIGNED NOT NULL AUTO_INCREMENT, AUTO_INCREMENT=4;

--
-- AUTO_INCREMENT for table `internal_sales_stores`
--
ALTER TABLE `internal_sales_stores`
  MODIFY `id` bigint(20) UNSIGNED NOT NULL AUTO_INCREMENT;

--
-- AUTO_INCREMENT for table `inventories`
--
ALTER TABLE `inventories`
  MODIFY `id` bigint(20) UNSIGNED NOT NULL AUTO_INCREMENT, AUTO_INCREMENT=22;

--
-- AUTO_INCREMENT for table `ipds`
--
ALTER TABLE `ipds`
  MODIFY `id` bigint(20) UNSIGNED NOT NULL AUTO_INCREMENT, AUTO_INCREMENT=30;

--
-- AUTO_INCREMENT for table `ipd_cross_consultations`
--
ALTER TABLE `ipd_cross_consultations`
  MODIFY `id` bigint(20) UNSIGNED NOT NULL AUTO_INCREMENT, AUTO_INCREMENT=4;

--
-- AUTO_INCREMENT for table `ipd_diagnostic_results`
--
ALTER TABLE `ipd_diagnostic_results`
  MODIFY `id` bigint(20) UNSIGNED NOT NULL AUTO_INCREMENT;

--
-- AUTO_INCREMENT for table `ipd_diagnostic_result_values`
--
ALTER TABLE `ipd_diagnostic_result_values`
  MODIFY `id` bigint(20) UNSIGNED NOT NULL AUTO_INCREMENT;

--
-- AUTO_INCREMENT for table `ipd_doctor_visits`
--
ALTER TABLE `ipd_doctor_visits`
  MODIFY `id` bigint(20) UNSIGNED NOT NULL AUTO_INCREMENT, AUTO_INCREMENT=4;

--
-- AUTO_INCREMENT for table `ipd_equipment_usages`
--
ALTER TABLE `ipd_equipment_usages`
  MODIFY `id` bigint(20) UNSIGNED NOT NULL AUTO_INCREMENT, AUTO_INCREMENT=5;

--
-- AUTO_INCREMENT for table `ipd_equipment_usage_items`
--
ALTER TABLE `ipd_equipment_usage_items`
  MODIFY `id` bigint(20) UNSIGNED NOT NULL AUTO_INCREMENT, AUTO_INCREMENT=9;

--
-- AUTO_INCREMENT for table `ipd_sample_collections`
--
ALTER TABLE `ipd_sample_collections`
  MODIFY `id` bigint(20) UNSIGNED NOT NULL AUTO_INCREMENT;

--
-- AUTO_INCREMENT for table `ipd_sample_collection_items`
--
ALTER TABLE `ipd_sample_collection_items`
  MODIFY `id` bigint(20) UNSIGNED NOT NULL AUTO_INCREMENT;

--
-- AUTO_INCREMENT for table `ip_lab_indents`
--
ALTER TABLE `ip_lab_indents`
  MODIFY `id` bigint(20) UNSIGNED NOT NULL AUTO_INCREMENT, AUTO_INCREMENT=10;

--
-- AUTO_INCREMENT for table `ip_lab_indent_items`
--
ALTER TABLE `ip_lab_indent_items`
  MODIFY `id` bigint(20) UNSIGNED NOT NULL AUTO_INCREMENT, AUTO_INCREMENT=15;

--
-- AUTO_INCREMENT for table `ip_pharmacy_billing_transactions`
--
ALTER TABLE `ip_pharmacy_billing_transactions`
  MODIFY `id` bigint(20) UNSIGNED NOT NULL AUTO_INCREMENT, AUTO_INCREMENT=9;

--
-- AUTO_INCREMENT for table `ip_pharmacy_indents`
--
ALTER TABLE `ip_pharmacy_indents`
  MODIFY `id` bigint(20) UNSIGNED NOT NULL AUTO_INCREMENT, AUTO_INCREMENT=11;

--
-- AUTO_INCREMENT for table `ip_pharmacy_indent_billings`
--
ALTER TABLE `ip_pharmacy_indent_billings`
  MODIFY `id` bigint(20) UNSIGNED NOT NULL AUTO_INCREMENT, AUTO_INCREMENT=9;

--
-- AUTO_INCREMENT for table `ip_pharmacy_indent_billing_items`
--
ALTER TABLE `ip_pharmacy_indent_billing_items`
  MODIFY `id` bigint(20) UNSIGNED NOT NULL AUTO_INCREMENT, AUTO_INCREMENT=13;

--
-- AUTO_INCREMENT for table `ip_pharmacy_indent_items`
--
ALTER TABLE `ip_pharmacy_indent_items`
  MODIFY `id` bigint(20) UNSIGNED NOT NULL AUTO_INCREMENT, AUTO_INCREMENT=18;

--
-- AUTO_INCREMENT for table `ip_service_billings`
--
ALTER TABLE `ip_service_billings`
  MODIFY `id` bigint(20) UNSIGNED NOT NULL AUTO_INCREMENT, AUTO_INCREMENT=8;

--
-- AUTO_INCREMENT for table `ip_service_billing_items`
--
ALTER TABLE `ip_service_billing_items`
  MODIFY `id` bigint(20) UNSIGNED NOT NULL AUTO_INCREMENT, AUTO_INCREMENT=11;

--
-- AUTO_INCREMENT for table `ip_service_billing_transactions`
--
ALTER TABLE `ip_service_billing_transactions`
  MODIFY `id` bigint(20) UNSIGNED NOT NULL AUTO_INCREMENT, AUTO_INCREMENT=7;

--
-- AUTO_INCREMENT for table `items`
--
ALTER TABLE `items`
  MODIFY `id` bigint(20) UNSIGNED NOT NULL AUTO_INCREMENT, AUTO_INCREMENT=23;

--
-- AUTO_INCREMENT for table `item_groups`
--
ALTER TABLE `item_groups`
  MODIFY `id` bigint(20) UNSIGNED NOT NULL AUTO_INCREMENT, AUTO_INCREMENT=9;

--
-- AUTO_INCREMENT for table `item_specializations`
--
ALTER TABLE `item_specializations`
  MODIFY `id` bigint(20) UNSIGNED NOT NULL AUTO_INCREMENT, AUTO_INCREMENT=5;

--
-- AUTO_INCREMENT for table `locations`
--
ALTER TABLE `locations`
  MODIFY `id` bigint(20) UNSIGNED NOT NULL AUTO_INCREMENT, AUTO_INCREMENT=3;

--
-- AUTO_INCREMENT for table `manufacturers`
--
ALTER TABLE `manufacturers`
  MODIFY `id` bigint(20) UNSIGNED NOT NULL AUTO_INCREMENT, AUTO_INCREMENT=25;

--
-- AUTO_INCREMENT for table `maritals`
--
ALTER TABLE `maritals`
  MODIFY `id` bigint(20) UNSIGNED NOT NULL AUTO_INCREMENT, AUTO_INCREMENT=3;

--
-- AUTO_INCREMENT for table `migrations`
--
ALTER TABLE `migrations`
  MODIFY `id` int(10) UNSIGNED NOT NULL AUTO_INCREMENT, AUTO_INCREMENT=415;

--
-- AUTO_INCREMENT for table `mrqs`
--
ALTER TABLE `mrqs`
  MODIFY `id` bigint(20) UNSIGNED NOT NULL AUTO_INCREMENT, AUTO_INCREMENT=18;

--
-- AUTO_INCREMENT for table `mrq_items`
--
ALTER TABLE `mrq_items`
  MODIFY `id` bigint(20) UNSIGNED NOT NULL AUTO_INCREMENT, AUTO_INCREMENT=38;

--
-- AUTO_INCREMENT for table `nationalities`
--
ALTER TABLE `nationalities`
  MODIFY `id` bigint(20) UNSIGNED NOT NULL AUTO_INCREMENT, AUTO_INCREMENT=3;

--
-- AUTO_INCREMENT for table `notes`
--
ALTER TABLE `notes`
  MODIFY `id` bigint(20) UNSIGNED NOT NULL AUTO_INCREMENT, AUTO_INCREMENT=10;

--
-- AUTO_INCREMENT for table `nurse_stations`
--
ALTER TABLE `nurse_stations`
  MODIFY `id` bigint(20) UNSIGNED NOT NULL AUTO_INCREMENT, AUTO_INCREMENT=9;

--
-- AUTO_INCREMENT for table `occupations`
--
ALTER TABLE `occupations`
  MODIFY `id` bigint(20) UNSIGNED NOT NULL AUTO_INCREMENT, AUTO_INCREMENT=7;

--
-- AUTO_INCREMENT for table `opd_billings`
--
ALTER TABLE `opd_billings`
  MODIFY `id` bigint(20) UNSIGNED NOT NULL AUTO_INCREMENT, AUTO_INCREMENT=68;

--
-- AUTO_INCREMENT for table `opd_billing_discounts`
--
ALTER TABLE `opd_billing_discounts`
  MODIFY `id` bigint(20) UNSIGNED NOT NULL AUTO_INCREMENT, AUTO_INCREMENT=10;

--
-- AUTO_INCREMENT for table `opd_billing_items`
--
ALTER TABLE `opd_billing_items`
  MODIFY `id` bigint(20) UNSIGNED NOT NULL AUTO_INCREMENT, AUTO_INCREMENT=81;

--
-- AUTO_INCREMENT for table `opd_medicine_receipts`
--
ALTER TABLE `opd_medicine_receipts`
  MODIFY `id` bigint(20) UNSIGNED NOT NULL AUTO_INCREMENT, AUTO_INCREMENT=14;

--
-- AUTO_INCREMENT for table `opd_medicine_transactions`
--
ALTER TABLE `opd_medicine_transactions`
  MODIFY `id` bigint(20) UNSIGNED NOT NULL AUTO_INCREMENT, AUTO_INCREMENT=18;

--
-- AUTO_INCREMENT for table `organisms`
--
ALTER TABLE `organisms`
  MODIFY `id` bigint(20) UNSIGNED NOT NULL AUTO_INCREMENT;

--
-- AUTO_INCREMENT for table `organism_antibiotics`
--
ALTER TABLE `organism_antibiotics`
  MODIFY `id` bigint(20) UNSIGNED NOT NULL AUTO_INCREMENT;

--
-- AUTO_INCREMENT for table `organizations`
--
ALTER TABLE `organizations`
  MODIFY `id` bigint(20) UNSIGNED NOT NULL AUTO_INCREMENT, AUTO_INCREMENT=3;

--
-- AUTO_INCREMENT for table `organization_pharmacy_discounts`
--
ALTER TABLE `organization_pharmacy_discounts`
  MODIFY `id` bigint(20) UNSIGNED NOT NULL AUTO_INCREMENT;

--
-- AUTO_INCREMENT for table `organization_tariffs`
--
ALTER TABLE `organization_tariffs`
  MODIFY `id` bigint(20) UNSIGNED NOT NULL AUTO_INCREMENT, AUTO_INCREMENT=3;

--
-- AUTO_INCREMENT for table `organization_tariff_priorities`
--
ALTER TABLE `organization_tariff_priorities`
  MODIFY `id` bigint(20) UNSIGNED NOT NULL AUTO_INCREMENT, AUTO_INCREMENT=17;

--
-- AUTO_INCREMENT for table `others`
--
ALTER TABLE `others`
  MODIFY `id` bigint(20) UNSIGNED NOT NULL AUTO_INCREMENT, AUTO_INCREMENT=3;

--
-- AUTO_INCREMENT for table `ots`
--
ALTER TABLE `ots`
  MODIFY `id` bigint(20) UNSIGNED NOT NULL AUTO_INCREMENT, AUTO_INCREMENT=4;

--
-- AUTO_INCREMENT for table `ot_bookings`
--
ALTER TABLE `ot_bookings`
  MODIFY `id` bigint(20) UNSIGNED NOT NULL AUTO_INCREMENT, AUTO_INCREMENT=2;

--
-- AUTO_INCREMENT for table `ot_booking_attendants`
--
ALTER TABLE `ot_booking_attendants`
  MODIFY `id` bigint(20) UNSIGNED NOT NULL AUTO_INCREMENT, AUTO_INCREMENT=13;

--
-- AUTO_INCREMENT for table `ot_day_cares`
--
ALTER TABLE `ot_day_cares`
  MODIFY `id` bigint(20) UNSIGNED NOT NULL AUTO_INCREMENT, AUTO_INCREMENT=2;

--
-- AUTO_INCREMENT for table `ot_day_care_consultants`
--
ALTER TABLE `ot_day_care_consultants`
  MODIFY `id` bigint(20) UNSIGNED NOT NULL AUTO_INCREMENT, AUTO_INCREMENT=8;

--
-- AUTO_INCREMENT for table `ot_post_operations`
--
ALTER TABLE `ot_post_operations`
  MODIFY `id` bigint(20) UNSIGNED NOT NULL AUTO_INCREMENT, AUTO_INCREMENT=2;

--
-- AUTO_INCREMENT for table `ot_post_operation_attendants`
--
ALTER TABLE `ot_post_operation_attendants`
  MODIFY `id` bigint(20) UNSIGNED NOT NULL AUTO_INCREMENT, AUTO_INCREMENT=9;

--
-- AUTO_INCREMENT for table `ot_post_operation_notes`
--
ALTER TABLE `ot_post_operation_notes`
  MODIFY `id` bigint(20) UNSIGNED NOT NULL AUTO_INCREMENT, AUTO_INCREMENT=2;

--
-- AUTO_INCREMENT for table `ot_post_operation_sample_collection_notes`
--
ALTER TABLE `ot_post_operation_sample_collection_notes`
  MODIFY `id` bigint(20) UNSIGNED NOT NULL AUTO_INCREMENT, AUTO_INCREMENT=2;

--
-- AUTO_INCREMENT for table `ot_post_operation_surgeon_notes`
--
ALTER TABLE `ot_post_operation_surgeon_notes`
  MODIFY `id` bigint(20) UNSIGNED NOT NULL AUTO_INCREMENT, AUTO_INCREMENT=2;

--
-- AUTO_INCREMENT for table `ot_post_operation_unit_records`
--
ALTER TABLE `ot_post_operation_unit_records`
  MODIFY `id` bigint(20) UNSIGNED NOT NULL AUTO_INCREMENT, AUTO_INCREMENT=2;

--
-- AUTO_INCREMENT for table `ot_pre_bookings`
--
ALTER TABLE `ot_pre_bookings`
  MODIFY `id` bigint(20) UNSIGNED NOT NULL AUTO_INCREMENT, AUTO_INCREMENT=5;

--
-- AUTO_INCREMENT for table `ot_pre_operations`
--
ALTER TABLE `ot_pre_operations`
  MODIFY `id` bigint(20) UNSIGNED NOT NULL AUTO_INCREMENT, AUTO_INCREMENT=2;

--
-- AUTO_INCREMENT for table `ot_pre_operation_anaesthesia_check_first_records`
--
ALTER TABLE `ot_pre_operation_anaesthesia_check_first_records`
  MODIFY `id` bigint(20) UNSIGNED NOT NULL AUTO_INCREMENT, AUTO_INCREMENT=2;

--
-- AUTO_INCREMENT for table `ot_pre_operation_anaesthesia_check_second_records`
--
ALTER TABLE `ot_pre_operation_anaesthesia_check_second_records`
  MODIFY `id` bigint(20) UNSIGNED NOT NULL AUTO_INCREMENT, AUTO_INCREMENT=2;

--
-- AUTO_INCREMENT for table `ot_pre_operation_attendants`
--
ALTER TABLE `ot_pre_operation_attendants`
  MODIFY `id` bigint(20) UNSIGNED NOT NULL AUTO_INCREMENT, AUTO_INCREMENT=5;

--
-- AUTO_INCREMENT for table `ot_pre_operation_check_lists`
--
ALTER TABLE `ot_pre_operation_check_lists`
  MODIFY `id` bigint(20) UNSIGNED NOT NULL AUTO_INCREMENT, AUTO_INCREMENT=2;

--
-- AUTO_INCREMENT for table `ot_pre_operation_patient_check_lists`
--
ALTER TABLE `ot_pre_operation_patient_check_lists`
  MODIFY `id` bigint(20) UNSIGNED NOT NULL AUTO_INCREMENT, AUTO_INCREMENT=2;

--
-- AUTO_INCREMENT for table `ot_schedules`
--
ALTER TABLE `ot_schedules`
  MODIFY `id` bigint(20) UNSIGNED NOT NULL AUTO_INCREMENT, AUTO_INCREMENT=433;

--
-- AUTO_INCREMENT for table `ot_types`
--
ALTER TABLE `ot_types`
  MODIFY `id` bigint(20) UNSIGNED NOT NULL AUTO_INCREMENT, AUTO_INCREMENT=5;

--
-- AUTO_INCREMENT for table `out_side_patients`
--
ALTER TABLE `out_side_patients`
  MODIFY `id` bigint(20) UNSIGNED NOT NULL AUTO_INCREMENT, AUTO_INCREMENT=28;

--
-- AUTO_INCREMENT for table `packages`
--
ALTER TABLE `packages`
  MODIFY `id` bigint(20) UNSIGNED NOT NULL AUTO_INCREMENT, AUTO_INCREMENT=25;

--
-- AUTO_INCREMENT for table `parameters`
--
ALTER TABLE `parameters`
  MODIFY `id` bigint(20) UNSIGNED NOT NULL AUTO_INCREMENT, AUTO_INCREMENT=63;

--
-- AUTO_INCREMENT for table `parameter_units`
--
ALTER TABLE `parameter_units`
  MODIFY `id` bigint(20) UNSIGNED NOT NULL AUTO_INCREMENT, AUTO_INCREMENT=3;

--
-- AUTO_INCREMENT for table `parameter_values`
--
ALTER TABLE `parameter_values`
  MODIFY `id` bigint(20) UNSIGNED NOT NULL AUTO_INCREMENT, AUTO_INCREMENT=29;

--
-- AUTO_INCREMENT for table `patients`
--
ALTER TABLE `patients`
  MODIFY `id` bigint(20) UNSIGNED NOT NULL AUTO_INCREMENT, AUTO_INCREMENT=101;

--
-- AUTO_INCREMENT for table `patient_beds`
--
ALTER TABLE `patient_beds`
  MODIFY `id` bigint(20) UNSIGNED NOT NULL AUTO_INCREMENT, AUTO_INCREMENT=26;

--
-- AUTO_INCREMENT for table `patient_credit_limits`
--
ALTER TABLE `patient_credit_limits`
  MODIFY `id` bigint(20) UNSIGNED NOT NULL AUTO_INCREMENT, AUTO_INCREMENT=3;

--
-- AUTO_INCREMENT for table `patient_discharges`
--
ALTER TABLE `patient_discharges`
  MODIFY `id` bigint(20) UNSIGNED NOT NULL AUTO_INCREMENT;

--
-- AUTO_INCREMENT for table `patient_discharge_process_statuses`
--
ALTER TABLE `patient_discharge_process_statuses`
  MODIFY `id` bigint(20) UNSIGNED NOT NULL AUTO_INCREMENT, AUTO_INCREMENT=2;

--
-- AUTO_INCREMENT for table `patient_types`
--
ALTER TABLE `patient_types`
  MODIFY `id` bigint(20) UNSIGNED NOT NULL AUTO_INCREMENT, AUTO_INCREMENT=4;

--
-- AUTO_INCREMENT for table `patient_visits`
--
ALTER TABLE `patient_visits`
  MODIFY `id` bigint(20) UNSIGNED NOT NULL AUTO_INCREMENT, AUTO_INCREMENT=112;

--
-- AUTO_INCREMENT for table `payment_types`
--
ALTER TABLE `payment_types`
  MODIFY `id` bigint(20) UNSIGNED NOT NULL AUTO_INCREMENT, AUTO_INCREMENT=4;

--
-- AUTO_INCREMENT for table `permissions`
--
ALTER TABLE `permissions`
  MODIFY `id` bigint(20) UNSIGNED NOT NULL AUTO_INCREMENT, AUTO_INCREMENT=114;

--
-- AUTO_INCREMENT for table `personal_access_tokens`
--
ALTER TABLE `personal_access_tokens`
  MODIFY `id` bigint(20) UNSIGNED NOT NULL AUTO_INCREMENT;

--
-- AUTO_INCREMENT for table `pharmacy_dues`
--
ALTER TABLE `pharmacy_dues`
  MODIFY `id` bigint(20) UNSIGNED NOT NULL AUTO_INCREMENT;

--
-- AUTO_INCREMENT for table `pharmacy_returns`
--
ALTER TABLE `pharmacy_returns`
  MODIFY `id` bigint(20) UNSIGNED NOT NULL AUTO_INCREMENT, AUTO_INCREMENT=5;

--
-- AUTO_INCREMENT for table `pharmacy_return_items`
--
ALTER TABLE `pharmacy_return_items`
  MODIFY `id` bigint(20) UNSIGNED NOT NULL AUTO_INCREMENT, AUTO_INCREMENT=7;

--
-- AUTO_INCREMENT for table `purchase_indents`
--
ALTER TABLE `purchase_indents`
  MODIFY `id` bigint(20) UNSIGNED NOT NULL AUTO_INCREMENT, AUTO_INCREMENT=13;

--
-- AUTO_INCREMENT for table `purchase_orders`
--
ALTER TABLE `purchase_orders`
  MODIFY `id` bigint(20) UNSIGNED NOT NULL AUTO_INCREMENT, AUTO_INCREMENT=22;

--
-- AUTO_INCREMENT for table `purchase_order_items`
--
ALTER TABLE `purchase_order_items`
  MODIFY `id` bigint(20) UNSIGNED NOT NULL AUTO_INCREMENT, AUTO_INCREMENT=31;

--
-- AUTO_INCREMENT for table `purchase_terms`
--
ALTER TABLE `purchase_terms`
  MODIFY `id` bigint(20) UNSIGNED NOT NULL AUTO_INCREMENT, AUTO_INCREMENT=3;

--
-- AUTO_INCREMENT for table `rates`
--
ALTER TABLE `rates`
  MODIFY `id` bigint(20) UNSIGNED NOT NULL AUTO_INCREMENT, AUTO_INCREMENT=35;

--
-- AUTO_INCREMENT for table `referrals`
--
ALTER TABLE `referrals`
  MODIFY `id` bigint(20) UNSIGNED NOT NULL AUTO_INCREMENT, AUTO_INCREMENT=101;

--
-- AUTO_INCREMENT for table `referral_selves`
--
ALTER TABLE `referral_selves`
  MODIFY `id` bigint(20) UNSIGNED NOT NULL AUTO_INCREMENT, AUTO_INCREMENT=2;

--
-- AUTO_INCREMENT for table `referral_walkings`
--
ALTER TABLE `referral_walkings`
  MODIFY `id` bigint(20) UNSIGNED NOT NULL AUTO_INCREMENT, AUTO_INCREMENT=2;

--
-- AUTO_INCREMENT for table `refers`
--
ALTER TABLE `refers`
  MODIFY `id` bigint(20) UNSIGNED NOT NULL AUTO_INCREMENT, AUTO_INCREMENT=13;

--
-- AUTO_INCREMENT for table `relations`
--
ALTER TABLE `relations`
  MODIFY `id` bigint(20) UNSIGNED NOT NULL AUTO_INCREMENT, AUTO_INCREMENT=9;

--
-- AUTO_INCREMENT for table `religions`
--
ALTER TABLE `religions`
  MODIFY `id` bigint(20) UNSIGNED NOT NULL AUTO_INCREMENT, AUTO_INCREMENT=6;

--
-- AUTO_INCREMENT for table `roles`
--
ALTER TABLE `roles`
  MODIFY `id` bigint(20) UNSIGNED NOT NULL AUTO_INCREMENT, AUTO_INCREMENT=15;

--
-- AUTO_INCREMENT for table `role_stock_points`
--
ALTER TABLE `role_stock_points`
  MODIFY `id` bigint(20) UNSIGNED NOT NULL AUTO_INCREMENT, AUTO_INCREMENT=5;

--
-- AUTO_INCREMENT for table `rooms`
--
ALTER TABLE `rooms`
  MODIFY `id` bigint(20) UNSIGNED NOT NULL AUTO_INCREMENT, AUTO_INCREMENT=7;

--
-- AUTO_INCREMENT for table `sale_stores`
--
ALTER TABLE `sale_stores`
  MODIFY `id` bigint(20) UNSIGNED NOT NULL AUTO_INCREMENT, AUTO_INCREMENT=21;

--
-- AUTO_INCREMENT for table `sample_collections`
--
ALTER TABLE `sample_collections`
  MODIFY `id` bigint(20) UNSIGNED NOT NULL AUTO_INCREMENT;

--
-- AUTO_INCREMENT for table `sample_collection_items`
--
ALTER TABLE `sample_collection_items`
  MODIFY `id` bigint(20) UNSIGNED NOT NULL AUTO_INCREMENT;

--
-- AUTO_INCREMENT for table `scraps`
--
ALTER TABLE `scraps`
  MODIFY `id` bigint(20) UNSIGNED NOT NULL AUTO_INCREMENT, AUTO_INCREMENT=3;

--
-- AUTO_INCREMENT for table `scrap_items`
--
ALTER TABLE `scrap_items`
  MODIFY `id` bigint(20) UNSIGNED NOT NULL AUTO_INCREMENT, AUTO_INCREMENT=3;

--
-- AUTO_INCREMENT for table `scrap_types`
--
ALTER TABLE `scrap_types`
  MODIFY `id` bigint(20) UNSIGNED NOT NULL AUTO_INCREMENT, AUTO_INCREMENT=3;

--
-- AUTO_INCREMENT for table `services`
--
ALTER TABLE `services`
  MODIFY `id` bigint(20) UNSIGNED NOT NULL AUTO_INCREMENT, AUTO_INCREMENT=135;

--
-- AUTO_INCREMENT for table `service_dues`
--
ALTER TABLE `service_dues`
  MODIFY `id` bigint(20) UNSIGNED NOT NULL AUTO_INCREMENT, AUTO_INCREMENT=6;

--
-- AUTO_INCREMENT for table `service_groups`
--
ALTER TABLE `service_groups`
  MODIFY `id` bigint(20) UNSIGNED NOT NULL AUTO_INCREMENT, AUTO_INCREMENT=29;

--
-- AUTO_INCREMENT for table `specializations`
--
ALTER TABLE `specializations`
  MODIFY `id` bigint(20) UNSIGNED NOT NULL AUTO_INCREMENT, AUTO_INCREMENT=12;

--
-- AUTO_INCREMENT for table `specimen_masters`
--
ALTER TABLE `specimen_masters`
  MODIFY `id` bigint(20) UNSIGNED NOT NULL AUTO_INCREMENT;

--
-- AUTO_INCREMENT for table `specimen_setups`
--
ALTER TABLE `specimen_setups`
  MODIFY `id` bigint(20) UNSIGNED NOT NULL AUTO_INCREMENT;

--
-- AUTO_INCREMENT for table `staff`
--
ALTER TABLE `staff`
  MODIFY `id` bigint(20) UNSIGNED NOT NULL AUTO_INCREMENT, AUTO_INCREMENT=2;

--
-- AUTO_INCREMENT for table `states`
--
ALTER TABLE `states`
  MODIFY `id` bigint(20) UNSIGNED NOT NULL AUTO_INCREMENT, AUTO_INCREMENT=36;

--
-- AUTO_INCREMENT for table `stock_points`
--
ALTER TABLE `stock_points`
  MODIFY `id` bigint(20) UNSIGNED NOT NULL AUTO_INCREMENT, AUTO_INCREMENT=5;

--
-- AUTO_INCREMENT for table `surgeries`
--
ALTER TABLE `surgeries`
  MODIFY `id` bigint(20) UNSIGNED NOT NULL AUTO_INCREMENT, AUTO_INCREMENT=2;

--
-- AUTO_INCREMENT for table `surgery_types`
--
ALTER TABLE `surgery_types`
  MODIFY `id` bigint(20) UNSIGNED NOT NULL AUTO_INCREMENT, AUTO_INCREMENT=6;

--
-- AUTO_INCREMENT for table `symbols`
--
ALTER TABLE `symbols`
  MODIFY `id` bigint(20) UNSIGNED NOT NULL AUTO_INCREMENT, AUTO_INCREMENT=4;

--
-- AUTO_INCREMENT for table `templates`
--
ALTER TABLE `templates`
  MODIFY `id` bigint(20) UNSIGNED NOT NULL AUTO_INCREMENT;

--
-- AUTO_INCREMENT for table `teriffs`
--
ALTER TABLE `teriffs`
  MODIFY `id` bigint(20) UNSIGNED NOT NULL AUTO_INCREMENT, AUTO_INCREMENT=12;

--
-- AUTO_INCREMENT for table `test_types`
--
ALTER TABLE `test_types`
  MODIFY `id` bigint(20) UNSIGNED NOT NULL AUTO_INCREMENT, AUTO_INCREMENT=2;

--
-- AUTO_INCREMENT for table `time_ins`
--
ALTER TABLE `time_ins`
  MODIFY `id` bigint(20) UNSIGNED NOT NULL AUTO_INCREMENT, AUTO_INCREMENT=2;

--
-- AUTO_INCREMENT for table `titles`
--
ALTER TABLE `titles`
  MODIFY `id` bigint(20) UNSIGNED NOT NULL AUTO_INCREMENT, AUTO_INCREMENT=16;

--
-- AUTO_INCREMENT for table `types`
--
ALTER TABLE `types`
  MODIFY `id` bigint(20) UNSIGNED NOT NULL AUTO_INCREMENT, AUTO_INCREMENT=4;

--
-- AUTO_INCREMENT for table `units`
--
ALTER TABLE `units`
  MODIFY `id` bigint(20) UNSIGNED NOT NULL AUTO_INCREMENT, AUTO_INCREMENT=53;

--
-- AUTO_INCREMENT for table `uoms`
--
ALTER TABLE `uoms`
  MODIFY `id` bigint(20) UNSIGNED NOT NULL AUTO_INCREMENT, AUTO_INCREMENT=3;

--
-- AUTO_INCREMENT for table `users`
--
ALTER TABLE `users`
  MODIFY `id` bigint(20) UNSIGNED NOT NULL AUTO_INCREMENT, AUTO_INCREMENT=17;

--
-- AUTO_INCREMENT for table `vacutainers`
--
ALTER TABLE `vacutainers`
  MODIFY `id` bigint(20) UNSIGNED NOT NULL AUTO_INCREMENT;

--
-- AUTO_INCREMENT for table `vendors`
--
ALTER TABLE `vendors`
  MODIFY `id` bigint(20) UNSIGNED NOT NULL AUTO_INCREMENT, AUTO_INCREMENT=18;

--
-- AUTO_INCREMENT for table `villages`
--
ALTER TABLE `villages`
  MODIFY `id` bigint(20) UNSIGNED NOT NULL AUTO_INCREMENT, AUTO_INCREMENT=8466;

--
-- AUTO_INCREMENT for table `visit_types`
--
ALTER TABLE `visit_types`
  MODIFY `id` bigint(20) UNSIGNED NOT NULL AUTO_INCREMENT, AUTO_INCREMENT=4;

--
-- AUTO_INCREMENT for table `vitals`
--
ALTER TABLE `vitals`
  MODIFY `id` bigint(20) UNSIGNED NOT NULL AUTO_INCREMENT, AUTO_INCREMENT=9;

--
-- AUTO_INCREMENT for table `wallets`
--
ALTER TABLE `wallets`
  MODIFY `id` bigint(20) UNSIGNED NOT NULL AUTO_INCREMENT, AUTO_INCREMENT=7;

--
-- AUTO_INCREMENT for table `wallet_transactions`
--
ALTER TABLE `wallet_transactions`
  MODIFY `id` bigint(20) UNSIGNED NOT NULL AUTO_INCREMENT, AUTO_INCREMENT=26;

--
-- AUTO_INCREMENT for table `wards`
--
ALTER TABLE `wards`
  MODIFY `id` bigint(20) UNSIGNED NOT NULL AUTO_INCREMENT, AUTO_INCREMENT=3;

--
-- AUTO_INCREMENT for table `ward_groups`
--
ALTER TABLE `ward_groups`
  MODIFY `id` bigint(20) UNSIGNED NOT NULL AUTO_INCREMENT, AUTO_INCREMENT=7;

--
-- AUTO_INCREMENT for table `ward_tariffs`
--
ALTER TABLE `ward_tariffs`
  MODIFY `id` bigint(20) UNSIGNED NOT NULL AUTO_INCREMENT, AUTO_INCREMENT=8;

--
-- Constraints for dumped tables
--

--
-- Constraints for table `antibiotics`
--
ALTER TABLE `antibiotics`
  ADD CONSTRAINT `antibiotics_created_by_id_foreign` FOREIGN KEY (`created_by_id`) REFERENCES `users` (`id`) ON DELETE CASCADE ON UPDATE CASCADE,
  ADD CONSTRAINT `antibiotics_updated_by_id_foreign` FOREIGN KEY (`updated_by_id`) REFERENCES `users` (`id`) ON DELETE CASCADE ON UPDATE CASCADE;

--
-- Constraints for table `attendents`
--
ALTER TABLE `attendents`
  ADD CONSTRAINT `attendents_relation_id_foreign` FOREIGN KEY (`relation_id`) REFERENCES `relations` (`id`);

--
-- Constraints for table `beds`
--
ALTER TABLE `beds`
  ADD CONSTRAINT `beds_created_by_id_foreign` FOREIGN KEY (`created_by_id`) REFERENCES `users` (`id`) ON DELETE CASCADE ON UPDATE CASCADE,
  ADD CONSTRAINT `beds_room_id_foreign` FOREIGN KEY (`room_id`) REFERENCES `rooms` (`id`),
  ADD CONSTRAINT `beds_updated_by_id_foreign` FOREIGN KEY (`updated_by_id`) REFERENCES `users` (`id`) ON DELETE CASCADE ON UPDATE CASCADE,
  ADD CONSTRAINT `beds_ward_id_foreign` FOREIGN KEY (`ward_id`) REFERENCES `wards` (`id`);

--
-- Constraints for table `bins`
--
ALTER TABLE `bins`
  ADD CONSTRAINT `bins_bin_group_id_foreign` FOREIGN KEY (`bin_group_id`) REFERENCES `bin_groups` (`id`),
  ADD CONSTRAINT `bins_stock_point_id_foreign` FOREIGN KEY (`stock_point_id`) REFERENCES `stock_points` (`id`);

--
-- Constraints for table `bin_groups`
--
ALTER TABLE `bin_groups`
  ADD CONSTRAINT `bin_groups_stock_point_id_foreign` FOREIGN KEY (`stock_point_id`) REFERENCES `stock_points` (`id`);

--
-- Constraints for table `bin_items`
--
ALTER TABLE `bin_items`
  ADD CONSTRAINT `bin_items_bin_group_id_foreign` FOREIGN KEY (`bin_group_id`) REFERENCES `bin_groups` (`id`),
  ADD CONSTRAINT `bin_items_bin_id_foreign` FOREIGN KEY (`bin_id`) REFERENCES `bins` (`id`),
  ADD CONSTRAINT `bin_items_item_id_foreign` FOREIGN KEY (`item_id`) REFERENCES `items` (`id`),
  ADD CONSTRAINT `bin_items_stock_point_id_foreign` FOREIGN KEY (`stock_point_id`) REFERENCES `stock_points` (`id`);

--
-- Constraints for table `blocks`
--
ALTER TABLE `blocks`
  ADD CONSTRAINT `blocks_country_id_foreign` FOREIGN KEY (`country_id`) REFERENCES `countries` (`id`),
  ADD CONSTRAINT `blocks_district_id_foreign` FOREIGN KEY (`district_id`) REFERENCES `districts` (`id`),
  ADD CONSTRAINT `blocks_state_id_foreign` FOREIGN KEY (`state_id`) REFERENCES `states` (`id`);

--
-- Constraints for table `blood_donor_bleedings`
--
ALTER TABLE `blood_donor_bleedings`
  ADD CONSTRAINT `blood_donor_bleedings_doctor_id_foreign` FOREIGN KEY (`doctor_id`) REFERENCES `doctors` (`id`),
  ADD CONSTRAINT `blood_donor_bleedings_donor_id_foreign` FOREIGN KEY (`donor_id`) REFERENCES `donors` (`id`);

--
-- Constraints for table `blood_donor_questionnaire_consents`
--
ALTER TABLE `blood_donor_questionnaire_consents`
  ADD CONSTRAINT `blood_donor_questionnaire_consents_donor_id_foreign` FOREIGN KEY (`donor_id`) REFERENCES `donors` (`id`);

--
-- Constraints for table `categories`
--
ALTER TABLE `categories`
  ADD CONSTRAINT `categories_cost_center_id_foreign` FOREIGN KEY (`cost_center_id`) REFERENCES `cost_centers` (`id`),
  ADD CONSTRAINT `categories_type_id_foreign` FOREIGN KEY (`type_id`) REFERENCES `types` (`id`);

--
-- Constraints for table `cities`
--
ALTER TABLE `cities`
  ADD CONSTRAINT `cities_country_id_foreign` FOREIGN KEY (`country_id`) REFERENCES `countries` (`id`),
  ADD CONSTRAINT `cities_state_id_foreign` FOREIGN KEY (`state_id`) REFERENCES `states` (`id`);

--
-- Constraints for table `consultation_charges`
--
ALTER TABLE `consultation_charges`
  ADD CONSTRAINT `consultation_charges_foc_by_id_foreign` FOREIGN KEY (`foc_by_id`) REFERENCES `users` (`id`),
  ADD CONSTRAINT `consultation_charges_patient_id_foreign` FOREIGN KEY (`patient_id`) REFERENCES `patients` (`id`),
  ADD CONSTRAINT `consultation_charges_patient_visit_id_foreign` FOREIGN KEY (`patient_visit_id`) REFERENCES `patient_visits` (`id`),
  ADD CONSTRAINT `consultation_charges_received_by_id_foreign` FOREIGN KEY (`received_by_id`) REFERENCES `users` (`id`) ON DELETE CASCADE ON UPDATE CASCADE;

--
-- Constraints for table `department_consultation_fees`
--
ALTER TABLE `department_consultation_fees`
  ADD CONSTRAINT `department_consultation_fees_approved_by_id_foreign` FOREIGN KEY (`approved_by_id`) REFERENCES `users` (`id`) ON DELETE CASCADE ON UPDATE CASCADE,
  ADD CONSTRAINT `department_consultation_fees_created_by_id_foreign` FOREIGN KEY (`created_by_id`) REFERENCES `users` (`id`) ON DELETE CASCADE ON UPDATE CASCADE,
  ADD CONSTRAINT `department_consultation_fees_department_id_foreign` FOREIGN KEY (`department_id`) REFERENCES `departments` (`id`);

--
-- Constraints for table `diagnostic_results`
--
ALTER TABLE `diagnostic_results`
  ADD CONSTRAINT `diagnostic_results_approved_by_id_foreign` FOREIGN KEY (`approved_by_id`) REFERENCES `users` (`id`) ON DELETE CASCADE ON UPDATE CASCADE,
  ADD CONSTRAINT `diagnostic_results_created_by_id_foreign` FOREIGN KEY (`created_by_id`) REFERENCES `users` (`id`) ON DELETE CASCADE ON UPDATE CASCADE,
  ADD CONSTRAINT `diagnostic_results_doctor_id_foreign` FOREIGN KEY (`doctor_id`) REFERENCES `doctors` (`id`) ON DELETE CASCADE ON UPDATE CASCADE,
  ADD CONSTRAINT `diagnostic_results_out_side_patient_id_foreign` FOREIGN KEY (`out_side_patient_id`) REFERENCES `out_side_patients` (`id`) ON DELETE CASCADE ON UPDATE CASCADE,
  ADD CONSTRAINT `diagnostic_results_patient_id_foreign` FOREIGN KEY (`patient_id`) REFERENCES `patients` (`id`) ON DELETE CASCADE ON UPDATE CASCADE,
  ADD CONSTRAINT `diagnostic_results_patient_visit_id_foreign` FOREIGN KEY (`patient_visit_id`) REFERENCES `patient_visits` (`id`) ON DELETE CASCADE ON UPDATE CASCADE,
  ADD CONSTRAINT `diagnostic_results_updated_by_id_foreign` FOREIGN KEY (`updated_by_id`) REFERENCES `users` (`id`) ON DELETE CASCADE ON UPDATE CASCADE;

--
-- Constraints for table `districts`
--
ALTER TABLE `districts`
  ADD CONSTRAINT `districts_country_id_foreign` FOREIGN KEY (`country_id`) REFERENCES `countries` (`id`),
  ADD CONSTRAINT `districts_state_id_foreign` FOREIGN KEY (`state_id`) REFERENCES `states` (`id`);

--
-- Constraints for table `doctors`
--
ALTER TABLE `doctors`
  ADD CONSTRAINT `doctors_consultation_type_id_foreign` FOREIGN KEY (`consultation_type_id`) REFERENCES `consultation_types` (`id`),
  ADD CONSTRAINT `doctors_consulting_type_id_foreign` FOREIGN KEY (`consulting_type_id`) REFERENCES `consulting_types` (`id`),
  ADD CONSTRAINT `doctors_cost_center_id_foreign` FOREIGN KEY (`cost_center_id`) REFERENCES `cost_centers` (`id`),
  ADD CONSTRAINT `doctors_created_by_id_foreign` FOREIGN KEY (`created_by_id`) REFERENCES `users` (`id`) ON DELETE CASCADE ON UPDATE CASCADE,
  ADD CONSTRAINT `doctors_department_id_foreign` FOREIGN KEY (`department_id`) REFERENCES `departments` (`id`),
  ADD CONSTRAINT `doctors_doctor_type_id_foreign` FOREIGN KEY (`doctor_type_id`) REFERENCES `doctor_types` (`id`),
  ADD CONSTRAINT `doctors_gender_id_foreign` FOREIGN KEY (`gender_id`) REFERENCES `genders` (`id`),
  ADD CONSTRAINT `doctors_payment_type_id_foreign` FOREIGN KEY (`payment_type_id`) REFERENCES `payment_types` (`id`),
  ADD CONSTRAINT `doctors_specialization1_foreign` FOREIGN KEY (`specialization1`) REFERENCES `specializations` (`id`) ON DELETE CASCADE ON UPDATE CASCADE,
  ADD CONSTRAINT `doctors_specialization2_foreign` FOREIGN KEY (`specialization2`) REFERENCES `specializations` (`id`) ON DELETE CASCADE ON UPDATE CASCADE,
  ADD CONSTRAINT `doctors_specialization_id_foreign` FOREIGN KEY (`specialization_id`) REFERENCES `specializations` (`id`),
  ADD CONSTRAINT `doctors_unit_id_foreign` FOREIGN KEY (`unit_id`) REFERENCES `units` (`id`),
  ADD CONSTRAINT `doctors_updated_by_id_foreign` FOREIGN KEY (`updated_by_id`) REFERENCES `users` (`id`) ON DELETE CASCADE ON UPDATE CASCADE;

--
-- Constraints for table `donors`
--
ALTER TABLE `donors`
  ADD CONSTRAINT `donors_created_by_id_foreign` FOREIGN KEY (`created_by_id`) REFERENCES `users` (`id`) ON DELETE CASCADE ON UPDATE CASCADE,
  ADD CONSTRAINT `donors_gender_id_foreign` FOREIGN KEY (`gender_id`) REFERENCES `genders` (`id`),
  ADD CONSTRAINT `donors_id_type_id_foreign` FOREIGN KEY (`id_type_id`) REFERENCES `id_types` (`id`),
  ADD CONSTRAINT `donors_marital_id_foreign` FOREIGN KEY (`marital_id`) REFERENCES `maritals` (`id`),
  ADD CONSTRAINT `donors_nationality_id_foreign` FOREIGN KEY (`nationality_id`) REFERENCES `nationalities` (`id`),
  ADD CONSTRAINT `donors_occupation_id_foreign` FOREIGN KEY (`occupation_id`) REFERENCES `occupations` (`id`),
  ADD CONSTRAINT `donors_relation_id_foreign` FOREIGN KEY (`relation_id`) REFERENCES `relations` (`id`),
  ADD CONSTRAINT `donors_religion_id_foreign` FOREIGN KEY (`religion_id`) REFERENCES `religions` (`id`),
  ADD CONSTRAINT `donors_title_id_foreign` FOREIGN KEY (`title_id`) REFERENCES `titles` (`id`),
  ADD CONSTRAINT `donors_updated_by_id_foreign` FOREIGN KEY (`updated_by_id`) REFERENCES `users` (`id`) ON DELETE CASCADE ON UPDATE CASCADE;

--
-- Constraints for table `formats`
--
ALTER TABLE `formats`
  ADD CONSTRAINT `formats_created_by_id_foreign` FOREIGN KEY (`created_by_id`) REFERENCES `users` (`id`) ON DELETE CASCADE ON UPDATE CASCADE,
  ADD CONSTRAINT `formats_time_ins_max_foreign` FOREIGN KEY (`time_ins_max`) REFERENCES `time_ins` (`id`),
  ADD CONSTRAINT `formats_time_ins_min_foreign` FOREIGN KEY (`time_ins_min`) REFERENCES `time_ins` (`id`),
  ADD CONSTRAINT `formats_updated_by_id_foreign` FOREIGN KEY (`updated_by_id`) REFERENCES `users` (`id`) ON DELETE CASCADE ON UPDATE CASCADE;

--
-- Constraints for table `gins`
--
ALTER TABLE `gins`
  ADD CONSTRAINT `gins_stock_point_from_id_foreign` FOREIGN KEY (`stock_point_from_id`) REFERENCES `stock_points` (`id`) ON DELETE CASCADE ON UPDATE CASCADE;

--
-- Constraints for table `gin_items`
--
ALTER TABLE `gin_items`
  ADD CONSTRAINT `gin_items_stock_point_from_id_foreign` FOREIGN KEY (`stock_point_from_id`) REFERENCES `stock_points` (`id`) ON DELETE CASCADE ON UPDATE CASCADE;

--
-- Constraints for table `health_coordinators`
--
ALTER TABLE `health_coordinators`
  ADD CONSTRAINT `health_coordinators_created_by_id_foreign` FOREIGN KEY (`created_by_id`) REFERENCES `users` (`id`) ON DELETE CASCADE ON UPDATE CASCADE,
  ADD CONSTRAINT `health_coordinators_updated_by_id_foreign` FOREIGN KEY (`updated_by_id`) REFERENCES `users` (`id`) ON DELETE CASCADE ON UPDATE CASCADE;

--
-- Constraints for table `internal_sales_stores`
--
ALTER TABLE `internal_sales_stores`
  ADD CONSTRAINT `internal_sales_stores_gin_id_foreign` FOREIGN KEY (`gin_id`) REFERENCES `gins` (`id`),
  ADD CONSTRAINT `internal_sales_stores_gin_item_id_foreign` FOREIGN KEY (`gin_item_id`) REFERENCES `gin_items` (`id`),
  ADD CONSTRAINT `internal_sales_stores_item_id_foreign` FOREIGN KEY (`item_id`) REFERENCES `items` (`id`),
  ADD CONSTRAINT `internal_sales_stores_stock_point_from_id_foreign` FOREIGN KEY (`stock_point_from_id`) REFERENCES `stock_points` (`id`) ON DELETE CASCADE ON UPDATE CASCADE,
  ADD CONSTRAINT `internal_sales_stores_stock_point_id_foreign` FOREIGN KEY (`stock_point_id`) REFERENCES `stock_points` (`id`);

--
-- Constraints for table `ipds`
--
ALTER TABLE `ipds`
  ADD CONSTRAINT `ipds_admin_type_id_foreign` FOREIGN KEY (`admin_type_id`) REFERENCES `admin_types` (`id`),
  ADD CONSTRAINT `ipds_admission_purpose_id_foreign` FOREIGN KEY (`admission_purpose_id`) REFERENCES `admission_purposes` (`id`) ON DELETE CASCADE ON UPDATE CASCADE,
  ADD CONSTRAINT `ipds_bed_id_foreign` FOREIGN KEY (`bed_id`) REFERENCES `beds` (`id`),
  ADD CONSTRAINT `ipds_case_type_id_foreign` FOREIGN KEY (`case_type_id`) REFERENCES `case_types` (`id`) ON DELETE CASCADE ON UPDATE CASCADE,
  ADD CONSTRAINT `ipds_cost_center_id_foreign` FOREIGN KEY (`cost_center_id`) REFERENCES `cost_centers` (`id`),
  ADD CONSTRAINT `ipds_department_id_foreign` FOREIGN KEY (`department_id`) REFERENCES `departments` (`id`),
  ADD CONSTRAINT `ipds_nationality_id_foreign` FOREIGN KEY (`nationality_id`) REFERENCES `nationalities` (`id`),
  ADD CONSTRAINT `ipds_patient_id_foreign` FOREIGN KEY (`patient_id`) REFERENCES `patients` (`id`),
  ADD CONSTRAINT `ipds_patient_visit_id_foreign` FOREIGN KEY (`patient_visit_id`) REFERENCES `patient_visits` (`id`),
  ADD CONSTRAINT `ipds_referral_id_foreign` FOREIGN KEY (`referral_id`) REFERENCES `referrals` (`id`),
  ADD CONSTRAINT `ipds_room_id_foreign` FOREIGN KEY (`room_id`) REFERENCES `rooms` (`id`),
  ADD CONSTRAINT `ipds_unit_id_foreign` FOREIGN KEY (`unit_id`) REFERENCES `units` (`id`),
  ADD CONSTRAINT `ipds_ward_id_foreign` FOREIGN KEY (`ward_id`) REFERENCES `wards` (`id`);

--
-- Constraints for table `ipd_diagnostic_results`
--
ALTER TABLE `ipd_diagnostic_results`
  ADD CONSTRAINT `ipd_diagnostic_results_approved_by_id_foreign` FOREIGN KEY (`approved_by_id`) REFERENCES `users` (`id`) ON DELETE CASCADE ON UPDATE CASCADE,
  ADD CONSTRAINT `ipd_diagnostic_results_created_by_id_foreign` FOREIGN KEY (`created_by_id`) REFERENCES `users` (`id`) ON DELETE CASCADE ON UPDATE CASCADE,
  ADD CONSTRAINT `ipd_diagnostic_results_doctor_id_foreign` FOREIGN KEY (`doctor_id`) REFERENCES `doctors` (`id`) ON DELETE CASCADE ON UPDATE CASCADE,
  ADD CONSTRAINT `ipd_diagnostic_results_patient_id_foreign` FOREIGN KEY (`patient_id`) REFERENCES `patients` (`id`) ON DELETE CASCADE ON UPDATE CASCADE,
  ADD CONSTRAINT `ipd_diagnostic_results_patient_visit_id_foreign` FOREIGN KEY (`patient_visit_id`) REFERENCES `patient_visits` (`id`) ON DELETE CASCADE ON UPDATE CASCADE,
  ADD CONSTRAINT `ipd_diagnostic_results_updated_by_id_foreign` FOREIGN KEY (`updated_by_id`) REFERENCES `users` (`id`) ON DELETE CASCADE ON UPDATE CASCADE;

--
-- Constraints for table `ipd_sample_collections`
--
ALTER TABLE `ipd_sample_collections`
  ADD CONSTRAINT `ipd_sample_collections_approved_by_id_foreign` FOREIGN KEY (`approved_by_id`) REFERENCES `users` (`id`) ON DELETE CASCADE ON UPDATE CASCADE,
  ADD CONSTRAINT `ipd_sample_collections_created_by_id_foreign` FOREIGN KEY (`created_by_id`) REFERENCES `users` (`id`) ON DELETE CASCADE ON UPDATE CASCADE,
  ADD CONSTRAINT `ipd_sample_collections_ip_service_billing_id_foreign` FOREIGN KEY (`ip_service_billing_id`) REFERENCES `ip_service_billings` (`id`),
  ADD CONSTRAINT `ipd_sample_collections_updated_by_id_foreign` FOREIGN KEY (`updated_by_id`) REFERENCES `users` (`id`) ON DELETE CASCADE ON UPDATE CASCADE;

--
-- Constraints for table `nurse_stations`
--
ALTER TABLE `nurse_stations`
  ADD CONSTRAINT `nurse_stations_created_by_id_foreign` FOREIGN KEY (`created_by_id`) REFERENCES `users` (`id`) ON DELETE CASCADE ON UPDATE CASCADE,
  ADD CONSTRAINT `nurse_stations_updated_by_id_foreign` FOREIGN KEY (`updated_by_id`) REFERENCES `users` (`id`) ON DELETE CASCADE ON UPDATE CASCADE;

--
-- Constraints for table `opd_billings`
--
ALTER TABLE `opd_billings`
  ADD CONSTRAINT `opd_billings_cancle_by_id_foreign` FOREIGN KEY (`cancle_by_id`) REFERENCES `users` (`id`) ON DELETE CASCADE,
  ADD CONSTRAINT `opd_billings_created_by_id_foreign` FOREIGN KEY (`created_by_id`) REFERENCES `users` (`id`) ON DELETE CASCADE ON UPDATE CASCADE,
  ADD CONSTRAINT `opd_billings_out_side_patient_id_foreign` FOREIGN KEY (`out_side_patient_id`) REFERENCES `out_side_patients` (`id`) ON DELETE CASCADE ON UPDATE CASCADE,
  ADD CONSTRAINT `opd_billings_patient_id_foreign` FOREIGN KEY (`patient_id`) REFERENCES `patients` (`id`) ON DELETE CASCADE ON UPDATE CASCADE,
  ADD CONSTRAINT `opd_billings_patient_visit_id_foreign` FOREIGN KEY (`patient_visit_id`) REFERENCES `patient_visits` (`id`) ON DELETE CASCADE ON UPDATE CASCADE;

--
-- Constraints for table `opd_billing_discounts`
--
ALTER TABLE `opd_billing_discounts`
  ADD CONSTRAINT `opd_billing_discounts_discount_approved_by_id_foreign` FOREIGN KEY (`discount_approved_by_id`) REFERENCES `users` (`id`) ON DELETE CASCADE ON UPDATE CASCADE;

--
-- Constraints for table `opd_billing_items`
--
ALTER TABLE `opd_billing_items`
  ADD CONSTRAINT `opd_billing_items_discount_approved_by_id_foreign` FOREIGN KEY (`discount_approved_by_id`) REFERENCES `users` (`id`) ON DELETE CASCADE ON UPDATE CASCADE,
  ADD CONSTRAINT `opd_billing_items_opd_billing_id_foreign` FOREIGN KEY (`opd_billing_id`) REFERENCES `opd_billings` (`id`),
  ADD CONSTRAINT `opd_billing_items_service_id_foreign` FOREIGN KEY (`service_id`) REFERENCES `services` (`id`);

--
-- Constraints for table `opd_medicine_receipts`
--
ALTER TABLE `opd_medicine_receipts`
  ADD CONSTRAINT `opd_medicine_receipts_cancle_by_id_foreign` FOREIGN KEY (`cancle_by_id`) REFERENCES `users` (`id`),
  ADD CONSTRAINT `opd_medicine_receipts_out_side_patient_id_foreign` FOREIGN KEY (`out_side_patient_id`) REFERENCES `out_side_patients` (`id`);

--
-- Constraints for table `organisms`
--
ALTER TABLE `organisms`
  ADD CONSTRAINT `organisms_created_by_id_foreign` FOREIGN KEY (`created_by_id`) REFERENCES `users` (`id`) ON DELETE CASCADE ON UPDATE CASCADE,
  ADD CONSTRAINT `organisms_updated_by_id_foreign` FOREIGN KEY (`updated_by_id`) REFERENCES `users` (`id`) ON DELETE CASCADE ON UPDATE CASCADE;

--
-- Constraints for table `organizations`
--
ALTER TABLE `organizations`
  ADD CONSTRAINT `organizations_contact_person_id_foreign` FOREIGN KEY (`contact_person_id`) REFERENCES `users` (`id`) ON DELETE CASCADE ON UPDATE CASCADE,
  ADD CONSTRAINT `organizations_created_by_id_foreign` FOREIGN KEY (`created_by_id`) REFERENCES `users` (`id`) ON DELETE CASCADE ON UPDATE CASCADE,
  ADD CONSTRAINT `organizations_updated_by_id_foreign` FOREIGN KEY (`updated_by_id`) REFERENCES `users` (`id`) ON DELETE CASCADE ON UPDATE CASCADE;

--
-- Constraints for table `ot_booking_attendants`
--
ALTER TABLE `ot_booking_attendants`
  ADD CONSTRAINT `ot_booking_attendants_ot_booking_id_foreign` FOREIGN KEY (`ot_booking_id`) REFERENCES `ot_bookings` (`id`);

--
-- Constraints for table `ot_day_cares`
--
ALTER TABLE `ot_day_cares`
  ADD CONSTRAINT `ot_day_cares_ipd_id_foreign` FOREIGN KEY (`ipd_id`) REFERENCES `ipds` (`id`),
  ADD CONSTRAINT `ot_day_cares_ot_booking_id_foreign` FOREIGN KEY (`ot_booking_id`) REFERENCES `ot_bookings` (`id`),
  ADD CONSTRAINT `ot_day_cares_patient_id_foreign` FOREIGN KEY (`patient_id`) REFERENCES `patients` (`id`);

--
-- Constraints for table `ot_day_care_consultants`
--
ALTER TABLE `ot_day_care_consultants`
  ADD CONSTRAINT `ot_day_care_consultants_ot_day_care_id_foreign` FOREIGN KEY (`ot_day_care_id`) REFERENCES `ot_day_cares` (`id`);

--
-- Constraints for table `ot_post_operations`
--
ALTER TABLE `ot_post_operations`
  ADD CONSTRAINT `ot_post_operations_ipd_id_foreign` FOREIGN KEY (`ipd_id`) REFERENCES `ipds` (`id`),
  ADD CONSTRAINT `ot_post_operations_ot_booking_id_foreign` FOREIGN KEY (`ot_booking_id`) REFERENCES `ot_bookings` (`id`),
  ADD CONSTRAINT `ot_post_operations_ot_pre_operation_id_foreign` FOREIGN KEY (`ot_pre_operation_id`) REFERENCES `ot_pre_operations` (`id`),
  ADD CONSTRAINT `ot_post_operations_ot_type_id_foreign` FOREIGN KEY (`ot_type_id`) REFERENCES `ot_types` (`id`),
  ADD CONSTRAINT `ot_post_operations_patient_id_foreign` FOREIGN KEY (`patient_id`) REFERENCES `patients` (`id`);

--
-- Constraints for table `ot_post_operation_attendants`
--
ALTER TABLE `ot_post_operation_attendants`
  ADD CONSTRAINT `ot_post_operation_attendants_ot_post_operation_id_foreign` FOREIGN KEY (`ot_post_operation_id`) REFERENCES `ot_post_operations` (`id`);

--
-- Constraints for table `ot_pre_operations`
--
ALTER TABLE `ot_pre_operations`
  ADD CONSTRAINT `ot_pre_operations_ipd_id_foreign` FOREIGN KEY (`ipd_id`) REFERENCES `ipds` (`id`),
  ADD CONSTRAINT `ot_pre_operations_ot_booking_id_foreign` FOREIGN KEY (`ot_booking_id`) REFERENCES `ot_bookings` (`id`),
  ADD CONSTRAINT `ot_pre_operations_ot_id_foreign` FOREIGN KEY (`ot_id`) REFERENCES `ots` (`id`),
  ADD CONSTRAINT `ot_pre_operations_ot_type_id_foreign` FOREIGN KEY (`ot_type_id`) REFERENCES `ot_types` (`id`),
  ADD CONSTRAINT `ot_pre_operations_patient_id_foreign` FOREIGN KEY (`patient_id`) REFERENCES `patients` (`id`),
  ADD CONSTRAINT `ot_pre_operations_service_id_foreign` FOREIGN KEY (`service_id`) REFERENCES `services` (`id`),
  ADD CONSTRAINT `ot_pre_operations_surgery_type_id_foreign` FOREIGN KEY (`surgery_type_id`) REFERENCES `surgery_types` (`id`);

--
-- Constraints for table `ot_pre_operation_attendants`
--
ALTER TABLE `ot_pre_operation_attendants`
  ADD CONSTRAINT `ot_pre_operation_attendants_ot_pre_operation_id_foreign` FOREIGN KEY (`ot_pre_operation_id`) REFERENCES `ot_pre_operations` (`id`);

--
-- Constraints for table `ot_pre_operation_check_lists`
--
ALTER TABLE `ot_pre_operation_check_lists`
  ADD CONSTRAINT `ot_pre_operation_check_lists_bloodgroup_id_foreign` FOREIGN KEY (`bloodgroup_id`) REFERENCES `bloodgroups` (`id`),
  ADD CONSTRAINT `ot_pre_operation_check_lists_ipd_id_foreign` FOREIGN KEY (`ipd_id`) REFERENCES `ipds` (`id`),
  ADD CONSTRAINT `ot_pre_operation_check_lists_ot_pre_operation_id_foreign` FOREIGN KEY (`ot_pre_operation_id`) REFERENCES `ot_pre_operations` (`id`),
  ADD CONSTRAINT `ot_pre_operation_check_lists_patient_id_foreign` FOREIGN KEY (`patient_id`) REFERENCES `patients` (`id`),
  ADD CONSTRAINT `ot_pre_operation_check_lists_service_id_foreign` FOREIGN KEY (`service_id`) REFERENCES `services` (`id`);

--
-- Constraints for table `ot_schedules`
--
ALTER TABLE `ot_schedules`
  ADD CONSTRAINT `ot_schedules_ot_id_foreign` FOREIGN KEY (`ot_id`) REFERENCES `ots` (`id`);

--
-- Constraints for table `out_side_patients`
--
ALTER TABLE `out_side_patients`
  ADD CONSTRAINT `out_side_patients_created_by_id_foreign` FOREIGN KEY (`created_by_id`) REFERENCES `users` (`id`) ON DELETE CASCADE ON UPDATE CASCADE,
  ADD CONSTRAINT `out_side_patients_gender_id_foreign` FOREIGN KEY (`gender_id`) REFERENCES `genders` (`id`),
  ADD CONSTRAINT `out_side_patients_title_id_foreign` FOREIGN KEY (`title_id`) REFERENCES `titles` (`id`),
  ADD CONSTRAINT `out_side_patients_updated_by_id_foreign` FOREIGN KEY (`updated_by_id`) REFERENCES `users` (`id`) ON DELETE CASCADE ON UPDATE CASCADE;

--
-- Constraints for table `packages`
--
ALTER TABLE `packages`
  ADD CONSTRAINT `packages_created_by_id_foreign` FOREIGN KEY (`created_by_id`) REFERENCES `users` (`id`) ON DELETE CASCADE ON UPDATE CASCADE,
  ADD CONSTRAINT `packages_package_id_foreign` FOREIGN KEY (`package_id`) REFERENCES `services` (`id`) ON DELETE CASCADE ON UPDATE CASCADE,
  ADD CONSTRAINT `packages_service_id_foreign` FOREIGN KEY (`service_id`) REFERENCES `services` (`id`),
  ADD CONSTRAINT `packages_updated_by_id_foreign` FOREIGN KEY (`updated_by_id`) REFERENCES `users` (`id`) ON DELETE CASCADE ON UPDATE CASCADE;

--
-- Constraints for table `parameters`
--
ALTER TABLE `parameters`
  ADD CONSTRAINT `parameters_created_by_id_foreign` FOREIGN KEY (`created_by_id`) REFERENCES `users` (`id`) ON DELETE CASCADE ON UPDATE CASCADE,
  ADD CONSTRAINT `parameters_updated_by_id_foreign` FOREIGN KEY (`updated_by_id`) REFERENCES `users` (`id`) ON DELETE CASCADE ON UPDATE CASCADE;

--
-- Constraints for table `patient_beds`
--
ALTER TABLE `patient_beds`
  ADD CONSTRAINT `patient_beds_created_by_id_foreign` FOREIGN KEY (`created_by_id`) REFERENCES `users` (`id`) ON DELETE CASCADE ON UPDATE CASCADE,
  ADD CONSTRAINT `patient_beds_updated_by_id_foreign` FOREIGN KEY (`updated_by_id`) REFERENCES `users` (`id`) ON DELETE CASCADE ON UPDATE CASCADE;

--
-- Constraints for table `pharmacy_returns`
--
ALTER TABLE `pharmacy_returns`
  ADD CONSTRAINT `pharmacy_returns_approved_by_id_foreign` FOREIGN KEY (`approved_by_id`) REFERENCES `users` (`id`) ON DELETE CASCADE ON UPDATE CASCADE,
  ADD CONSTRAINT `pharmacy_returns_created_by_id_foreign` FOREIGN KEY (`created_by_id`) REFERENCES `users` (`id`) ON DELETE CASCADE ON UPDATE CASCADE,
  ADD CONSTRAINT `pharmacy_returns_opd_medicine_receipt_id_foreign` FOREIGN KEY (`opd_medicine_receipt_id`) REFERENCES `opd_medicine_receipts` (`id`),
  ADD CONSTRAINT `pharmacy_returns_patient_id_foreign` FOREIGN KEY (`patient_id`) REFERENCES `patients` (`id`),
  ADD CONSTRAINT `pharmacy_returns_stock_point_id_foreign` FOREIGN KEY (`stock_point_id`) REFERENCES `stock_points` (`id`);

--
-- Constraints for table `pharmacy_return_items`
--
ALTER TABLE `pharmacy_return_items`
  ADD CONSTRAINT `pharmacy_return_items_approved_by_id_foreign` FOREIGN KEY (`approved_by_id`) REFERENCES `users` (`id`) ON DELETE CASCADE ON UPDATE CASCADE,
  ADD CONSTRAINT `pharmacy_return_items_created_by_id_foreign` FOREIGN KEY (`created_by_id`) REFERENCES `users` (`id`) ON DELETE CASCADE ON UPDATE CASCADE,
  ADD CONSTRAINT `pharmacy_return_items_item_id_foreign` FOREIGN KEY (`item_id`) REFERENCES `items` (`id`),
  ADD CONSTRAINT `pharmacy_return_items_opd_medicine_receipt_id_foreign` FOREIGN KEY (`opd_medicine_receipt_id`) REFERENCES `opd_medicine_receipts` (`id`),
  ADD CONSTRAINT `pharmacy_return_items_pharmacy_return_id_foreign` FOREIGN KEY (`pharmacy_return_id`) REFERENCES `pharmacy_returns` (`id`),
  ADD CONSTRAINT `pharmacy_return_items_stock_point_id_foreign` FOREIGN KEY (`stock_point_id`) REFERENCES `stock_points` (`id`);

--
-- Constraints for table `rooms`
--
ALTER TABLE `rooms`
  ADD CONSTRAINT `rooms_cost_center_id_foreign` FOREIGN KEY (`cost_center_id`) REFERENCES `cost_centers` (`id`),
  ADD CONSTRAINT `rooms_created_by_id_foreign` FOREIGN KEY (`created_by_id`) REFERENCES `users` (`id`) ON DELETE CASCADE ON UPDATE CASCADE,
  ADD CONSTRAINT `rooms_nurse_station_id_foreign` FOREIGN KEY (`nurse_station_id`) REFERENCES `nurse_stations` (`id`),
  ADD CONSTRAINT `rooms_updated_by_id_foreign` FOREIGN KEY (`updated_by_id`) REFERENCES `users` (`id`) ON DELETE CASCADE ON UPDATE CASCADE,
  ADD CONSTRAINT `rooms_ward_id_foreign` FOREIGN KEY (`ward_id`) REFERENCES `wards` (`id`);

--
-- Constraints for table `sale_stores`
--
ALTER TABLE `sale_stores`
  ADD CONSTRAINT `sale_stores_stock_point_from_id_foreign` FOREIGN KEY (`stock_point_from_id`) REFERENCES `stock_points` (`id`) ON DELETE CASCADE ON UPDATE CASCADE;

--
-- Constraints for table `sample_collections`
--
ALTER TABLE `sample_collections`
  ADD CONSTRAINT `sample_collections_approved_by_id_foreign` FOREIGN KEY (`approved_by_id`) REFERENCES `users` (`id`) ON DELETE CASCADE ON UPDATE CASCADE,
  ADD CONSTRAINT `sample_collections_created_by_id_foreign` FOREIGN KEY (`created_by_id`) REFERENCES `users` (`id`) ON DELETE CASCADE ON UPDATE CASCADE,
  ADD CONSTRAINT `sample_collections_opd_billing_id_foreign` FOREIGN KEY (`opd_billing_id`) REFERENCES `opd_billings` (`id`),
  ADD CONSTRAINT `sample_collections_updated_by_id_foreign` FOREIGN KEY (`updated_by_id`) REFERENCES `users` (`id`) ON DELETE CASCADE ON UPDATE CASCADE;

--
-- Constraints for table `scraps`
--
ALTER TABLE `scraps`
  ADD CONSTRAINT `scraps_approved_by_id_foreign` FOREIGN KEY (`approved_by_id`) REFERENCES `users` (`id`) ON DELETE CASCADE ON UPDATE CASCADE,
  ADD CONSTRAINT `scraps_created_by_id_foreign` FOREIGN KEY (`created_by_id`) REFERENCES `users` (`id`) ON DELETE CASCADE ON UPDATE CASCADE,
  ADD CONSTRAINT `scraps_stock_point_from_id_foreign` FOREIGN KEY (`stock_point_from_id`) REFERENCES `stock_points` (`id`) ON DELETE CASCADE ON UPDATE CASCADE,
  ADD CONSTRAINT `scraps_stock_point_to_id_foreign` FOREIGN KEY (`stock_point_to_id`) REFERENCES `stock_points` (`id`) ON DELETE CASCADE ON UPDATE CASCADE,
  ADD CONSTRAINT `scraps_updated_by_id_foreign` FOREIGN KEY (`updated_by_id`) REFERENCES `users` (`id`) ON DELETE CASCADE ON UPDATE CASCADE;

--
-- Constraints for table `scrap_items`
--
ALTER TABLE `scrap_items`
  ADD CONSTRAINT `scrap_items_created_by_id_foreign` FOREIGN KEY (`created_by_id`) REFERENCES `users` (`id`) ON DELETE CASCADE ON UPDATE CASCADE,
  ADD CONSTRAINT `scrap_items_grn_id_foreign` FOREIGN KEY (`grn_id`) REFERENCES `grns` (`id`),
  ADD CONSTRAINT `scrap_items_item_id_foreign` FOREIGN KEY (`item_id`) REFERENCES `items` (`id`),
  ADD CONSTRAINT `scrap_items_scrap_id_foreign` FOREIGN KEY (`scrap_id`) REFERENCES `scraps` (`id`),
  ADD CONSTRAINT `scrap_items_scrap_type_id_foreign` FOREIGN KEY (`scrap_type_id`) REFERENCES `scrap_types` (`id`),
  ADD CONSTRAINT `scrap_items_updated_by_id_foreign` FOREIGN KEY (`updated_by_id`) REFERENCES `users` (`id`) ON DELETE CASCADE ON UPDATE CASCADE;

--
-- Constraints for table `service_dues`
--
ALTER TABLE `service_dues`
  ADD CONSTRAINT `service_dues_approved_by_id_foreign` FOREIGN KEY (`approved_by_id`) REFERENCES `users` (`id`) ON DELETE CASCADE ON UPDATE CASCADE,
  ADD CONSTRAINT `service_dues_opd_billing_id_foreign` FOREIGN KEY (`opd_billing_id`) REFERENCES `opd_billings` (`id`),
  ADD CONSTRAINT `service_dues_patient_id_foreign` FOREIGN KEY (`patient_id`) REFERENCES `patients` (`id`),
  ADD CONSTRAINT `service_dues_patient_visit_id_foreign` FOREIGN KEY (`patient_visit_id`) REFERENCES `patient_visits` (`id`);

--
-- Constraints for table `specimen_masters`
--
ALTER TABLE `specimen_masters`
  ADD CONSTRAINT `specimen_masters_created_by_id_foreign` FOREIGN KEY (`created_by_id`) REFERENCES `users` (`id`) ON DELETE CASCADE ON UPDATE CASCADE,
  ADD CONSTRAINT `specimen_masters_updated_by_id_foreign` FOREIGN KEY (`updated_by_id`) REFERENCES `users` (`id`) ON DELETE CASCADE ON UPDATE CASCADE;

--
-- Constraints for table `specimen_setups`
--
ALTER TABLE `specimen_setups`
  ADD CONSTRAINT `specimen_setups_created_by_id_foreign` FOREIGN KEY (`created_by_id`) REFERENCES `users` (`id`) ON DELETE CASCADE ON UPDATE CASCADE,
  ADD CONSTRAINT `specimen_setups_updated_by_id_foreign` FOREIGN KEY (`updated_by_id`) REFERENCES `users` (`id`) ON DELETE CASCADE ON UPDATE CASCADE;

--
-- Constraints for table `surgeries`
--
ALTER TABLE `surgeries`
  ADD CONSTRAINT `surgeries_department_id_foreign` FOREIGN KEY (`department_id`) REFERENCES `departments` (`id`),
  ADD CONSTRAINT `surgeries_service_group_id_foreign` FOREIGN KEY (`service_group_id`) REFERENCES `service_groups` (`id`),
  ADD CONSTRAINT `surgeries_service_id_foreign` FOREIGN KEY (`service_id`) REFERENCES `services` (`id`),
  ADD CONSTRAINT `surgeries_surgery_type_id_foreign` FOREIGN KEY (`surgery_type_id`) REFERENCES `surgery_types` (`id`),
  ADD CONSTRAINT `surgeries_teriff_id_foreign` FOREIGN KEY (`teriff_id`) REFERENCES `teriffs` (`id`);

--
-- Constraints for table `templates`
--
ALTER TABLE `templates`
  ADD CONSTRAINT `templates_created_by_id_foreign` FOREIGN KEY (`created_by_id`) REFERENCES `users` (`id`) ON DELETE CASCADE ON UPDATE CASCADE,
  ADD CONSTRAINT `templates_updated_by_id_foreign` FOREIGN KEY (`updated_by_id`) REFERENCES `users` (`id`) ON DELETE CASCADE ON UPDATE CASCADE;

--
-- Constraints for table `villages`
--
ALTER TABLE `villages`
  ADD CONSTRAINT `villages_block_id_foreign` FOREIGN KEY (`block_id`) REFERENCES `blocks` (`id`),
  ADD CONSTRAINT `villages_country_id_foreign` FOREIGN KEY (`country_id`) REFERENCES `countries` (`id`),
  ADD CONSTRAINT `villages_district_id_foreign` FOREIGN KEY (`district_id`) REFERENCES `districts` (`id`),
  ADD CONSTRAINT `villages_state_id_foreign` FOREIGN KEY (`state_id`) REFERENCES `states` (`id`);

--
-- Constraints for table `wards`
--
ALTER TABLE `wards`
  ADD CONSTRAINT `wards_created_by_id_foreign` FOREIGN KEY (`created_by_id`) REFERENCES `users` (`id`) ON DELETE CASCADE ON UPDATE CASCADE,
  ADD CONSTRAINT `wards_updated_by_id_foreign` FOREIGN KEY (`updated_by_id`) REFERENCES `users` (`id`) ON DELETE CASCADE ON UPDATE CASCADE,
  ADD CONSTRAINT `wards_ward_group_id_foreign` FOREIGN KEY (`ward_group_id`) REFERENCES `ward_groups` (`id`);

--
-- Constraints for table `ward_groups`
--
ALTER TABLE `ward_groups`
  ADD CONSTRAINT `ward_groups_created_by_id_foreign` FOREIGN KEY (`created_by_id`) REFERENCES `users` (`id`) ON DELETE CASCADE ON UPDATE CASCADE,
  ADD CONSTRAINT `ward_groups_updated_by_id_foreign` FOREIGN KEY (`updated_by_id`) REFERENCES `users` (`id`) ON DELETE CASCADE ON UPDATE CASCADE;

--
-- Constraints for table `ward_tariffs`
--
ALTER TABLE `ward_tariffs`
  ADD CONSTRAINT `ward_tariffs_created_by_id_foreign` FOREIGN KEY (`created_by_id`) REFERENCES `users` (`id`) ON DELETE CASCADE ON UPDATE CASCADE,
  ADD CONSTRAINT `ward_tariffs_updated_by_id_foreign` FOREIGN KEY (`updated_by_id`) REFERENCES `users` (`id`) ON DELETE CASCADE ON UPDATE CASCADE;
COMMIT;

/*!40101 SET CHARACTER_SET_CLIENT=@OLD_CHARACTER_SET_CLIENT */;
/*!40101 SET CHARACTER_SET_RESULTS=@OLD_CHARACTER_SET_RESULTS */;
/*!40101 SET COLLATION_CONNECTION=@OLD_COLLATION_CONNECTION */;
